kmer,count,genome_name,type
GTGTC,2439,Citrobacter freundii ATCC 8090__k5,bacteria
TGTCA,3694,Citrobacter freundii ATCC 8090__k5,bacteria
GTCAC,4210,Citrobacter freundii ATCC 8090__k5,bacteria
TCACT,3806,Citrobacter freundii ATCC 8090__k5,bacteria
CACTT,3580,Citrobacter freundii ATCC 8090__k5,bacteria
ACTTT,4570,Citrobacter freundii ATCC 8090__k5,bacteria
CTTTC,5818,Citrobacter freundii ATCC 8090__k5,bacteria
TTTCG,5867,Citrobacter freundii ATCC 8090__k5,bacteria
TTCGC,7265,Citrobacter freundii ATCC 8090__k5,bacteria
TCGCT,6074,Citrobacter freundii ATCC 8090__k5,bacteria
CGCTT,7230,Citrobacter freundii ATCC 8090__k5,bacteria
GCTTT,7948,Citrobacter freundii ATCC 8090__k5,bacteria
CTTTG,5710,Citrobacter freundii ATCC 8090__k5,bacteria
TTTGG,4950,Citrobacter freundii ATCC 8090__k5,bacteria
TTGGC,6543,Citrobacter freundii ATCC 8090__k5,bacteria
TGGCA,7928,Citrobacter freundii ATCC 8090__k5,bacteria
GGCAG,7337,Citrobacter freundii ATCC 8090__k5,bacteria
GCAGC,10706,Citrobacter freundii ATCC 8090__k5,bacteria
CAGCA,13627,Citrobacter freundii ATCC 8090__k5,bacteria
AGCAG,8948,Citrobacter freundii ATCC 8090__k5,bacteria
GCAGT,5632,Citrobacter freundii ATCC 8090__k5,bacteria
CAGTG,4914,Citrobacter freundii ATCC 8090__k5,bacteria
AGTGT,2080,Citrobacter freundii ATCC 8090__k5,bacteria
TGTCT,2827,Citrobacter freundii ATCC 8090__k5,bacteria
GTCTT,3228,Citrobacter freundii ATCC 8090__k5,bacteria
TCTTG,2463,Citrobacter freundii ATCC 8090__k5,bacteria
CTTGC,3783,Citrobacter freundii ATCC 8090__k5,bacteria
TTGCC,8795,Citrobacter freundii ATCC 8090__k5,bacteria
TGCCC,4796,Citrobacter freundii ATCC 8090__k5,bacteria
GCCCG,5519,Citrobacter freundii ATCC 8090__k5,bacteria
CCCGA,3056,Citrobacter freundii ATCC 8090__k5,bacteria
CCGAT,5583,Citrobacter freundii ATCC 8090__k5,bacteria
CGATT,5249,Citrobacter freundii ATCC 8090__k5,bacteria
GATTG,5526,Citrobacter freundii ATCC 8090__k5,bacteria
ATTGC,7053,Citrobacter freundii ATCC 8090__k5,bacteria
TTGCA,4863,Citrobacter freundii ATCC 8090__k5,bacteria
TGCAG,7488,Citrobacter freundii ATCC 8090__k5,bacteria
GCAGG,9206,Citrobacter freundii ATCC 8090__k5,bacteria
CAGGA,6724,Citrobacter freundii ATCC 8090__k5,bacteria
AGGAT,4328,Citrobacter freundii ATCC 8090__k5,bacteria
GGATG,5757,Citrobacter freundii ATCC 8090__k5,bacteria
GATGA,8120,Citrobacter freundii ATCC 8090__k5,bacteria
ATGAG,3340,Citrobacter freundii ATCC 8090__k5,bacteria
TGAGT,3302,Citrobacter freundii ATCC 8090__k5,bacteria
GAGTT,3222,Citrobacter freundii ATCC 8090__k5,bacteria
AGTTA,2817,Citrobacter freundii ATCC 8090__k5,bacteria
GTTAC,4189,Citrobacter freundii ATCC 8090__k5,bacteria
TTACC,6764,Citrobacter freundii ATCC 8090__k5,bacteria
TACCA,4653,Citrobacter freundii ATCC 8090__k5,bacteria
ACCAG,8652,Citrobacter freundii ATCC 8090__k5,bacteria
CCAGC,14481,Citrobacter freundii ATCC 8090__k5,bacteria
CAGCC,8218,Citrobacter freundii ATCC 8090__k5,bacteria
AGCCA,6766,Citrobacter freundii ATCC 8090__k5,bacteria
GCCAC,6129,Citrobacter freundii ATCC 8090__k5,bacteria
CCACA,4320,Citrobacter freundii ATCC 8090__k5,bacteria
CACAG,3947,Citrobacter freundii ATCC 8090__k5,bacteria
ACAGA,3816,Citrobacter freundii ATCC 8090__k5,bacteria
CAGAG,3707,Citrobacter freundii ATCC 8090__k5,bacteria
AGAGT,2327,Citrobacter freundii ATCC 8090__k5,bacteria
AGTTC,4307,Citrobacter freundii ATCC 8090__k5,bacteria
GTTCA,6185,Citrobacter freundii ATCC 8090__k5,bacteria
TTCAG,8467,Citrobacter freundii ATCC 8090__k5,bacteria
TCAGT,4802,Citrobacter freundii ATCC 8090__k5,bacteria
CAGTA,4920,Citrobacter freundii ATCC 8090__k5,bacteria
AGTAT,2688,Citrobacter freundii ATCC 8090__k5,bacteria
GTATG,3306,Citrobacter freundii ATCC 8090__k5,bacteria
TATGT,2507,Citrobacter freundii ATCC 8090__k5,bacteria
ATGTG,3493,Citrobacter freundii ATCC 8090__k5,bacteria
TGTGG,4203,Citrobacter freundii ATCC 8090__k5,bacteria
GTGGA,4062,Citrobacter freundii ATCC 8090__k5,bacteria
TGGAT,5889,Citrobacter freundii ATCC 8090__k5,bacteria
GGATA,5021,Citrobacter freundii ATCC 8090__k5,bacteria
GATAC,4360,Citrobacter freundii ATCC 8090__k5,bacteria
ATACG,3992,Citrobacter freundii ATCC 8090__k5,bacteria
TACGC,6325,Citrobacter freundii ATCC 8090__k5,bacteria
ACGCC,8335,Citrobacter freundii ATCC 8090__k5,bacteria
CGCCC,5927,Citrobacter freundii ATCC 8090__k5,bacteria
CCCGT,3345,Citrobacter freundii ATCC 8090__k5,bacteria
CCGTT,6354,Citrobacter freundii ATCC 8090__k5,bacteria
CGTTG,7153,Citrobacter freundii ATCC 8090__k5,bacteria
GTTGC,6744,Citrobacter freundii ATCC 8090__k5,bacteria
CAGGC,9627,Citrobacter freundii ATCC 8090__k5,bacteria
AGGCG,6565,Citrobacter freundii ATCC 8090__k5,bacteria
GGCGG,9271,Citrobacter freundii ATCC 8090__k5,bacteria
GCGGA,5809,Citrobacter freundii ATCC 8090__k5,bacteria
CGGAA,5848,Citrobacter freundii ATCC 8090__k5,bacteria
GGAAC,4252,Citrobacter freundii ATCC 8090__k5,bacteria
GAACT,4033,Citrobacter freundii ATCC 8090__k5,bacteria
AACTG,7106,Citrobacter freundii ATCC 8090__k5,bacteria
ACTGA,4793,Citrobacter freundii ATCC 8090__k5,bacteria
CTGAG,4063,Citrobacter freundii ATCC 8090__k5,bacteria
TGAGC,5646,Citrobacter freundii ATCC 8090__k5,bacteria
GAGCG,4551,Citrobacter freundii ATCC 8090__k5,bacteria
AGCGA,5804,Citrobacter freundii ATCC 8090__k5,bacteria
GCGAT,8934,Citrobacter freundii ATCC 8090__k5,bacteria
CGATA,6616,Citrobacter freundii ATCC 8090__k5,bacteria
GATAA,7704,Citrobacter freundii ATCC 8090__k5,bacteria
ATAAC,5402,Citrobacter freundii ATCC 8090__k5,bacteria
TAACA,3647,Citrobacter freundii ATCC 8090__k5,bacteria
AACAC,3990,Citrobacter freundii ATCC 8090__k5,bacteria
ACACG,2711,Citrobacter freundii ATCC 8090__k5,bacteria
CACGC,7066,Citrobacter freundii ATCC 8090__k5,bacteria
ACGCT,7373,Citrobacter freundii ATCC 8090__k5,bacteria
CGCTG,14366,Citrobacter freundii ATCC 8090__k5,bacteria
GCTGG,14101,Citrobacter freundii ATCC 8090__k5,bacteria
CTGGC,13259,Citrobacter freundii ATCC 8090__k5,bacteria
TGGCT,6583,Citrobacter freundii ATCC 8090__k5,bacteria
GGCTT,5479,Citrobacter freundii ATCC 8090__k5,bacteria
TTTGT,5519,Citrobacter freundii ATCC 8090__k5,bacteria
TTGTA,2841,Citrobacter freundii ATCC 8090__k5,bacteria
TGTAC,3224,Citrobacter freundii ATCC 8090__k5,bacteria
GTACG,4098,Citrobacter freundii ATCC 8090__k5,bacteria
ACGCG,6846,Citrobacter freundii ATCC 8090__k5,bacteria
CGCGC,10318,Citrobacter freundii ATCC 8090__k5,bacteria
GCGCC,9884,Citrobacter freundii ATCC 8090__k5,bacteria
CGCCA,13566,Citrobacter freundii ATCC 8090__k5,bacteria
GCCAA,6608,Citrobacter freundii ATCC 8090__k5,bacteria
CCAAA,4856,Citrobacter freundii ATCC 8090__k5,bacteria
CAAAC,6242,Citrobacter freundii ATCC 8090__k5,bacteria
AAACC,6953,Citrobacter freundii ATCC 8090__k5,bacteria
AACCG,6636,Citrobacter freundii ATCC 8090__k5,bacteria
ACCGT,6136,Citrobacter freundii ATCC 8090__k5,bacteria
CGTTT,7499,Citrobacter freundii ATCC 8090__k5,bacteria
GTTTC,5716,Citrobacter freundii ATCC 8090__k5,bacteria
TTCGT,4242,Citrobacter freundii ATCC 8090__k5,bacteria
TCGTG,3682,Citrobacter freundii ATCC 8090__k5,bacteria
CGTGC,4821,Citrobacter freundii ATCC 8090__k5,bacteria
GTGCT,4844,Citrobacter freundii ATCC 8090__k5,bacteria
TGCTC,4957,Citrobacter freundii ATCC 8090__k5,bacteria
GCTCG,3906,Citrobacter freundii ATCC 8090__k5,bacteria
CTCGA,2510,Citrobacter freundii ATCC 8090__k5,bacteria
TCGAT,5648,Citrobacter freundii ATCC 8090__k5,bacteria
ATTGG,4086,Citrobacter freundii ATCC 8090__k5,bacteria
TTGGG,2715,Citrobacter freundii ATCC 8090__k5,bacteria
TGGGT,4084,Citrobacter freundii ATCC 8090__k5,bacteria
GGGTA,3663,Citrobacter freundii ATCC 8090__k5,bacteria
GGTAA,6534,Citrobacter freundii ATCC 8090__k5,bacteria
GTAAG,2712,Citrobacter freundii ATCC 8090__k5,bacteria
TAAGG,2290,Citrobacter freundii ATCC 8090__k5,bacteria
AAGGG,2671,Citrobacter freundii ATCC 8090__k5,bacteria
AGGGA,2499,Citrobacter freundii ATCC 8090__k5,bacteria
GGGAT,4578,Citrobacter freundii ATCC 8090__k5,bacteria
ATAAA,7531,Citrobacter freundii ATCC 8090__k5,bacteria
TAAAT,4943,Citrobacter freundii ATCC 8090__k5,bacteria
AAATA,5978,Citrobacter freundii ATCC 8090__k5,bacteria
AATAC,5329,Citrobacter freundii ATCC 8090__k5,bacteria
ATACC,5439,Citrobacter freundii ATCC 8090__k5,bacteria
TACCT,3466,Citrobacter freundii ATCC 8090__k5,bacteria
ACCTT,4158,Citrobacter freundii ATCC 8090__k5,bacteria
CCTTA,2261,Citrobacter freundii ATCC 8090__k5,bacteria
CTTAA,3019,Citrobacter freundii ATCC 8090__k5,bacteria
TTAAT,5547,Citrobacter freundii ATCC 8090__k5,bacteria
TAATA,3835,Citrobacter freundii ATCC 8090__k5,bacteria
AATAA,6584,Citrobacter freundii ATCC 8090__k5,bacteria
ATAAT,5263,Citrobacter freundii ATCC 8090__k5,bacteria
AATAT,6013,Citrobacter freundii ATCC 8090__k5,bacteria
ATATT,6184,Citrobacter freundii ATCC 8090__k5,bacteria
TATTA,4000,Citrobacter freundii ATCC 8090__k5,bacteria
ATTAA,5779,Citrobacter freundii ATCC 8090__k5,bacteria
TAATG,5052,Citrobacter freundii ATCC 8090__k5,bacteria
AATGG,5764,Citrobacter freundii ATCC 8090__k5,bacteria
ATGGA,4019,Citrobacter freundii ATCC 8090__k5,bacteria
GGATT,4961,Citrobacter freundii ATCC 8090__k5,bacteria
GATTA,5013,Citrobacter freundii ATCC 8090__k5,bacteria
ATTAC,5014,Citrobacter freundii ATCC 8090__k5,bacteria
TTACT,3503,Citrobacter freundii ATCC 8090__k5,bacteria
TACTC,2357,Citrobacter freundii ATCC 8090__k5,bacteria
ACTCA,3226,Citrobacter freundii ATCC 8090__k5,bacteria
CTCAA,4211,Citrobacter freundii ATCC 8090__k5,bacteria
TCAAT,6027,Citrobacter freundii ATCC 8090__k5,bacteria
CAATA,5841,Citrobacter freundii ATCC 8090__k5,bacteria
TAATT,4052,Citrobacter freundii ATCC 8090__k5,bacteria
AATTT,6093,Citrobacter freundii ATCC 8090__k5,bacteria
ATTTC,6544,Citrobacter freundii ATCC 8090__k5,bacteria
TTTCT,6217,Citrobacter freundii ATCC 8090__k5,bacteria
TTCTG,6937,Citrobacter freundii ATCC 8090__k5,bacteria
TCTGT,3731,Citrobacter freundii ATCC 8090__k5,bacteria
CTGTG,3750,Citrobacter freundii ATCC 8090__k5,bacteria
TGGAG,3299,Citrobacter freundii ATCC 8090__k5,bacteria
GGAGC,2946,Citrobacter freundii ATCC 8090__k5,bacteria
AGCGG,7123,Citrobacter freundii ATCC 8090__k5,bacteria
CGGAT,5928,Citrobacter freundii ATCC 8090__k5,bacteria
GATGC,7577,Citrobacter freundii ATCC 8090__k5,bacteria
ATGCC,7092,Citrobacter freundii ATCC 8090__k5,bacteria
GCCCC,3143,Citrobacter freundii ATCC 8090__k5,bacteria
CCCCA,3369,Citrobacter freundii ATCC 8090__k5,bacteria
CCCAC,3552,Citrobacter freundii ATCC 8090__k5,bacteria
ACAGC,7224,Citrobacter freundii ATCC 8090__k5,bacteria
CAGCT,6563,Citrobacter freundii ATCC 8090__k5,bacteria
AGCTG,6432,Citrobacter freundii ATCC 8090__k5,bacteria
GCTGC,10596,Citrobacter freundii ATCC 8090__k5,bacteria
CTGCG,9047,Citrobacter freundii ATCC 8090__k5,bacteria
TGCGC,10314,Citrobacter freundii ATCC 8090__k5,bacteria
GCGCT,10239,Citrobacter freundii ATCC 8090__k5,bacteria
TTTGA,5649,Citrobacter freundii ATCC 8090__k5,bacteria
TTGAA,5650,Citrobacter freundii ATCC 8090__k5,bacteria
TGAAG,6877,Citrobacter freundii ATCC 8090__k5,bacteria
GAAGT,4434,Citrobacter freundii ATCC 8090__k5,bacteria
AAGTC,2732,Citrobacter freundii ATCC 8090__k5,bacteria
AGTCG,3197,Citrobacter freundii ATCC 8090__k5,bacteria
GTCGG,4365,Citrobacter freundii ATCC 8090__k5,bacteria
TCGGT,5291,Citrobacter freundii ATCC 8090__k5,bacteria
CGGTA,7507,Citrobacter freundii ATCC 8090__k5,bacteria
GGTAC,3916,Citrobacter freundii ATCC 8090__k5,bacteria
GTACT,3026,Citrobacter freundii ATCC 8090__k5,bacteria
TACTA,1342,Citrobacter freundii ATCC 8090__k5,bacteria
ACTAA,1779,Citrobacter freundii ATCC 8090__k5,bacteria
CTAAA,2620,Citrobacter freundii ATCC 8090__k5,bacteria
TAAAC,4943,Citrobacter freundii ATCC 8090__k5,bacteria
AACCC,4346,Citrobacter freundii ATCC 8090__k5,bacteria
ACCCG,5053,Citrobacter freundii ATCC 8090__k5,bacteria
CCGTC,5126,Citrobacter freundii ATCC 8090__k5,bacteria
CGTCA,7324,Citrobacter freundii ATCC 8090__k5,bacteria
TCACG,5509,Citrobacter freundii ATCC 8090__k5,bacteria
ACGCA,6009,Citrobacter freundii ATCC 8090__k5,bacteria
CGCAA,6620,Citrobacter freundii ATCC 8090__k5,bacteria
GCAAA,8815,Citrobacter freundii ATCC 8090__k5,bacteria
AAACG,7382,Citrobacter freundii ATCC 8090__k5,bacteria
AACGC,8788,Citrobacter freundii ATCC 8090__k5,bacteria
GCTGA,10386,Citrobacter freundii ATCC 8090__k5,bacteria
CTGAA,8100,Citrobacter freundii ATCC 8090__k5,bacteria
TGAAA,8215,Citrobacter freundii ATCC 8090__k5,bacteria
GAAAA,8942,Citrobacter freundii ATCC 8090__k5,bacteria
AAAAC,8569,Citrobacter freundii ATCC 8090__k5,bacteria
CGCCG,10882,Citrobacter freundii ATCC 8090__k5,bacteria
GCCGG,7572,Citrobacter freundii ATCC 8090__k5,bacteria
CCGGT,7372,Citrobacter freundii ATCC 8090__k5,bacteria
CGGTC,4916,Citrobacter freundii ATCC 8090__k5,bacteria
GGTCA,6079,Citrobacter freundii ATCC 8090__k5,bacteria
GTCAA,3773,Citrobacter freundii ATCC 8090__k5,bacteria
TCAAC,6474,Citrobacter freundii ATCC 8090__k5,bacteria
CAACA,6342,Citrobacter freundii ATCC 8090__k5,bacteria
AACAA,5725,Citrobacter freundii ATCC 8090__k5,bacteria
ACAAC,4735,Citrobacter freundii ATCC 8090__k5,bacteria
CAACG,7342,Citrobacter freundii ATCC 8090__k5,bacteria
AACGT,5975,Citrobacter freundii ATCC 8090__k5,bacteria
ACGTT,5947,Citrobacter freundii ATCC 8090__k5,bacteria
GTTGT,4696,Citrobacter freundii ATCC 8090__k5,bacteria
TTGTT,5682,Citrobacter freundii ATCC 8090__k5,bacteria
TGTTG,6268,Citrobacter freundii ATCC 8090__k5,bacteria
TTGCG,6520,Citrobacter freundii ATCC 8090__k5,bacteria
CCCGC,5852,Citrobacter freundii ATCC 8090__k5,bacteria
CCGCC,9100,Citrobacter freundii ATCC 8090__k5,bacteria
GCCCA,5128,Citrobacter freundii ATCC 8090__k5,bacteria
CCACG,5460,Citrobacter freundii ATCC 8090__k5,bacteria
CACGT,3571,Citrobacter freundii ATCC 8090__k5,bacteria
ACGTG,3571,Citrobacter freundii ATCC 8090__k5,bacteria
CGTGA,5415,Citrobacter freundii ATCC 8090__k5,bacteria
GTGAC,4188,Citrobacter freundii ATCC 8090__k5,bacteria
TGACT,3243,Citrobacter freundii ATCC 8090__k5,bacteria
GACTC,2021,Citrobacter freundii ATCC 8090__k5,bacteria
CTCAG,3991,Citrobacter freundii ATCC 8090__k5,bacteria
TCAGC,10537,Citrobacter freundii ATCC 8090__k5,bacteria
AGCAA,6176,Citrobacter freundii ATCC 8090__k5,bacteria
GCAAG,3726,Citrobacter freundii ATCC 8090__k5,bacteria
CAAGT,1563,Citrobacter freundii ATCC 8090__k5,bacteria
AAGTG,3686,Citrobacter freundii ATCC 8090__k5,bacteria
AGTGC,3681,Citrobacter freundii ATCC 8090__k5,bacteria
GTGCA,4207,Citrobacter freundii ATCC 8090__k5,bacteria
TGCAA,4992,Citrobacter freundii ATCC 8090__k5,bacteria
GCAAC,6895,Citrobacter freundii ATCC 8090__k5,bacteria
CAACC,5880,Citrobacter freundii ATCC 8090__k5,bacteria
AACCA,6653,Citrobacter freundii ATCC 8090__k5,bacteria
ACCAC,5930,Citrobacter freundii ATCC 8090__k5,bacteria
CACAA,3808,Citrobacter freundii ATCC 8090__k5,bacteria
TGCTG,13417,Citrobacter freundii ATCC 8090__k5,bacteria
CTGCT,8856,Citrobacter freundii ATCC 8090__k5,bacteria
GCTCC,3002,Citrobacter freundii ATCC 8090__k5,bacteria
CTCCG,2982,Citrobacter freundii ATCC 8090__k5,bacteria
TCCGG,6605,Citrobacter freundii ATCC 8090__k5,bacteria
CCGGC,7889,Citrobacter freundii ATCC 8090__k5,bacteria
CGGCG,10990,Citrobacter freundii ATCC 8090__k5,bacteria
GCGGC,10294,Citrobacter freundii ATCC 8090__k5,bacteria
GGCGC,10057,Citrobacter freundii ATCC 8090__k5,bacteria
GCGCG,10403,Citrobacter freundii ATCC 8090__k5,bacteria
CGCGT,6832,Citrobacter freundii ATCC 8090__k5,bacteria
GCGTC,6380,Citrobacter freundii ATCC 8090__k5,bacteria
CGTCC,3444,Citrobacter freundii ATCC 8090__k5,bacteria
GTCCA,3150,Citrobacter freundii ATCC 8090__k5,bacteria
TCCAG,8747,Citrobacter freundii ATCC 8090__k5,bacteria
CCAGG,6899,Citrobacter freundii ATCC 8090__k5,bacteria
AGGCT,3900,Citrobacter freundii ATCC 8090__k5,bacteria
GGCTG,8128,Citrobacter freundii ATCC 8090__k5,bacteria
CTGGG,5499,Citrobacter freundii ATCC 8090__k5,bacteria
TGGGA,3095,Citrobacter freundii ATCC 8090__k5,bacteria
TAACG,5956,Citrobacter freundii ATCC 8090__k5,bacteria
ACGTC,4317,Citrobacter freundii ATCC 8090__k5,bacteria
GTCCC,1865,Citrobacter freundii ATCC 8090__k5,bacteria
TCCCG,4216,Citrobacter freundii ATCC 8090__k5,bacteria
CCCGG,5511,Citrobacter freundii ATCC 8090__k5,bacteria
CGGCT,5784,Citrobacter freundii ATCC 8090__k5,bacteria
GGCTC,2968,Citrobacter freundii ATCC 8090__k5,bacteria
CGGCA,10337,Citrobacter freundii ATCC 8090__k5,bacteria
GCAGA,7242,Citrobacter freundii ATCC 8090__k5,bacteria
CAGAA,6944,Citrobacter freundii ATCC 8090__k5,bacteria
AGAAC,4189,Citrobacter freundii ATCC 8090__k5,bacteria
GAACC,4119,Citrobacter freundii ATCC 8090__k5,bacteria
AACCT,4510,Citrobacter freundii ATCC 8090__k5,bacteria
ACCTA,1504,Citrobacter freundii ATCC 8090__k5,bacteria
CCTAC,1904,Citrobacter freundii ATCC 8090__k5,bacteria
CTACC,3264,Citrobacter freundii ATCC 8090__k5,bacteria
CCTAT,1616,Citrobacter freundii ATCC 8090__k5,bacteria
CTATC,3369,Citrobacter freundii ATCC 8090__k5,bacteria
TATCG,6462,Citrobacter freundii ATCC 8090__k5,bacteria
ATCGT,5493,Citrobacter freundii ATCC 8090__k5,bacteria
TCGTT,4764,Citrobacter freundii ATCC 8090__k5,bacteria
CGTTC,5314,Citrobacter freundii ATCC 8090__k5,bacteria
GTTCT,4261,Citrobacter freundii ATCC 8090__k5,bacteria
TTCTA,1896,Citrobacter freundii ATCC 8090__k5,bacteria
TCTAA,1303,Citrobacter freundii ATCC 8090__k5,bacteria
CTAAC,2272,Citrobacter freundii ATCC 8090__k5,bacteria
TCAAA,5575,Citrobacter freundii ATCC 8090__k5,bacteria
AAACA,6229,Citrobacter freundii ATCC 8090__k5,bacteria
ACACA,2280,Citrobacter freundii ATCC 8090__k5,bacteria
CACAC,2790,Citrobacter freundii ATCC 8090__k5,bacteria
GTTTG,6193,Citrobacter freundii ATCC 8090__k5,bacteria
TTGAT,7079,Citrobacter freundii ATCC 8090__k5,bacteria
TGATA,5562,Citrobacter freundii ATCC 8090__k5,bacteria
TAACT,2823,Citrobacter freundii ATCC 8090__k5,bacteria
AACTT,3538,Citrobacter freundii ATCC 8090__k5,bacteria
ACTTC,4430,Citrobacter freundii ATCC 8090__k5,bacteria
CTTCG,5254,Citrobacter freundii ATCC 8090__k5,bacteria
GTTGA,6494,Citrobacter freundii ATCC 8090__k5,bacteria
GAAGG,4724,Citrobacter freundii ATCC 8090__k5,bacteria
AAGGT,4167,Citrobacter freundii ATCC 8090__k5,bacteria
AGGTA,3404,Citrobacter freundii ATCC 8090__k5,bacteria
GTAAA,6217,Citrobacter freundii ATCC 8090__k5,bacteria
AAATC,7095,Citrobacter freundii ATCC 8090__k5,bacteria
AATCT,4092,Citrobacter freundii ATCC 8090__k5,bacteria
ATCTA,1642,Citrobacter freundii ATCC 8090__k5,bacteria
TAACC,5193,Citrobacter freundii ATCC 8090__k5,bacteria
ACCAA,4898,Citrobacter freundii ATCC 8090__k5,bacteria
CCAAC,5483,Citrobacter freundii ATCC 8090__k5,bacteria
CAACT,4023,Citrobacter freundii ATCC 8090__k5,bacteria
ACTGG,7142,Citrobacter freundii ATCC 8090__k5,bacteria
TGGCG,13443,Citrobacter freundii ATCC 8090__k5,bacteria
CGCGG,6939,Citrobacter freundii ATCC 8090__k5,bacteria
GGCAC,4288,Citrobacter freundii ATCC 8090__k5,bacteria
GCACG,4881,Citrobacter freundii ATCC 8090__k5,bacteria
GTCAG,6758,Citrobacter freundii ATCC 8090__k5,bacteria
TCAGG,7706,Citrobacter freundii ATCC 8090__k5,bacteria
CAGGT,7134,Citrobacter freundii ATCC 8090__k5,bacteria
AGGTG,4217,Citrobacter freundii ATCC 8090__k5,bacteria
GGTGG,6085,Citrobacter freundii ATCC 8090__k5,bacteria
GTGGC,6011,Citrobacter freundii ATCC 8090__k5,bacteria
CGGAC,3308,Citrobacter freundii ATCC 8090__k5,bacteria
GGACA,2918,Citrobacter freundii ATCC 8090__k5,bacteria
GACAA,4348,Citrobacter freundii ATCC 8090__k5,bacteria
ACAAT,4146,Citrobacter freundii ATCC 8090__k5,bacteria
CAATC,5569,Citrobacter freundii ATCC 8090__k5,bacteria
AATCC,4811,Citrobacter freundii ATCC 8090__k5,bacteria
ATCCT,4089,Citrobacter freundii ATCC 8090__k5,bacteria
TCCTG,6682,Citrobacter freundii ATCC 8090__k5,bacteria
CCTGG,6613,Citrobacter freundii ATCC 8090__k5,bacteria
CGCCT,6383,Citrobacter freundii ATCC 8090__k5,bacteria
GCCTA,1762,Citrobacter freundii ATCC 8090__k5,bacteria
CTACA,2381,Citrobacter freundii ATCC 8090__k5,bacteria
TACAA,2767,Citrobacter freundii ATCC 8090__k5,bacteria
ATCCG,5883,Citrobacter freundii ATCC 8090__k5,bacteria
TCCGT,3585,Citrobacter freundii ATCC 8090__k5,bacteria
CGTTA,5830,Citrobacter freundii ATCC 8090__k5,bacteria
GTTAT,5320,Citrobacter freundii ATCC 8090__k5,bacteria
TTATT,6690,Citrobacter freundii ATCC 8090__k5,bacteria
TATTC,5368,Citrobacter freundii ATCC 8090__k5,bacteria
ATTCC,4274,Citrobacter freundii ATCC 8090__k5,bacteria
TTCCT,4407,Citrobacter freundii ATCC 8090__k5,bacteria
TCCTT,2765,Citrobacter freundii ATCC 8090__k5,bacteria
CCTTT,4703,Citrobacter freundii ATCC 8090__k5,bacteria
CTTTA,5346,Citrobacter freundii ATCC 8090__k5,bacteria
TTTAT,7477,Citrobacter freundii ATCC 8090__k5,bacteria
TTATG,4166,Citrobacter freundii ATCC 8090__k5,bacteria
TATGG,3709,Citrobacter freundii ATCC 8090__k5,bacteria
ATGGC,7904,Citrobacter freundii ATCC 8090__k5,bacteria
GCGGT,8134,Citrobacter freundii ATCC 8090__k5,bacteria
TACGG,4184,Citrobacter freundii ATCC 8090__k5,bacteria
ACGGG,3351,Citrobacter freundii ATCC 8090__k5,bacteria
CGGGC,5631,Citrobacter freundii ATCC 8090__k5,bacteria
GGGCC,2418,Citrobacter freundii ATCC 8090__k5,bacteria
GGCCT,4097,Citrobacter freundii ATCC 8090__k5,bacteria
GCCTG,9384,Citrobacter freundii ATCC 8090__k5,bacteria
TAAAA,6891,Citrobacter freundii ATCC 8090__k5,bacteria
AAACT,4710,Citrobacter freundii ATCC 8090__k5,bacteria
AACTC,3157,Citrobacter freundii ATCC 8090__k5,bacteria
CTCAC,3090,Citrobacter freundii ATCC 8090__k5,bacteria
TCACC,7955,Citrobacter freundii ATCC 8090__k5,bacteria
CACCT,4249,Citrobacter freundii ATCC 8090__k5,bacteria
ACCTG,7054,Citrobacter freundii ATCC 8090__k5,bacteria
CCTGC,9171,Citrobacter freundii ATCC 8090__k5,bacteria
CTGCA,7377,Citrobacter freundii ATCC 8090__k5,bacteria
TGCAC,4089,Citrobacter freundii ATCC 8090__k5,bacteria
GCTGT,7260,Citrobacter freundii ATCC 8090__k5,bacteria
CTGTC,4057,Citrobacter freundii ATCC 8090__k5,bacteria
TGTCG,5048,Citrobacter freundii ATCC 8090__k5,bacteria
GTAAC,4236,Citrobacter freundii ATCC 8090__k5,bacteria
AACGG,6415,Citrobacter freundii ATCC 8090__k5,bacteria
ACGGC,7050,Citrobacter freundii ATCC 8090__k5,bacteria
GGCAT,7008,Citrobacter freundii ATCC 8090__k5,bacteria
GCATT,6499,Citrobacter freundii ATCC 8090__k5,bacteria
CATTA,5149,Citrobacter freundii ATCC 8090__k5,bacteria
ATTAT,5370,Citrobacter freundii ATCC 8090__k5,bacteria
GCGTA,6295,Citrobacter freundii ATCC 8090__k5,bacteria
CGTAA,4985,Citrobacter freundii ATCC 8090__k5,bacteria
TAAGC,3757,Citrobacter freundii ATCC 8090__k5,bacteria
AAGCC,5324,Citrobacter freundii ATCC 8090__k5,bacteria
CAAAG,5741,Citrobacter freundii ATCC 8090__k5,bacteria
AAAGT,4512,Citrobacter freundii ATCC 8090__k5,bacteria
AGTGG,3547,Citrobacter freundii ATCC 8090__k5,bacteria
GTGGT,5866,Citrobacter freundii ATCC 8090__k5,bacteria
TGGTG,8275,Citrobacter freundii ATCC 8090__k5,bacteria
GGTGT,4598,Citrobacter freundii ATCC 8090__k5,bacteria
GTGTA,2430,Citrobacter freundii ATCC 8090__k5,bacteria
TGTAT,2987,Citrobacter freundii ATCC 8090__k5,bacteria
GTATA,2023,Citrobacter freundii ATCC 8090__k5,bacteria
TATAT,2633,Citrobacter freundii ATCC 8090__k5,bacteria
ATATG,3671,Citrobacter freundii ATCC 8090__k5,bacteria
TATGC,4120,Citrobacter freundii ATCC 8090__k5,bacteria
ATGCA,4614,Citrobacter freundii ATCC 8090__k5,bacteria
GCACT,3474,Citrobacter freundii ATCC 8090__k5,bacteria
CACTC,2397,Citrobacter freundii ATCC 8090__k5,bacteria
ACTCC,2280,Citrobacter freundii ATCC 8090__k5,bacteria
TCCGA,2029,Citrobacter freundii ATCC 8090__k5,bacteria
CCGAG,2697,Citrobacter freundii ATCC 8090__k5,bacteria
CGAGC,3891,Citrobacter freundii ATCC 8090__k5,bacteria
AGCGT,7374,Citrobacter freundii ATCC 8090__k5,bacteria
GCGTT,8731,Citrobacter freundii ATCC 8090__k5,bacteria
GTTTT,8723,Citrobacter freundii ATCC 8090__k5,bacteria
TTTTG,8080,Citrobacter freundii ATCC 8090__k5,bacteria
TTGTG,3697,Citrobacter freundii ATCC 8090__k5,bacteria
TGTGC,4278,Citrobacter freundii ATCC 8090__k5,bacteria
AGGAC,2022,Citrobacter freundii ATCC 8090__k5,bacteria
GACAT,3661,Citrobacter freundii ATCC 8090__k5,bacteria
ACATG,3047,Citrobacter freundii ATCC 8090__k5,bacteria
CATGG,4714,Citrobacter freundii ATCC 8090__k5,bacteria
ATGGT,5519,Citrobacter freundii ATCC 8090__k5,bacteria
TGGTC,5322,Citrobacter freundii ATCC 8090__k5,bacteria
AAAGC,7585,Citrobacter freundii ATCC 8090__k5,bacteria
AGCCC,3601,Citrobacter freundii ATCC 8090__k5,bacteria
GCCCT,3086,Citrobacter freundii ATCC 8090__k5,bacteria
CCCTG,5000,Citrobacter freundii ATCC 8090__k5,bacteria
CAAAA,7888,Citrobacter freundii ATCC 8090__k5,bacteria
CAATG,6135,Citrobacter freundii ATCC 8090__k5,bacteria
AATGC,6682,Citrobacter freundii ATCC 8090__k5,bacteria
ATGCG,6516,Citrobacter freundii ATCC 8090__k5,bacteria
TGCGA,4108,Citrobacter freundii ATCC 8090__k5,bacteria
CGATC,6253,Citrobacter freundii ATCC 8090__k5,bacteria
GATCG,6482,Citrobacter freundii ATCC 8090__k5,bacteria
ATCGA,5606,Citrobacter freundii ATCC 8090__k5,bacteria
TCGAA,3514,Citrobacter freundii ATCC 8090__k5,bacteria
CGAAG,5037,Citrobacter freundii ATCC 8090__k5,bacteria
GAAGA,6428,Citrobacter freundii ATCC 8090__k5,bacteria
AAGAG,3803,Citrobacter freundii ATCC 8090__k5,bacteria
AGTTT,4764,Citrobacter freundii ATCC 8090__k5,bacteria
GTTTA,5032,Citrobacter freundii ATCC 8090__k5,bacteria
TTTAA,5557,Citrobacter freundii ATCC 8090__k5,bacteria
TTAAA,5607,Citrobacter freundii ATCC 8090__k5,bacteria
CGCTA,4364,Citrobacter freundii ATCC 8090__k5,bacteria
GCTAC,3749,Citrobacter freundii ATCC 8090__k5,bacteria
CTACT,1865,Citrobacter freundii ATCC 8090__k5,bacteria
ACTAC,2482,Citrobacter freundii ATCC 8090__k5,bacteria
TACCG,7546,Citrobacter freundii ATCC 8090__k5,bacteria
GTTCC,4457,Citrobacter freundii ATCC 8090__k5,bacteria
TTCCG,5872,Citrobacter freundii ATCC 8090__k5,bacteria
TTGAC,3738,Citrobacter freundii ATCC 8090__k5,bacteria
TGACG,7258,Citrobacter freundii ATCC 8090__k5,bacteria
GACGC,6384,Citrobacter freundii ATCC 8090__k5,bacteria
CTGAT,8522,Citrobacter freundii ATCC 8090__k5,bacteria
TGATT,7091,Citrobacter freundii ATCC 8090__k5,bacteria
ATTGA,5821,Citrobacter freundii ATCC 8090__k5,bacteria
GACGA,4734,Citrobacter freundii ATCC 8090__k5,bacteria
ACGAT,5533,Citrobacter freundii ATCC 8090__k5,bacteria
GATAT,6030,Citrobacter freundii ATCC 8090__k5,bacteria
ATATC,5987,Citrobacter freundii ATCC 8090__k5,bacteria
TATCC,4972,Citrobacter freundii ATCC 8090__k5,bacteria
ATCCA,6038,Citrobacter freundii ATCC 8090__k5,bacteria
TCCAA,1818,Citrobacter freundii ATCC 8090__k5,bacteria
CCAAT,4213,Citrobacter freundii ATCC 8090__k5,bacteria
CAATT,4049,Citrobacter freundii ATCC 8090__k5,bacteria
AATTC,4178,Citrobacter freundii ATCC 8090__k5,bacteria
ATTCT,4000,Citrobacter freundii ATCC 8090__k5,bacteria
TTCTT,5478,Citrobacter freundii ATCC 8090__k5,bacteria
TCTTC,6457,Citrobacter freundii ATCC 8090__k5,bacteria
TCGCG,6893,Citrobacter freundii ATCC 8090__k5,bacteria
CGCGA,6864,Citrobacter freundii ATCC 8090__k5,bacteria
GCGAA,7121,Citrobacter freundii ATCC 8090__k5,bacteria
CGAAT,3816,Citrobacter freundii ATCC 8090__k5,bacteria
GAATA,5191,Citrobacter freundii ATCC 8090__k5,bacteria
TAAAG,5198,Citrobacter freundii ATCC 8090__k5,bacteria
AAAGA,6061,Citrobacter freundii ATCC 8090__k5,bacteria
AGAGC,3272,Citrobacter freundii ATCC 8090__k5,bacteria
ATCGC,9079,Citrobacter freundii ATCC 8090__k5,bacteria
TCGCA,4107,Citrobacter freundii ATCC 8090__k5,bacteria
CGCAG,9013,Citrobacter freundii ATCC 8090__k5,bacteria
AGGAA,4339,Citrobacter freundii ATCC 8090__k5,bacteria
GGAAG,5453,Citrobacter freundii ATCC 8090__k5,bacteria
TTTTT,11959,Citrobacter freundii ATCC 8090__k5,bacteria
TTTTC,9163,Citrobacter freundii ATCC 8090__k5,bacteria
TTTCC,6702,Citrobacter freundii ATCC 8090__k5,bacteria
TTCCA,6303,Citrobacter freundii ATCC 8090__k5,bacteria
TCCAC,4079,Citrobacter freundii ATCC 8090__k5,bacteria
ACACC,4531,Citrobacter freundii ATCC 8090__k5,bacteria
CTGGA,8420,Citrobacter freundii ATCC 8090__k5,bacteria
TGGAA,6051,Citrobacter freundii ATCC 8090__k5,bacteria
GTAAT,5121,Citrobacter freundii ATCC 8090__k5,bacteria
TAATC,4979,Citrobacter freundii ATCC 8090__k5,bacteria
AATCA,7240,Citrobacter freundii ATCC 8090__k5,bacteria
ATCAG,8557,Citrobacter freundii ATCC 8090__k5,bacteria
CAGAT,6951,Citrobacter freundii ATCC 8090__k5,bacteria
AGATC,4223,Citrobacter freundii ATCC 8090__k5,bacteria
GATCA,5687,Citrobacter freundii ATCC 8090__k5,bacteria
ATCAT,6399,Citrobacter freundii ATCC 8090__k5,bacteria
TCATC,8092,Citrobacter freundii ATCC 8090__k5,bacteria
CATCC,5788,Citrobacter freundii ATCC 8090__k5,bacteria
CCTGA,7566,Citrobacter freundii ATCC 8090__k5,bacteria
CTGAC,6877,Citrobacter freundii ATCC 8090__k5,bacteria
TGACC,5998,Citrobacter freundii ATCC 8090__k5,bacteria
GACCT,3161,Citrobacter freundii ATCC 8090__k5,bacteria
ACCTC,2670,Citrobacter freundii ATCC 8090__k5,bacteria
CCTCG,2554,Citrobacter freundii ATCC 8090__k5,bacteria
CTCGG,2685,Citrobacter freundii ATCC 8090__k5,bacteria
TCGGA,2083,Citrobacter freundii ATCC 8090__k5,bacteria
GGATC,4984,Citrobacter freundii ATCC 8090__k5,bacteria
GCTAT,4264,Citrobacter freundii ATCC 8090__k5,bacteria
CCGAA,4270,Citrobacter freundii ATCC 8090__k5,bacteria
AAGGA,2781,Citrobacter freundii ATCC 8090__k5,bacteria
AGGAG,2202,Citrobacter freundii ATCC 8090__k5,bacteria
GGAGA,3382,Citrobacter freundii ATCC 8090__k5,bacteria
GAGAT,3881,Citrobacter freundii ATCC 8090__k5,bacteria
ATCAA,7109,Citrobacter freundii ATCC 8090__k5,bacteria
GGCGT,8117,Citrobacter freundii ATCC 8090__k5,bacteria
AAGAT,4623,Citrobacter freundii ATCC 8090__k5,bacteria
TCGTC,4825,Citrobacter freundii ATCC 8090__k5,bacteria
CGTCT,3992,Citrobacter freundii ATCC 8090__k5,bacteria
GTCTG,5990,Citrobacter freundii ATCC 8090__k5,bacteria
TCTGA,4817,Citrobacter freundii ATCC 8090__k5,bacteria
GAAAT,6536,Citrobacter freundii ATCC 8090__k5,bacteria
ATCCC,4456,Citrobacter freundii ATCC 8090__k5,bacteria
TGGGG,3124,Citrobacter freundii ATCC 8090__k5,bacteria
GGGGA,2905,Citrobacter freundii ATCC 8090__k5,bacteria
GGGAC,1980,Citrobacter freundii ATCC 8090__k5,bacteria
GGACT,2154,Citrobacter freundii ATCC 8090__k5,bacteria
GACTG,3844,Citrobacter freundii ATCC 8090__k5,bacteria
ACTGT,3059,Citrobacter freundii ATCC 8090__k5,bacteria
GTCGC,6012,Citrobacter freundii ATCC 8090__k5,bacteria
CGAAC,4498,Citrobacter freundii ATCC 8090__k5,bacteria
ACCGC,8165,Citrobacter freundii ATCC 8090__k5,bacteria
GGAAA,6568,Citrobacter freundii ATCC 8090__k5,bacteria
GAAAC,5520,Citrobacter freundii ATCC 8090__k5,bacteria
GCGTG,6917,Citrobacter freundii ATCC 8090__k5,bacteria
CGTGT,2811,Citrobacter freundii ATCC 8090__k5,bacteria
GTGTT,4139,Citrobacter freundii ATCC 8090__k5,bacteria
GATCC,4895,Citrobacter freundii ATCC 8090__k5,bacteria
TGATG,9827,Citrobacter freundii ATCC 8090__k5,bacteria
ATGAA,6714,Citrobacter freundii ATCC 8090__k5,bacteria
AAAAA,11655,Citrobacter freundii ATCC 8090__k5,bacteria
AAAAG,6294,Citrobacter freundii ATCC 8090__k5,bacteria
AGCCG,5627,Citrobacter freundii ATCC 8090__k5,bacteria
GCCGA,6517,Citrobacter freundii ATCC 8090__k5,bacteria
CCGAC,4395,Citrobacter freundii ATCC 8090__k5,bacteria
CGACG,5819,Citrobacter freundii ATCC 8090__k5,bacteria
ACGAA,4073,Citrobacter freundii ATCC 8090__k5,bacteria
CGAAA,5627,Citrobacter freundii ATCC 8090__k5,bacteria
AACGA,4797,Citrobacter freundii ATCC 8090__k5,bacteria
ACGAC,4097,Citrobacter freundii ATCC 8090__k5,bacteria
CGACA,5036,Citrobacter freundii ATCC 8090__k5,bacteria
ACATT,3840,Citrobacter freundii ATCC 8090__k5,bacteria
CATTC,4756,Citrobacter freundii ATCC 8090__k5,bacteria
ATTCG,3899,Citrobacter freundii ATCC 8090__k5,bacteria
TCTGC,7096,Citrobacter freundii ATCC 8090__k5,bacteria
CTGCC,7208,Citrobacter freundii ATCC 8090__k5,bacteria
TGCCG,10035,Citrobacter freundii ATCC 8090__k5,bacteria
CCGGG,5311,Citrobacter freundii ATCC 8090__k5,bacteria
CGGGT,4908,Citrobacter freundii ATCC 8090__k5,bacteria
GGGTG,3772,Citrobacter freundii ATCC 8090__k5,bacteria
GGTGA,7707,Citrobacter freundii ATCC 8090__k5,bacteria
GTGAA,6298,Citrobacter freundii ATCC 8090__k5,bacteria
AAGTA,2559,Citrobacter freundii ATCC 8090__k5,bacteria
AGTAG,1810,Citrobacter freundii ATCC 8090__k5,bacteria
GTAGC,3711,Citrobacter freundii ATCC 8090__k5,bacteria
TAGCG,4493,Citrobacter freundii ATCC 8090__k5,bacteria
TCTTT,6131,Citrobacter freundii ATCC 8090__k5,bacteria
TATTG,5746,Citrobacter freundii ATCC 8090__k5,bacteria
TGCCA,8181,Citrobacter freundii ATCC 8090__k5,bacteria
CCAAG,1598,Citrobacter freundii ATCC 8090__k5,bacteria
CAAGC,3614,Citrobacter freundii ATCC 8090__k5,bacteria
AAGCG,6863,Citrobacter freundii ATCC 8090__k5,bacteria
GTCTA,1260,Citrobacter freundii ATCC 8090__k5,bacteria
TCTAC,2453,Citrobacter freundii ATCC 8090__k5,bacteria
CTACG,3078,Citrobacter freundii ATCC 8090__k5,bacteria
CGCTC,4736,Citrobacter freundii ATCC 8090__k5,bacteria
GCTCT,3394,Citrobacter freundii ATCC 8090__k5,bacteria
CTCTA,1424,Citrobacter freundii ATCC 8090__k5,bacteria
ACGTA,3096,Citrobacter freundii ATCC 8090__k5,bacteria
CGTAC,4242,Citrobacter freundii ATCC 8090__k5,bacteria
TACGT,3114,Citrobacter freundii ATCC 8090__k5,bacteria
GTGAG,3096,Citrobacter freundii ATCC 8090__k5,bacteria
GAGCT,3295,Citrobacter freundii ATCC 8090__k5,bacteria
AAGGC,4783,Citrobacter freundii ATCC 8090__k5,bacteria
GCGCA,10309,Citrobacter freundii ATCC 8090__k5,bacteria
CGCAC,5281,Citrobacter freundii ATCC 8090__k5,bacteria
CACTG,4857,Citrobacter freundii ATCC 8090__k5,bacteria
TGAAC,6096,Citrobacter freundii ATCC 8090__k5,bacteria
CCGCG,6811,Citrobacter freundii ATCC 8090__k5,bacteria
GTGAT,6345,Citrobacter freundii ATCC 8090__k5,bacteria
TGATC,5690,Citrobacter freundii ATCC 8090__k5,bacteria
TCGCC,9440,Citrobacter freundii ATCC 8090__k5,bacteria
ATTTT,8968,Citrobacter freundii ATCC 8090__k5,bacteria
TTTTA,6926,Citrobacter freundii ATCC 8090__k5,bacteria
TTTAC,6351,Citrobacter freundii ATCC 8090__k5,bacteria
ACCGG,7502,Citrobacter freundii ATCC 8090__k5,bacteria
CGGCC,4732,Citrobacter freundii ATCC 8090__k5,bacteria
GGCCG,4635,Citrobacter freundii ATCC 8090__k5,bacteria
GGGCG,5676,Citrobacter freundii ATCC 8090__k5,bacteria
GGCGA,9229,Citrobacter freundii ATCC 8090__k5,bacteria
ACTAT,2382,Citrobacter freundii ATCC 8090__k5,bacteria
GATTT,6976,Citrobacter freundii ATCC 8090__k5,bacteria
GTGCG,5334,Citrobacter freundii ATCC 8090__k5,bacteria
TGCGT,6000,Citrobacter freundii ATCC 8090__k5,bacteria
GAAGC,6022,Citrobacter freundii ATCC 8090__k5,bacteria
AGCGC,10146,Citrobacter freundii ATCC 8090__k5,bacteria
GATCT,4086,Citrobacter freundii ATCC 8090__k5,bacteria
ATCTG,6723,Citrobacter freundii ATCC 8090__k5,bacteria
TTTGC,8726,Citrobacter freundii ATCC 8090__k5,bacteria
AAGCT,4173,Citrobacter freundii ATCC 8090__k5,bacteria
CTGGT,8415,Citrobacter freundii ATCC 8090__k5,bacteria
CACCA,8582,Citrobacter freundii ATCC 8090__k5,bacteria
ACCAT,5712,Citrobacter freundii ATCC 8090__k5,bacteria
CCATC,7021,Citrobacter freundii ATCC 8090__k5,bacteria
CATCG,7698,Citrobacter freundii ATCC 8090__k5,bacteria
TCGAC,4238,Citrobacter freundii ATCC 8090__k5,bacteria
CCAGA,7948,Citrobacter freundii ATCC 8090__k5,bacteria
AGAAG,4241,Citrobacter freundii ATCC 8090__k5,bacteria
AAGAC,3047,Citrobacter freundii ATCC 8090__k5,bacteria
AGACG,3963,Citrobacter freundii ATCC 8090__k5,bacteria
GACGG,5121,Citrobacter freundii ATCC 8090__k5,bacteria
ACGGT,6152,Citrobacter freundii ATCC 8090__k5,bacteria
CGGTG,7885,Citrobacter freundii ATCC 8090__k5,bacteria
CGGAG,3002,Citrobacter freundii ATCC 8090__k5,bacteria
GGAGT,2346,Citrobacter freundii ATCC 8090__k5,bacteria
GAGTA,2467,Citrobacter freundii ATCC 8090__k5,bacteria
GTATT,5402,Citrobacter freundii ATCC 8090__k5,bacteria
TTACA,3051,Citrobacter freundii ATCC 8090__k5,bacteria
ACAAA,5503,Citrobacter freundii ATCC 8090__k5,bacteria
AAAAT,8858,Citrobacter freundii ATCC 8090__k5,bacteria
AAATT,5952,Citrobacter freundii ATCC 8090__k5,bacteria
AATTG,3988,Citrobacter freundii ATCC 8090__k5,bacteria
TGCGG,6995,Citrobacter freundii ATCC 8090__k5,bacteria
TGCTT,4715,Citrobacter freundii ATCC 8090__k5,bacteria
CTAAG,1115,Citrobacter freundii ATCC 8090__k5,bacteria
CGTCG,5888,Citrobacter freundii ATCC 8090__k5,bacteria
GTCGA,4254,Citrobacter freundii ATCC 8090__k5,bacteria
ATCTC,3993,Citrobacter freundii ATCC 8090__k5,bacteria
TCTCG,2881,Citrobacter freundii ATCC 8090__k5,bacteria
CTCGC,4158,Citrobacter freundii ATCC 8090__k5,bacteria
GGTAG,3142,Citrobacter freundii ATCC 8090__k5,bacteria
TAGCT,2204,Citrobacter freundii ATCC 8090__k5,bacteria
AGCTC,3409,Citrobacter freundii ATCC 8090__k5,bacteria
CTCGT,2099,Citrobacter freundii ATCC 8090__k5,bacteria
GTCCG,3241,Citrobacter freundii ATCC 8090__k5,bacteria
TCCGC,5759,Citrobacter freundii ATCC 8090__k5,bacteria
GCCAG,13504,Citrobacter freundii ATCC 8090__k5,bacteria
AGATG,4593,Citrobacter freundii ATCC 8090__k5,bacteria
GATGG,6875,Citrobacter freundii ATCC 8090__k5,bacteria
CGATG,7580,Citrobacter freundii ATCC 8090__k5,bacteria
GGCAA,8856,Citrobacter freundii ATCC 8090__k5,bacteria
GCTCA,5768,Citrobacter freundii ATCC 8090__k5,bacteria
CACTA,2099,Citrobacter freundii ATCC 8090__k5,bacteria
ACAGT,3171,Citrobacter freundii ATCC 8090__k5,bacteria
CAGTC,3917,Citrobacter freundii ATCC 8090__k5,bacteria
AGTCT,2049,Citrobacter freundii ATCC 8090__k5,bacteria
CCGGA,6618,Citrobacter freundii ATCC 8090__k5,bacteria
GCGAC,5907,Citrobacter freundii ATCC 8090__k5,bacteria
TTGGT,4788,Citrobacter freundii ATCC 8090__k5,bacteria
GTGGG,3354,Citrobacter freundii ATCC 8090__k5,bacteria
TGGGC,4885,Citrobacter freundii ATCC 8090__k5,bacteria
GACCA,5304,Citrobacter freundii ATCC 8090__k5,bacteria
CCATA,3940,Citrobacter freundii ATCC 8090__k5,bacteria
CATAC,3298,Citrobacter freundii ATCC 8090__k5,bacteria
ATACT,2618,Citrobacter freundii ATCC 8090__k5,bacteria
CCGTG,4335,Citrobacter freundii ATCC 8090__k5,bacteria
GCTTC,6256,Citrobacter freundii ATCC 8090__k5,bacteria
CTTCA,7026,Citrobacter freundii ATCC 8090__k5,bacteria
TTCAT,6786,Citrobacter freundii ATCC 8090__k5,bacteria
TCATG,4859,Citrobacter freundii ATCC 8090__k5,bacteria
CATGC,5370,Citrobacter freundii ATCC 8090__k5,bacteria
TGCCT,4237,Citrobacter freundii ATCC 8090__k5,bacteria
GCCGC,10128,Citrobacter freundii ATCC 8090__k5,bacteria
CCGCA,6983,Citrobacter freundii ATCC 8090__k5,bacteria
CAAGA,2451,Citrobacter freundii ATCC 8090__k5,bacteria
AGATT,3971,Citrobacter freundii ATCC 8090__k5,bacteria
TTGAG,4149,Citrobacter freundii ATCC 8090__k5,bacteria
GAGCA,4900,Citrobacter freundii ATCC 8090__k5,bacteria
CAGTT,7260,Citrobacter freundii ATCC 8090__k5,bacteria
AGTTG,4030,Citrobacter freundii ATCC 8090__k5,bacteria
AAGAA,5482,Citrobacter freundii ATCC 8090__k5,bacteria
AGAAA,6228,Citrobacter freundii ATCC 8090__k5,bacteria
GAAAG,5640,Citrobacter freundii ATCC 8090__k5,bacteria
GCCAT,7997,Citrobacter freundii ATCC 8090__k5,bacteria
CCATG,4862,Citrobacter freundii ATCC 8090__k5,bacteria
CATGA,4748,Citrobacter freundii ATCC 8090__k5,bacteria
ATGAT,6224,Citrobacter freundii ATCC 8090__k5,bacteria
TTCTC,4358,Citrobacter freundii ATCC 8090__k5,bacteria
TCTCC,3385,Citrobacter freundii ATCC 8090__k5,bacteria
CTCCA,3286,Citrobacter freundii ATCC 8090__k5,bacteria
ATTTA,4830,Citrobacter freundii ATCC 8090__k5,bacteria
TCAGA,4728,Citrobacter freundii ATCC 8090__k5,bacteria
GAACA,5588,Citrobacter freundii ATCC 8090__k5,bacteria
AACAT,4983,Citrobacter freundii ATCC 8090__k5,bacteria
TTATC,7484,Citrobacter freundii ATCC 8090__k5,bacteria
TATCT,4214,Citrobacter freundii ATCC 8090__k5,bacteria
ATCTT,4602,Citrobacter freundii ATCC 8090__k5,bacteria
CTATG,2433,Citrobacter freundii ATCC 8090__k5,bacteria
TATGA,3240,Citrobacter freundii ATCC 8090__k5,bacteria
GAACG,5295,Citrobacter freundii ATCC 8090__k5,bacteria
CATTT,6064,Citrobacter freundii ATCC 8090__k5,bacteria
CCGCT,7010,Citrobacter freundii ATCC 8090__k5,bacteria
AGGTC,3221,Citrobacter freundii ATCC 8090__k5,bacteria
CAGCG,14540,Citrobacter freundii ATCC 8090__k5,bacteria
GGCCC,2552,Citrobacter freundii ATCC 8090__k5,bacteria
TGGAC,3044,Citrobacter freundii ATCC 8090__k5,bacteria
GGACG,3470,Citrobacter freundii ATCC 8090__k5,bacteria
GACGT,4271,Citrobacter freundii ATCC 8090__k5,bacteria
GTCCT,2013,Citrobacter freundii ATCC 8090__k5,bacteria
TCCTA,751,Citrobacter freundii ATCC 8090__k5,bacteria
TACAC,2439,Citrobacter freundii ATCC 8090__k5,bacteria
ACACT,2074,Citrobacter freundii ATCC 8090__k5,bacteria
ACTGC,5625,Citrobacter freundii ATCC 8090__k5,bacteria
TCCTC,2487,Citrobacter freundii ATCC 8090__k5,bacteria
AGGTT,4542,Citrobacter freundii ATCC 8090__k5,bacteria
GGTTG,5689,Citrobacter freundii ATCC 8090__k5,bacteria
TTGCT,6128,Citrobacter freundii ATCC 8090__k5,bacteria
GCACC,5840,Citrobacter freundii ATCC 8090__k5,bacteria
CACCC,3927,Citrobacter freundii ATCC 8090__k5,bacteria
ACCCT,2686,Citrobacter freundii ATCC 8090__k5,bacteria
CCCTT,2676,Citrobacter freundii ATCC 8090__k5,bacteria
GCTTA,3833,Citrobacter freundii ATCC 8090__k5,bacteria
CTTAC,2883,Citrobacter freundii ATCC 8090__k5,bacteria
GTACC,4107,Citrobacter freundii ATCC 8090__k5,bacteria
ACCGA,5343,Citrobacter freundii ATCC 8090__k5,bacteria
AAATG,6190,Citrobacter freundii ATCC 8090__k5,bacteria
CGTGG,5458,Citrobacter freundii ATCC 8090__k5,bacteria
AGCCT,3813,Citrobacter freundii ATCC 8090__k5,bacteria
GCCTC,2681,Citrobacter freundii ATCC 8090__k5,bacteria
CCTCA,2720,Citrobacter freundii ATCC 8090__k5,bacteria
CTCAT,3320,Citrobacter freundii ATCC 8090__k5,bacteria
GGTGC,5759,Citrobacter freundii ATCC 8090__k5,bacteria
CGACC,4687,Citrobacter freundii ATCC 8090__k5,bacteria
CCACC,6331,Citrobacter freundii ATCC 8090__k5,bacteria
CACCG,7899,Citrobacter freundii ATCC 8090__k5,bacteria
TTCGA,3680,Citrobacter freundii ATCC 8090__k5,bacteria
TATTT,6070,Citrobacter freundii ATCC 8090__k5,bacteria
ATTTG,4861,Citrobacter freundii ATCC 8090__k5,bacteria
GCCGT,6962,Citrobacter freundii ATCC 8090__k5,bacteria
AGGGG,2161,Citrobacter freundii ATCC 8090__k5,bacteria
GGGGC,2977,Citrobacter freundii ATCC 8090__k5,bacteria
TTCAA,5696,Citrobacter freundii ATCC 8090__k5,bacteria
GACCG,5065,Citrobacter freundii ATCC 8090__k5,bacteria
CCGTA,4213,Citrobacter freundii ATCC 8090__k5,bacteria
CGTAT,3972,Citrobacter freundii ATCC 8090__k5,bacteria
ATGCT,5527,Citrobacter freundii ATCC 8090__k5,bacteria
TCTGG,7737,Citrobacter freundii ATCC 8090__k5,bacteria
TGGCC,5763,Citrobacter freundii ATCC 8090__k5,bacteria
CGACT,3095,Citrobacter freundii ATCC 8090__k5,bacteria
GACTT,2904,Citrobacter freundii ATCC 8090__k5,bacteria
CTTCC,5458,Citrobacter freundii ATCC 8090__k5,bacteria
TTCCC,4309,Citrobacter freundii ATCC 8090__k5,bacteria
GAATC,3693,Citrobacter freundii ATCC 8090__k5,bacteria
GAATT,4255,Citrobacter freundii ATCC 8090__k5,bacteria
ATTCA,5886,Citrobacter freundii ATCC 8090__k5,bacteria
TTCAC,6603,Citrobacter freundii ATCC 8090__k5,bacteria
ACAGG,4777,Citrobacter freundii ATCC 8090__k5,bacteria
AATGA,5516,Citrobacter freundii ATCC 8090__k5,bacteria
CGCAT,6494,Citrobacter freundii ATCC 8090__k5,bacteria
GCATC,7660,Citrobacter freundii ATCC 8090__k5,bacteria
CATCA,9990,Citrobacter freundii ATCC 8090__k5,bacteria
TACTT,2501,Citrobacter freundii ATCC 8090__k5,bacteria
ACTTA,1936,Citrobacter freundii ATCC 8090__k5,bacteria
GCATG,5185,Citrobacter freundii ATCC 8090__k5,bacteria
CTGTT,7221,Citrobacter freundii ATCC 8090__k5,bacteria
TGTTT,6269,Citrobacter freundii ATCC 8090__k5,bacteria
GGGAA,4267,Citrobacter freundii ATCC 8090__k5,bacteria
GGTCT,3371,Citrobacter freundii ATCC 8090__k5,bacteria
TGTTC,5721,Citrobacter freundii ATCC 8090__k5,bacteria
CCTGT,4770,Citrobacter freundii ATCC 8090__k5,bacteria
CCTAG,192,Citrobacter freundii ATCC 8090__k5,bacteria
CTAGC,558,Citrobacter freundii ATCC 8090__k5,bacteria
TAGCC,3256,Citrobacter freundii ATCC 8090__k5,bacteria
CCATT,5857,Citrobacter freundii ATCC 8090__k5,bacteria
TTCGG,4379,Citrobacter freundii ATCC 8090__k5,bacteria
TCGTA,2687,Citrobacter freundii ATCC 8090__k5,bacteria
AAAGG,4715,Citrobacter freundii ATCC 8090__k5,bacteria
GTGTG,2826,Citrobacter freundii ATCC 8090__k5,bacteria
TGTGA,2941,Citrobacter freundii ATCC 8090__k5,bacteria
GTTGG,5206,Citrobacter freundii ATCC 8090__k5,bacteria
CATCT,4568,Citrobacter freundii ATCC 8090__k5,bacteria
TGGTT,6499,Citrobacter freundii ATCC 8090__k5,bacteria
GGTCG,4622,Citrobacter freundii ATCC 8090__k5,bacteria
GTCGT,4124,Citrobacter freundii ATCC 8090__k5,bacteria
AGAAT,4044,Citrobacter freundii ATCC 8090__k5,bacteria
ACATC,5271,Citrobacter freundii ATCC 8090__k5,bacteria
CGGTT,6641,Citrobacter freundii ATCC 8090__k5,bacteria
AACAG,7108,Citrobacter freundii ATCC 8090__k5,bacteria
GATTC,3757,Citrobacter freundii ATCC 8090__k5,bacteria
TCTCT,3331,Citrobacter freundii ATCC 8090__k5,bacteria
CTCTC,2383,Citrobacter freundii ATCC 8090__k5,bacteria
ACGAG,2007,Citrobacter freundii ATCC 8090__k5,bacteria
CGAGA,2702,Citrobacter freundii ATCC 8090__k5,bacteria
GAGAA,4422,Citrobacter freundii ATCC 8090__k5,bacteria
CTGTA,3792,Citrobacter freundii ATCC 8090__k5,bacteria
ATGTC,3730,Citrobacter freundii ATCC 8090__k5,bacteria
ATCAC,6434,Citrobacter freundii ATCC 8090__k5,bacteria
AAGCA,4618,Citrobacter freundii ATCC 8090__k5,bacteria
GATGT,5185,Citrobacter freundii ATCC 8090__k5,bacteria
ATGTT,4911,Citrobacter freundii ATCC 8090__k5,bacteria
TGGTA,4492,Citrobacter freundii ATCC 8090__k5,bacteria
TACTG,4812,Citrobacter freundii ATCC 8090__k5,bacteria
AATCG,5193,Citrobacter freundii ATCC 8090__k5,bacteria
ATCGG,5657,Citrobacter freundii ATCC 8090__k5,bacteria
TCGGC,6610,Citrobacter freundii ATCC 8090__k5,bacteria
TTAAC,5709,Citrobacter freundii ATCC 8090__k5,bacteria
GTTAG,2345,Citrobacter freundii ATCC 8090__k5,bacteria
TTAGC,3696,Citrobacter freundii ATCC 8090__k5,bacteria
AGCTA,2172,Citrobacter freundii ATCC 8090__k5,bacteria
GTCTC,1761,Citrobacter freundii ATCC 8090__k5,bacteria
CCAGT,7406,Citrobacter freundii ATCC 8090__k5,bacteria
GTACA,3264,Citrobacter freundii ATCC 8090__k5,bacteria
CAAAT,4878,Citrobacter freundii ATCC 8090__k5,bacteria
TTACG,5119,Citrobacter freundii ATCC 8090__k5,bacteria
TGTTA,3695,Citrobacter freundii ATCC 8090__k5,bacteria
TGAGA,3012,Citrobacter freundii ATCC 8090__k5,bacteria
GAGAC,1800,Citrobacter freundii ATCC 8090__k5,bacteria
AGACT,2033,Citrobacter freundii ATCC 8090__k5,bacteria
TGTAA,3124,Citrobacter freundii ATCC 8090__k5,bacteria
AATGT,3942,Citrobacter freundii ATCC 8090__k5,bacteria
GACCC,2323,Citrobacter freundii ATCC 8090__k5,bacteria
GCAAT,7208,Citrobacter freundii ATCC 8090__k5,bacteria
CTCCC,2176,Citrobacter freundii ATCC 8090__k5,bacteria
GTAGG,1819,Citrobacter freundii ATCC 8090__k5,bacteria
TAGGC,1787,Citrobacter freundii ATCC 8090__k5,bacteria
GCTAA,3564,Citrobacter freundii ATCC 8090__k5,bacteria
TCTAT,2244,Citrobacter freundii ATCC 8090__k5,bacteria
CTATA,1796,Citrobacter freundii ATCC 8090__k5,bacteria
TATAC,2032,Citrobacter freundii ATCC 8090__k5,bacteria
GGCCA,5725,Citrobacter freundii ATCC 8090__k5,bacteria
TCGGG,3102,Citrobacter freundii ATCC 8090__k5,bacteria
CACGA,3515,Citrobacter freundii ATCC 8090__k5,bacteria
GAGTC,2014,Citrobacter freundii ATCC 8090__k5,bacteria
CACGG,4409,Citrobacter freundii ATCC 8090__k5,bacteria
CAGGG,5103,Citrobacter freundii ATCC 8090__k5,bacteria
AGGGT,2770,Citrobacter freundii ATCC 8090__k5,bacteria
AGACA,2891,Citrobacter freundii ATCC 8090__k5,bacteria
TGACA,3650,Citrobacter freundii ATCC 8090__k5,bacteria
GACAG,4109,Citrobacter freundii ATCC 8090__k5,bacteria
CATTG,5825,Citrobacter freundii ATCC 8090__k5,bacteria
GGGCA,4869,Citrobacter freundii ATCC 8090__k5,bacteria
GCACA,4283,Citrobacter freundii ATCC 8090__k5,bacteria
ACAAG,2264,Citrobacter freundii ATCC 8090__k5,bacteria
CAAGG,2673,Citrobacter freundii ATCC 8090__k5,bacteria
TGAGG,2688,Citrobacter freundii ATCC 8090__k5,bacteria
GAGGG,1678,Citrobacter freundii ATCC 8090__k5,bacteria
GGGGT,2266,Citrobacter freundii ATCC 8090__k5,bacteria
GGGTT,4230,Citrobacter freundii ATCC 8090__k5,bacteria
GGTTT,7132,Citrobacter freundii ATCC 8090__k5,bacteria
CCCAA,2826,Citrobacter freundii ATCC 8090__k5,bacteria
ATACA,2970,Citrobacter freundii ATCC 8090__k5,bacteria
TACAG,3824,Citrobacter freundii ATCC 8090__k5,bacteria
AGCAT,5510,Citrobacter freundii ATCC 8090__k5,bacteria
CCTTG,2552,Citrobacter freundii ATCC 8090__k5,bacteria
CTTGA,2652,Citrobacter freundii ATCC 8090__k5,bacteria
TTTCA,8455,Citrobacter freundii ATCC 8090__k5,bacteria
TCACA,3067,Citrobacter freundii ATCC 8090__k5,bacteria
TCAAG,2713,Citrobacter freundii ATCC 8090__k5,bacteria
TCCCA,3141,Citrobacter freundii ATCC 8090__k5,bacteria
CCACT,3579,Citrobacter freundii ATCC 8090__k5,bacteria
AGCAC,4820,Citrobacter freundii ATCC 8090__k5,bacteria
AGTAC,3113,Citrobacter freundii ATCC 8090__k5,bacteria
GGTAT,5474,Citrobacter freundii ATCC 8090__k5,bacteria
GTATC,4390,Citrobacter freundii ATCC 8090__k5,bacteria
CGAGT,2189,Citrobacter freundii ATCC 8090__k5,bacteria
CTCCT,2176,Citrobacter freundii ATCC 8090__k5,bacteria
CCTTC,4786,Citrobacter freundii ATCC 8090__k5,bacteria
CTTCT,4191,Citrobacter freundii ATCC 8090__k5,bacteria
CTCTT,3770,Citrobacter freundii ATCC 8090__k5,bacteria
GGGAG,2127,Citrobacter freundii ATCC 8090__k5,bacteria
AGAGA,3320,Citrobacter freundii ATCC 8090__k5,bacteria
CGTAG,3092,Citrobacter freundii ATCC 8090__k5,bacteria
GTAGT,2547,Citrobacter freundii ATCC 8090__k5,bacteria
TAGTT,1959,Citrobacter freundii ATCC 8090__k5,bacteria
CATGT,3121,Citrobacter freundii ATCC 8090__k5,bacteria
GGTCC,1750,Citrobacter freundii ATCC 8090__k5,bacteria
GCATA,4160,Citrobacter freundii ATCC 8090__k5,bacteria
CATAA,4392,Citrobacter freundii ATCC 8090__k5,bacteria
ATAAG,3216,Citrobacter freundii ATCC 8090__k5,bacteria
AGATA,4352,Citrobacter freundii ATCC 8090__k5,bacteria
TTGTC,4310,Citrobacter freundii ATCC 8090__k5,bacteria
GCCTT,4703,Citrobacter freundii ATCC 8090__k5,bacteria
TACCC,3909,Citrobacter freundii ATCC 8090__k5,bacteria
GCGGG,6091,Citrobacter freundii ATCC 8090__k5,bacteria
GATAG,3457,Citrobacter freundii ATCC 8090__k5,bacteria
ATAGA,2304,Citrobacter freundii ATCC 8090__k5,bacteria
TAGAT,1684,Citrobacter freundii ATCC 8090__k5,bacteria
CCTCT,2268,Citrobacter freundii ATCC 8090__k5,bacteria
CTCTG,3731,Citrobacter freundii ATCC 8090__k5,bacteria
ATGAC,5346,Citrobacter freundii ATCC 8090__k5,bacteria
TCTCA,2898,Citrobacter freundii ATCC 8090__k5,bacteria
TTATA,2871,Citrobacter freundii ATCC 8090__k5,bacteria
TATAG,1892,Citrobacter freundii ATCC 8090__k5,bacteria
TAGAC,1264,Citrobacter freundii ATCC 8090__k5,bacteria
TGTCC,2967,Citrobacter freundii ATCC 8090__k5,bacteria
ACGGA,3576,Citrobacter freundii ATCC 8090__k5,bacteria
ACCCA,4409,Citrobacter freundii ATCC 8090__k5,bacteria
GCGAG,4043,Citrobacter freundii ATCC 8090__k5,bacteria
TCTTA,2027,Citrobacter freundii ATCC 8090__k5,bacteria
CTTAT,3044,Citrobacter freundii ATCC 8090__k5,bacteria
CCTCC,1953,Citrobacter freundii ATCC 8090__k5,bacteria
TATCA,5582,Citrobacter freundii ATCC 8090__k5,bacteria
AGTCC,2108,Citrobacter freundii ATCC 8090__k5,bacteria
ATGTA,2621,Citrobacter freundii ATCC 8090__k5,bacteria
GACAC,2377,Citrobacter freundii ATCC 8090__k5,bacteria
CACAT,3405,Citrobacter freundii ATCC 8090__k5,bacteria
TCGAG,2650,Citrobacter freundii ATCC 8090__k5,bacteria
CGAGG,2615,Citrobacter freundii ATCC 8090__k5,bacteria
GAGGT,2566,Citrobacter freundii ATCC 8090__k5,bacteria
GTAGA,2316,Citrobacter freundii ATCC 8090__k5,bacteria
GGGTC,2363,Citrobacter freundii ATCC 8090__k5,bacteria
AGAGG,2302,Citrobacter freundii ATCC 8090__k5,bacteria
AGGGC,3081,Citrobacter freundii ATCC 8090__k5,bacteria
AAGTT,3477,Citrobacter freundii ATCC 8090__k5,bacteria
TATAA,2732,Citrobacter freundii ATCC 8090__k5,bacteria
TAGGT,1517,Citrobacter freundii ATCC 8090__k5,bacteria
GTTAA,5472,Citrobacter freundii ATCC 8090__k5,bacteria
AGGCA,4355,Citrobacter freundii ATCC 8090__k5,bacteria
TGCAT,4492,Citrobacter freundii ATCC 8090__k5,bacteria
GTGCC,4154,Citrobacter freundii ATCC 8090__k5,bacteria
GTTCG,4546,Citrobacter freundii ATCC 8090__k5,bacteria
TACGA,2664,Citrobacter freundii ATCC 8090__k5,bacteria
GTCAT,5419,Citrobacter freundii ATCC 8090__k5,bacteria
TCATT,5598,Citrobacter freundii ATCC 8090__k5,bacteria
CTATT,2908,Citrobacter freundii ATCC 8090__k5,bacteria
TGAAT,5574,Citrobacter freundii ATCC 8090__k5,bacteria
GGCTA,3303,Citrobacter freundii ATCC 8090__k5,bacteria
AGTCA,3063,Citrobacter freundii ATCC 8090__k5,bacteria
AGGCC,4096,Citrobacter freundii ATCC 8090__k5,bacteria
CAGAC,6132,Citrobacter freundii ATCC 8090__k5,bacteria
AGACC,3356,Citrobacter freundii ATCC 8090__k5,bacteria
TAGAA,1854,Citrobacter freundii ATCC 8090__k5,bacteria
CCCAT,3838,Citrobacter freundii ATCC 8090__k5,bacteria
CTTAG,1111,Citrobacter freundii ATCC 8090__k5,bacteria
ACTCT,2315,Citrobacter freundii ATCC 8090__k5,bacteria
TAAGA,2015,Citrobacter freundii ATCC 8090__k5,bacteria
GGGCT,3611,Citrobacter freundii ATCC 8090__k5,bacteria
TACAT,2636,Citrobacter freundii ATCC 8090__k5,bacteria
AGTGA,3864,Citrobacter freundii ATCC 8090__k5,bacteria
ATTAG,2048,Citrobacter freundii ATCC 8090__k5,bacteria
TTAGA,1355,Citrobacter freundii ATCC 8090__k5,bacteria
CCCAG,5831,Citrobacter freundii ATCC 8090__k5,bacteria
GGTTA,4984,Citrobacter freundii ATCC 8090__k5,bacteria
GAATG,4527,Citrobacter freundii ATCC 8090__k5,bacteria
AGCTT,4222,Citrobacter freundii ATCC 8090__k5,bacteria
GAGCC,3009,Citrobacter freundii ATCC 8090__k5,bacteria
GAGGA,2598,Citrobacter freundii ATCC 8090__k5,bacteria
GGAAT,4232,Citrobacter freundii ATCC 8090__k5,bacteria
ATGGG,3620,Citrobacter freundii ATCC 8090__k5,bacteria
TGTAG,2349,Citrobacter freundii ATCC 8090__k5,bacteria
ATTGT,4125,Citrobacter freundii ATCC 8090__k5,bacteria
TCCCC,2976,Citrobacter freundii ATCC 8090__k5,bacteria
CCCCT,2131,Citrobacter freundii ATCC 8090__k5,bacteria
CCCCC,1833,Citrobacter freundii ATCC 8090__k5,bacteria
CTTTT,6478,Citrobacter freundii ATCC 8090__k5,bacteria
TAGCA,2309,Citrobacter freundii ATCC 8090__k5,bacteria
CGGGG,2863,Citrobacter freundii ATCC 8090__k5,bacteria
TGCTA,2266,Citrobacter freundii ATCC 8090__k5,bacteria
CGGGA,4453,Citrobacter freundii ATCC 8090__k5,bacteria
AACTA,1788,Citrobacter freundii ATCC 8090__k5,bacteria
ACATA,2527,Citrobacter freundii ATCC 8090__k5,bacteria
CATAT,3765,Citrobacter freundii ATCC 8090__k5,bacteria
GACTA,1756,Citrobacter freundii ATCC 8090__k5,bacteria
AGTAA,3643,Citrobacter freundii ATCC 8090__k5,bacteria
TTAGG,1402,Citrobacter freundii ATCC 8090__k5,bacteria
ATAGG,1736,Citrobacter freundii ATCC 8090__k5,bacteria
TCCAT,4133,Citrobacter freundii ATCC 8090__k5,bacteria
AATTA,4049,Citrobacter freundii ATCC 8090__k5,bacteria
TTAAG,2964,Citrobacter freundii ATCC 8090__k5,bacteria
CTTGT,2190,Citrobacter freundii ATCC 8090__k5,bacteria
TCCCT,2473,Citrobacter freundii ATCC 8090__k5,bacteria
GAGTG,2461,Citrobacter freundii ATCC 8090__k5,bacteria
TCATA,3375,Citrobacter freundii ATCC 8090__k5,bacteria
CATAG,2547,Citrobacter freundii ATCC 8090__k5,bacteria
ATAGC,4297,Citrobacter freundii ATCC 8090__k5,bacteria
CTAAT,1987,Citrobacter freundii ATCC 8090__k5,bacteria
AATAG,2919,Citrobacter freundii ATCC 8090__k5,bacteria
TAGAG,1398,Citrobacter freundii ATCC 8090__k5,bacteria
CCCTC,1657,Citrobacter freundii ATCC 8090__k5,bacteria
GAGAG,2313,Citrobacter freundii ATCC 8090__k5,bacteria
TTTAG,2749,Citrobacter freundii ATCC 8090__k5,bacteria
TTAGT,1800,Citrobacter freundii ATCC 8090__k5,bacteria
TAGTG,2111,Citrobacter freundii ATCC 8090__k5,bacteria
GGACC,1812,Citrobacter freundii ATCC 8090__k5,bacteria
CCTAA,1348,Citrobacter freundii ATCC 8090__k5,bacteria
GCTTG,3609,Citrobacter freundii ATCC 8090__k5,bacteria
GGAGG,1956,Citrobacter freundii ATCC 8090__k5,bacteria
TAGGA,788,Citrobacter freundii ATCC 8090__k5,bacteria
GGGGG,1673,Citrobacter freundii ATCC 8090__k5,bacteria
GGTTC,4107,Citrobacter freundii ATCC 8090__k5,bacteria
ACTTG,1587,Citrobacter freundii ATCC 8090__k5,bacteria
CTTGG,1586,Citrobacter freundii ATCC 8090__k5,bacteria
CCCCG,2976,Citrobacter freundii ATCC 8090__k5,bacteria
TAAGT,1945,Citrobacter freundii ATCC 8090__k5,bacteria
ACTCG,2111,Citrobacter freundii ATCC 8090__k5,bacteria
TTGGA,1782,Citrobacter freundii ATCC 8090__k5,bacteria
ATAGT,2478,Citrobacter freundii ATCC 8090__k5,bacteria
ATATA,2599,Citrobacter freundii ATCC 8090__k5,bacteria
GAGGC,2719,Citrobacter freundii ATCC 8090__k5,bacteria
ACCCC,2357,Citrobacter freundii ATCC 8090__k5,bacteria
TAGTC,1754,Citrobacter freundii ATCC 8090__k5,bacteria
CCCTA,1043,Citrobacter freundii ATCC 8090__k5,bacteria
TAGTA,1308,Citrobacter freundii ATCC 8090__k5,bacteria
TAGGG,1059,Citrobacter freundii ATCC 8090__k5,bacteria
TGTGT,2344,Citrobacter freundii ATCC 8090__k5,bacteria
ACTAG,342,Citrobacter freundii ATCC 8090__k5,bacteria
CTAGT,307,Citrobacter freundii ATCC 8090__k5,bacteria
GCTAG,528,Citrobacter freundii ATCC 8090__k5,bacteria
CTAGA,225,Citrobacter freundii ATCC 8090__k5,bacteria
CTAGG,194,Citrobacter freundii ATCC 8090__k5,bacteria
TCTAG,222,Citrobacter freundii ATCC 8090__k5,bacteria
AGCTT,3786,ecoli_CFT073_genome__k5,bacteria
GCTTT,8354,ecoli_CFT073_genome__k5,bacteria
CTTTT,7227,ecoli_CFT073_genome__k5,bacteria
TTTTC,10633,ecoli_CFT073_genome__k5,bacteria
TTTCA,9591,ecoli_CFT073_genome__k5,bacteria
TTCAT,7571,ecoli_CFT073_genome__k5,bacteria
TCATT,6370,ecoli_CFT073_genome__k5,bacteria
CATTC,5262,ecoli_CFT073_genome__k5,bacteria
ATTCT,4507,ecoli_CFT073_genome__k5,bacteria
TTCTG,8108,ecoli_CFT073_genome__k5,bacteria
TCTGA,5047,ecoli_CFT073_genome__k5,bacteria
CTGAC,7458,ecoli_CFT073_genome__k5,bacteria
TGACT,3599,ecoli_CFT073_genome__k5,bacteria
GACTG,4122,ecoli_CFT073_genome__k5,bacteria
ACTGC,6060,ecoli_CFT073_genome__k5,bacteria
CTGCA,7270,ecoli_CFT073_genome__k5,bacteria
TGCAA,5849,ecoli_CFT073_genome__k5,bacteria
GCAAC,7757,ecoli_CFT073_genome__k5,bacteria
CAACG,7115,ecoli_CFT073_genome__k5,bacteria
AACGG,6655,ecoli_CFT073_genome__k5,bacteria
ACGGG,3811,ecoli_CFT073_genome__k5,bacteria
CGGGC,6043,ecoli_CFT073_genome__k5,bacteria
GGGCA,5081,ecoli_CFT073_genome__k5,bacteria
GGCAA,9641,ecoli_CFT073_genome__k5,bacteria
GCAAT,8141,ecoli_CFT073_genome__k5,bacteria
CAATA,6511,ecoli_CFT073_genome__k5,bacteria
AATAT,7572,ecoli_CFT073_genome__k5,bacteria
ATATG,4431,ecoli_CFT073_genome__k5,bacteria
TATGT,2922,ecoli_CFT073_genome__k5,bacteria
ATGTC,4106,ecoli_CFT073_genome__k5,bacteria
TGTCT,2982,ecoli_CFT073_genome__k5,bacteria
GTCTC,1760,ecoli_CFT073_genome__k5,bacteria
TCTCT,3739,ecoli_CFT073_genome__k5,bacteria
CTCTG,4159,ecoli_CFT073_genome__k5,bacteria
TCTGT,4148,ecoli_CFT073_genome__k5,bacteria
CTGTG,3965,ecoli_CFT073_genome__k5,bacteria
TGTGT,2558,ecoli_CFT073_genome__k5,bacteria
GTGTG,3151,ecoli_CFT073_genome__k5,bacteria
TGTGG,4648,ecoli_CFT073_genome__k5,bacteria
GTGGA,4448,ecoli_CFT073_genome__k5,bacteria
TGGAT,5964,ecoli_CFT073_genome__k5,bacteria
GGATT,5200,ecoli_CFT073_genome__k5,bacteria
GATTA,5772,ecoli_CFT073_genome__k5,bacteria
ATTAA,7201,ecoli_CFT073_genome__k5,bacteria
TTAAA,6632,ecoli_CFT073_genome__k5,bacteria
TAAAA,7729,ecoli_CFT073_genome__k5,bacteria
AAAAA,13351,ecoli_CFT073_genome__k5,bacteria
AAAAG,7306,ecoli_CFT073_genome__k5,bacteria
AAAGA,6810,ecoli_CFT073_genome__k5,bacteria
AAGAG,4098,ecoli_CFT073_genome__k5,bacteria
AGAGT,2734,ecoli_CFT073_genome__k5,bacteria
GAGTG,2754,ecoli_CFT073_genome__k5,bacteria
AGTGT,2701,ecoli_CFT073_genome__k5,bacteria
GTGTC,2684,ecoli_CFT073_genome__k5,bacteria
GTCTG,5873,ecoli_CFT073_genome__k5,bacteria
CTGAT,9102,ecoli_CFT073_genome__k5,bacteria
TGATA,6403,ecoli_CFT073_genome__k5,bacteria
GATAG,3281,ecoli_CFT073_genome__k5,bacteria
ATAGC,4159,ecoli_CFT073_genome__k5,bacteria
TAGCA,2431,ecoli_CFT073_genome__k5,bacteria
AGCAG,8193,ecoli_CFT073_genome__k5,bacteria
GCAGC,10155,ecoli_CFT073_genome__k5,bacteria
CAGCT,6247,ecoli_CFT073_genome__k5,bacteria
GCTTC,6238,ecoli_CFT073_genome__k5,bacteria
CTTCT,4771,ecoli_CFT073_genome__k5,bacteria
CTGAA,9110,ecoli_CFT073_genome__k5,bacteria
TGAAC,6317,ecoli_CFT073_genome__k5,bacteria
GAACT,4630,ecoli_CFT073_genome__k5,bacteria
AACTG,8099,ecoli_CFT073_genome__k5,bacteria
ACTGG,8443,ecoli_CFT073_genome__k5,bacteria
CTGGT,9049,ecoli_CFT073_genome__k5,bacteria
TGGTT,7187,ecoli_CFT073_genome__k5,bacteria
GGTTA,5490,ecoli_CFT073_genome__k5,bacteria
GTTAC,4683,ecoli_CFT073_genome__k5,bacteria
TTACC,7082,ecoli_CFT073_genome__k5,bacteria
TACCT,3289,ecoli_CFT073_genome__k5,bacteria
ACCTG,6707,ecoli_CFT073_genome__k5,bacteria
CCTGC,8723,ecoli_CFT073_genome__k5,bacteria
CTGCC,8283,ecoli_CFT073_genome__k5,bacteria
TGCCG,11251,ecoli_CFT073_genome__k5,bacteria
GCCGT,6788,ecoli_CFT073_genome__k5,bacteria
CCGTG,4666,ecoli_CFT073_genome__k5,bacteria
CGTGA,5289,ecoli_CFT073_genome__k5,bacteria
GTGAG,3200,ecoli_CFT073_genome__k5,bacteria
TGAGT,3532,ecoli_CFT073_genome__k5,bacteria
GAGTA,2528,ecoli_CFT073_genome__k5,bacteria
AGTAA,4357,ecoli_CFT073_genome__k5,bacteria
GTAAA,6976,ecoli_CFT073_genome__k5,bacteria
TAAAT,5994,ecoli_CFT073_genome__k5,bacteria
AAATT,7205,ecoli_CFT073_genome__k5,bacteria
AATTA,5136,ecoli_CFT073_genome__k5,bacteria
AAAAT,10277,ecoli_CFT073_genome__k5,bacteria
AATTT,7274,ecoli_CFT073_genome__k5,bacteria
ATTTT,10383,ecoli_CFT073_genome__k5,bacteria
TTTTA,7788,ecoli_CFT073_genome__k5,bacteria
TTTAT,9062,ecoli_CFT073_genome__k5,bacteria
TTATT,8192,ecoli_CFT073_genome__k5,bacteria
TATTG,6474,ecoli_CFT073_genome__k5,bacteria
ATTGA,6309,ecoli_CFT073_genome__k5,bacteria
TTGAC,3694,ecoli_CFT073_genome__k5,bacteria
GACTT,3069,ecoli_CFT073_genome__k5,bacteria
ACTTA,2341,ecoli_CFT073_genome__k5,bacteria
CTTAG,1073,ecoli_CFT073_genome__k5,bacteria
TTAGG,1248,ecoli_CFT073_genome__k5,bacteria
TAGGT,1458,ecoli_CFT073_genome__k5,bacteria
AGGTC,3024,ecoli_CFT073_genome__k5,bacteria
GGTCA,5984,ecoli_CFT073_genome__k5,bacteria
GTCAC,4342,ecoli_CFT073_genome__k5,bacteria
TCACT,4583,ecoli_CFT073_genome__k5,bacteria
CACTA,2384,ecoli_CFT073_genome__k5,bacteria
ACTAA,2109,ecoli_CFT073_genome__k5,bacteria
CTAAA,2710,ecoli_CFT073_genome__k5,bacteria
AAATA,7230,ecoli_CFT073_genome__k5,bacteria
AATAC,5622,ecoli_CFT073_genome__k5,bacteria
ATACT,3108,ecoli_CFT073_genome__k5,bacteria
TACTT,2889,ecoli_CFT073_genome__k5,bacteria
ACTTT,5313,ecoli_CFT073_genome__k5,bacteria
CTTTA,6033,ecoli_CFT073_genome__k5,bacteria
TTTAA,6670,ecoli_CFT073_genome__k5,bacteria
TTAAC,6365,ecoli_CFT073_genome__k5,bacteria
TAACC,5475,ecoli_CFT073_genome__k5,bacteria
AACCA,7246,ecoli_CFT073_genome__k5,bacteria
ACCAA,5058,ecoli_CFT073_genome__k5,bacteria
CCAAT,4256,ecoli_CFT073_genome__k5,bacteria
ATATA,3356,ecoli_CFT073_genome__k5,bacteria
TATAG,1970,ecoli_CFT073_genome__k5,bacteria
ATAGG,1519,ecoli_CFT073_genome__k5,bacteria
TAGGC,1555,ecoli_CFT073_genome__k5,bacteria
AGGCA,4952,ecoli_CFT073_genome__k5,bacteria
GGCAT,7337,ecoli_CFT073_genome__k5,bacteria
GCATA,4533,ecoli_CFT073_genome__k5,bacteria
CATAG,2439,ecoli_CFT073_genome__k5,bacteria
TAGCG,4233,ecoli_CFT073_genome__k5,bacteria
AGCGC,8696,ecoli_CFT073_genome__k5,bacteria
GCGCA,10099,ecoli_CFT073_genome__k5,bacteria
CGCAC,5429,ecoli_CFT073_genome__k5,bacteria
GCACA,4584,ecoli_CFT073_genome__k5,bacteria
CACAG,4048,ecoli_CFT073_genome__k5,bacteria
ACAGA,4253,ecoli_CFT073_genome__k5,bacteria
CAGAC,6151,ecoli_CFT073_genome__k5,bacteria
AGACA,3071,ecoli_CFT073_genome__k5,bacteria
GACAG,4093,ecoli_CFT073_genome__k5,bacteria
CAGAT,7197,ecoli_CFT073_genome__k5,bacteria
AGATA,4746,ecoli_CFT073_genome__k5,bacteria
GATAA,8573,ecoli_CFT073_genome__k5,bacteria
ATAAA,9108,ecoli_CFT073_genome__k5,bacteria
ATTAC,5883,ecoli_CFT073_genome__k5,bacteria
TTACA,3619,ecoli_CFT073_genome__k5,bacteria
TACAG,4135,ecoli_CFT073_genome__k5,bacteria
CAGAG,4345,ecoli_CFT073_genome__k5,bacteria
AGTAC,3127,ecoli_CFT073_genome__k5,bacteria
GTACA,3188,ecoli_CFT073_genome__k5,bacteria
TACAC,2457,ecoli_CFT073_genome__k5,bacteria
ACACA,2733,ecoli_CFT073_genome__k5,bacteria
CACAA,4412,ecoli_CFT073_genome__k5,bacteria
ACAAC,5261,ecoli_CFT073_genome__k5,bacteria
CAACA,7330,ecoli_CFT073_genome__k5,bacteria
AACAT,5780,ecoli_CFT073_genome__k5,bacteria
ACATC,5626,ecoli_CFT073_genome__k5,bacteria
CATCC,6070,ecoli_CFT073_genome__k5,bacteria
ATCCA,6239,ecoli_CFT073_genome__k5,bacteria
TCCAT,4632,ecoli_CFT073_genome__k5,bacteria
CCATG,4413,ecoli_CFT073_genome__k5,bacteria
CATGA,4895,ecoli_CFT073_genome__k5,bacteria
ATGAA,7388,ecoli_CFT073_genome__k5,bacteria
TGAAA,9619,ecoli_CFT073_genome__k5,bacteria
GAAAC,6362,ecoli_CFT073_genome__k5,bacteria
AAACG,7701,ecoli_CFT073_genome__k5,bacteria
AACGC,9178,ecoli_CFT073_genome__k5,bacteria
ACGCA,6100,ecoli_CFT073_genome__k5,bacteria
CGCAT,6513,ecoli_CFT073_genome__k5,bacteria
GCATT,7393,ecoli_CFT073_genome__k5,bacteria
CATTA,6273,ecoli_CFT073_genome__k5,bacteria
ATTAG,2193,ecoli_CFT073_genome__k5,bacteria
TTAGC,3705,ecoli_CFT073_genome__k5,bacteria
AGCAC,5209,ecoli_CFT073_genome__k5,bacteria
GCACC,6437,ecoli_CFT073_genome__k5,bacteria
CACCA,9781,ecoli_CFT073_genome__k5,bacteria
ACCAC,6544,ecoli_CFT073_genome__k5,bacteria
CCACC,6576,ecoli_CFT073_genome__k5,bacteria
ACCAT,6313,ecoli_CFT073_genome__k5,bacteria
CCATT,6820,ecoli_CFT073_genome__k5,bacteria
TACCA,4729,ecoli_CFT073_genome__k5,bacteria
CCATC,7364,ecoli_CFT073_genome__k5,bacteria
CATCA,10647,ecoli_CFT073_genome__k5,bacteria
ATCAC,7026,ecoli_CFT073_genome__k5,bacteria
TCACC,8199,ecoli_CFT073_genome__k5,bacteria
CCACA,4650,ecoli_CFT073_genome__k5,bacteria
ACAGG,5112,ecoli_CFT073_genome__k5,bacteria
CAGGT,7083,ecoli_CFT073_genome__k5,bacteria
AGGTA,3540,ecoli_CFT073_genome__k5,bacteria
GGTAA,7235,ecoli_CFT073_genome__k5,bacteria
GTAAC,4715,ecoli_CFT073_genome__k5,bacteria
TAACG,6545,ecoli_CFT073_genome__k5,bacteria
ACGGT,6099,ecoli_CFT073_genome__k5,bacteria
CGGTG,8244,ecoli_CFT073_genome__k5,bacteria
GGTGC,6331,ecoli_CFT073_genome__k5,bacteria
GTGCG,5340,ecoli_CFT073_genome__k5,bacteria
TGCGG,7269,ecoli_CFT073_genome__k5,bacteria
GCGGG,5980,ecoli_CFT073_genome__k5,bacteria
GGGCT,3631,ecoli_CFT073_genome__k5,bacteria
GGCTG,8448,ecoli_CFT073_genome__k5,bacteria
GCTGA,10043,ecoli_CFT073_genome__k5,bacteria
TGACG,7048,ecoli_CFT073_genome__k5,bacteria
GACGC,6475,ecoli_CFT073_genome__k5,bacteria
ACGCG,6494,ecoli_CFT073_genome__k5,bacteria
CGCGT,6475,ecoli_CFT073_genome__k5,bacteria
GCGTA,5870,ecoli_CFT073_genome__k5,bacteria
CGTAC,3721,ecoli_CFT073_genome__k5,bacteria
CAGGA,6804,ecoli_CFT073_genome__k5,bacteria
AGGAA,4879,ecoli_CFT073_genome__k5,bacteria
GGAAA,7495,ecoli_CFT073_genome__k5,bacteria
AAACA,7370,ecoli_CFT073_genome__k5,bacteria
AACAC,4650,ecoli_CFT073_genome__k5,bacteria
CAGAA,8149,ecoli_CFT073_genome__k5,bacteria
AGAAA,7582,ecoli_CFT073_genome__k5,bacteria
GAAAA,10660,ecoli_CFT073_genome__k5,bacteria
AAAGC,8312,ecoli_CFT073_genome__k5,bacteria
AAGCC,5883,ecoli_CFT073_genome__k5,bacteria
AGCCC,3833,ecoli_CFT073_genome__k5,bacteria
GCCCG,6082,ecoli_CFT073_genome__k5,bacteria
CCCGC,6016,ecoli_CFT073_genome__k5,bacteria
CCGCA,7402,ecoli_CFT073_genome__k5,bacteria
CACCT,4295,ecoli_CFT073_genome__k5,bacteria
CCTGA,7850,ecoli_CFT073_genome__k5,bacteria
TGACA,4337,ecoli_CFT073_genome__k5,bacteria
ACAGT,3808,ecoli_CFT073_genome__k5,bacteria
CAGTG,6151,ecoli_CFT073_genome__k5,bacteria
AGTGC,4371,ecoli_CFT073_genome__k5,bacteria
GGCTT,5763,ecoli_CFT073_genome__k5,bacteria
TTTTT,13485,ecoli_CFT073_genome__k5,bacteria
TTTTG,8889,ecoli_CFT073_genome__k5,bacteria
TTTGT,6334,ecoli_CFT073_genome__k5,bacteria
TTGTG,4267,ecoli_CFT073_genome__k5,bacteria
TGTGC,4495,ecoli_CFT073_genome__k5,bacteria
GTGCA,4569,ecoli_CFT073_genome__k5,bacteria
TGCAC,4306,ecoli_CFT073_genome__k5,bacteria
AAAAC,9675,ecoli_CFT073_genome__k5,bacteria
AAACC,7605,ecoli_CFT073_genome__k5,bacteria
AACCC,4028,ecoli_CFT073_genome__k5,bacteria
ACCCC,2166,ecoli_CFT073_genome__k5,bacteria
CCCCC,2010,ecoli_CFT073_genome__k5,bacteria
CCCCA,3464,ecoli_CFT073_genome__k5,bacteria
CCCAG,5653,ecoli_CFT073_genome__k5,bacteria
CCAGC,14546,ecoli_CFT073_genome__k5,bacteria
AGCTA,2090,ecoli_CFT073_genome__k5,bacteria
GCTAG,408,ecoli_CFT073_genome__k5,bacteria
CTAGG,197,ecoli_CFT073_genome__k5,bacteria
AGGCT,3682,ecoli_CFT073_genome__k5,bacteria
GCTGG,14062,ecoli_CFT073_genome__k5,bacteria
CTGGG,5378,ecoli_CFT073_genome__k5,bacteria
TGGGG,3307,ecoli_CFT073_genome__k5,bacteria
GGGGG,1927,ecoli_CFT073_genome__k5,bacteria
GGGGT,2181,ecoli_CFT073_genome__k5,bacteria
GGGTT,3984,ecoli_CFT073_genome__k5,bacteria
GGTTC,4017,ecoli_CFT073_genome__k5,bacteria
GTTCC,4712,ecoli_CFT073_genome__k5,bacteria
TTCCG,6703,ecoli_CFT073_genome__k5,bacteria
TCCGG,7629,ecoli_CFT073_genome__k5,bacteria
CCGGA,7634,ecoli_CFT073_genome__k5,bacteria
CGGAA,6902,ecoli_CFT073_genome__k5,bacteria
GAAAG,6822,ecoli_CFT073_genome__k5,bacteria
AAGCT,3782,ecoli_CFT073_genome__k5,bacteria
CTTTC,6692,ecoli_CFT073_genome__k5,bacteria
TTCAG,9164,ecoli_CFT073_genome__k5,bacteria
TCAGC,10189,ecoli_CFT073_genome__k5,bacteria
CTTTG,5997,ecoli_CFT073_genome__k5,bacteria
TTTGA,5903,ecoli_CFT073_genome__k5,bacteria
TTGAG,3903,ecoli_CFT073_genome__k5,bacteria
TGAGC,4708,ecoli_CFT073_genome__k5,bacteria
GAGCC,2562,ecoli_CFT073_genome__k5,bacteria
AGCCA,6986,ecoli_CFT073_genome__k5,bacteria
GCCAG,14391,ecoli_CFT073_genome__k5,bacteria
CCAGT,8350,ecoli_CFT073_genome__k5,bacteria
CAGTT,8231,ecoli_CFT073_genome__k5,bacteria
AGTTA,3436,ecoli_CFT073_genome__k5,bacteria
GTTAT,6301,ecoli_CFT073_genome__k5,bacteria
TATTA,4815,ecoli_CFT073_genome__k5,bacteria
CCCCT,2218,ecoli_CFT073_genome__k5,bacteria
CCCTT,2870,ecoli_CFT073_genome__k5,bacteria
CCTTT,5341,ecoli_CFT073_genome__k5,bacteria
TTGAT,8086,ecoli_CFT073_genome__k5,bacteria
TGATT,8096,ecoli_CFT073_genome__k5,bacteria
GATTT,7852,ecoli_CFT073_genome__k5,bacteria
ATTTG,5621,ecoli_CFT073_genome__k5,bacteria
TTGTT,7025,ecoli_CFT073_genome__k5,bacteria
TGTTA,4380,ecoli_CFT073_genome__k5,bacteria
GTTAA,6430,ecoli_CFT073_genome__k5,bacteria
ACACC,4937,ecoli_CFT073_genome__k5,bacteria
ACCTT,4557,ecoli_CFT073_genome__k5,bacteria
CCTTG,2613,ecoli_CFT073_genome__k5,bacteria
CTTGC,4269,ecoli_CFT073_genome__k5,bacteria
TTGCG,7181,ecoli_CFT073_genome__k5,bacteria
GCGGT,8232,ecoli_CFT073_genome__k5,bacteria
CGGTC,4596,ecoli_CFT073_genome__k5,bacteria
GGTCT,2782,ecoli_CFT073_genome__k5,bacteria
TCTGG,8506,ecoli_CFT073_genome__k5,bacteria
CTGGC,14332,ecoli_CFT073_genome__k5,bacteria
TGGCA,9525,ecoli_CFT073_genome__k5,bacteria
CAACT,4449,ecoli_CFT073_genome__k5,bacteria
GCAAG,4208,ecoli_CFT073_genome__k5,bacteria
CAAGT,1969,ecoli_CFT073_genome__k5,bacteria
AAGTG,4567,ecoli_CFT073_genome__k5,bacteria
TGTCA,4476,ecoli_CFT073_genome__k5,bacteria
GTCAA,3731,ecoli_CFT073_genome__k5,bacteria
TCAAA,5812,ecoli_CFT073_genome__k5,bacteria
CAAAC,6507,ecoli_CFT073_genome__k5,bacteria
AACAA,7031,ecoli_CFT073_genome__k5,bacteria
ACAAG,2519,ecoli_CFT073_genome__k5,bacteria
CAAGA,2669,ecoli_CFT073_genome__k5,bacteria
AAGAA,6354,ecoli_CFT073_genome__k5,bacteria
GAAAT,7565,ecoli_CFT073_genome__k5,bacteria
AAATC,8064,ecoli_CFT073_genome__k5,bacteria
AATCA,8339,ecoli_CFT073_genome__k5,bacteria
ATCAA,8051,ecoli_CFT073_genome__k5,bacteria
CAAAA,8867,ecoli_CFT073_genome__k5,bacteria
AAAGG,5292,ecoli_CFT073_genome__k5,bacteria
AAGGG,2940,ecoli_CFT073_genome__k5,bacteria
AGGGG,2223,ecoli_CFT073_genome__k5,bacteria
GGGTC,2020,ecoli_CFT073_genome__k5,bacteria
GGTCC,1671,ecoli_CFT073_genome__k5,bacteria
GTCCC,1667,ecoli_CFT073_genome__k5,bacteria
TCCCA,3001,ecoli_CFT073_genome__k5,bacteria
CCCAA,2481,ecoli_CFT073_genome__k5,bacteria
CAATG,6388,ecoli_CFT073_genome__k5,bacteria
AATGG,6537,ecoli_CFT073_genome__k5,bacteria
ATGGG,3645,ecoli_CFT073_genome__k5,bacteria
GGGGA,3124,ecoli_CFT073_genome__k5,bacteria
GGGAA,4745,ecoli_CFT073_genome__k5,bacteria
GGAAC,4711,ecoli_CFT073_genome__k5,bacteria
GAACG,5511,ecoli_CFT073_genome__k5,bacteria
AACGA,4999,ecoli_CFT073_genome__k5,bacteria
ACGAA,4387,ecoli_CFT073_genome__k5,bacteria
CGAAA,6712,ecoli_CFT073_genome__k5,bacteria
AGAGC,3485,ecoli_CFT073_genome__k5,bacteria
GAGCT,2847,ecoli_CFT073_genome__k5,bacteria
GCTTA,3745,ecoli_CFT073_genome__k5,bacteria
CACAC,3116,ecoli_CFT073_genome__k5,bacteria
CACCC,3708,ecoli_CFT073_genome__k5,bacteria
ACCCG,4977,ecoli_CFT073_genome__k5,bacteria
CCCGA,3016,ecoli_CFT073_genome__k5,bacteria
CCGAT,5657,ecoli_CFT073_genome__k5,bacteria
CGATG,7815,ecoli_CFT073_genome__k5,bacteria
GATGG,6991,ecoli_CFT073_genome__k5,bacteria
ATGGA,4311,ecoli_CFT073_genome__k5,bacteria
TGGAA,6774,ecoli_CFT073_genome__k5,bacteria
ACTGT,3830,ecoli_CFT073_genome__k5,bacteria
CTGTA,4082,ecoli_CFT073_genome__k5,bacteria
TGTAA,3641,ecoli_CFT073_genome__k5,bacteria
ATATC,7075,ecoli_CFT073_genome__k5,bacteria
TATCA,6268,ecoli_CFT073_genome__k5,bacteria
TCACA,3451,ecoli_CFT073_genome__k5,bacteria
CACAT,3842,ecoli_CFT073_genome__k5,bacteria
ACATA,3097,ecoli_CFT073_genome__k5,bacteria
ATAGT,2677,ecoli_CFT073_genome__k5,bacteria
TAGTA,1464,ecoli_CFT073_genome__k5,bacteria
AGTAT,3010,ecoli_CFT073_genome__k5,bacteria
GTATT,5545,ecoli_CFT073_genome__k5,bacteria
TATTT,7231,ecoli_CFT073_genome__k5,bacteria
TTTGC,9956,ecoli_CFT073_genome__k5,bacteria
TGCGC,10001,ecoli_CFT073_genome__k5,bacteria
GCGCC,9444,ecoli_CFT073_genome__k5,bacteria
CGCCA,14360,ecoli_CFT073_genome__k5,bacteria
GCCAA,6063,ecoli_CFT073_genome__k5,bacteria
CCAAA,4589,ecoli_CFT073_genome__k5,bacteria
ATACC,5433,ecoli_CFT073_genome__k5,bacteria
TACCG,7490,ecoli_CFT073_genome__k5,bacteria
ACCGA,5482,ecoli_CFT073_genome__k5,bacteria
CCGAA,4600,ecoli_CFT073_genome__k5,bacteria
CGAAG,5329,ecoli_CFT073_genome__k5,bacteria
GAAGA,7226,ecoli_CFT073_genome__k5,bacteria
AAGAC,3202,ecoli_CFT073_genome__k5,bacteria
AGGTG,4382,ecoli_CFT073_genome__k5,bacteria
GGTGT,4898,ecoli_CFT073_genome__k5,bacteria
GTGTT,4537,ecoli_CFT073_genome__k5,bacteria
TGTTC,6262,ecoli_CFT073_genome__k5,bacteria
GTTCT,4565,ecoli_CFT073_genome__k5,bacteria
TTCTA,1935,ecoli_CFT073_genome__k5,bacteria
TCTAC,2367,ecoli_CFT073_genome__k5,bacteria
CTACA,2340,ecoli_CFT073_genome__k5,bacteria
AGAGA,3805,ecoli_CFT073_genome__k5,bacteria
GAGAG,2534,ecoli_CFT073_genome__k5,bacteria
GAGAA,4824,ecoli_CFT073_genome__k5,bacteria
AGAAG,4737,ecoli_CFT073_genome__k5,bacteria
GAAGC,6380,ecoli_CFT073_genome__k5,bacteria
AAGCG,7073,ecoli_CFT073_genome__k5,bacteria
AGCGT,6964,ecoli_CFT073_genome__k5,bacteria
CGTAG,2836,ecoli_CFT073_genome__k5,bacteria
GTAGA,2511,ecoli_CFT073_genome__k5,bacteria
TAGAG,1530,ecoli_CFT073_genome__k5,bacteria
GAGCA,4945,ecoli_CFT073_genome__k5,bacteria
AGCAA,7458,ecoli_CFT073_genome__k5,bacteria
AATAG,3088,ecoli_CFT073_genome__k5,bacteria
GCTGT,6922,ecoli_CFT073_genome__k5,bacteria
TGTAT,3334,ecoli_CFT073_genome__k5,bacteria
TGAGA,3021,ecoli_CFT073_genome__k5,bacteria
AGCTG,6065,ecoli_CFT073_genome__k5,bacteria
TGTGA,3433,ecoli_CFT073_genome__k5,bacteria
AGTGG,4199,ecoli_CFT073_genome__k5,bacteria
AAAGT,5520,ecoli_CFT073_genome__k5,bacteria
GTGTA,2511,ecoli_CFT073_genome__k5,bacteria
TGTAC,3107,ecoli_CFT073_genome__k5,bacteria
GTACG,3622,ecoli_CFT073_genome__k5,bacteria
TACGG,4025,ecoli_CFT073_genome__k5,bacteria
ACGGA,3705,ecoli_CFT073_genome__k5,bacteria
CGGAT,6049,ecoli_CFT073_genome__k5,bacteria
GATTC,4040,ecoli_CFT073_genome__k5,bacteria
CTGGA,8839,ecoli_CFT073_genome__k5,bacteria
GGAAG,6258,ecoli_CFT073_genome__k5,bacteria
TGAAT,6413,ecoli_CFT073_genome__k5,bacteria
GAATG,5192,ecoli_CFT073_genome__k5,bacteria
AATGC,7429,ecoli_CFT073_genome__k5,bacteria
ATGCT,5497,ecoli_CFT073_genome__k5,bacteria
TGCTG,13084,ecoli_CFT073_genome__k5,bacteria
TGCAG,7505,ecoli_CFT073_genome__k5,bacteria
GCAGA,7749,ecoli_CFT073_genome__k5,bacteria
AGATC,4408,ecoli_CFT073_genome__k5,bacteria
GATCA,6145,ecoli_CFT073_genome__k5,bacteria
ATCAT,7193,ecoli_CFT073_genome__k5,bacteria
TCATA,3850,ecoli_CFT073_genome__k5,bacteria
CATAT,4498,ecoli_CFT073_genome__k5,bacteria
TATCC,5192,ecoli_CFT073_genome__k5,bacteria
CCATA,4244,ecoli_CFT073_genome__k5,bacteria
TATGC,4542,ecoli_CFT073_genome__k5,bacteria
TGCTT,5246,ecoli_CFT073_genome__k5,bacteria
GCTTG,3548,ecoli_CFT073_genome__k5,bacteria
CTTGT,2571,ecoli_CFT073_genome__k5,bacteria
TGGAG,3536,ecoli_CFT073_genome__k5,bacteria
GGAGA,3681,ecoli_CFT073_genome__k5,bacteria
GAGAT,4315,ecoli_CFT073_genome__k5,bacteria
GATCC,4579,ecoli_CFT073_genome__k5,bacteria
ATCCC,4584,ecoli_CFT073_genome__k5,bacteria
TCCCG,4251,ecoli_CFT073_genome__k5,bacteria
CCGCC,9557,ecoli_CFT073_genome__k5,bacteria
CGCCC,6197,ecoli_CFT073_genome__k5,bacteria
GCCCA,4841,ecoli_CFT073_genome__k5,bacteria
AAATG,6827,ecoli_CFT073_genome__k5,bacteria
AATGA,6167,ecoli_CFT073_genome__k5,bacteria
ATGAG,3587,ecoli_CFT073_genome__k5,bacteria
GAGCG,4369,ecoli_CFT073_genome__k5,bacteria
CGTAT,3859,ecoli_CFT073_genome__k5,bacteria
GTATC,4363,ecoli_CFT073_genome__k5,bacteria
ATCAG,9129,ecoli_CFT073_genome__k5,bacteria
TCAGG,7721,ecoli_CFT073_genome__k5,bacteria
CAGGC,9434,ecoli_CFT073_genome__k5,bacteria
TTATG,5203,ecoli_CFT073_genome__k5,bacteria
TATGG,4189,ecoli_CFT073_genome__k5,bacteria
TGGGA,3005,ecoli_CFT073_genome__k5,bacteria
GGGAT,4489,ecoli_CFT073_genome__k5,bacteria
GGATA,5149,ecoli_CFT073_genome__k5,bacteria
GATAT,7067,ecoli_CFT073_genome__k5,bacteria
TATCT,4657,ecoli_CFT073_genome__k5,bacteria
ATCTG,7058,ecoli_CFT073_genome__k5,bacteria
AGGGA,2540,ecoli_CFT073_genome__k5,bacteria
AAGCA,5286,ecoli_CFT073_genome__k5,bacteria
GCAGT,6255,ecoli_CFT073_genome__k5,bacteria
CAGTC,4188,ecoli_CFT073_genome__k5,bacteria
AGTCT,2143,ecoli_CFT073_genome__k5,bacteria
TGATG,10495,ecoli_CFT073_genome__k5,bacteria
GATGC,7961,ecoli_CFT073_genome__k5,bacteria
ATGCC,7475,ecoli_CFT073_genome__k5,bacteria
TGCCT,4771,ecoli_CFT073_genome__k5,bacteria
GCCTT,4953,ecoli_CFT073_genome__k5,bacteria
CCTTA,2414,ecoli_CFT073_genome__k5,bacteria
CTTAC,2909,ecoli_CFT073_genome__k5,bacteria
TTACG,5364,ecoli_CFT073_genome__k5,bacteria
TACGA,2640,ecoli_CFT073_genome__k5,bacteria
ACGAG,2099,ecoli_CFT073_genome__k5,bacteria
CGAGC,3466,ecoli_CFT073_genome__k5,bacteria
AGTTT,5529,ecoli_CFT073_genome__k5,bacteria
GTTTG,6366,ecoli_CFT073_genome__k5,bacteria
TTTGG,4680,ecoli_CFT073_genome__k5,bacteria
TTGGT,5077,ecoli_CFT073_genome__k5,bacteria
TGGTG,9560,ecoli_CFT073_genome__k5,bacteria
GGTGA,8228,ecoli_CFT073_genome__k5,bacteria
GTGAT,6913,ecoli_CFT073_genome__k5,bacteria
TTGAA,5894,ecoli_CFT073_genome__k5,bacteria
AATTC,4644,ecoli_CFT073_genome__k5,bacteria
ATTCA,6382,ecoli_CFT073_genome__k5,bacteria
TTCAA,5903,ecoli_CFT073_genome__k5,bacteria
CAAAT,5492,ecoli_CFT073_genome__k5,bacteria
ATACA,3310,ecoli_CFT073_genome__k5,bacteria
GAACA,6087,ecoli_CFT073_genome__k5,bacteria
AACAG,7816,ecoli_CFT073_genome__k5,bacteria
CAGGG,5051,ecoli_CFT073_genome__k5,bacteria
GGGAG,2337,ecoli_CFT073_genome__k5,bacteria
GGAGT,2596,ecoli_CFT073_genome__k5,bacteria
GAGTT,3697,ecoli_CFT073_genome__k5,bacteria
AGTTC,4726,ecoli_CFT073_genome__k5,bacteria
AGAGG,2484,ecoli_CFT073_genome__k5,bacteria
GAGGG,1690,ecoli_CFT073_genome__k5,bacteria
AGGGT,2571,ecoli_CFT073_genome__k5,bacteria
GGGTA,3873,ecoli_CFT073_genome__k5,bacteria
GGTAT,5366,ecoli_CFT073_genome__k5,bacteria
TACGT,2991,ecoli_CFT073_genome__k5,bacteria
ACGTC,3915,ecoli_CFT073_genome__k5,bacteria
CGTCG,5742,ecoli_CFT073_genome__k5,bacteria
GTCGA,4266,ecoli_CFT073_genome__k5,bacteria
TCGAT,5795,ecoli_CFT073_genome__k5,bacteria
CGATA,7053,ecoli_CFT073_genome__k5,bacteria
GATAC,4430,ecoli_CFT073_genome__k5,bacteria
ATACG,3855,ecoli_CFT073_genome__k5,bacteria
GGTGG,6496,ecoli_CFT073_genome__k5,bacteria
GTGGG,3500,ecoli_CFT073_genome__k5,bacteria
TGGGT,3901,ecoli_CFT073_genome__k5,bacteria
GTAAG,3032,ecoli_CFT073_genome__k5,bacteria
TAAGA,2287,ecoli_CFT073_genome__k5,bacteria
AGAAC,4529,ecoli_CFT073_genome__k5,bacteria
ACACG,2691,ecoli_CFT073_genome__k5,bacteria
CACGG,4705,ecoli_CFT073_genome__k5,bacteria
ACGGC,6784,ecoli_CFT073_genome__k5,bacteria
CGGCG,10867,ecoli_CFT073_genome__k5,bacteria
GGCGA,9884,ecoli_CFT073_genome__k5,bacteria
GCGAA,7860,ecoli_CFT073_genome__k5,bacteria
AAGAT,5339,ecoli_CFT073_genome__k5,bacteria
AGGAT,4101,ecoli_CFT073_genome__k5,bacteria
TACAT,2877,ecoli_CFT073_genome__k5,bacteria
CATAA,5326,ecoli_CFT073_genome__k5,bacteria
TAAAG,5988,ecoli_CFT073_genome__k5,bacteria
ACCAG,9272,ecoli_CFT073_genome__k5,bacteria
CTTGA,2704,ecoli_CFT073_genome__k5,bacteria
TGAAG,7016,ecoli_CFT073_genome__k5,bacteria
GAGGA,2701,ecoli_CFT073_genome__k5,bacteria
TTATC,8503,ecoli_CFT073_genome__k5,bacteria
TATCG,6965,ecoli_CFT073_genome__k5,bacteria
ATCGA,5774,ecoli_CFT073_genome__k5,bacteria
CGATT,5526,ecoli_CFT073_genome__k5,bacteria
ATTCC,4704,ecoli_CFT073_genome__k5,bacteria
TTCCC,4571,ecoli_CFT073_genome__k5,bacteria
TCCCT,2639,ecoli_CFT073_genome__k5,bacteria
CCCTA,943,ecoli_CFT073_genome__k5,bacteria
CCTAT,1489,ecoli_CFT073_genome__k5,bacteria
CTATC,3139,ecoli_CFT073_genome__k5,bacteria
ATCCG,6219,ecoli_CFT073_genome__k5,bacteria
CCGGG,5606,ecoli_CFT073_genome__k5,bacteria
GGCAG,8584,ecoli_CFT073_genome__k5,bacteria
CAGCC,8480,ecoli_CFT073_genome__k5,bacteria
CCCGT,3839,ecoli_CFT073_genome__k5,bacteria
CCGTT,6607,ecoli_CFT073_genome__k5,bacteria
CGTTT,7847,ecoli_CFT073_genome__k5,bacteria
GTTTA,5582,ecoli_CFT073_genome__k5,bacteria
TTTAC,6924,ecoli_CFT073_genome__k5,bacteria
GGGCC,2405,ecoli_CFT073_genome__k5,bacteria
GGCCG,3586,ecoli_CFT073_genome__k5,bacteria
CCGTA,4168,ecoli_CFT073_genome__k5,bacteria
CGTAA,5484,ecoli_CFT073_genome__k5,bacteria
TAAGT,2413,ecoli_CFT073_genome__k5,bacteria
AAGTA,2878,ecoli_CFT073_genome__k5,bacteria
GAAGT,4824,ecoli_CFT073_genome__k5,bacteria
AAGTT,4211,ecoli_CFT073_genome__k5,bacteria
AGTTG,4588,ecoli_CFT073_genome__k5,bacteria
GTTGG,4848,ecoli_CFT073_genome__k5,bacteria
TTGGA,1539,ecoli_CFT073_genome__k5,bacteria
GGATG,5850,ecoli_CFT073_genome__k5,bacteria
ATGCA,5284,ecoli_CFT073_genome__k5,bacteria
GCAAA,9930,ecoli_CFT073_genome__k5,bacteria
AATGT,4569,ecoli_CFT073_genome__k5,bacteria
GTCAG,7373,ecoli_CFT073_genome__k5,bacteria
TCAGA,5143,ecoli_CFT073_genome__k5,bacteria
GATCG,5883,ecoli_CFT073_genome__k5,bacteria
ATCGT,5488,ecoli_CFT073_genome__k5,bacteria
TCGTG,3611,ecoli_CFT073_genome__k5,bacteria
CGTGT,2726,ecoli_CFT073_genome__k5,bacteria
CGCCT,6435,ecoli_CFT073_genome__k5,bacteria
GCCTG,9479,ecoli_CFT073_genome__k5,bacteria
CCTGT,4878,ecoli_CFT073_genome__k5,bacteria
CTGTT,7682,ecoli_CFT073_genome__k5,bacteria
GTTAG,2317,ecoli_CFT073_genome__k5,bacteria
TAGGG,944,ecoli_CFT073_genome__k5,bacteria
AGGGC,3291,ecoli_CFT073_genome__k5,bacteria
GGGCG,6190,ecoli_CFT073_genome__k5,bacteria
GGCGC,9183,ecoli_CFT073_genome__k5,bacteria
GCGCG,9653,ecoli_CFT073_genome__k5,bacteria
CGCGG,6581,ecoli_CFT073_genome__k5,bacteria
GCGGC,10301,ecoli_CFT073_genome__k5,bacteria
CGGCT,5533,ecoli_CFT073_genome__k5,bacteria
TGGTA,4757,ecoli_CFT073_genome__k5,bacteria
AGCCT,3756,ecoli_CFT073_genome__k5,bacteria
CTTAT,3416,ecoli_CFT073_genome__k5,bacteria
TTATA,3598,ecoli_CFT073_genome__k5,bacteria
AGGCG,6342,ecoli_CFT073_genome__k5,bacteria
CATTT,7038,ecoli_CFT073_genome__k5,bacteria
AACCT,4463,ecoli_CFT073_genome__k5,bacteria
ACCTC,2373,ecoli_CFT073_genome__k5,bacteria
CCTCC,1984,ecoli_CFT073_genome__k5,bacteria
CTCCG,3108,ecoli_CFT073_genome__k5,bacteria
CCGGC,7498,ecoli_CFT073_genome__k5,bacteria
GGCTA,3093,ecoli_CFT073_genome__k5,bacteria
GCTAT,4135,ecoli_CFT073_genome__k5,bacteria
CTATG,2360,ecoli_CFT073_genome__k5,bacteria
GCCGG,7561,ecoli_CFT073_genome__k5,bacteria
CGGAG,3233,ecoli_CFT073_genome__k5,bacteria
GGAGG,2120,ecoli_CFT073_genome__k5,bacteria
ATATT,7619,ecoli_CFT073_genome__k5,bacteria
ATTTA,5924,ecoli_CFT073_genome__k5,bacteria
ATTTC,7467,ecoli_CFT073_genome__k5,bacteria
TTTCG,6762,ecoli_CFT073_genome__k5,bacteria
TTCGA,3971,ecoli_CFT073_genome__k5,bacteria
TCGAC,4343,ecoli_CFT073_genome__k5,bacteria
CGACC,4542,ecoli_CFT073_genome__k5,bacteria
GACCA,5432,ecoli_CFT073_genome__k5,bacteria
CAAAG,5816,ecoli_CFT073_genome__k5,bacteria
AAGGT,4465,ecoli_CFT073_genome__k5,bacteria
CGAGG,2511,ecoli_CFT073_genome__k5,bacteria
GAGGT,2418,ecoli_CFT073_genome__k5,bacteria
TAACA,4490,ecoli_CFT073_genome__k5,bacteria
CAACC,5830,ecoli_CFT073_genome__k5,bacteria
CATGC,4755,ecoli_CFT073_genome__k5,bacteria
ATGCG,6432,ecoli_CFT073_genome__k5,bacteria
TGCGA,4382,ecoli_CFT073_genome__k5,bacteria
GCGAG,3983,ecoli_CFT073_genome__k5,bacteria
CGAGT,2191,ecoli_CFT073_genome__k5,bacteria
TGTTG,7190,ecoli_CFT073_genome__k5,bacteria
GTTGA,6660,ecoli_CFT073_genome__k5,bacteria
GTTCG,4760,ecoli_CFT073_genome__k5,bacteria
TTCGG,4715,ecoli_CFT073_genome__k5,bacteria
TCGGC,6608,ecoli_CFT073_genome__k5,bacteria
GGCGG,9559,ecoli_CFT073_genome__k5,bacteria
CGGTA,7354,ecoli_CFT073_genome__k5,bacteria
GGTAC,3732,ecoli_CFT073_genome__k5,bacteria
TCAGT,5702,ecoli_CFT073_genome__k5,bacteria
GTGGC,6381,ecoli_CFT073_genome__k5,bacteria
AACGT,6041,ecoli_CFT073_genome__k5,bacteria
ACGTT,5954,ecoli_CFT073_genome__k5,bacteria
GTTTT,9700,ecoli_CFT073_genome__k5,bacteria
TTTCT,7410,ecoli_CFT073_genome__k5,bacteria
TCTGC,7497,ecoli_CFT073_genome__k5,bacteria
CTGCG,8614,ecoli_CFT073_genome__k5,bacteria
CGGGT,4991,ecoli_CFT073_genome__k5,bacteria
GGTTG,5633,ecoli_CFT073_genome__k5,bacteria
GTTGC,7623,ecoli_CFT073_genome__k5,bacteria
TTGCC,9723,ecoli_CFT073_genome__k5,bacteria
GCCGA,6585,ecoli_CFT073_genome__k5,bacteria
TATTC,5932,ecoli_CFT073_genome__k5,bacteria
TGCCA,9621,ecoli_CFT073_genome__k5,bacteria
CCAGG,6657,ecoli_CFT073_genome__k5,bacteria
GCAGG,8885,ecoli_CFT073_genome__k5,bacteria
GGGGC,3241,ecoli_CFT073_genome__k5,bacteria
TGGCC,4290,ecoli_CFT073_genome__k5,bacteria
GGCCA,4311,ecoli_CFT073_genome__k5,bacteria
GCCAC,6628,ecoli_CFT073_genome__k5,bacteria
CACCG,8366,ecoli_CFT073_genome__k5,bacteria
ACCGT,6258,ecoli_CFT073_genome__k5,bacteria
CCGTC,5011,ecoli_CFT073_genome__k5,bacteria
CGTCC,3266,ecoli_CFT073_genome__k5,bacteria
GTCCT,1755,ecoli_CFT073_genome__k5,bacteria
TCCTC,2660,ecoli_CFT073_genome__k5,bacteria
CCTCT,2421,ecoli_CFT073_genome__k5,bacteria
CTCTC,2430,ecoli_CFT073_genome__k5,bacteria
TGCCC,5101,ecoli_CFT073_genome__k5,bacteria
GCCCC,3306,ecoli_CFT073_genome__k5,bacteria
CCCCG,2946,ecoli_CFT073_genome__k5,bacteria
CCAAC,4883,ecoli_CFT073_genome__k5,bacteria
CATCT,5118,ecoli_CFT073_genome__k5,bacteria
GGTAG,3191,ecoli_CFT073_genome__k5,bacteria
GTAGC,3604,ecoli_CFT073_genome__k5,bacteria
AGCGA,6256,ecoli_CFT073_genome__k5,bacteria
GCGAT,9404,ecoli_CFT073_genome__k5,bacteria
GATGA,8587,ecoli_CFT073_genome__k5,bacteria
ATGAT,6955,ecoli_CFT073_genome__k5,bacteria
GATTG,5613,ecoli_CFT073_genome__k5,bacteria
AGCGG,7140,ecoli_CFT073_genome__k5,bacteria
CGGCC,3534,ecoli_CFT073_genome__k5,bacteria
TACCC,3789,ecoli_CFT073_genome__k5,bacteria
ACCCA,3870,ecoli_CFT073_genome__k5,bacteria
CAGCG,13381,ecoli_CFT073_genome__k5,bacteria
CGAAC,4582,ecoli_CFT073_genome__k5,bacteria
ACGTA,3054,ecoli_CFT073_genome__k5,bacteria
AACTT,4110,ecoli_CFT073_genome__k5,bacteria
ACTTC,4926,ecoli_CFT073_genome__k5,bacteria
GACGG,5015,ecoli_CFT073_genome__k5,bacteria
CGGGA,4498,ecoli_CFT073_genome__k5,bacteria
GGGAC,1597,ecoli_CFT073_genome__k5,bacteria
GGACT,2017,ecoli_CFT073_genome__k5,bacteria
GACTC,2006,ecoli_CFT073_genome__k5,bacteria
ACTCG,2229,ecoli_CFT073_genome__k5,bacteria
CTCGC,4003,ecoli_CFT073_genome__k5,bacteria
TCGCC,10057,ecoli_CFT073_genome__k5,bacteria
CGCCG,10867,ecoli_CFT073_genome__k5,bacteria
GCCGC,10314,ecoli_CFT073_genome__k5,bacteria
AGCCG,5550,ecoli_CFT073_genome__k5,bacteria
TTTCC,7410,ecoli_CFT073_genome__k5,bacteria
TCCGC,5974,ecoli_CFT073_genome__k5,bacteria
CCGCT,7138,ecoli_CFT073_genome__k5,bacteria
CGCTG,13172,ecoli_CFT073_genome__k5,bacteria
GGCAC,5250,ecoli_CFT073_genome__k5,bacteria
ACAAT,4862,ecoli_CFT073_genome__k5,bacteria
CAATT,4782,ecoli_CFT073_genome__k5,bacteria
AATTG,4751,ecoli_CFT073_genome__k5,bacteria
AAACT,5584,ecoli_CFT073_genome__k5,bacteria
TTCGT,4742,ecoli_CFT073_genome__k5,bacteria
TCGTC,4750,ecoli_CFT073_genome__k5,bacteria
GGAAT,4835,ecoli_CFT073_genome__k5,bacteria
GAATT,4635,ecoli_CFT073_genome__k5,bacteria
AATAA,8208,ecoli_CFT073_genome__k5,bacteria
ACATG,3263,ecoli_CFT073_genome__k5,bacteria
CATGT,3284,ecoli_CFT073_genome__k5,bacteria
TGTCC,2687,ecoli_CFT073_genome__k5,bacteria
TCCTG,6602,ecoli_CFT073_genome__k5,bacteria
TGCAT,5169,ecoli_CFT073_genome__k5,bacteria
GCATG,4717,ecoli_CFT073_genome__k5,bacteria
CATGG,4452,ecoli_CFT073_genome__k5,bacteria
ATGGC,7973,ecoli_CFT073_genome__k5,bacteria
GCATC,7878,ecoli_CFT073_genome__k5,bacteria
TTGGG,2422,ecoli_CFT073_genome__k5,bacteria
GTGCC,5262,ecoli_CFT073_genome__k5,bacteria
CCCGG,5386,ecoli_CFT073_genome__k5,bacteria
AGCAT,5502,ecoli_CFT073_genome__k5,bacteria
TCAAC,6822,ecoli_CFT073_genome__k5,bacteria
ACGCT,7068,ecoli_CFT073_genome__k5,bacteria
GCTGC,9742,ecoli_CFT073_genome__k5,bacteria
GCGCT,8416,ecoli_CFT073_genome__k5,bacteria
CGTGG,5365,ecoli_CFT073_genome__k5,bacteria
TGGCG,13851,ecoli_CFT073_genome__k5,bacteria
CGAGA,2947,ecoli_CFT073_genome__k5,bacteria
TGTCG,5283,ecoli_CFT073_genome__k5,bacteria
CGATC,5912,ecoli_CFT073_genome__k5,bacteria
ATCGC,9468,ecoli_CFT073_genome__k5,bacteria
GCCAT,8195,ecoli_CFT073_genome__k5,bacteria
ATTAT,6717,ecoli_CFT073_genome__k5,bacteria
GGCGT,8626,ecoli_CFT073_genome__k5,bacteria
GCGTG,6818,ecoli_CFT073_genome__k5,bacteria
TTAGA,1348,ecoli_CFT073_genome__k5,bacteria
TAGAA,2007,ecoli_CFT073_genome__k5,bacteria
GTGGT,6376,ecoli_CFT073_genome__k5,bacteria
TGGTC,5235,ecoli_CFT073_genome__k5,bacteria
CGTTA,6426,ecoli_CFT073_genome__k5,bacteria
CCGGT,7427,ecoli_CFT073_genome__k5,bacteria
GGTCG,4439,ecoli_CFT073_genome__k5,bacteria
TCGAA,3831,ecoli_CFT073_genome__k5,bacteria
CTGCT,7853,ecoli_CFT073_genome__k5,bacteria
GTCAT,5609,ecoli_CFT073_genome__k5,bacteria
CCTCG,2427,ecoli_CFT073_genome__k5,bacteria
CTCGA,2476,ecoli_CFT073_genome__k5,bacteria
CGAAT,4057,ecoli_CFT073_genome__k5,bacteria
GAATC,4086,ecoli_CFT073_genome__k5,bacteria
AATCT,4473,ecoli_CFT073_genome__k5,bacteria
ATCTA,1687,ecoli_CFT073_genome__k5,bacteria
CTACC,3020,ecoli_CFT073_genome__k5,bacteria
CGTTG,7027,ecoli_CFT073_genome__k5,bacteria
ATTGC,8088,ecoli_CFT073_genome__k5,bacteria
TTGCT,7329,ecoli_CFT073_genome__k5,bacteria
AATCC,5223,ecoli_CFT073_genome__k5,bacteria
TCCAC,4435,ecoli_CFT073_genome__k5,bacteria
CGGCA,11256,ecoli_CFT073_genome__k5,bacteria
CAAGC,3426,ecoli_CFT073_genome__k5,bacteria
TGACC,6080,ecoli_CFT073_genome__k5,bacteria
ATGGT,6238,ecoli_CFT073_genome__k5,bacteria
GTGCT,4883,ecoli_CFT073_genome__k5,bacteria
TGGCT,6966,ecoli_CFT073_genome__k5,bacteria
GGTTT,7510,ecoli_CFT073_genome__k5,bacteria
GTTTC,6383,ecoli_CFT073_genome__k5,bacteria
TTCAC,6869,ecoli_CFT073_genome__k5,bacteria
CACTG,6265,ecoli_CFT073_genome__k5,bacteria
GTAAT,5996,ecoli_CFT073_genome__k5,bacteria
TAATG,6294,ecoli_CFT073_genome__k5,bacteria
AAGGC,5077,ecoli_CFT073_genome__k5,bacteria
GGACG,3329,ecoli_CFT073_genome__k5,bacteria
CGCAA,7087,ecoli_CFT073_genome__k5,bacteria
CGGTT,7001,ecoli_CFT073_genome__k5,bacteria
TCCGA,2121,ecoli_CFT073_genome__k5,bacteria
CCGAC,4433,ecoli_CFT073_genome__k5,bacteria
CGACT,3252,ecoli_CFT073_genome__k5,bacteria
GACTA,1768,ecoli_CFT073_genome__k5,bacteria
ACTAC,2496,ecoli_CFT073_genome__k5,bacteria
CTACT,1782,ecoli_CFT073_genome__k5,bacteria
TACTC,2584,ecoli_CFT073_genome__k5,bacteria
ACTCC,2663,ecoli_CFT073_genome__k5,bacteria
GGCCT,3696,ecoli_CFT073_genome__k5,bacteria
TGTTT,7146,ecoli_CFT073_genome__k5,bacteria
TACGC,5921,ecoli_CFT073_genome__k5,bacteria
CGCGC,9731,ecoli_CFT073_genome__k5,bacteria
ATTGT,4801,ecoli_CFT073_genome__k5,bacteria
GATCT,4180,ecoli_CFT073_genome__k5,bacteria
TGGAC,2863,ecoli_CFT073_genome__k5,bacteria
GATGT,5646,ecoli_CFT073_genome__k5,bacteria
ATGTT,5734,ecoli_CFT073_genome__k5,bacteria
TATAC,2193,ecoli_CFT073_genome__k5,bacteria
CCGCG,6627,ecoli_CFT073_genome__k5,bacteria
GCGTC,6316,ecoli_CFT073_genome__k5,bacteria
CGTCA,6938,ecoli_CFT073_genome__k5,bacteria
AGGTT,4478,ecoli_CFT073_genome__k5,bacteria
GTTGT,5307,ecoli_CFT073_genome__k5,bacteria
AAGTC,3072,ecoli_CFT073_genome__k5,bacteria
AGTCG,3164,ecoli_CFT073_genome__k5,bacteria
TCCTA,685,ecoli_CFT073_genome__k5,bacteria
GGAGC,3066,ecoli_CFT073_genome__k5,bacteria
TTCTT,6406,ecoli_CFT073_genome__k5,bacteria
TCTTA,2416,ecoli_CFT073_genome__k5,bacteria
TTACT,4333,ecoli_CFT073_genome__k5,bacteria
CTTCG,5472,ecoli_CFT073_genome__k5,bacteria
CGCTA,4173,ecoli_CFT073_genome__k5,bacteria
GCTAA,3642,ecoli_CFT073_genome__k5,bacteria
TCTTC,7142,ecoli_CFT073_genome__k5,bacteria
CTTCA,7106,ecoli_CFT073_genome__k5,bacteria
CCCAT,3701,ecoli_CFT073_genome__k5,bacteria
CATCG,7884,ecoli_CFT073_genome__k5,bacteria
ACCGG,7588,ecoli_CFT073_genome__k5,bacteria
ATCCT,4022,ecoli_CFT073_genome__k5,bacteria
CCTCA,2520,ecoli_CFT073_genome__k5,bacteria
CTCAA,3971,ecoli_CFT073_genome__k5,bacteria
TCAAG,2684,ecoli_CFT073_genome__k5,bacteria
CGCTC,4507,ecoli_CFT073_genome__k5,bacteria
GCTCA,4990,ecoli_CFT073_genome__k5,bacteria
CTCAT,3695,ecoli_CFT073_genome__k5,bacteria
CATTG,6497,ecoli_CFT073_genome__k5,bacteria
ATTGG,4136,ecoli_CFT073_genome__k5,bacteria
AGACG,4171,ecoli_CFT073_genome__k5,bacteria
GACGA,4834,ecoli_CFT073_genome__k5,bacteria
CAAGG,2718,ecoli_CFT073_genome__k5,bacteria
TTCCA,6786,ecoli_CFT073_genome__k5,bacteria
TCCAA,1496,ecoli_CFT073_genome__k5,bacteria
CAATC,5915,ecoli_CFT073_genome__k5,bacteria
GAATA,5880,ecoli_CFT073_genome__k5,bacteria
ATAAC,6374,ecoli_CFT073_genome__k5,bacteria
GTTCA,6430,ecoli_CFT073_genome__k5,bacteria
GCGTT,8972,ecoli_CFT073_genome__k5,bacteria
GGCCC,2429,ecoli_CFT073_genome__k5,bacteria
CGGGG,3016,ecoli_CFT073_genome__k5,bacteria
TTGGC,5945,ecoli_CFT073_genome__k5,bacteria
CGTCT,4046,ecoli_CFT073_genome__k5,bacteria
GTCTT,3255,ecoli_CFT073_genome__k5,bacteria
TCTTT,6941,ecoli_CFT073_genome__k5,bacteria
TTGCA,5704,ecoli_CFT073_genome__k5,bacteria
TCACG,5287,ecoli_CFT073_genome__k5,bacteria
CACGC,6887,ecoli_CFT073_genome__k5,bacteria
TCCGT,3566,ecoli_CFT073_genome__k5,bacteria
TCATC,8854,ecoli_CFT073_genome__k5,bacteria
ATCTT,5346,ecoli_CFT073_genome__k5,bacteria
CTTCC,5936,ecoli_CFT073_genome__k5,bacteria
CAGTA,5544,ecoli_CFT073_genome__k5,bacteria
TGCGT,5915,ecoli_CFT073_genome__k5,bacteria
CGTTC,5463,ecoli_CFT073_genome__k5,bacteria
GCGAC,5918,ecoli_CFT073_genome__k5,bacteria
CCTGG,6586,ecoli_CFT073_genome__k5,bacteria
ACTGA,5695,ecoli_CFT073_genome__k5,bacteria
GAAGG,4913,ecoli_CFT073_genome__k5,bacteria
TACTG,5542,ecoli_CFT073_genome__k5,bacteria
GTGAC,4420,ecoli_CFT073_genome__k5,bacteria
ATCTC,4338,ecoli_CFT073_genome__k5,bacteria
TCTCG,2985,ecoli_CFT073_genome__k5,bacteria
CTCGG,2490,ecoli_CFT073_genome__k5,bacteria
TCGGT,5437,ecoli_CFT073_genome__k5,bacteria
GTAGG,1650,ecoli_CFT073_genome__k5,bacteria
GTATG,3431,ecoli_CFT073_genome__k5,bacteria
ACGTG,3140,ecoli_CFT073_genome__k5,bacteria
GGATC,4405,ecoli_CFT073_genome__k5,bacteria
ACATT,4487,ecoli_CFT073_genome__k5,bacteria
TTGTC,4588,ecoli_CFT073_genome__k5,bacteria
GTCGC,5905,ecoli_CFT073_genome__k5,bacteria
TGCTC,4919,ecoli_CFT073_genome__k5,bacteria
CTCAG,3090,ecoli_CFT073_genome__k5,bacteria
TCAAT,6338,ecoli_CFT073_genome__k5,bacteria
CTGTC,4050,ecoli_CFT073_genome__k5,bacteria
GTCGT,4025,ecoli_CFT073_genome__k5,bacteria
ACGAT,5449,ecoli_CFT073_genome__k5,bacteria
CCACT,4293,ecoli_CFT073_genome__k5,bacteria
CGTGC,4855,ecoli_CFT073_genome__k5,bacteria
ACTCA,3557,ecoli_CFT073_genome__k5,bacteria
AGATG,5023,ecoli_CFT073_genome__k5,bacteria
GTCGG,4431,ecoli_CFT073_genome__k5,bacteria
CAGCA,13701,ecoli_CFT073_genome__k5,bacteria
AGAAT,4487,ecoli_CFT073_genome__k5,bacteria
TAAAC,5715,ecoli_CFT073_genome__k5,bacteria
TGCTA,2312,ecoli_CFT073_genome__k5,bacteria
CTAAC,2395,ecoli_CFT073_genome__k5,bacteria
TAACT,3339,ecoli_CFT073_genome__k5,bacteria
AACTC,3771,ecoli_CFT073_genome__k5,bacteria
GCACT,4370,ecoli_CFT073_genome__k5,bacteria
CACTC,2775,ecoli_CFT073_genome__k5,bacteria
CTCCT,2434,ecoli_CFT073_genome__k5,bacteria
CTCAC,3283,ecoli_CFT073_genome__k5,bacteria
ATGTA,2829,ecoli_CFT073_genome__k5,bacteria
CTTAA,3521,ecoli_CFT073_genome__k5,bacteria
TTAAT,7292,ecoli_CFT073_genome__k5,bacteria
TAATC,5680,ecoli_CFT073_genome__k5,bacteria
TCGGG,3152,ecoli_CFT073_genome__k5,bacteria
CGCTT,7091,ecoli_CFT073_genome__k5,bacteria
TAATT,5183,ecoli_CFT073_genome__k5,bacteria
ATTCG,4286,ecoli_CFT073_genome__k5,bacteria
TTCGC,7852,ecoli_CFT073_genome__k5,bacteria
GCCTC,2681,ecoli_CFT073_genome__k5,bacteria
CTCGT,2146,ecoli_CFT073_genome__k5,bacteria
GTGAA,6974,ecoli_CFT073_genome__k5,bacteria
GAACC,3910,ecoli_CFT073_genome__k5,bacteria
GTACT,3114,ecoli_CFT073_genome__k5,bacteria
TCCAG,8929,ecoli_CFT073_genome__k5,bacteria
GCGGA,6035,ecoli_CFT073_genome__k5,bacteria
TTCCT,4703,ecoli_CFT073_genome__k5,bacteria
CGCGA,6643,ecoli_CFT073_genome__k5,bacteria
CCACG,5427,ecoli_CFT073_genome__k5,bacteria
CACGT,3071,ecoli_CFT073_genome__k5,bacteria
ACGCC,8801,ecoli_CFT073_genome__k5,bacteria
ACAAA,6351,ecoli_CFT073_genome__k5,bacteria
AGGCC,3793,ecoli_CFT073_genome__k5,bacteria
TACTA,1323,ecoli_CFT073_genome__k5,bacteria
AATCG,5711,ecoli_CFT073_genome__k5,bacteria
TCGCG,6654,ecoli_CFT073_genome__k5,bacteria
CTCTA,1443,ecoli_CFT073_genome__k5,bacteria
TCTAT,2282,ecoli_CFT073_genome__k5,bacteria
TATGA,3772,ecoli_CFT073_genome__k5,bacteria
ATGAC,5491,ecoli_CFT073_genome__k5,bacteria
GACAC,2769,ecoli_CFT073_genome__k5,bacteria
TCGAG,2518,ecoli_CFT073_genome__k5,bacteria
TTCTC,4804,ecoli_CFT073_genome__k5,bacteria
TCTCC,3637,ecoli_CFT073_genome__k5,bacteria
TCGCT,6321,ecoli_CFT073_genome__k5,bacteria
TATAT,3342,ecoli_CFT073_genome__k5,bacteria
TAGAC,1155,ecoli_CFT073_genome__k5,bacteria
CCGAG,2515,ecoli_CFT073_genome__k5,bacteria
GAGGC,2703,ecoli_CFT073_genome__k5,bacteria
ACACT,2631,ecoli_CFT073_genome__k5,bacteria
AACCG,7084,ecoli_CFT073_genome__k5,bacteria
CGGAC,3344,ecoli_CFT073_genome__k5,bacteria
GGACC,1620,ecoli_CFT073_genome__k5,bacteria
GACCC,2007,ecoli_CFT073_genome__k5,bacteria
TGATC,6062,ecoli_CFT073_genome__k5,bacteria
ATGTG,3751,ecoli_CFT073_genome__k5,bacteria
TAAGC,3907,ecoli_CFT073_genome__k5,bacteria
CTATT,3097,ecoli_CFT073_genome__k5,bacteria
GCTCG,3473,ecoli_CFT073_genome__k5,bacteria
GACGT,3959,ecoli_CFT073_genome__k5,bacteria
CGCAG,8765,ecoli_CFT073_genome__k5,bacteria
GGGTG,3767,ecoli_CFT073_genome__k5,bacteria
ACAGC,6917,ecoli_CFT073_genome__k5,bacteria
AGCTC,2975,ecoli_CFT073_genome__k5,bacteria
CGACA,5247,ecoli_CFT073_genome__k5,bacteria
GACAA,4559,ecoli_CFT073_genome__k5,bacteria
CTCTT,4256,ecoli_CFT073_genome__k5,bacteria
AAGGA,3077,ecoli_CFT073_genome__k5,bacteria
AGATT,4454,ecoli_CFT073_genome__k5,bacteria
AGTGA,4558,ecoli_CFT073_genome__k5,bacteria
GCCCT,3328,ecoli_CFT073_genome__k5,bacteria
CCCTG,5250,ecoli_CFT073_genome__k5,bacteria
CCTTC,4979,ecoli_CFT073_genome__k5,bacteria
CTATA,1882,ecoli_CFT073_genome__k5,bacteria
TAGCC,3199,ecoli_CFT073_genome__k5,bacteria
ACTAT,2571,ecoli_CFT073_genome__k5,bacteria
GCTAC,3485,ecoli_CFT073_genome__k5,bacteria
CTACG,2735,ecoli_CFT073_genome__k5,bacteria
GTACC,3762,ecoli_CFT073_genome__k5,bacteria
ACCCT,2517,ecoli_CFT073_genome__k5,bacteria
CCCTC,1638,ecoli_CFT073_genome__k5,bacteria
TCTCA,2971,ecoli_CFT073_genome__k5,bacteria
TCATG,4992,ecoli_CFT073_genome__k5,bacteria
TAGGA,657,ecoli_CFT073_genome__k5,bacteria
AGGAG,2358,ecoli_CFT073_genome__k5,bacteria
GAGTC,2074,ecoli_CFT073_genome__k5,bacteria
GACAT,3973,ecoli_CFT073_genome__k5,bacteria
TCGGA,2152,ecoli_CFT073_genome__k5,bacteria
TGTAG,2472,ecoli_CFT073_genome__k5,bacteria
GTAGT,2652,ecoli_CFT073_genome__k5,bacteria
TAGTC,1640,ecoli_CFT073_genome__k5,bacteria
AGTCA,3657,ecoli_CFT073_genome__k5,bacteria
TGAGG,2396,ecoli_CFT073_genome__k5,bacteria
GAGAC,1780,ecoli_CFT073_genome__k5,bacteria
ATAAG,3588,ecoli_CFT073_genome__k5,bacteria
TCGTT,5231,ecoli_CFT073_genome__k5,bacteria
ACTCT,2684,ecoli_CFT073_genome__k5,bacteria
ATCGG,5713,ecoli_CFT073_genome__k5,bacteria
GGCTC,2508,ecoli_CFT073_genome__k5,bacteria
GCTCC,3002,ecoli_CFT073_genome__k5,bacteria
CTCCA,3521,ecoli_CFT073_genome__k5,bacteria
TGGGC,4732,ecoli_CFT073_genome__k5,bacteria
AGGAC,1901,ecoli_CFT073_genome__k5,bacteria
ACGAC,4081,ecoli_CFT073_genome__k5,bacteria
TCTTG,2763,ecoli_CFT073_genome__k5,bacteria
CTTGG,1320,ecoli_CFT073_genome__k5,bacteria
CGACG,5733,ecoli_CFT073_genome__k5,bacteria
GCACG,4802,ecoli_CFT073_genome__k5,bacteria
CTGAG,2966,ecoli_CFT073_genome__k5,bacteria
CCTAC,1527,ecoli_CFT073_genome__k5,bacteria
GCTCT,3443,ecoli_CFT073_genome__k5,bacteria
ACCGC,8417,ecoli_CFT073_genome__k5,bacteria
AACTA,2022,ecoli_CFT073_genome__k5,bacteria
CACGA,3543,ecoli_CFT073_genome__k5,bacteria
TACAA,2988,ecoli_CFT073_genome__k5,bacteria
GACCT,2946,ecoli_CFT073_genome__k5,bacteria
GACCG,4805,ecoli_CFT073_genome__k5,bacteria
AGTCC,2007,ecoli_CFT073_genome__k5,bacteria
GTCCA,2949,ecoli_CFT073_genome__k5,bacteria
CCAAG,1371,ecoli_CFT073_genome__k5,bacteria
TAGCT,2038,ecoli_CFT073_genome__k5,bacteria
TCGCA,4195,ecoli_CFT073_genome__k5,bacteria
TTTAG,2672,ecoli_CFT073_genome__k5,bacteria
TCGTA,2809,ecoli_CFT073_genome__k5,bacteria
CACTT,4453,ecoli_CFT073_genome__k5,bacteria
CTCCC,2223,ecoli_CFT073_genome__k5,bacteria
CTAGT,317,ecoli_CFT073_genome__k5,bacteria
ATAAT,6597,ecoli_CFT073_genome__k5,bacteria
GTCCG,3261,ecoli_CFT073_genome__k5,bacteria
AGACC,2948,ecoli_CFT073_genome__k5,bacteria
CCAGA,8696,ecoli_CFT073_genome__k5,bacteria
TCCCC,3155,ecoli_CFT073_genome__k5,bacteria
TAAGG,2635,ecoli_CFT073_genome__k5,bacteria
CATAC,3462,ecoli_CFT073_genome__k5,bacteria
CTAAT,2140,ecoli_CFT073_genome__k5,bacteria
GTCTA,1065,ecoli_CFT073_genome__k5,bacteria
TCTAA,1267,ecoli_CFT073_genome__k5,bacteria
GTATA,2230,ecoli_CFT073_genome__k5,bacteria
TCCTT,2966,ecoli_CFT073_genome__k5,bacteria
TAGTT,2140,ecoli_CFT073_genome__k5,bacteria
CCCAC,3340,ecoli_CFT073_genome__k5,bacteria
TAGAT,1781,ecoli_CFT073_genome__k5,bacteria
TAATA,4869,ecoli_CFT073_genome__k5,bacteria
GGACA,2737,ecoli_CFT073_genome__k5,bacteria
TTAGT,1955,ecoli_CFT073_genome__k5,bacteria
TTAAG,3532,ecoli_CFT073_genome__k5,bacteria
ATAGA,2423,ecoli_CFT073_genome__k5,bacteria
TATAA,3561,ecoli_CFT073_genome__k5,bacteria
AGACT,2098,ecoli_CFT073_genome__k5,bacteria
ACTTG,1940,ecoli_CFT073_genome__k5,bacteria
TTGTA,3133,ecoli_CFT073_genome__k5,bacteria
CCTAA,1319,ecoli_CFT073_genome__k5,bacteria
TAGTG,2357,ecoli_CFT073_genome__k5,bacteria
AGTAG,1920,ecoli_CFT073_genome__k5,bacteria
GCCTA,1546,ecoli_CFT073_genome__k5,bacteria
ACTAG,322,ecoli_CFT073_genome__k5,bacteria
GTATM,1,ecoli_CFT073_genome__k5,bacteria
TATMG,1,ecoli_CFT073_genome__k5,bacteria
ATMGA,1,ecoli_CFT073_genome__k5,bacteria
TMGAC,1,ecoli_CFT073_genome__k5,bacteria
MGACC,1,ecoli_CFT073_genome__k5,bacteria
TCTAG,213,ecoli_CFT073_genome__k5,bacteria
CTAAG,1092,ecoli_CFT073_genome__k5,bacteria
ACCTA,1356,ecoli_CFT073_genome__k5,bacteria
CTAGA,191,ecoli_CFT073_genome__k5,bacteria
CCTAG,195,ecoli_CFT073_genome__k5,bacteria
CTAGC,433,ecoli_CFT073_genome__k5,bacteria
CTGGY,1,ecoli_CFT073_genome__k5,bacteria
TGGYG,2,ecoli_CFT073_genome__k5,bacteria
GGYGC,3,ecoli_CFT073_genome__k5,bacteria
GYGCG,2,ecoli_CFT073_genome__k5,bacteria
YGCGS,1,ecoli_CFT073_genome__k5,bacteria
GCGSC,1,ecoli_CFT073_genome__k5,bacteria
CGSCA,1,ecoli_CFT073_genome__k5,bacteria
GSCAG,1,ecoli_CFT073_genome__k5,bacteria
SCAGC,1,ecoli_CFT073_genome__k5,bacteria
GCTCM,1,ecoli_CFT073_genome__k5,bacteria
CTCMG,1,ecoli_CFT073_genome__k5,bacteria
TCMGG,1,ecoli_CFT073_genome__k5,bacteria
CMGGC,1,ecoli_CFT073_genome__k5,bacteria
MGGCG,1,ecoli_CFT073_genome__k5,bacteria
ACAGR,1,ecoli_CFT073_genome__k5,bacteria
CAGRA,1,ecoli_CFT073_genome__k5,bacteria
AGRAA,1,ecoli_CFT073_genome__k5,bacteria
GRAAG,1,ecoli_CFT073_genome__k5,bacteria
RAAGC,1,ecoli_CFT073_genome__k5,bacteria
GCCCM,1,ecoli_CFT073_genome__k5,bacteria
CCCMT,1,ecoli_CFT073_genome__k5,bacteria
CCMTG,1,ecoli_CFT073_genome__k5,bacteria
CMTGC,1,ecoli_CFT073_genome__k5,bacteria
MTGCA,2,ecoli_CFT073_genome__k5,bacteria
TCCGM,1,ecoli_CFT073_genome__k5,bacteria
CCGMG,1,ecoli_CFT073_genome__k5,bacteria
CGMGG,1,ecoli_CFT073_genome__k5,bacteria
GMGGT,1,ecoli_CFT073_genome__k5,bacteria
MGGTT,1,ecoli_CFT073_genome__k5,bacteria
GGAAK,1,ecoli_CFT073_genome__k5,bacteria
GAAKC,1,ecoli_CFT073_genome__k5,bacteria
AAKCA,2,ecoli_CFT073_genome__k5,bacteria
AKCAG,2,ecoli_CFT073_genome__k5,bacteria
KCAGC,1,ecoli_CFT073_genome__k5,bacteria
AGTCK,1,ecoli_CFT073_genome__k5,bacteria
GTCKA,1,ecoli_CFT073_genome__k5,bacteria
TCKAC,2,ecoli_CFT073_genome__k5,bacteria
CKACC,1,ecoli_CFT073_genome__k5,bacteria
KACCG,1,ecoli_CFT073_genome__k5,bacteria
GCGAY,1,ecoli_CFT073_genome__k5,bacteria
CGAYC,1,ecoli_CFT073_genome__k5,bacteria
GAYCT,1,ecoli_CFT073_genome__k5,bacteria
AYCTC,1,ecoli_CFT073_genome__k5,bacteria
YCTCG,1,ecoli_CFT073_genome__k5,bacteria
TCCAK,2,ecoli_CFT073_genome__k5,bacteria
CCAKG,1,ecoli_CFT073_genome__k5,bacteria
CAKGA,1,ecoli_CFT073_genome__k5,bacteria
AKGAT,1,ecoli_CFT073_genome__k5,bacteria
KGATG,1,ecoli_CFT073_genome__k5,bacteria
ACTTS,1,ecoli_CFT073_genome__k5,bacteria
CTTSA,1,ecoli_CFT073_genome__k5,bacteria
TTSAA,1,ecoli_CFT073_genome__k5,bacteria
TSAAG,1,ecoli_CFT073_genome__k5,bacteria
SAAGG,1,ecoli_CFT073_genome__k5,bacteria
CAGCM,1,ecoli_CFT073_genome__k5,bacteria
AGCMC,1,ecoli_CFT073_genome__k5,bacteria
GCMCT,1,ecoli_CFT073_genome__k5,bacteria
CMCTT,1,ecoli_CFT073_genome__k5,bacteria
MCTTW,1,ecoli_CFT073_genome__k5,bacteria
CTTWG,1,ecoli_CFT073_genome__k5,bacteria
TTWGY,1,ecoli_CFT073_genome__k5,bacteria
TWGYC,1,ecoli_CFT073_genome__k5,bacteria
WGYCG,1,ecoli_CFT073_genome__k5,bacteria
GYCGG,1,ecoli_CFT073_genome__k5,bacteria
YCGGA,1,ecoli_CFT073_genome__k5,bacteria
GCAGK,3,ecoli_CFT073_genome__k5,bacteria
CAGKC,2,ecoli_CFT073_genome__k5,bacteria
AGKCC,2,ecoli_CFT073_genome__k5,bacteria
GKCCA,1,ecoli_CFT073_genome__k5,bacteria
KCCAG,1,ecoli_CFT073_genome__k5,bacteria
CGGGM,1,ecoli_CFT073_genome__k5,bacteria
GGGMA,1,ecoli_CFT073_genome__k5,bacteria
GGMAA,1,ecoli_CFT073_genome__k5,bacteria
GMAAT,1,ecoli_CFT073_genome__k5,bacteria
MAATT,1,ecoli_CFT073_genome__k5,bacteria
TGAGW,1,ecoli_CFT073_genome__k5,bacteria
GAGWC,1,ecoli_CFT073_genome__k5,bacteria
AGWCG,1,ecoli_CFT073_genome__k5,bacteria
GWCGG,1,ecoli_CFT073_genome__k5,bacteria
WCGGT,1,ecoli_CFT073_genome__k5,bacteria
TTTTW,1,ecoli_CFT073_genome__k5,bacteria
TTTWC,1,ecoli_CFT073_genome__k5,bacteria
TTWCT,1,ecoli_CFT073_genome__k5,bacteria
TWCTG,1,ecoli_CFT073_genome__k5,bacteria
WCTGC,1,ecoli_CFT073_genome__k5,bacteria
CCGTS,1,ecoli_CFT073_genome__k5,bacteria
CGTSW,1,ecoli_CFT073_genome__k5,bacteria
GTSWC,1,ecoli_CFT073_genome__k5,bacteria
TSWCT,1,ecoli_CFT073_genome__k5,bacteria
SWCTC,1,ecoli_CFT073_genome__k5,bacteria
WCTCT,1,ecoli_CFT073_genome__k5,bacteria
CTGCR,1,ecoli_CFT073_genome__k5,bacteria
TGCRA,2,ecoli_CFT073_genome__k5,bacteria
GCRAT,2,ecoli_CFT073_genome__k5,bacteria
CRATA,1,ecoli_CFT073_genome__k5,bacteria
RATAT,1,ecoli_CFT073_genome__k5,bacteria
GCAGW,1,ecoli_CFT073_genome__k5,bacteria
CAGWC,1,ecoli_CFT073_genome__k5,bacteria
AGWCT,2,ecoli_CFT073_genome__k5,bacteria
GWCTC,1,ecoli_CFT073_genome__k5,bacteria
WCTCA,1,ecoli_CFT073_genome__k5,bacteria
TATGB,1,ecoli_CFT073_genome__k5,bacteria
ATGBT,1,ecoli_CFT073_genome__k5,bacteria
TGBTA,1,ecoli_CFT073_genome__k5,bacteria
GBTAA,1,ecoli_CFT073_genome__k5,bacteria
BTAAT,1,ecoli_CFT073_genome__k5,bacteria
GTACS,1,ecoli_CFT073_genome__k5,bacteria
TACSG,1,ecoli_CFT073_genome__k5,bacteria
ACSGC,1,ecoli_CFT073_genome__k5,bacteria
CSGCC,1,ecoli_CFT073_genome__k5,bacteria
SGCCT,1,ecoli_CFT073_genome__k5,bacteria
CCTTR,1,ecoli_CFT073_genome__k5,bacteria
CTTRA,2,ecoli_CFT073_genome__k5,bacteria
TTRAT,2,ecoli_CFT073_genome__k5,bacteria
TRATA,2,ecoli_CFT073_genome__k5,bacteria
RATAA,1,ecoli_CFT073_genome__k5,bacteria
GCGTS,1,ecoli_CFT073_genome__k5,bacteria
CGTSG,1,ecoli_CFT073_genome__k5,bacteria
GTSGC,1,ecoli_CFT073_genome__k5,bacteria
TSGCG,1,ecoli_CFT073_genome__k5,bacteria
SGCGC,1,ecoli_CFT073_genome__k5,bacteria
TTCAS,2,ecoli_CFT073_genome__k5,bacteria
TCASG,1,ecoli_CFT073_genome__k5,bacteria
CASGC,1,ecoli_CFT073_genome__k5,bacteria
ASGCA,1,ecoli_CFT073_genome__k5,bacteria
SGCAT,1,ecoli_CFT073_genome__k5,bacteria
CGGAK,1,ecoli_CFT073_genome__k5,bacteria
GGAKS,1,ecoli_CFT073_genome__k5,bacteria
GAKSC,1,ecoli_CFT073_genome__k5,bacteria
AKSCR,1,ecoli_CFT073_genome__k5,bacteria
KSCRG,1,ecoli_CFT073_genome__k5,bacteria
SCRGC,1,ecoli_CFT073_genome__k5,bacteria
CRGCG,1,ecoli_CFT073_genome__k5,bacteria
RGCGK,1,ecoli_CFT073_genome__k5,bacteria
GCGKG,1,ecoli_CFT073_genome__k5,bacteria
CGKGA,1,ecoli_CFT073_genome__k5,bacteria
GKGAW,1,ecoli_CFT073_genome__k5,bacteria
KGAWC,1,ecoli_CFT073_genome__k5,bacteria
GAWCG,1,ecoli_CFT073_genome__k5,bacteria
AWCGC,1,ecoli_CFT073_genome__k5,bacteria
WCGCC,1,ecoli_CFT073_genome__k5,bacteria
GCAAM,1,ecoli_CFT073_genome__k5,bacteria
CAAMC,1,ecoli_CFT073_genome__k5,bacteria
AAMCG,1,ecoli_CFT073_genome__k5,bacteria
AMCGG,1,ecoli_CFT073_genome__k5,bacteria
MCGGC,1,ecoli_CFT073_genome__k5,bacteria
TTTCR,1,ecoli_CFT073_genome__k5,bacteria
TTCRC,1,ecoli_CFT073_genome__k5,bacteria
TCRCG,1,ecoli_CFT073_genome__k5,bacteria
CRCGA,1,ecoli_CFT073_genome__k5,bacteria
RCGAA,1,ecoli_CFT073_genome__k5,bacteria
GGACW,1,ecoli_CFT073_genome__k5,bacteria
GACWT,1,ecoli_CFT073_genome__k5,bacteria
ACWTT,1,ecoli_CFT073_genome__k5,bacteria
CWTTT,1,ecoli_CFT073_genome__k5,bacteria
WTTTA,2,ecoli_CFT073_genome__k5,bacteria
AATTS,1,ecoli_CFT073_genome__k5,bacteria
ATTST,1,ecoli_CFT073_genome__k5,bacteria
TTSTT,1,ecoli_CFT073_genome__k5,bacteria
TSTTA,1,ecoli_CFT073_genome__k5,bacteria
STTAA,1,ecoli_CFT073_genome__k5,bacteria
TAAGW,1,ecoli_CFT073_genome__k5,bacteria
AAGWC,1,ecoli_CFT073_genome__k5,bacteria
AGWCC,1,ecoli_CFT073_genome__k5,bacteria
GWCCA,1,ecoli_CFT073_genome__k5,bacteria
WCCAG,1,ecoli_CFT073_genome__k5,bacteria
TCTAY,1,ecoli_CFT073_genome__k5,bacteria
CTAYG,1,ecoli_CFT073_genome__k5,bacteria
TAYGC,1,ecoli_CFT073_genome__k5,bacteria
AYGCC,1,ecoli_CFT073_genome__k5,bacteria
YGCCT,1,ecoli_CFT073_genome__k5,bacteria
TCASC,1,ecoli_CFT073_genome__k5,bacteria
CASCG,1,ecoli_CFT073_genome__k5,bacteria
ASCGG,1,ecoli_CFT073_genome__k5,bacteria
SCGGT,1,ecoli_CFT073_genome__k5,bacteria
GCGGY,1,ecoli_CFT073_genome__k5,bacteria
CGGYG,1,ecoli_CFT073_genome__k5,bacteria
GYGCA,1,ecoli_CFT073_genome__k5,bacteria
YGCAG,1,ecoli_CFT073_genome__k5,bacteria
CGCCW,1,ecoli_CFT073_genome__k5,bacteria
GCCWR,1,ecoli_CFT073_genome__k5,bacteria
CCWRC,1,ecoli_CFT073_genome__k5,bacteria
CWRCG,1,ecoli_CFT073_genome__k5,bacteria
WRCGG,1,ecoli_CFT073_genome__k5,bacteria
RCGGA,1,ecoli_CFT073_genome__k5,bacteria
TGATW,1,ecoli_CFT073_genome__k5,bacteria
GATWG,1,ecoli_CFT073_genome__k5,bacteria
ATWGC,1,ecoli_CFT073_genome__k5,bacteria
TWGCA,1,ecoli_CFT073_genome__k5,bacteria
WGCAW,1,ecoli_CFT073_genome__k5,bacteria
GCAWC,1,ecoli_CFT073_genome__k5,bacteria
CAWCK,1,ecoli_CFT073_genome__k5,bacteria
AWCKC,1,ecoli_CFT073_genome__k5,bacteria
WCKCA,1,ecoli_CFT073_genome__k5,bacteria
CKCAT,1,ecoli_CFT073_genome__k5,bacteria
KCATT,1,ecoli_CFT073_genome__k5,bacteria
GCKAA,1,ecoli_CFT073_genome__k5,bacteria
CKAAA,1,ecoli_CFT073_genome__k5,bacteria
KAAAA,1,ecoli_CFT073_genome__k5,bacteria
CGGCK,2,ecoli_CFT073_genome__k5,bacteria
GGCKC,1,ecoli_CFT073_genome__k5,bacteria
GCKCG,1,ecoli_CFT073_genome__k5,bacteria
CKCGC,1,ecoli_CFT073_genome__k5,bacteria
KCGCG,1,ecoli_CFT073_genome__k5,bacteria
CAGTM,1,ecoli_CFT073_genome__k5,bacteria
AGTMT,1,ecoli_CFT073_genome__k5,bacteria
GTMTG,1,ecoli_CFT073_genome__k5,bacteria
TMTGG,1,ecoli_CFT073_genome__k5,bacteria
MTGGC,1,ecoli_CFT073_genome__k5,bacteria
GTGGM,1,ecoli_CFT073_genome__k5,bacteria
TGGMG,1,ecoli_CFT073_genome__k5,bacteria
GGMGT,1,ecoli_CFT073_genome__k5,bacteria
GMGTG,1,ecoli_CFT073_genome__k5,bacteria
MGTGC,1,ecoli_CFT073_genome__k5,bacteria
TCTTW,1,ecoli_CFT073_genome__k5,bacteria
CTTWC,1,ecoli_CFT073_genome__k5,bacteria
TTWCY,1,ecoli_CFT073_genome__k5,bacteria
TWCYT,1,ecoli_CFT073_genome__k5,bacteria
WCYTT,1,ecoli_CFT073_genome__k5,bacteria
CYTTC,2,ecoli_CFT073_genome__k5,bacteria
YTTCG,1,ecoli_CFT073_genome__k5,bacteria
TCGCS,1,ecoli_CFT073_genome__k5,bacteria
CGCST,1,ecoli_CFT073_genome__k5,bacteria
GCSTT,2,ecoli_CFT073_genome__k5,bacteria
CSTTT,1,ecoli_CFT073_genome__k5,bacteria
STTTA,1,ecoli_CFT073_genome__k5,bacteria
GTGGY,1,ecoli_CFT073_genome__k5,bacteria
YGCGG,1,ecoli_CFT073_genome__k5,bacteria
GGGCR,1,ecoli_CFT073_genome__k5,bacteria
GGCRA,1,ecoli_CFT073_genome__k5,bacteria
CRATT,1,ecoli_CFT073_genome__k5,bacteria
RATTC,1,ecoli_CFT073_genome__k5,bacteria
AAGGK,1,ecoli_CFT073_genome__k5,bacteria
AGGKG,1,ecoli_CFT073_genome__k5,bacteria
GGKGT,1,ecoli_CFT073_genome__k5,bacteria
GKGTT,1,ecoli_CFT073_genome__k5,bacteria
KGTTG,1,ecoli_CFT073_genome__k5,bacteria
TGATR,1,ecoli_CFT073_genome__k5,bacteria
GATRT,1,ecoli_CFT073_genome__k5,bacteria
ATRTC,1,ecoli_CFT073_genome__k5,bacteria
TRTCA,2,ecoli_CFT073_genome__k5,bacteria
RTCAA,1,ecoli_CFT073_genome__k5,bacteria
CAGKT,1,ecoli_CFT073_genome__k5,bacteria
AGKTG,1,ecoli_CFT073_genome__k5,bacteria
GKTGC,1,ecoli_CFT073_genome__k5,bacteria
KTGCA,1,ecoli_CFT073_genome__k5,bacteria
GCAGY,1,ecoli_CFT073_genome__k5,bacteria
CAGYG,1,ecoli_CFT073_genome__k5,bacteria
AGYGA,1,ecoli_CFT073_genome__k5,bacteria
GYGAT,1,ecoli_CFT073_genome__k5,bacteria
YGATT,2,ecoli_CFT073_genome__k5,bacteria
CCTGS,1,ecoli_CFT073_genome__k5,bacteria
CTGSC,1,ecoli_CFT073_genome__k5,bacteria
TGSCC,1,ecoli_CFT073_genome__k5,bacteria
GSCCG,1,ecoli_CFT073_genome__k5,bacteria
SCCGC,1,ecoli_CFT073_genome__k5,bacteria
GGCAR,2,ecoli_CFT073_genome__k5,bacteria
GCARC,1,ecoli_CFT073_genome__k5,bacteria
CARCA,2,ecoli_CFT073_genome__k5,bacteria
ARCAK,1,ecoli_CFT073_genome__k5,bacteria
RCAKG,1,ecoli_CFT073_genome__k5,bacteria
CAKGC,1,ecoli_CFT073_genome__k5,bacteria
AKGCT,1,ecoli_CFT073_genome__k5,bacteria
KGCTA,1,ecoli_CFT073_genome__k5,bacteria
TACCR,1,ecoli_CFT073_genome__k5,bacteria
ACCRR,1,ecoli_CFT073_genome__k5,bacteria
CCRRA,1,ecoli_CFT073_genome__k5,bacteria
CRRAC,1,ecoli_CFT073_genome__k5,bacteria
RRACG,1,ecoli_CFT073_genome__k5,bacteria
RACGG,1,ecoli_CFT073_genome__k5,bacteria
CGTGR,1,ecoli_CFT073_genome__k5,bacteria
GTGRA,1,ecoli_CFT073_genome__k5,bacteria
TGRAG,1,ecoli_CFT073_genome__k5,bacteria
GRAGC,1,ecoli_CFT073_genome__k5,bacteria
RAGCT,1,ecoli_CFT073_genome__k5,bacteria
ACGAR,1,ecoli_CFT073_genome__k5,bacteria
CGARG,1,ecoli_CFT073_genome__k5,bacteria
GARGA,1,ecoli_CFT073_genome__k5,bacteria
ARGAA,1,ecoli_CFT073_genome__k5,bacteria
RGAAG,2,ecoli_CFT073_genome__k5,bacteria
GCGTY,2,ecoli_CFT073_genome__k5,bacteria
CGTYC,1,ecoli_CFT073_genome__k5,bacteria
GTYCA,1,ecoli_CFT073_genome__k5,bacteria
TYCAT,1,ecoli_CFT073_genome__k5,bacteria
YCATA,1,ecoli_CFT073_genome__k5,bacteria
ATATY,1,ecoli_CFT073_genome__k5,bacteria
TATYT,1,ecoli_CFT073_genome__k5,bacteria
ATYTG,1,ecoli_CFT073_genome__k5,bacteria
TYTGA,1,ecoli_CFT073_genome__k5,bacteria
YTGAT,1,ecoli_CFT073_genome__k5,bacteria
GTTTY,1,ecoli_CFT073_genome__k5,bacteria
TTTYT,1,ecoli_CFT073_genome__k5,bacteria
TTYTT,1,ecoli_CFT073_genome__k5,bacteria
TYTTG,1,ecoli_CFT073_genome__k5,bacteria
YTTGC,1,ecoli_CFT073_genome__k5,bacteria
AGCAK,1,ecoli_CFT073_genome__k5,bacteria
GCAKT,2,ecoli_CFT073_genome__k5,bacteria
CAKTA,1,ecoli_CFT073_genome__k5,bacteria
AKTAT,1,ecoli_CFT073_genome__k5,bacteria
KTATC,1,ecoli_CFT073_genome__k5,bacteria
GCCAM,1,ecoli_CFT073_genome__k5,bacteria
CCAMC,1,ecoli_CFT073_genome__k5,bacteria
CAMCA,2,ecoli_CFT073_genome__k5,bacteria
AMCAM,1,ecoli_CFT073_genome__k5,bacteria
MCAMC,1,ecoli_CFT073_genome__k5,bacteria
AMCAC,1,ecoli_CFT073_genome__k5,bacteria
MCACC,1,ecoli_CFT073_genome__k5,bacteria
CGTTW,1,ecoli_CFT073_genome__k5,bacteria
GTTWW,1,ecoli_CFT073_genome__k5,bacteria
TTWWT,1,ecoli_CFT073_genome__k5,bacteria
TWWTT,1,ecoli_CFT073_genome__k5,bacteria
WWTTT,1,ecoli_CFT073_genome__k5,bacteria
WTTTG,1,ecoli_CFT073_genome__k5,bacteria
TTTGW,1,ecoli_CFT073_genome__k5,bacteria
TTGWA,1,ecoli_CFT073_genome__k5,bacteria
TGWAC,1,ecoli_CFT073_genome__k5,bacteria
GWACA,1,ecoli_CFT073_genome__k5,bacteria
WACAA,1,ecoli_CFT073_genome__k5,bacteria
TGCCS,1,ecoli_CFT073_genome__k5,bacteria
GCCSG,2,ecoli_CFT073_genome__k5,bacteria
CCSGT,1,ecoli_CFT073_genome__k5,bacteria
CSGTG,1,ecoli_CFT073_genome__k5,bacteria
SGTGT,1,ecoli_CFT073_genome__k5,bacteria
ATCAR,1,ecoli_CFT073_genome__k5,bacteria
TCARC,1,ecoli_CFT073_genome__k5,bacteria
ARCAA,1,ecoli_CFT073_genome__k5,bacteria
RCAAC,1,ecoli_CFT073_genome__k5,bacteria
TGTAY,1,ecoli_CFT073_genome__k5,bacteria
GTAYA,1,ecoli_CFT073_genome__k5,bacteria
TAYAC,1,ecoli_CFT073_genome__k5,bacteria
AYACG,1,ecoli_CFT073_genome__k5,bacteria
YACGT,1,ecoli_CFT073_genome__k5,bacteria
AGTAS,1,ecoli_CFT073_genome__k5,bacteria
GTASC,1,ecoli_CFT073_genome__k5,bacteria
TASCC,1,ecoli_CFT073_genome__k5,bacteria
ASCCA,1,ecoli_CFT073_genome__k5,bacteria
SCCAA,1,ecoli_CFT073_genome__k5,bacteria
CATCK,1,ecoli_CFT073_genome__k5,bacteria
ATCKA,1,ecoli_CFT073_genome__k5,bacteria
CKACA,2,ecoli_CFT073_genome__k5,bacteria
KACAT,1,ecoli_CFT073_genome__k5,bacteria
ACATM,1,ecoli_CFT073_genome__k5,bacteria
CATMT,2,ecoli_CFT073_genome__k5,bacteria
ATMTG,2,ecoli_CFT073_genome__k5,bacteria
TMTGC,2,ecoli_CFT073_genome__k5,bacteria
MTGCC,1,ecoli_CFT073_genome__k5,bacteria
GCACS,1,ecoli_CFT073_genome__k5,bacteria
CACSA,1,ecoli_CFT073_genome__k5,bacteria
ACSAT,1,ecoli_CFT073_genome__k5,bacteria
CSATC,1,ecoli_CFT073_genome__k5,bacteria
SATCT,1,ecoli_CFT073_genome__k5,bacteria
TCAAY,1,ecoli_CFT073_genome__k5,bacteria
CAAYC,1,ecoli_CFT073_genome__k5,bacteria
AAYCA,1,ecoli_CFT073_genome__k5,bacteria
AYCAC,1,ecoli_CFT073_genome__k5,bacteria
YCACG,1,ecoli_CFT073_genome__k5,bacteria
GKCCT,1,ecoli_CFT073_genome__k5,bacteria
KCCTT,1,ecoli_CFT073_genome__k5,bacteria
GCATY,1,ecoli_CFT073_genome__k5,bacteria
CATYT,1,ecoli_CFT073_genome__k5,bacteria
ATYTT,1,ecoli_CFT073_genome__k5,bacteria
TYTTT,1,ecoli_CFT073_genome__k5,bacteria
YTTTT,1,ecoli_CFT073_genome__k5,bacteria
ACTCM,1,ecoli_CFT073_genome__k5,bacteria
CTCMA,1,ecoli_CFT073_genome__k5,bacteria
TCMAT,1,ecoli_CFT073_genome__k5,bacteria
CMATA,1,ecoli_CFT073_genome__k5,bacteria
MATAT,1,ecoli_CFT073_genome__k5,bacteria
GGCCS,1,ecoli_CFT073_genome__k5,bacteria
CCSGA,1,ecoli_CFT073_genome__k5,bacteria
CSGAT,1,ecoli_CFT073_genome__k5,bacteria
SGATG,1,ecoli_CFT073_genome__k5,bacteria
TATTY,1,ecoli_CFT073_genome__k5,bacteria
ATTYC,1,ecoli_CFT073_genome__k5,bacteria
TTYCG,1,ecoli_CFT073_genome__k5,bacteria
TYCGC,1,ecoli_CFT073_genome__k5,bacteria
YCGCC,1,ecoli_CFT073_genome__k5,bacteria
GAGAY,1,ecoli_CFT073_genome__k5,bacteria
AGAYG,1,ecoli_CFT073_genome__k5,bacteria
GAYGG,1,ecoli_CFT073_genome__k5,bacteria
AYGGA,1,ecoli_CFT073_genome__k5,bacteria
YGGAT,1,ecoli_CFT073_genome__k5,bacteria
GCARA,1,ecoli_CFT073_genome__k5,bacteria
CARAA,1,ecoli_CFT073_genome__k5,bacteria
ARAAA,1,ecoli_CFT073_genome__k5,bacteria
RAAAT,1,ecoli_CFT073_genome__k5,bacteria
TTTAM,1,ecoli_CFT073_genome__k5,bacteria
TTAMG,1,ecoli_CFT073_genome__k5,bacteria
TAMGC,1,ecoli_CFT073_genome__k5,bacteria
AMGCA,1,ecoli_CFT073_genome__k5,bacteria
MGCAA,1,ecoli_CFT073_genome__k5,bacteria
CGGTK,1,ecoli_CFT073_genome__k5,bacteria
GGTKA,1,ecoli_CFT073_genome__k5,bacteria
GTKAT,1,ecoli_CFT073_genome__k5,bacteria
TKATG,1,ecoli_CFT073_genome__k5,bacteria
KATGT,1,ecoli_CFT073_genome__k5,bacteria
ATGTY,1,ecoli_CFT073_genome__k5,bacteria
TGTYG,1,ecoli_CFT073_genome__k5,bacteria
GTYGC,1,ecoli_CFT073_genome__k5,bacteria
TYGCA,1,ecoli_CFT073_genome__k5,bacteria
YGCAA,1,ecoli_CFT073_genome__k5,bacteria
ACCCM,1,ecoli_CFT073_genome__k5,bacteria
CCCMC,1,ecoli_CFT073_genome__k5,bacteria
CCMCC,1,ecoli_CFT073_genome__k5,bacteria
CMCCG,1,ecoli_CFT073_genome__k5,bacteria
MCCGT,1,ecoli_CFT073_genome__k5,bacteria
AAATY,2,ecoli_CFT073_genome__k5,bacteria
AATYG,2,ecoli_CFT073_genome__k5,bacteria
ATYGC,1,ecoli_CFT073_genome__k5,bacteria
TYGCG,1,ecoli_CFT073_genome__k5,bacteria
YGCGM,1,ecoli_CFT073_genome__k5,bacteria
GCGMC,1,ecoli_CFT073_genome__k5,bacteria
CGMCC,1,ecoli_CFT073_genome__k5,bacteria
GMCCG,1,ecoli_CFT073_genome__k5,bacteria
MCCGC,1,ecoli_CFT073_genome__k5,bacteria
CCAAK,1,ecoli_CFT073_genome__k5,bacteria
CAAKC,1,ecoli_CFT073_genome__k5,bacteria
KCAGA,1,ecoli_CFT073_genome__k5,bacteria
TCATS,1,ecoli_CFT073_genome__k5,bacteria
CATST,1,ecoli_CFT073_genome__k5,bacteria
ATSTG,1,ecoli_CFT073_genome__k5,bacteria
TSTGA,1,ecoli_CFT073_genome__k5,bacteria
STGAT,1,ecoli_CFT073_genome__k5,bacteria
CGGTY,1,ecoli_CFT073_genome__k5,bacteria
GGTYG,1,ecoli_CFT073_genome__k5,bacteria
GTYGT,1,ecoli_CFT073_genome__k5,bacteria
TYGTS,1,ecoli_CFT073_genome__k5,bacteria
YGTSA,1,ecoli_CFT073_genome__k5,bacteria
GTSAA,1,ecoli_CFT073_genome__k5,bacteria
TSAAY,1,ecoli_CFT073_genome__k5,bacteria
SAAYA,1,ecoli_CFT073_genome__k5,bacteria
AAYAA,1,ecoli_CFT073_genome__k5,bacteria
AYAAC,1,ecoli_CFT073_genome__k5,bacteria
YAACG,1,ecoli_CFT073_genome__k5,bacteria
ACCAW,1,ecoli_CFT073_genome__k5,bacteria
CCAWA,1,ecoli_CFT073_genome__k5,bacteria
CAWAG,1,ecoli_CFT073_genome__k5,bacteria
AWAGC,1,ecoli_CFT073_genome__k5,bacteria
WAGCG,1,ecoli_CFT073_genome__k5,bacteria
AATYA,1,ecoli_CFT073_genome__k5,bacteria
ATYAC,1,ecoli_CFT073_genome__k5,bacteria
TYACC,1,ecoli_CFT073_genome__k5,bacteria
YACCT,1,ecoli_CFT073_genome__k5,bacteria
ACTTR,1,ecoli_CFT073_genome__k5,bacteria
RATAC,1,ecoli_CFT073_genome__k5,bacteria
ATACM,1,ecoli_CFT073_genome__k5,bacteria
TACMG,1,ecoli_CFT073_genome__k5,bacteria
ACMGT,1,ecoli_CFT073_genome__k5,bacteria
CMGTA,2,ecoli_CFT073_genome__k5,bacteria
MGTAT,1,ecoli_CFT073_genome__k5,bacteria
CACGK,2,ecoli_CFT073_genome__k5,bacteria
ACGKT,1,ecoli_CFT073_genome__k5,bacteria
CGKTC,1,ecoli_CFT073_genome__k5,bacteria
GKTCT,1,ecoli_CFT073_genome__k5,bacteria
KTCTC,1,ecoli_CFT073_genome__k5,bacteria
AGTCM,2,ecoli_CFT073_genome__k5,bacteria
GTCMC,1,ecoli_CFT073_genome__k5,bacteria
TCMCT,1,ecoli_CFT073_genome__k5,bacteria
CMCTC,1,ecoli_CFT073_genome__k5,bacteria
MCTCA,1,ecoli_CFT073_genome__k5,bacteria
GCATM,1,ecoli_CFT073_genome__k5,bacteria
GCCAS,1,ecoli_CFT073_genome__k5,bacteria
CCASA,1,ecoli_CFT073_genome__k5,bacteria
CASAA,1,ecoli_CFT073_genome__k5,bacteria
ASAAA,1,ecoli_CFT073_genome__k5,bacteria
SAAAA,1,ecoli_CFT073_genome__k5,bacteria
TAAAW,1,ecoli_CFT073_genome__k5,bacteria
AAAWT,1,ecoli_CFT073_genome__k5,bacteria
AAWTT,1,ecoli_CFT073_genome__k5,bacteria
AWTTT,1,ecoli_CFT073_genome__k5,bacteria
CAGGW,1,ecoli_CFT073_genome__k5,bacteria
AGGWT,1,ecoli_CFT073_genome__k5,bacteria
GGWTA,1,ecoli_CFT073_genome__k5,bacteria
GWTAC,1,ecoli_CFT073_genome__k5,bacteria
WTACT,1,ecoli_CFT073_genome__k5,bacteria
GTTTR,1,ecoli_CFT073_genome__k5,bacteria
TTTRC,1,ecoli_CFT073_genome__k5,bacteria
TTRCC,1,ecoli_CFT073_genome__k5,bacteria
TRCCG,1,ecoli_CFT073_genome__k5,bacteria
RCCGG,1,ecoli_CFT073_genome__k5,bacteria
TGGTW,1,ecoli_CFT073_genome__k5,bacteria
GGTWT,1,ecoli_CFT073_genome__k5,bacteria
GTTGY,1,ecoli_CFT073_genome__k5,bacteria
TTGYC,1,ecoli_CFT073_genome__k5,bacteria
TGYCA,1,ecoli_CFT073_genome__k5,bacteria
GYCAG,1,ecoli_CFT073_genome__k5,bacteria
YCAGA,1,ecoli_CFT073_genome__k5,bacteria
GTCMG,1,ecoli_CFT073_genome__k5,bacteria
TCMGT,1,ecoli_CFT073_genome__k5,bacteria
MGTAA,2,ecoli_CFT073_genome__k5,bacteria
CGTYA,1,ecoli_CFT073_genome__k5,bacteria
GTYAA,1,ecoli_CFT073_genome__k5,bacteria
TYAAT,1,ecoli_CFT073_genome__k5,bacteria
YAATG,1,ecoli_CFT073_genome__k5,bacteria
AGATK,1,ecoli_CFT073_genome__k5,bacteria
GATKA,1,ecoli_CFT073_genome__k5,bacteria
ATKAA,1,ecoli_CFT073_genome__k5,bacteria
TKAAT,1,ecoli_CFT073_genome__k5,bacteria
KAATG,1,ecoli_CFT073_genome__k5,bacteria
ACGKC,1,ecoli_CFT073_genome__k5,bacteria
CGKCA,1,ecoli_CFT073_genome__k5,bacteria
GKCAT,1,ecoli_CFT073_genome__k5,bacteria
KCATG,1,ecoli_CFT073_genome__k5,bacteria
ACAGW,1,ecoli_CFT073_genome__k5,bacteria
CAGWA,1,ecoli_CFT073_genome__k5,bacteria
AGWAG,1,ecoli_CFT073_genome__k5,bacteria
GWAGA,1,ecoli_CFT073_genome__k5,bacteria
WAGAM,1,ecoli_CFT073_genome__k5,bacteria
AGAMA,1,ecoli_CFT073_genome__k5,bacteria
GAMAT,1,ecoli_CFT073_genome__k5,bacteria
AMATC,1,ecoli_CFT073_genome__k5,bacteria
MATCA,1,ecoli_CFT073_genome__k5,bacteria
CAATY,1,ecoli_CFT073_genome__k5,bacteria
ATYGA,1,ecoli_CFT073_genome__k5,bacteria
TYGAT,1,ecoli_CFT073_genome__k5,bacteria
TATTK,1,ecoli_CFT073_genome__k5,bacteria
ATTKA,1,ecoli_CFT073_genome__k5,bacteria
TTKAC,1,ecoli_CFT073_genome__k5,bacteria
TKACC,1,ecoli_CFT073_genome__k5,bacteria
KACCT,1,ecoli_CFT073_genome__k5,bacteria
CTGCM,1,ecoli_CFT073_genome__k5,bacteria
TGCMC,1,ecoli_CFT073_genome__k5,bacteria
GCMCA,1,ecoli_CFT073_genome__k5,bacteria
CMCAG,1,ecoli_CFT073_genome__k5,bacteria
MCAGC,1,ecoli_CFT073_genome__k5,bacteria
AGCGS,1,ecoli_CFT073_genome__k5,bacteria
GCGSG,1,ecoli_CFT073_genome__k5,bacteria
CGSGT,1,ecoli_CFT073_genome__k5,bacteria
GSGTT,1,ecoli_CFT073_genome__k5,bacteria
SGTTG,1,ecoli_CFT073_genome__k5,bacteria
TTAAR,1,ecoli_CFT073_genome__k5,bacteria
TAARA,1,ecoli_CFT073_genome__k5,bacteria
AARAC,1,ecoli_CFT073_genome__k5,bacteria
ARACA,1,ecoli_CFT073_genome__k5,bacteria
RACAA,1,ecoli_CFT073_genome__k5,bacteria
AAGCS,1,ecoli_CFT073_genome__k5,bacteria
AGCST,1,ecoli_CFT073_genome__k5,bacteria
CSTTA,1,ecoli_CFT073_genome__k5,bacteria
STTAT,1,ecoli_CFT073_genome__k5,bacteria
GCCGW,1,ecoli_CFT073_genome__k5,bacteria
CCGWC,1,ecoli_CFT073_genome__k5,bacteria
CGWCT,1,ecoli_CFT073_genome__k5,bacteria
GWCTG,1,ecoli_CFT073_genome__k5,bacteria
WCTGA,1,ecoli_CFT073_genome__k5,bacteria
GCCGS,2,ecoli_CFT073_genome__k5,bacteria
CCGST,1,ecoli_CFT073_genome__k5,bacteria
CGSTA,1,ecoli_CFT073_genome__k5,bacteria
GSTAC,1,ecoli_CFT073_genome__k5,bacteria
STACG,1,ecoli_CFT073_genome__k5,bacteria
ATTGR,1,ecoli_CFT073_genome__k5,bacteria
TTGRG,1,ecoli_CFT073_genome__k5,bacteria
TGRGA,1,ecoli_CFT073_genome__k5,bacteria
GRGAA,1,ecoli_CFT073_genome__k5,bacteria
CGGCR,1,ecoli_CFT073_genome__k5,bacteria
GGCRT,1,ecoli_CFT073_genome__k5,bacteria
GCRTA,1,ecoli_CFT073_genome__k5,bacteria
CRTAA,1,ecoli_CFT073_genome__k5,bacteria
RTAAG,1,ecoli_CFT073_genome__k5,bacteria
CATCY,1,ecoli_CFT073_genome__k5,bacteria
ATCYT,1,ecoli_CFT073_genome__k5,bacteria
TCYTT,1,ecoli_CFT073_genome__k5,bacteria
YTTCA,1,ecoli_CFT073_genome__k5,bacteria
CCAKC,1,ecoli_CFT073_genome__k5,bacteria
CAKCG,1,ecoli_CFT073_genome__k5,bacteria
AKCGA,1,ecoli_CFT073_genome__k5,bacteria
KCGAT,1,ecoli_CFT073_genome__k5,bacteria
GACCK,1,ecoli_CFT073_genome__k5,bacteria
ACCKC,1,ecoli_CFT073_genome__k5,bacteria
CCKCC,1,ecoli_CFT073_genome__k5,bacteria
CKCCG,1,ecoli_CFT073_genome__k5,bacteria
KCCGA,1,ecoli_CFT073_genome__k5,bacteria
TCTCR,1,ecoli_CFT073_genome__k5,bacteria
CTCRC,1,ecoli_CFT073_genome__k5,bacteria
TCRCC,1,ecoli_CFT073_genome__k5,bacteria
CRCCA,1,ecoli_CFT073_genome__k5,bacteria
RCCAG,1,ecoli_CFT073_genome__k5,bacteria
GTTGK,1,ecoli_CFT073_genome__k5,bacteria
TTGKG,1,ecoli_CFT073_genome__k5,bacteria
TGKGG,1,ecoli_CFT073_genome__k5,bacteria
GKGGT,1,ecoli_CFT073_genome__k5,bacteria
KGGTC,1,ecoli_CFT073_genome__k5,bacteria
CCCTY,1,ecoli_CFT073_genome__k5,bacteria
CCTYC,2,ecoli_CFT073_genome__k5,bacteria
CTYCT,2,ecoli_CFT073_genome__k5,bacteria
TYCTG,1,ecoli_CFT073_genome__k5,bacteria
YCTGG,1,ecoli_CFT073_genome__k5,bacteria
GCTGM,1,ecoli_CFT073_genome__k5,bacteria
CTGMG,1,ecoli_CFT073_genome__k5,bacteria
TGMGT,1,ecoli_CFT073_genome__k5,bacteria
GMGTA,1,ecoli_CFT073_genome__k5,bacteria
CAGGY,1,ecoli_CFT073_genome__k5,bacteria
AGGYT,1,ecoli_CFT073_genome__k5,bacteria
GGYTG,1,ecoli_CFT073_genome__k5,bacteria
GYTGC,1,ecoli_CFT073_genome__k5,bacteria
YTGCC,1,ecoli_CFT073_genome__k5,bacteria
CAGAY,1,ecoli_CFT073_genome__k5,bacteria
AGAYC,1,ecoli_CFT073_genome__k5,bacteria
GAYCC,1,ecoli_CFT073_genome__k5,bacteria
AYCCA,1,ecoli_CFT073_genome__k5,bacteria
YCCAG,1,ecoli_CFT073_genome__k5,bacteria
CAGCR,1,ecoli_CFT073_genome__k5,bacteria
AGCRA,1,ecoli_CFT073_genome__k5,bacteria
GCRAA,2,ecoli_CFT073_genome__k5,bacteria
CRAAR,1,ecoli_CFT073_genome__k5,bacteria
RAARC,1,ecoli_CFT073_genome__k5,bacteria
AARCA,1,ecoli_CFT073_genome__k5,bacteria
ARCAG,1,ecoli_CFT073_genome__k5,bacteria
RCAGC,1,ecoli_CFT073_genome__k5,bacteria
GCTGY,1,ecoli_CFT073_genome__k5,bacteria
CTGYT,1,ecoli_CFT073_genome__k5,bacteria
TGYTT,1,ecoli_CFT073_genome__k5,bacteria
GYTTC,1,ecoli_CFT073_genome__k5,bacteria
YTTCC,1,ecoli_CFT073_genome__k5,bacteria
ACTCY,1,ecoli_CFT073_genome__k5,bacteria
CTCYT,1,ecoli_CFT073_genome__k5,bacteria
TCYTG,1,ecoli_CFT073_genome__k5,bacteria
CYTGA,1,ecoli_CFT073_genome__k5,bacteria
YTGAG,1,ecoli_CFT073_genome__k5,bacteria
GACTR,1,ecoli_CFT073_genome__k5,bacteria
ACTRA,1,ecoli_CFT073_genome__k5,bacteria
CTRAC,1,ecoli_CFT073_genome__k5,bacteria
TRACT,1,ecoli_CFT073_genome__k5,bacteria
RACTA,1,ecoli_CFT073_genome__k5,bacteria
TCATR,1,ecoli_CFT073_genome__k5,bacteria
CATRA,1,ecoli_CFT073_genome__k5,bacteria
ATRAT,1,ecoli_CFT073_genome__k5,bacteria
TRATT,1,ecoli_CFT073_genome__k5,bacteria
RATTG,1,ecoli_CFT073_genome__k5,bacteria
GGACR,1,ecoli_CFT073_genome__k5,bacteria
GACRG,1,ecoli_CFT073_genome__k5,bacteria
ACRGC,1,ecoli_CFT073_genome__k5,bacteria
CRGCW,1,ecoli_CFT073_genome__k5,bacteria
RGCWC,1,ecoli_CFT073_genome__k5,bacteria
GCWCC,1,ecoli_CFT073_genome__k5,bacteria
CWCCA,1,ecoli_CFT073_genome__k5,bacteria
WCCAA,1,ecoli_CFT073_genome__k5,bacteria
GCGGS,1,ecoli_CFT073_genome__k5,bacteria
CGGSG,1,ecoli_CFT073_genome__k5,bacteria
GGSGA,1,ecoli_CFT073_genome__k5,bacteria
GSGAA,1,ecoli_CFT073_genome__k5,bacteria
SGAAA,1,ecoli_CFT073_genome__k5,bacteria
GAAGM,1,ecoli_CFT073_genome__k5,bacteria
AAGMA,1,ecoli_CFT073_genome__k5,bacteria
AGMAC,1,ecoli_CFT073_genome__k5,bacteria
GMACG,1,ecoli_CFT073_genome__k5,bacteria
MACGT,1,ecoli_CFT073_genome__k5,bacteria
TCACM,1,ecoli_CFT073_genome__k5,bacteria
CACMA,1,ecoli_CFT073_genome__k5,bacteria
ACMAA,1,ecoli_CFT073_genome__k5,bacteria
CMAAT,1,ecoli_CFT073_genome__k5,bacteria
MAATC,1,ecoli_CFT073_genome__k5,bacteria
GGTTS,1,ecoli_CFT073_genome__k5,bacteria
GTTSC,1,ecoli_CFT073_genome__k5,bacteria
TTSCG,1,ecoli_CFT073_genome__k5,bacteria
TSCGA,1,ecoli_CFT073_genome__k5,bacteria
SCGAT,1,ecoli_CFT073_genome__k5,bacteria
CGCAK,1,ecoli_CFT073_genome__k5,bacteria
CAKTC,1,ecoli_CFT073_genome__k5,bacteria
AKTCA,1,ecoli_CFT073_genome__k5,bacteria
KTCAC,1,ecoli_CFT073_genome__k5,bacteria
TCCAW,1,ecoli_CFT073_genome__k5,bacteria
CCAWT,1,ecoli_CFT073_genome__k5,bacteria
CAWTT,1,ecoli_CFT073_genome__k5,bacteria
AWTTA,1,ecoli_CFT073_genome__k5,bacteria
WTTAC,1,ecoli_CFT073_genome__k5,bacteria
ACCGY,1,ecoli_CFT073_genome__k5,bacteria
CCGYC,1,ecoli_CFT073_genome__k5,bacteria
CGYCT,1,ecoli_CFT073_genome__k5,bacteria
GYCTT,1,ecoli_CFT073_genome__k5,bacteria
YCTTA,2,ecoli_CFT073_genome__k5,bacteria
ATGGY,1,ecoli_CFT073_genome__k5,bacteria
TGGYC,2,ecoli_CFT073_genome__k5,bacteria
GGYCG,2,ecoli_CFT073_genome__k5,bacteria
GYCGA,1,ecoli_CFT073_genome__k5,bacteria
YCGAA,1,ecoli_CFT073_genome__k5,bacteria
GGCKT,1,ecoli_CFT073_genome__k5,bacteria
GCKTA,1,ecoli_CFT073_genome__k5,bacteria
CKTAA,1,ecoli_CFT073_genome__k5,bacteria
KTAAC,1,ecoli_CFT073_genome__k5,bacteria
GGAGM,1,ecoli_CFT073_genome__k5,bacteria
GAGMG,1,ecoli_CFT073_genome__k5,bacteria
AGMGA,1,ecoli_CFT073_genome__k5,bacteria
GMGAC,1,ecoli_CFT073_genome__k5,bacteria
MGACG,1,ecoli_CFT073_genome__k5,bacteria
TACCY,1,ecoli_CFT073_genome__k5,bacteria
ACCYT,1,ecoli_CFT073_genome__k5,bacteria
CCYTA,1,ecoli_CFT073_genome__k5,bacteria
CYTAC,1,ecoli_CFT073_genome__k5,bacteria
YTACC,1,ecoli_CFT073_genome__k5,bacteria
ACGTR,1,ecoli_CFT073_genome__k5,bacteria
CGTRT,1,ecoli_CFT073_genome__k5,bacteria
GTRTC,1,ecoli_CFT073_genome__k5,bacteria
RTCAG,1,ecoli_CFT073_genome__k5,bacteria
TTAAK,1,ecoli_CFT073_genome__k5,bacteria
TAAKC,1,ecoli_CFT073_genome__k5,bacteria
AAKCT,1,ecoli_CFT073_genome__k5,bacteria
AKCTA,1,ecoli_CFT073_genome__k5,bacteria
KCTAC,1,ecoli_CFT073_genome__k5,bacteria
CTCGY,1,ecoli_CFT073_genome__k5,bacteria
TCGYG,1,ecoli_CFT073_genome__k5,bacteria
CGYGT,1,ecoli_CFT073_genome__k5,bacteria
GYGTT,1,ecoli_CFT073_genome__k5,bacteria
YGTTT,1,ecoli_CFT073_genome__k5,bacteria
TGCAS,1,ecoli_CFT073_genome__k5,bacteria
GCASC,1,ecoli_CFT073_genome__k5,bacteria
CASCC,1,ecoli_CFT073_genome__k5,bacteria
ASCCG,1,ecoli_CFT073_genome__k5,bacteria
SCCGA,1,ecoli_CFT073_genome__k5,bacteria
TCCGS,1,ecoli_CFT073_genome__k5,bacteria
CCGSA,1,ecoli_CFT073_genome__k5,bacteria
CGSAC,1,ecoli_CFT073_genome__k5,bacteria
GSACT,1,ecoli_CFT073_genome__k5,bacteria
SACTT,1,ecoli_CFT073_genome__k5,bacteria
AAGCK,1,ecoli_CFT073_genome__k5,bacteria
AGCKA,1,ecoli_CFT073_genome__k5,bacteria
GCKAC,1,ecoli_CFT073_genome__k5,bacteria
KACAA,1,ecoli_CFT073_genome__k5,bacteria
TTCGW,1,ecoli_CFT073_genome__k5,bacteria
TCGWT,1,ecoli_CFT073_genome__k5,bacteria
CGWTT,1,ecoli_CFT073_genome__k5,bacteria
GWTTG,1,ecoli_CFT073_genome__k5,bacteria
WTTGA,1,ecoli_CFT073_genome__k5,bacteria
AACTM,1,ecoli_CFT073_genome__k5,bacteria
ACTMC,1,ecoli_CFT073_genome__k5,bacteria
CTMCA,1,ecoli_CFT073_genome__k5,bacteria
TMCAT,1,ecoli_CFT073_genome__k5,bacteria
MCATA,1,ecoli_CFT073_genome__k5,bacteria
GTAGW,1,ecoli_CFT073_genome__k5,bacteria
TAGWC,1,ecoli_CFT073_genome__k5,bacteria
GWCTA,1,ecoli_CFT073_genome__k5,bacteria
WCTAC,1,ecoli_CFT073_genome__k5,bacteria
TGCTK,1,ecoli_CFT073_genome__k5,bacteria
GCTKG,1,ecoli_CFT073_genome__k5,bacteria
CTKGA,1,ecoli_CFT073_genome__k5,bacteria
TKGAA,1,ecoli_CFT073_genome__k5,bacteria
KGAAG,1,ecoli_CFT073_genome__k5,bacteria
CGATW,1,ecoli_CFT073_genome__k5,bacteria
GATWA,1,ecoli_CFT073_genome__k5,bacteria
ATWAA,1,ecoli_CFT073_genome__k5,bacteria
TWAAG,1,ecoli_CFT073_genome__k5,bacteria
WAAGG,1,ecoli_CFT073_genome__k5,bacteria
AAAGK,1,ecoli_CFT073_genome__k5,bacteria
AAGKY,1,ecoli_CFT073_genome__k5,bacteria
AGKYG,1,ecoli_CFT073_genome__k5,bacteria
GKYGC,1,ecoli_CFT073_genome__k5,bacteria
KYGCW,1,ecoli_CFT073_genome__k5,bacteria
YGCWG,1,ecoli_CFT073_genome__k5,bacteria
GCWGC,1,ecoli_CFT073_genome__k5,bacteria
CWGCG,1,ecoli_CFT073_genome__k5,bacteria
WGCGA,1,ecoli_CFT073_genome__k5,bacteria
CATCR,1,ecoli_CFT073_genome__k5,bacteria
ATCRA,1,ecoli_CFT073_genome__k5,bacteria
TCRAA,1,ecoli_CFT073_genome__k5,bacteria
CRAAC,1,ecoli_CFT073_genome__k5,bacteria
RAACT,1,ecoli_CFT073_genome__k5,bacteria
TTGCR,1,ecoli_CFT073_genome__k5,bacteria
CRAAA,1,ecoli_CFT073_genome__k5,bacteria
RAAAG,1,ecoli_CFT073_genome__k5,bacteria
GCCCK,1,ecoli_CFT073_genome__k5,bacteria
CCCKC,1,ecoli_CFT073_genome__k5,bacteria
CCKCT,1,ecoli_CFT073_genome__k5,bacteria
CKCTC,1,ecoli_CFT073_genome__k5,bacteria
KCTCG,1,ecoli_CFT073_genome__k5,bacteria
CGCAW,1,ecoli_CFT073_genome__k5,bacteria
GCAWG,1,ecoli_CFT073_genome__k5,bacteria
CAWGC,1,ecoli_CFT073_genome__k5,bacteria
AWGCT,1,ecoli_CFT073_genome__k5,bacteria
WGCTG,1,ecoli_CFT073_genome__k5,bacteria
CCACR,1,ecoli_CFT073_genome__k5,bacteria
CACRT,1,ecoli_CFT073_genome__k5,bacteria
ACRTC,1,ecoli_CFT073_genome__k5,bacteria
CRTCC,1,ecoli_CFT073_genome__k5,bacteria
RTCCC,1,ecoli_CFT073_genome__k5,bacteria
AGGTS,1,ecoli_CFT073_genome__k5,bacteria
GGTSG,1,ecoli_CFT073_genome__k5,bacteria
GTSGG,1,ecoli_CFT073_genome__k5,bacteria
TSGGT,1,ecoli_CFT073_genome__k5,bacteria
SGGTT,1,ecoli_CFT073_genome__k5,bacteria
CGAAK,1,ecoli_CFT073_genome__k5,bacteria
GAAKA,1,ecoli_CFT073_genome__k5,bacteria
AAKAA,1,ecoli_CFT073_genome__k5,bacteria
AKAAG,1,ecoli_CFT073_genome__k5,bacteria
KAAGC,1,ecoli_CFT073_genome__k5,bacteria
CCGAR,1,ecoli_CFT073_genome__k5,bacteria
CGART,1,ecoli_CFT073_genome__k5,bacteria
GARTA,1,ecoli_CFT073_genome__k5,bacteria
ARTAT,1,ecoli_CFT073_genome__k5,bacteria
RTATG,1,ecoli_CFT073_genome__k5,bacteria
ATTAK,1,ecoli_CFT073_genome__k5,bacteria
TTAKK,1,ecoli_CFT073_genome__k5,bacteria
TAKKG,1,ecoli_CFT073_genome__k5,bacteria
AKKGG,1,ecoli_CFT073_genome__k5,bacteria
KKGGC,1,ecoli_CFT073_genome__k5,bacteria
KGGCG,1,ecoli_CFT073_genome__k5,bacteria
TGAAW,1,ecoli_CFT073_genome__k5,bacteria
GAAWG,1,ecoli_CFT073_genome__k5,bacteria
AAWGA,1,ecoli_CFT073_genome__k5,bacteria
AWGAC,1,ecoli_CFT073_genome__k5,bacteria
WGACA,1,ecoli_CFT073_genome__k5,bacteria
TTGGY,1,ecoli_CFT073_genome__k5,bacteria
GYCGY,1,ecoli_CFT073_genome__k5,bacteria
YCGYG,1,ecoli_CFT073_genome__k5,bacteria
CGYGC,1,ecoli_CFT073_genome__k5,bacteria
GYGCC,1,ecoli_CFT073_genome__k5,bacteria
YGCCA,1,ecoli_CFT073_genome__k5,bacteria
CTGAR,1,ecoli_CFT073_genome__k5,bacteria
TGARA,1,ecoli_CFT073_genome__k5,bacteria
GARAG,1,ecoli_CFT073_genome__k5,bacteria
ARAGA,1,ecoli_CFT073_genome__k5,bacteria
RAGAG,1,ecoli_CFT073_genome__k5,bacteria
GTAGM,1,ecoli_CFT073_genome__k5,bacteria
TAGMT,1,ecoli_CFT073_genome__k5,bacteria
AGMTT,1,ecoli_CFT073_genome__k5,bacteria
GMTTA,1,ecoli_CFT073_genome__k5,bacteria
MTTAA,1,ecoli_CFT073_genome__k5,bacteria
ACCTY,1,ecoli_CFT073_genome__k5,bacteria
TYCTT,1,ecoli_CFT073_genome__k5,bacteria
ACCCS,1,ecoli_CFT073_genome__k5,bacteria
CCCSA,1,ecoli_CFT073_genome__k5,bacteria
CCSAA,1,ecoli_CFT073_genome__k5,bacteria
CSAAA,1,ecoli_CFT073_genome__k5,bacteria
SAAAC,1,ecoli_CFT073_genome__k5,bacteria
CCGSC,1,ecoli_CFT073_genome__k5,bacteria
CGSCG,1,ecoli_CFT073_genome__k5,bacteria
GSCGC,1,ecoli_CFT073_genome__k5,bacteria
SCGCG,1,ecoli_CFT073_genome__k5,bacteria
TTACK,1,ecoli_CFT073_genome__k5,bacteria
TACKA,1,ecoli_CFT073_genome__k5,bacteria
ACKAT,1,ecoli_CFT073_genome__k5,bacteria
CKATA,1,ecoli_CFT073_genome__k5,bacteria
KATAT,1,ecoli_CFT073_genome__k5,bacteria
AGCTY,1,ecoli_CFT073_genome__k5,bacteria
GCTYA,1,ecoli_CFT073_genome__k5,bacteria
CTYAC,1,ecoli_CFT073_genome__k5,bacteria
TYACA,1,ecoli_CFT073_genome__k5,bacteria
YACAA,1,ecoli_CFT073_genome__k5,bacteria
ATAAM,1,ecoli_CFT073_genome__k5,bacteria
TAAMT,1,ecoli_CFT073_genome__k5,bacteria
AAMTC,1,ecoli_CFT073_genome__k5,bacteria
AMTCA,1,ecoli_CFT073_genome__k5,bacteria
MTCAG,1,ecoli_CFT073_genome__k5,bacteria
GTGGA,5308,Enterobacter cloacae subsp. cloacae ATCC 13047__k5,bacteria
TGGAG,4596,Enterobacter cloacae subsp. cloacae ATCC 13047__k5,bacteria
GGAGT,2791,Enterobacter cloacae subsp. cloacae ATCC 13047__k5,bacteria
GAGTC,2047,Enterobacter cloacae subsp. cloacae ATCC 13047__k5,bacteria
AGTCC,2321,Enterobacter cloacae subsp. cloacae ATCC 13047__k5,bacteria
GTCCG,4356,Enterobacter cloacae subsp. cloacae ATCC 13047__k5,bacteria
TCCGC,7379,Enterobacter cloacae subsp. cloacae ATCC 13047__k5,bacteria
CCGCC,13174,Enterobacter cloacae subsp. cloacae ATCC 13047__k5,bacteria
CGCCG,14626,Enterobacter cloacae subsp. cloacae ATCC 13047__k5,bacteria
GCCGT,9694,Enterobacter cloacae subsp. cloacae ATCC 13047__k5,bacteria
CCGTG,6448,Enterobacter cloacae subsp. cloacae ATCC 13047__k5,bacteria
CGTGT,3140,Enterobacter cloacae subsp. cloacae ATCC 13047__k5,bacteria
GTGTC,2971,Enterobacter cloacae subsp. cloacae ATCC 13047__k5,bacteria
TGTCA,4014,Enterobacter cloacae subsp. cloacae ATCC 13047__k5,bacteria
GTCAC,5537,Enterobacter cloacae subsp. cloacae ATCC 13047__k5,bacteria
TCACT,3811,Enterobacter cloacae subsp. cloacae ATCC 13047__k5,bacteria
CACTT,4163,Enterobacter cloacae subsp. cloacae ATCC 13047__k5,bacteria
ACTTT,4398,Enterobacter cloacae subsp. cloacae ATCC 13047__k5,bacteria
CTTTC,6418,Enterobacter cloacae subsp. cloacae ATCC 13047__k5,bacteria
TTTCG,6512,Enterobacter cloacae subsp. cloacae ATCC 13047__k5,bacteria
TTCGC,8338,Enterobacter cloacae subsp. cloacae ATCC 13047__k5,bacteria
TCGCT,6610,Enterobacter cloacae subsp. cloacae ATCC 13047__k5,bacteria
CGCTT,8305,Enterobacter cloacae subsp. cloacae ATCC 13047__k5,bacteria
GCTTT,8707,Enterobacter cloacae subsp. cloacae ATCC 13047__k5,bacteria
CTTTG,6260,Enterobacter cloacae subsp. cloacae ATCC 13047__k5,bacteria
TTTGG,4798,Enterobacter cloacae subsp. cloacae ATCC 13047__k5,bacteria
TTGGC,6172,Enterobacter cloacae subsp. cloacae ATCC 13047__k5,bacteria
TGGCA,8591,Enterobacter cloacae subsp. cloacae ATCC 13047__k5,bacteria
GGCAG,9671,Enterobacter cloacae subsp. cloacae ATCC 13047__k5,bacteria
GCAGC,14430,Enterobacter cloacae subsp. cloacae ATCC 13047__k5,bacteria
CAGCA,16497,Enterobacter cloacae subsp. cloacae ATCC 13047__k5,bacteria
AGCAG,11580,Enterobacter cloacae subsp. cloacae ATCC 13047__k5,bacteria
GCAGT,5895,Enterobacter cloacae subsp. cloacae ATCC 13047__k5,bacteria
CAGTG,5204,Enterobacter cloacae subsp. cloacae ATCC 13047__k5,bacteria
AGTGT,2010,Enterobacter cloacae subsp. cloacae ATCC 13047__k5,bacteria
TGTCT,3041,Enterobacter cloacae subsp. cloacae ATCC 13047__k5,bacteria
GTCTT,3632,Enterobacter cloacae subsp. cloacae ATCC 13047__k5,bacteria
TCTTG,2377,Enterobacter cloacae subsp. cloacae ATCC 13047__k5,bacteria
CTTGC,4146,Enterobacter cloacae subsp. cloacae ATCC 13047__k5,bacteria
TTGCC,9431,Enterobacter cloacae subsp. cloacae ATCC 13047__k5,bacteria
TGCCC,7132,Enterobacter cloacae subsp. cloacae ATCC 13047__k5,bacteria
GCCCG,8923,Enterobacter cloacae subsp. cloacae ATCC 13047__k5,bacteria
CCCGA,3925,Enterobacter cloacae subsp. cloacae ATCC 13047__k5,bacteria
CCGAT,6127,Enterobacter cloacae subsp. cloacae ATCC 13047__k5,bacteria
CGATT,4847,Enterobacter cloacae subsp. cloacae ATCC 13047__k5,bacteria
GATTG,5459,Enterobacter cloacae subsp. cloacae ATCC 13047__k5,bacteria
ATTGC,6232,Enterobacter cloacae subsp. cloacae ATCC 13047__k5,bacteria
TTGCA,4176,Enterobacter cloacae subsp. cloacae ATCC 13047__k5,bacteria
TGCAG,9291,Enterobacter cloacae subsp. cloacae ATCC 13047__k5,bacteria
GCAGG,12535,Enterobacter cloacae subsp. cloacae ATCC 13047__k5,bacteria
CAGGA,8186,Enterobacter cloacae subsp. cloacae ATCC 13047__k5,bacteria
AGGAT,4712,Enterobacter cloacae subsp. cloacae ATCC 13047__k5,bacteria
GGATG,6647,Enterobacter cloacae subsp. cloacae ATCC 13047__k5,bacteria
GATGA,8947,Enterobacter cloacae subsp. cloacae ATCC 13047__k5,bacteria
ATGAG,3784,Enterobacter cloacae subsp. cloacae ATCC 13047__k5,bacteria
TGAGT,3044,Enterobacter cloacae subsp. cloacae ATCC 13047__k5,bacteria
GAGTT,3212,Enterobacter cloacae subsp. cloacae ATCC 13047__k5,bacteria
AGTTA,2334,Enterobacter cloacae subsp. cloacae ATCC 13047__k5,bacteria
GTTAC,4202,Enterobacter cloacae subsp. cloacae ATCC 13047__k5,bacteria
TTACC,6760,Enterobacter cloacae subsp. cloacae ATCC 13047__k5,bacteria
TACCA,4250,Enterobacter cloacae subsp. cloacae ATCC 13047__k5,bacteria
ACCAG,10142,Enterobacter cloacae subsp. cloacae ATCC 13047__k5,bacteria
CCAGC,19216,Enterobacter cloacae subsp. cloacae ATCC 13047__k5,bacteria
CAGCC,11259,Enterobacter cloacae subsp. cloacae ATCC 13047__k5,bacteria
AGCCA,7616,Enterobacter cloacae subsp. cloacae ATCC 13047__k5,bacteria
GCCAC,8809,Enterobacter cloacae subsp. cloacae ATCC 13047__k5,bacteria
CCACA,5045,Enterobacter cloacae subsp. cloacae ATCC 13047__k5,bacteria
CACAG,4494,Enterobacter cloacae subsp. cloacae ATCC 13047__k5,bacteria
ACAGA,3961,Enterobacter cloacae subsp. cloacae ATCC 13047__k5,bacteria
CAGAA,7966,Enterobacter cloacae subsp. cloacae ATCC 13047__k5,bacteria
AGAAT,4027,Enterobacter cloacae subsp. cloacae ATCC 13047__k5,bacteria
GAATT,3838,Enterobacter cloacae subsp. cloacae ATCC 13047__k5,bacteria
AATTC,3916,Enterobacter cloacae subsp. cloacae ATCC 13047__k5,bacteria
ATTCA,5690,Enterobacter cloacae subsp. cloacae ATCC 13047__k5,bacteria
TTCAG,10127,Enterobacter cloacae subsp. cloacae ATCC 13047__k5,bacteria
TCAGT,4715,Enterobacter cloacae subsp. cloacae ATCC 13047__k5,bacteria
CAGTA,4628,Enterobacter cloacae subsp. cloacae ATCC 13047__k5,bacteria
AGTAT,2403,Enterobacter cloacae subsp. cloacae ATCC 13047__k5,bacteria
GTATG,3214,Enterobacter cloacae subsp. cloacae ATCC 13047__k5,bacteria
TATGT,2300,Enterobacter cloacae subsp. cloacae ATCC 13047__k5,bacteria
ATGTG,3400,Enterobacter cloacae subsp. cloacae ATCC 13047__k5,bacteria
TGTGG,4802,Enterobacter cloacae subsp. cloacae ATCC 13047__k5,bacteria
TGGAT,6303,Enterobacter cloacae subsp. cloacae ATCC 13047__k5,bacteria
GGATC,6412,Enterobacter cloacae subsp. cloacae ATCC 13047__k5,bacteria
GATCC,6428,Enterobacter cloacae subsp. cloacae ATCC 13047__k5,bacteria
ATCCG,6611,Enterobacter cloacae subsp. cloacae ATCC 13047__k5,bacteria
CGCCC,8947,Enterobacter cloacae subsp. cloacae ATCC 13047__k5,bacteria
CCCGT,4936,Enterobacter cloacae subsp. cloacae ATCC 13047__k5,bacteria
CCGTT,7396,Enterobacter cloacae subsp. cloacae ATCC 13047__k5,bacteria
CGTTG,6990,Enterobacter cloacae subsp. cloacae ATCC 13047__k5,bacteria
GTTGC,6612,Enterobacter cloacae subsp. cloacae ATCC 13047__k5,bacteria
CAGGC,12195,Enterobacter cloacae subsp. cloacae ATCC 13047__k5,bacteria
AGGCG,8303,Enterobacter cloacae subsp. cloacae ATCC 13047__k5,bacteria
GGCGG,12265,Enterobacter cloacae subsp. cloacae ATCC 13047__k5,bacteria
GCGGA,7182,Enterobacter cloacae subsp. cloacae ATCC 13047__k5,bacteria
CGGAA,6717,Enterobacter cloacae subsp. cloacae ATCC 13047__k5,bacteria
GGAAC,5011,Enterobacter cloacae subsp. cloacae ATCC 13047__k5,bacteria
GAACT,4535,Enterobacter cloacae subsp. cloacae ATCC 13047__k5,bacteria
AACTG,6633,Enterobacter cloacae subsp. cloacae ATCC 13047__k5,bacteria
ACTGA,4621,Enterobacter cloacae subsp. cloacae ATCC 13047__k5,bacteria
CTGAG,4817,Enterobacter cloacae subsp. cloacae ATCC 13047__k5,bacteria
TGAGC,6857,Enterobacter cloacae subsp. cloacae ATCC 13047__k5,bacteria
GAGCG,6278,Enterobacter cloacae subsp. cloacae ATCC 13047__k5,bacteria
AGCGA,6410,Enterobacter cloacae subsp. cloacae ATCC 13047__k5,bacteria
GCGAT,9520,Enterobacter cloacae subsp. cloacae ATCC 13047__k5,bacteria
CGATA,6976,Enterobacter cloacae subsp. cloacae ATCC 13047__k5,bacteria
GATAA,7634,Enterobacter cloacae subsp. cloacae ATCC 13047__k5,bacteria
ATAAC,5064,Enterobacter cloacae subsp. cloacae ATCC 13047__k5,bacteria
TAACA,3366,Enterobacter cloacae subsp. cloacae ATCC 13047__k5,bacteria
AACAC,4483,Enterobacter cloacae subsp. cloacae ATCC 13047__k5,bacteria
ACACG,3139,Enterobacter cloacae subsp. cloacae ATCC 13047__k5,bacteria
CACGC,9751,Enterobacter cloacae subsp. cloacae ATCC 13047__k5,bacteria
ACGCT,8473,Enterobacter cloacae subsp. cloacae ATCC 13047__k5,bacteria
CGCTG,18109,Enterobacter cloacae subsp. cloacae ATCC 13047__k5,bacteria
GCTGG,18802,Enterobacter cloacae subsp. cloacae ATCC 13047__k5,bacteria
CTGGC,16190,Enterobacter cloacae subsp. cloacae ATCC 13047__k5,bacteria
TGGCT,7461,Enterobacter cloacae subsp. cloacae ATCC 13047__k5,bacteria
GGCTT,6657,Enterobacter cloacae subsp. cloacae ATCC 13047__k5,bacteria
TTTGT,5157,Enterobacter cloacae subsp. cloacae ATCC 13047__k5,bacteria
TTGTA,2394,Enterobacter cloacae subsp. cloacae ATCC 13047__k5,bacteria
TGTAT,2622,Enterobacter cloacae subsp. cloacae ATCC 13047__k5,bacteria
TATGC,3990,Enterobacter cloacae subsp. cloacae ATCC 13047__k5,bacteria
ATGCG,6688,Enterobacter cloacae subsp. cloacae ATCC 13047__k5,bacteria
TGCGC,12151,Enterobacter cloacae subsp. cloacae ATCC 13047__k5,bacteria
GCGCC,12873,Enterobacter cloacae subsp. cloacae ATCC 13047__k5,bacteria
CGCCA,15692,Enterobacter cloacae subsp. cloacae ATCC 13047__k5,bacteria
GCCAA,6170,Enterobacter cloacae subsp. cloacae ATCC 13047__k5,bacteria
CCAAA,4791,Enterobacter cloacae subsp. cloacae ATCC 13047__k5,bacteria
CAAAC,6530,Enterobacter cloacae subsp. cloacae ATCC 13047__k5,bacteria
AAACC,7574,Enterobacter cloacae subsp. cloacae ATCC 13047__k5,bacteria
AACCG,7203,Enterobacter cloacae subsp. cloacae ATCC 13047__k5,bacteria
ACCGT,7349,Enterobacter cloacae subsp. cloacae ATCC 13047__k5,bacteria
CGTTT,7672,Enterobacter cloacae subsp. cloacae ATCC 13047__k5,bacteria
GTTTT,8863,Enterobacter cloacae subsp. cloacae ATCC 13047__k5,bacteria
TTTTG,7799,Enterobacter cloacae subsp. cloacae ATCC 13047__k5,bacteria
TTGTG,3828,Enterobacter cloacae subsp. cloacae ATCC 13047__k5,bacteria
TGTGC,4628,Enterobacter cloacae subsp. cloacae ATCC 13047__k5,bacteria
GTGCT,6156,Enterobacter cloacae subsp. cloacae ATCC 13047__k5,bacteria
TGCTC,6238,Enterobacter cloacae subsp. cloacae ATCC 13047__k5,bacteria
GCTCG,5575,Enterobacter cloacae subsp. cloacae ATCC 13047__k5,bacteria
CTCGA,3035,Enterobacter cloacae subsp. cloacae ATCC 13047__k5,bacteria
TCGAT,6183,Enterobacter cloacae subsp. cloacae ATCC 13047__k5,bacteria
ATTGG,3461,Enterobacter cloacae subsp. cloacae ATCC 13047__k5,bacteria
TTGGG,2251,Enterobacter cloacae subsp. cloacae ATCC 13047__k5,bacteria
TGGGT,4757,Enterobacter cloacae subsp. cloacae ATCC 13047__k5,bacteria
GGGTA,4373,Enterobacter cloacae subsp. cloacae ATCC 13047__k5,bacteria
GGTAA,6541,Enterobacter cloacae subsp. cloacae ATCC 13047__k5,bacteria
GTAAG,2958,Enterobacter cloacae subsp. cloacae ATCC 13047__k5,bacteria
TAAGG,2471,Enterobacter cloacae subsp. cloacae ATCC 13047__k5,bacteria
AAGGG,3471,Enterobacter cloacae subsp. cloacae ATCC 13047__k5,bacteria
AGGGA,3041,Enterobacter cloacae subsp. cloacae ATCC 13047__k5,bacteria
GGGAC,2190,Enterobacter cloacae subsp. cloacae ATCC 13047__k5,bacteria
GGACA,3642,Enterobacter cloacae subsp. cloacae ATCC 13047__k5,bacteria
GACAA,4681,Enterobacter cloacae subsp. cloacae ATCC 13047__k5,bacteria
ACAAG,2269,Enterobacter cloacae subsp. cloacae ATCC 13047__k5,bacteria
CAAGT,1258,Enterobacter cloacae subsp. cloacae ATCC 13047__k5,bacteria
AAGTA,2140,Enterobacter cloacae subsp. cloacae ATCC 13047__k5,bacteria
AGTAC,3095,Enterobacter cloacae subsp. cloacae ATCC 13047__k5,bacteria
GTACC,4422,Enterobacter cloacae subsp. cloacae ATCC 13047__k5,bacteria
TACCT,3425,Enterobacter cloacae subsp. cloacae ATCC 13047__k5,bacteria
ACCTT,4639,Enterobacter cloacae subsp. cloacae ATCC 13047__k5,bacteria
CCTTA,2570,Enterobacter cloacae subsp. cloacae ATCC 13047__k5,bacteria
CTTAA,3281,Enterobacter cloacae subsp. cloacae ATCC 13047__k5,bacteria
TTAAT,5000,Enterobacter cloacae subsp. cloacae ATCC 13047__k5,bacteria
TAATA,3114,Enterobacter cloacae subsp. cloacae ATCC 13047__k5,bacteria
AATAA,5643,Enterobacter cloacae subsp. cloacae ATCC 13047__k5,bacteria
AACAT,4758,Enterobacter cloacae subsp. cloacae ATCC 13047__k5,bacteria
ACATC,5661,Enterobacter cloacae subsp. cloacae ATCC 13047__k5,bacteria
CATCA,10979,Enterobacter cloacae subsp. cloacae ATCC 13047__k5,bacteria
ATCAA,6627,Enterobacter cloacae subsp. cloacae ATCC 13047__k5,bacteria
TCAAC,6684,Enterobacter cloacae subsp. cloacae ATCC 13047__k5,bacteria
CAACG,7036,Enterobacter cloacae subsp. cloacae ATCC 13047__k5,bacteria
AACGG,7336,Enterobacter cloacae subsp. cloacae ATCC 13047__k5,bacteria
ACGGA,4430,Enterobacter cloacae subsp. cloacae ATCC 13047__k5,bacteria
CGGAC,4232,Enterobacter cloacae subsp. cloacae ATCC 13047__k5,bacteria
GGACT,2273,Enterobacter cloacae subsp. cloacae ATCC 13047__k5,bacteria
GACTG,3934,Enterobacter cloacae subsp. cloacae ATCC 13047__k5,bacteria
ACTGC,5944,Enterobacter cloacae subsp. cloacae ATCC 13047__k5,bacteria
CTGCT,12070,Enterobacter cloacae subsp. cloacae ATCC 13047__k5,bacteria
TGCTG,16397,Enterobacter cloacae subsp. cloacae ATCC 13047__k5,bacteria
GCTGA,13082,Enterobacter cloacae subsp. cloacae ATCC 13047__k5,bacteria
CTGAA,9727,Enterobacter cloacae subsp. cloacae ATCC 13047__k5,bacteria
TGAAT,5491,Enterobacter cloacae subsp. cloacae ATCC 13047__k5,bacteria
GAATG,5060,Enterobacter cloacae subsp. cloacae ATCC 13047__k5,bacteria
AATGA,5296,Enterobacter cloacae subsp. cloacae ATCC 13047__k5,bacteria
ATGAT,6409,Enterobacter cloacae subsp. cloacae ATCC 13047__k5,bacteria
TGATT,6844,Enterobacter cloacae subsp. cloacae ATCC 13047__k5,bacteria
GATTT,6774,Enterobacter cloacae subsp. cloacae ATCC 13047__k5,bacteria
ATTTC,6392,Enterobacter cloacae subsp. cloacae ATCC 13047__k5,bacteria
TTTCT,6114,Enterobacter cloacae subsp. cloacae ATCC 13047__k5,bacteria
TTCTG,7794,Enterobacter cloacae subsp. cloacae ATCC 13047__k5,bacteria
TCTGC,9123,Enterobacter cloacae subsp. cloacae ATCC 13047__k5,bacteria
CTGCG,11382,Enterobacter cloacae subsp. cloacae ATCC 13047__k5,bacteria
TGCGG,8530,Enterobacter cloacae subsp. cloacae ATCC 13047__k5,bacteria
GCGGG,8439,Enterobacter cloacae subsp. cloacae ATCC 13047__k5,bacteria
CGGGT,6942,Enterobacter cloacae subsp. cloacae ATCC 13047__k5,bacteria
GGGTC,3188,Enterobacter cloacae subsp. cloacae ATCC 13047__k5,bacteria
GGTCA,7860,Enterobacter cloacae subsp. cloacae ATCC 13047__k5,bacteria
GTCAG,8410,Enterobacter cloacae subsp. cloacae ATCC 13047__k5,bacteria
TCAGA,5441,Enterobacter cloacae subsp. cloacae ATCC 13047__k5,bacteria
CAGAT,7747,Enterobacter cloacae subsp. cloacae ATCC 13047__k5,bacteria
AGATG,5250,Enterobacter cloacae subsp. cloacae ATCC 13047__k5,bacteria
GATGC,8610,Enterobacter cloacae subsp. cloacae ATCC 13047__k5,bacteria
ATGCC,7859,Enterobacter cloacae subsp. cloacae ATCC 13047__k5,bacteria
GCCCC,4958,Enterobacter cloacae subsp. cloacae ATCC 13047__k5,bacteria
CCCCG,4893,Enterobacter cloacae subsp. cloacae ATCC 13047__k5,bacteria
CCCGC,8899,Enterobacter cloacae subsp. cloacae ATCC 13047__k5,bacteria
CCGCA,8627,Enterobacter cloacae subsp. cloacae ATCC 13047__k5,bacteria
CGCAG,11308,Enterobacter cloacae subsp. cloacae ATCC 13047__k5,bacteria
CAGCT,9700,Enterobacter cloacae subsp. cloacae ATCC 13047__k5,bacteria
AGCTG,9684,Enterobacter cloacae subsp. cloacae ATCC 13047__k5,bacteria
GCTGC,14566,Enterobacter cloacae subsp. cloacae ATCC 13047__k5,bacteria
GCGCT,12695,Enterobacter cloacae subsp. cloacae ATCC 13047__k5,bacteria
TTTGA,5562,Enterobacter cloacae subsp. cloacae ATCC 13047__k5,bacteria
TTGAA,5389,Enterobacter cloacae subsp. cloacae ATCC 13047__k5,bacteria
TGAAG,7873,Enterobacter cloacae subsp. cloacae ATCC 13047__k5,bacteria
GAAGT,4768,Enterobacter cloacae subsp. cloacae ATCC 13047__k5,bacteria
AAGTG,4073,Enterobacter cloacae subsp. cloacae ATCC 13047__k5,bacteria
AGTGG,3996,Enterobacter cloacae subsp. cloacae ATCC 13047__k5,bacteria
GTGGG,4452,Enterobacter cloacae subsp. cloacae ATCC 13047__k5,bacteria
TGGGC,6077,Enterobacter cloacae subsp. cloacae ATCC 13047__k5,bacteria
GGGCA,6575,Enterobacter cloacae subsp. cloacae ATCC 13047__k5,bacteria
GGCAC,6200,Enterobacter cloacae subsp. cloacae ATCC 13047__k5,bacteria
GCACA,4578,Enterobacter cloacae subsp. cloacae ATCC 13047__k5,bacteria
CACAA,3873,Enterobacter cloacae subsp. cloacae ATCC 13047__k5,bacteria
ACAAA,5308,Enterobacter cloacae subsp. cloacae ATCC 13047__k5,bacteria
CAAAG,6249,Enterobacter cloacae subsp. cloacae ATCC 13047__k5,bacteria
AAAGC,8508,Enterobacter cloacae subsp. cloacae ATCC 13047__k5,bacteria
AAGCC,6516,Enterobacter cloacae subsp. cloacae ATCC 13047__k5,bacteria
AGCCG,7494,Enterobacter cloacae subsp. cloacae ATCC 13047__k5,bacteria
GCCGG,11113,Enterobacter cloacae subsp. cloacae ATCC 13047__k5,bacteria
CCGGT,9435,Enterobacter cloacae subsp. cloacae ATCC 13047__k5,bacteria
CGGTC,6225,Enterobacter cloacae subsp. cloacae ATCC 13047__k5,bacteria
TCACC,10678,Enterobacter cloacae subsp. cloacae ATCC 13047__k5,bacteria
CACCC,6068,Enterobacter cloacae subsp. cloacae ATCC 13047__k5,bacteria
ACCCA,4659,Enterobacter cloacae subsp. cloacae ATCC 13047__k5,bacteria
CCCAG,7240,Enterobacter cloacae subsp. cloacae ATCC 13047__k5,bacteria
CCAGA,9357,Enterobacter cloacae subsp. cloacae ATCC 13047__k5,bacteria
CAGAC,7376,Enterobacter cloacae subsp. cloacae ATCC 13047__k5,bacteria
AGACG,5571,Enterobacter cloacae subsp. cloacae ATCC 13047__k5,bacteria
GACGG,7550,Enterobacter cloacae subsp. cloacae ATCC 13047__k5,bacteria
ACGGT,7209,Enterobacter cloacae subsp. cloacae ATCC 13047__k5,bacteria
CGGTG,10859,Enterobacter cloacae subsp. cloacae ATCC 13047__k5,bacteria
GGTGC,8238,Enterobacter cloacae subsp. cloacae ATCC 13047__k5,bacteria
GTGCG,6643,Enterobacter cloacae subsp. cloacae ATCC 13047__k5,bacteria
GCGCG,14033,Enterobacter cloacae subsp. cloacae ATCC 13047__k5,bacteria
CGCGA,7870,Enterobacter cloacae subsp. cloacae ATCC 13047__k5,bacteria
GCGAA,7962,Enterobacter cloacae subsp. cloacae ATCC 13047__k5,bacteria
CGAAA,6488,Enterobacter cloacae subsp. cloacae ATCC 13047__k5,bacteria
GAAAC,6077,Enterobacter cloacae subsp. cloacae ATCC 13047__k5,bacteria
CCGTA,4865,Enterobacter cloacae subsp. cloacae ATCC 13047__k5,bacteria
CGTAA,5309,Enterobacter cloacae subsp. cloacae ATCC 13047__k5,bacteria
GTAAA,6225,Enterobacter cloacae subsp. cloacae ATCC 13047__k5,bacteria
TAAAC,4916,Enterobacter cloacae subsp. cloacae ATCC 13047__k5,bacteria
AAACG,7888,Enterobacter cloacae subsp. cloacae ATCC 13047__k5,bacteria
AACGT,5656,Enterobacter cloacae subsp. cloacae ATCC 13047__k5,bacteria
ACGTG,4351,Enterobacter cloacae subsp. cloacae ATCC 13047__k5,bacteria
CGTGG,7501,Enterobacter cloacae subsp. cloacae ATCC 13047__k5,bacteria
GTGGC,8325,Enterobacter cloacae subsp. cloacae ATCC 13047__k5,bacteria
AGTGC,3981,Enterobacter cloacae subsp. cloacae ATCC 13047__k5,bacteria
GTGCC,6310,Enterobacter cloacae subsp. cloacae ATCC 13047__k5,bacteria
TGCCT,4981,Enterobacter cloacae subsp. cloacae ATCC 13047__k5,bacteria
GCCTG,12526,Enterobacter cloacae subsp. cloacae ATCC 13047__k5,bacteria
CCTGC,13288,Enterobacter cloacae subsp. cloacae ATCC 13047__k5,bacteria
GCTCA,7099,Enterobacter cloacae subsp. cloacae ATCC 13047__k5,bacteria
CTCAG,4821,Enterobacter cloacae subsp. cloacae ATCC 13047__k5,bacteria
TCAGG,9534,Enterobacter cloacae subsp. cloacae ATCC 13047__k5,bacteria
GCGGC,14126,Enterobacter cloacae subsp. cloacae ATCC 13047__k5,bacteria
CGGCA,13007,Enterobacter cloacae subsp. cloacae ATCC 13047__k5,bacteria
GCACC,8537,Enterobacter cloacae subsp. cloacae ATCC 13047__k5,bacteria
ACCCG,6924,Enterobacter cloacae subsp. cloacae ATCC 13047__k5,bacteria
CCGCT,8905,Enterobacter cloacae subsp. cloacae ATCC 13047__k5,bacteria
CGCTC,6517,Enterobacter cloacae subsp. cloacae ATCC 13047__k5,bacteria
GCTCC,4407,Enterobacter cloacae subsp. cloacae ATCC 13047__k5,bacteria
CTCCG,4258,Enterobacter cloacae subsp. cloacae ATCC 13047__k5,bacteria
TCCGG,7791,Enterobacter cloacae subsp. cloacae ATCC 13047__k5,bacteria
CCGGC,11413,Enterobacter cloacae subsp. cloacae ATCC 13047__k5,bacteria
CGGCT,7599,Enterobacter cloacae subsp. cloacae ATCC 13047__k5,bacteria
GGCTC,4431,Enterobacter cloacae subsp. cloacae ATCC 13047__k5,bacteria
CTCCT,3356,Enterobacter cloacae subsp. cloacae ATCC 13047__k5,bacteria
TCCTC,3308,Enterobacter cloacae subsp. cloacae ATCC 13047__k5,bacteria
CCTCG,3554,Enterobacter cloacae subsp. cloacae ATCC 13047__k5,bacteria
CTCGC,5488,Enterobacter cloacae subsp. cloacae ATCC 13047__k5,bacteria
TCGCG,8154,Enterobacter cloacae subsp. cloacae ATCC 13047__k5,bacteria
CGCGT,8207,Enterobacter cloacae subsp. cloacae ATCC 13047__k5,bacteria
GCGTT,8938,Enterobacter cloacae subsp. cloacae ATCC 13047__k5,bacteria
TTGCT,5494,Enterobacter cloacae subsp. cloacae ATCC 13047__k5,bacteria
TCCTG,8110,Enterobacter cloacae subsp. cloacae ATCC 13047__k5,bacteria
CTGCA,9485,Enterobacter cloacae subsp. cloacae ATCC 13047__k5,bacteria
TGCAC,4929,Enterobacter cloacae subsp. cloacae ATCC 13047__k5,bacteria
GCACG,6956,Enterobacter cloacae subsp. cloacae ATCC 13047__k5,bacteria
CACGT,4499,Enterobacter cloacae subsp. cloacae ATCC 13047__k5,bacteria
ACGTC,4950,Enterobacter cloacae subsp. cloacae ATCC 13047__k5,bacteria
CGTCC,4977,Enterobacter cloacae subsp. cloacae ATCC 13047__k5,bacteria
CCGGG,8727,Enterobacter cloacae subsp. cloacae ATCC 13047__k5,bacteria
GGGTT,5079,Enterobacter cloacae subsp. cloacae ATCC 13047__k5,bacteria
GGTTG,5944,Enterobacter cloacae subsp. cloacae ATCC 13047__k5,bacteria
GTTGG,4037,Enterobacter cloacae subsp. cloacae ATCC 13047__k5,bacteria
TGGGA,3078,Enterobacter cloacae subsp. cloacae ATCC 13047__k5,bacteria
GGGAT,5373,Enterobacter cloacae subsp. cloacae ATCC 13047__k5,bacteria
GGATA,5186,Enterobacter cloacae subsp. cloacae ATCC 13047__k5,bacteria
ATAAT,4687,Enterobacter cloacae subsp. cloacae ATCC 13047__k5,bacteria
TAATG,4716,Enterobacter cloacae subsp. cloacae ATCC 13047__k5,bacteria
AATGT,3527,Enterobacter cloacae subsp. cloacae ATCC 13047__k5,bacteria
CTGCC,9984,Enterobacter cloacae subsp. cloacae ATCC 13047__k5,bacteria
CCCGG,8866,Enterobacter cloacae subsp. cloacae ATCC 13047__k5,bacteria
GCAGA,8990,Enterobacter cloacae subsp. cloacae ATCC 13047__k5,bacteria
AGAAC,4699,Enterobacter cloacae subsp. cloacae ATCC 13047__k5,bacteria
GAACC,4659,Enterobacter cloacae subsp. cloacae ATCC 13047__k5,bacteria
ACCGA,5801,Enterobacter cloacae subsp. cloacae ATCC 13047__k5,bacteria
CCGAC,5244,Enterobacter cloacae subsp. cloacae ATCC 13047__k5,bacteria
CGACC,5385,Enterobacter cloacae subsp. cloacae ATCC 13047__k5,bacteria
GACCT,3919,Enterobacter cloacae subsp. cloacae ATCC 13047__k5,bacteria
ACCTA,1358,Enterobacter cloacae subsp. cloacae ATCC 13047__k5,bacteria
CCTAC,1862,Enterobacter cloacae subsp. cloacae ATCC 13047__k5,bacteria
CTACC,3192,Enterobacter cloacae subsp. cloacae ATCC 13047__k5,bacteria
TACCG,7921,Enterobacter cloacae subsp. cloacae ATCC 13047__k5,bacteria
ACCGC,10000,Enterobacter cloacae subsp. cloacae ATCC 13047__k5,bacteria
GCTCT,4950,Enterobacter cloacae subsp. cloacae ATCC 13047__k5,bacteria
CTCTA,1724,Enterobacter cloacae subsp. cloacae ATCC 13047__k5,bacteria
TCTAA,1090,Enterobacter cloacae subsp. cloacae ATCC 13047__k5,bacteria
CTAAC,1832,Enterobacter cloacae subsp. cloacae ATCC 13047__k5,bacteria
TAACG,5886,Enterobacter cloacae subsp. cloacae ATCC 13047__k5,bacteria
ACGTT,5851,Enterobacter cloacae subsp. cloacae ATCC 13047__k5,bacteria
CGTTA,5860,Enterobacter cloacae subsp. cloacae ATCC 13047__k5,bacteria
GTTAA,5643,Enterobacter cloacae subsp. cloacae ATCC 13047__k5,bacteria
TTAAC,5698,Enterobacter cloacae subsp. cloacae ATCC 13047__k5,bacteria
CGTCA,9058,Enterobacter cloacae subsp. cloacae ATCC 13047__k5,bacteria
GTCAA,3979,Enterobacter cloacae subsp. cloacae ATCC 13047__k5,bacteria
TCAAA,5724,Enterobacter cloacae subsp. cloacae ATCC 13047__k5,bacteria
AAACA,6429,Enterobacter cloacae subsp. cloacae ATCC 13047__k5,bacteria
ACACA,2229,Enterobacter cloacae subsp. cloacae ATCC 13047__k5,bacteria
CACAC,3142,Enterobacter cloacae subsp. cloacae ATCC 13047__k5,bacteria
ACACC,5651,Enterobacter cloacae subsp. cloacae ATCC 13047__k5,bacteria
CACCT,5879,Enterobacter cloacae subsp. cloacae ATCC 13047__k5,bacteria
CCTTC,6472,Enterobacter cloacae subsp. cloacae ATCC 13047__k5,bacteria
CTTCG,6610,Enterobacter cloacae subsp. cloacae ATCC 13047__k5,bacteria
TTCGA,4256,Enterobacter cloacae subsp. cloacae ATCC 13047__k5,bacteria
TAACT,2421,Enterobacter cloacae subsp. cloacae ATCC 13047__k5,bacteria
AACTT,3237,Enterobacter cloacae subsp. cloacae ATCC 13047__k5,bacteria
ACTTC,4900,Enterobacter cloacae subsp. cloacae ATCC 13047__k5,bacteria
TTCGT,4624,Enterobacter cloacae subsp. cloacae ATCC 13047__k5,bacteria
TCGTG,3950,Enterobacter cloacae subsp. cloacae ATCC 13047__k5,bacteria
TGGAA,6601,Enterobacter cloacae subsp. cloacae ATCC 13047__k5,bacteria
GGAAG,6719,Enterobacter cloacae subsp. cloacae ATCC 13047__k5,bacteria
GAAGG,5915,Enterobacter cloacae subsp. cloacae ATCC 13047__k5,bacteria
AAGGT,4460,Enterobacter cloacae subsp. cloacae ATCC 13047__k5,bacteria
AGGTA,3347,Enterobacter cloacae subsp. cloacae ATCC 13047__k5,bacteria
TAAAT,4216,Enterobacter cloacae subsp. cloacae ATCC 13047__k5,bacteria
AAATC,6858,Enterobacter cloacae subsp. cloacae ATCC 13047__k5,bacteria
AATCG,4829,Enterobacter cloacae subsp. cloacae ATCC 13047__k5,bacteria
ATCGA,6021,Enterobacter cloacae subsp. cloacae ATCC 13047__k5,bacteria
TCGAA,3937,Enterobacter cloacae subsp. cloacae ATCC 13047__k5,bacteria
CGAAC,5303,Enterobacter cloacae subsp. cloacae ATCC 13047__k5,bacteria
AACCA,6232,Enterobacter cloacae subsp. cloacae ATCC 13047__k5,bacteria
ACGCG,8352,Enterobacter cloacae subsp. cloacae ATCC 13047__k5,bacteria
CGCGC,14357,Enterobacter cloacae subsp. cloacae ATCC 13047__k5,bacteria
CGCGG,10029,Enterobacter cloacae subsp. cloacae ATCC 13047__k5,bacteria
CGGCG,14339,Enterobacter cloacae subsp. cloacae ATCC 13047__k5,bacteria
TCGCC,11734,Enterobacter cloacae subsp. cloacae ATCC 13047__k5,bacteria
GCCAG,16380,Enterobacter cloacae subsp. cloacae ATCC 13047__k5,bacteria
CCAGG,8626,Enterobacter cloacae subsp. cloacae ATCC 13047__k5,bacteria
CAGGT,8311,Enterobacter cloacae subsp. cloacae ATCC 13047__k5,bacteria
AGGTG,5576,Enterobacter cloacae subsp. cloacae ATCC 13047__k5,bacteria
GGTGG,8640,Enterobacter cloacae subsp. cloacae ATCC 13047__k5,bacteria
AGACA,3096,Enterobacter cloacae subsp. cloacae ATCC 13047__k5,bacteria
ACAAC,4677,Enterobacter cloacae subsp. cloacae ATCC 13047__k5,bacteria
CAACC,6048,Enterobacter cloacae subsp. cloacae ATCC 13047__k5,bacteria
AACCC,5130,Enterobacter cloacae subsp. cloacae ATCC 13047__k5,bacteria
ACCCC,3315,Enterobacter cloacae subsp. cloacae ATCC 13047__k5,bacteria
GGAGC,4257,Enterobacter cloacae subsp. cloacae ATCC 13047__k5,bacteria
GAGCC,4406,Enterobacter cloacae subsp. cloacae ATCC 13047__k5,bacteria
AGCCT,4742,Enterobacter cloacae subsp. cloacae ATCC 13047__k5,bacteria
GCCTA,1710,Enterobacter cloacae subsp. cloacae ATCC 13047__k5,bacteria
CCTAT,1640,Enterobacter cloacae subsp. cloacae ATCC 13047__k5,bacteria
CTATA,1769,Enterobacter cloacae subsp. cloacae ATCC 13047__k5,bacteria
TATAA,2561,Enterobacter cloacae subsp. cloacae ATCC 13047__k5,bacteria
TAACC,5048,Enterobacter cloacae subsp. cloacae ATCC 13047__k5,bacteria
GCTGT,8614,Enterobacter cloacae subsp. cloacae ATCC 13047__k5,bacteria
CTGTT,7892,Enterobacter cloacae subsp. cloacae ATCC 13047__k5,bacteria
TGTTC,6396,Enterobacter cloacae subsp. cloacae ATCC 13047__k5,bacteria
GTTCC,4865,Enterobacter cloacae subsp. cloacae ATCC 13047__k5,bacteria
TTCCT,4627,Enterobacter cloacae subsp. cloacae ATCC 13047__k5,bacteria
CCTCT,3709,Enterobacter cloacae subsp. cloacae ATCC 13047__k5,bacteria
TCTAT,2283,Enterobacter cloacae subsp. cloacae ATCC 13047__k5,bacteria
CTATG,2333,Enterobacter cloacae subsp. cloacae ATCC 13047__k5,bacteria
TATGG,3686,Enterobacter cloacae subsp. cloacae ATCC 13047__k5,bacteria
ATGGC,9101,Enterobacter cloacae subsp. cloacae ATCC 13047__k5,bacteria
TGGCG,15140,Enterobacter cloacae subsp. cloacae ATCC 13047__k5,bacteria
CACGG,6318,Enterobacter cloacae subsp. cloacae ATCC 13047__k5,bacteria
ACGGG,4785,Enterobacter cloacae subsp. cloacae ATCC 13047__k5,bacteria
GGTCT,4371,Enterobacter cloacae subsp. cloacae ATCC 13047__k5,bacteria
GTCTG,7127,Enterobacter cloacae subsp. cloacae ATCC 13047__k5,bacteria
TCTGG,8979,Enterobacter cloacae subsp. cloacae ATCC 13047__k5,bacteria
CTGGG,7195,Enterobacter cloacae subsp. cloacae ATCC 13047__k5,bacteria
TAAAA,6346,Enterobacter cloacae subsp. cloacae ATCC 13047__k5,bacteria
AAAAC,8974,Enterobacter cloacae subsp. cloacae ATCC 13047__k5,bacteria
AACGC,9207,Enterobacter cloacae subsp. cloacae ATCC 13047__k5,bacteria
ACGCA,6375,Enterobacter cloacae subsp. cloacae ATCC 13047__k5,bacteria
CGCAC,6632,Enterobacter cloacae subsp. cloacae ATCC 13047__k5,bacteria
CTTCT,5135,Enterobacter cloacae subsp. cloacae ATCC 13047__k5,bacteria
GCGGT,9686,Enterobacter cloacae subsp. cloacae ATCC 13047__k5,bacteria
GTAAC,4127,Enterobacter cloacae subsp. cloacae ATCC 13047__k5,bacteria
ACGGC,9596,Enterobacter cloacae subsp. cloacae ATCC 13047__k5,bacteria
GGCAT,7868,Enterobacter cloacae subsp. cloacae ATCC 13047__k5,bacteria
GCATT,6036,Enterobacter cloacae subsp. cloacae ATCC 13047__k5,bacteria
CATTA,4623,Enterobacter cloacae subsp. cloacae ATCC 13047__k5,bacteria
ATTAT,4628,Enterobacter cloacae subsp. cloacae ATCC 13047__k5,bacteria
TTATG,4139,Enterobacter cloacae subsp. cloacae ATCC 13047__k5,bacteria
GGCGC,12417,Enterobacter cloacae subsp. cloacae ATCC 13047__k5,bacteria
GCGCA,12114,Enterobacter cloacae subsp. cloacae ATCC 13047__k5,bacteria
CGCAA,6648,Enterobacter cloacae subsp. cloacae ATCC 13047__k5,bacteria
GCAAG,3888,Enterobacter cloacae subsp. cloacae ATCC 13047__k5,bacteria
CAAGC,4146,Enterobacter cloacae subsp. cloacae ATCC 13047__k5,bacteria
CAAAT,3985,Enterobacter cloacae subsp. cloacae ATCC 13047__k5,bacteria
AAATG,5389,Enterobacter cloacae subsp. cloacae ATCC 13047__k5,bacteria
AATGC,6018,Enterobacter cloacae subsp. cloacae ATCC 13047__k5,bacteria
TGCGA,4201,Enterobacter cloacae subsp. cloacae ATCC 13047__k5,bacteria
GAAAG,6383,Enterobacter cloacae subsp. cloacae ATCC 13047__k5,bacteria
AAAGT,4242,Enterobacter cloacae subsp. cloacae ATCC 13047__k5,bacteria
GTGGT,6855,Enterobacter cloacae subsp. cloacae ATCC 13047__k5,bacteria
TGGTG,10183,Enterobacter cloacae subsp. cloacae ATCC 13047__k5,bacteria
GGTGT,5244,Enterobacter cloacae subsp. cloacae ATCC 13047__k5,bacteria
GTGTA,2319,Enterobacter cloacae subsp. cloacae ATCC 13047__k5,bacteria
GTATA,2046,Enterobacter cloacae subsp. cloacae ATCC 13047__k5,bacteria
TATAT,2255,Enterobacter cloacae subsp. cloacae ATCC 13047__k5,bacteria
ATATG,3509,Enterobacter cloacae subsp. cloacae ATCC 13047__k5,bacteria
ATGCA,4708,Enterobacter cloacae subsp. cloacae ATCC 13047__k5,bacteria
GCACT,4018,Enterobacter cloacae subsp. cloacae ATCC 13047__k5,bacteria
CACTC,2776,Enterobacter cloacae subsp. cloacae ATCC 13047__k5,bacteria
ACTCC,2957,Enterobacter cloacae subsp. cloacae ATCC 13047__k5,bacteria
TCCGA,2295,Enterobacter cloacae subsp. cloacae ATCC 13047__k5,bacteria
CCGAG,3539,Enterobacter cloacae subsp. cloacae ATCC 13047__k5,bacteria
CGAGC,5391,Enterobacter cloacae subsp. cloacae ATCC 13047__k5,bacteria
AGCGC,12790,Enterobacter cloacae subsp. cloacae ATCC 13047__k5,bacteria
GCTTC,7848,Enterobacter cloacae subsp. cloacae ATCC 13047__k5,bacteria
TCGTT,5029,Enterobacter cloacae subsp. cloacae ATCC 13047__k5,bacteria
CGTTC,6692,Enterobacter cloacae subsp. cloacae ATCC 13047__k5,bacteria
GTTCA,7497,Enterobacter cloacae subsp. cloacae ATCC 13047__k5,bacteria
AGGAC,2597,Enterobacter cloacae subsp. cloacae ATCC 13047__k5,bacteria
GACAT,4117,Enterobacter cloacae subsp. cloacae ATCC 13047__k5,bacteria
ACATG,3365,Enterobacter cloacae subsp. cloacae ATCC 13047__k5,bacteria
CATGG,5792,Enterobacter cloacae subsp. cloacae ATCC 13047__k5,bacteria
ATGGT,5997,Enterobacter cloacae subsp. cloacae ATCC 13047__k5,bacteria
TGGTA,3993,Enterobacter cloacae subsp. cloacae ATCC 13047__k5,bacteria
TAAAG,5601,Enterobacter cloacae subsp. cloacae ATCC 13047__k5,bacteria
AAAGG,5468,Enterobacter cloacae subsp. cloacae ATCC 13047__k5,bacteria
AAGGC,5697,Enterobacter cloacae subsp. cloacae ATCC 13047__k5,bacteria
AGGCC,5925,Enterobacter cloacae subsp. cloacae ATCC 13047__k5,bacteria
GGCCC,3959,Enterobacter cloacae subsp. cloacae ATCC 13047__k5,bacteria
GCCCT,5485,Enterobacter cloacae subsp. cloacae ATCC 13047__k5,bacteria
CCCTG,7980,Enterobacter cloacae subsp. cloacae ATCC 13047__k5,bacteria
TGCAA,4230,Enterobacter cloacae subsp. cloacae ATCC 13047__k5,bacteria
GCAAA,8688,Enterobacter cloacae subsp. cloacae ATCC 13047__k5,bacteria
CAAAA,7747,Enterobacter cloacae subsp. cloacae ATCC 13047__k5,bacteria
AACAA,5048,Enterobacter cloacae subsp. cloacae ATCC 13047__k5,bacteria
ACAAT,3706,Enterobacter cloacae subsp. cloacae ATCC 13047__k5,bacteria
CAATG,5535,Enterobacter cloacae subsp. cloacae ATCC 13047__k5,bacteria
CGATC,7180,Enterobacter cloacae subsp. cloacae ATCC 13047__k5,bacteria
GATCG,7306,Enterobacter cloacae subsp. cloacae ATCC 13047__k5,bacteria
CGAAG,6138,Enterobacter cloacae subsp. cloacae ATCC 13047__k5,bacteria
GAAGA,7634,Enterobacter cloacae subsp. cloacae ATCC 13047__k5,bacteria
AAGAG,4926,Enterobacter cloacae subsp. cloacae ATCC 13047__k5,bacteria
AGAGT,2314,Enterobacter cloacae subsp. cloacae ATCC 13047__k5,bacteria
AGTTT,4343,Enterobacter cloacae subsp. cloacae ATCC 13047__k5,bacteria
GTTTA,4824,Enterobacter cloacae subsp. cloacae ATCC 13047__k5,bacteria
TTTAA,5459,Enterobacter cloacae subsp. cloacae ATCC 13047__k5,bacteria
TTAAA,5319,Enterobacter cloacae subsp. cloacae ATCC 13047__k5,bacteria
CGCTA,3752,Enterobacter cloacae subsp. cloacae ATCC 13047__k5,bacteria
GCTAT,3840,Enterobacter cloacae subsp. cloacae ATCC 13047__k5,bacteria
CTATT,2333,Enterobacter cloacae subsp. cloacae ATCC 13047__k5,bacteria
TATTA,3120,Enterobacter cloacae subsp. cloacae ATCC 13047__k5,bacteria
TTATC,7546,Enterobacter cloacae subsp. cloacae ATCC 13047__k5,bacteria
TATCG,6922,Enterobacter cloacae subsp. cloacae ATCC 13047__k5,bacteria
ATCGT,5693,Enterobacter cloacae subsp. cloacae ATCC 13047__k5,bacteria
GTTCT,4665,Enterobacter cloacae subsp. cloacae ATCC 13047__k5,bacteria
TCTGT,3866,Enterobacter cloacae subsp. cloacae ATCC 13047__k5,bacteria
TGTTG,5684,Enterobacter cloacae subsp. cloacae ATCC 13047__k5,bacteria
GTTGA,6463,Enterobacter cloacae subsp. cloacae ATCC 13047__k5,bacteria
TTGAT,6494,Enterobacter cloacae subsp. cloacae ATCC 13047__k5,bacteria
TGATG,10659,Enterobacter cloacae subsp. cloacae ATCC 13047__k5,bacteria
CTGAT,9671,Enterobacter cloacae subsp. cloacae ATCC 13047__k5,bacteria
TGATC,7042,Enterobacter cloacae subsp. cloacae ATCC 13047__k5,bacteria
CGATG,8743,Enterobacter cloacae subsp. cloacae ATCC 13047__k5,bacteria
ATGAC,5942,Enterobacter cloacae subsp. cloacae ATCC 13047__k5,bacteria
TGACA,3956,Enterobacter cloacae subsp. cloacae ATCC 13047__k5,bacteria
ACATT,3546,Enterobacter cloacae subsp. cloacae ATCC 13047__k5,bacteria
CATTC,5166,Enterobacter cloacae subsp. cloacae ATCC 13047__k5,bacteria
CAGTT,6536,Enterobacter cloacae subsp. cloacae ATCC 13047__k5,bacteria
AGTTC,4533,Enterobacter cloacae subsp. cloacae ATCC 13047__k5,bacteria
TTCTT,5285,Enterobacter cloacae subsp. cloacae ATCC 13047__k5,bacteria
TCTTT,6725,Enterobacter cloacae subsp. cloacae ATCC 13047__k5,bacteria
TTTGC,8670,Enterobacter cloacae subsp. cloacae ATCC 13047__k5,bacteria
TTGCG,6559,Enterobacter cloacae subsp. cloacae ATCC 13047__k5,bacteria
CGAAT,3589,Enterobacter cloacae subsp. cloacae ATCC 13047__k5,bacteria
GAATA,5014,Enterobacter cloacae subsp. cloacae ATCC 13047__k5,bacteria
ATAAA,7251,Enterobacter cloacae subsp. cloacae ATCC 13047__k5,bacteria
AAAGA,6446,Enterobacter cloacae subsp. cloacae ATCC 13047__k5,bacteria
AAGAA,5268,Enterobacter cloacae subsp. cloacae ATCC 13047__k5,bacteria
GAACG,6440,Enterobacter cloacae subsp. cloacae ATCC 13047__k5,bacteria
AACGA,5051,Enterobacter cloacae subsp. cloacae ATCC 13047__k5,bacteria
ACGAT,5916,Enterobacter cloacae subsp. cloacae ATCC 13047__k5,bacteria
ATCGC,9938,Enterobacter cloacae subsp. cloacae ATCC 13047__k5,bacteria
TCGCA,4321,Enterobacter cloacae subsp. cloacae ATCC 13047__k5,bacteria
AGGAG,3375,Enterobacter cloacae subsp. cloacae ATCC 13047__k5,bacteria
GGAGG,3082,Enterobacter cloacae subsp. cloacae ATCC 13047__k5,bacteria
GAGGA,3424,Enterobacter cloacae subsp. cloacae ATCC 13047__k5,bacteria
TTTTT,11469,Enterobacter cloacae subsp. cloacae ATCC 13047__k5,bacteria
TTTTC,9586,Enterobacter cloacae subsp. cloacae ATCC 13047__k5,bacteria
TTTCC,6931,Enterobacter cloacae subsp. cloacae ATCC 13047__k5,bacteria
TTCCA,6485,Enterobacter cloacae subsp. cloacae ATCC 13047__k5,bacteria
TCCAC,5470,Enterobacter cloacae subsp. cloacae ATCC 13047__k5,bacteria
CTTCA,8230,Enterobacter cloacae subsp. cloacae ATCC 13047__k5,bacteria
TTCAA,5600,Enterobacter cloacae subsp. cloacae ATCC 13047__k5,bacteria
TCAAT,5555,Enterobacter cloacae subsp. cloacae ATCC 13047__k5,bacteria
CTGGA,9885,Enterobacter cloacae subsp. cloacae ATCC 13047__k5,bacteria
AGATC,5652,Enterobacter cloacae subsp. cloacae ATCC 13047__k5,bacteria
GATCA,6990,Enterobacter cloacae subsp. cloacae ATCC 13047__k5,bacteria
ATCAT,6525,Enterobacter cloacae subsp. cloacae ATCC 13047__k5,bacteria
TCATT,5294,Enterobacter cloacae subsp. cloacae ATCC 13047__k5,bacteria
CATTT,5475,Enterobacter cloacae subsp. cloacae ATCC 13047__k5,bacteria
ATTTT,8063,Enterobacter cloacae subsp. cloacae ATCC 13047__k5,bacteria
TTGAC,3989,Enterobacter cloacae subsp. cloacae ATCC 13047__k5,bacteria
TGACC,7755,Enterobacter cloacae subsp. cloacae ATCC 13047__k5,bacteria
ACCTC,3683,Enterobacter cloacae subsp. cloacae ATCC 13047__k5,bacteria
CTCGG,3494,Enterobacter cloacae subsp. cloacae ATCC 13047__k5,bacteria
TCGGA,2189,Enterobacter cloacae subsp. cloacae ATCC 13047__k5,bacteria
CGGAT,6530,Enterobacter cloacae subsp. cloacae ATCC 13047__k5,bacteria
GTTAT,5021,Enterobacter cloacae subsp. cloacae ATCC 13047__k5,bacteria
TATCC,5359,Enterobacter cloacae subsp. cloacae ATCC 13047__k5,bacteria
ATCCA,6500,Enterobacter cloacae subsp. cloacae ATCC 13047__k5,bacteria
TCCAA,1354,Enterobacter cloacae subsp. cloacae ATCC 13047__k5,bacteria
AAAAG,6431,Enterobacter cloacae subsp. cloacae ATCC 13047__k5,bacteria
AGAGA,4257,Enterobacter cloacae subsp. cloacae ATCC 13047__k5,bacteria
GAGAT,4816,Enterobacter cloacae subsp. cloacae ATCC 13047__k5,bacteria
GTGTG,3077,Enterobacter cloacae subsp. cloacae ATCC 13047__k5,bacteria
AAGAT,4696,Enterobacter cloacae subsp. cloacae ATCC 13047__k5,bacteria
TCGTC,5983,Enterobacter cloacae subsp. cloacae ATCC 13047__k5,bacteria
CGTCT,5402,Enterobacter cloacae subsp. cloacae ATCC 13047__k5,bacteria
TCTGA,5408,Enterobacter cloacae subsp. cloacae ATCC 13047__k5,bacteria
TGAAA,8572,Enterobacter cloacae subsp. cloacae ATCC 13047__k5,bacteria
GAAAT,6363,Enterobacter cloacae subsp. cloacae ATCC 13047__k5,bacteria
AATCC,4728,Enterobacter cloacae subsp. cloacae ATCC 13047__k5,bacteria
ATCCC,5502,Enterobacter cloacae subsp. cloacae ATCC 13047__k5,bacteria
TCCCG,5886,Enterobacter cloacae subsp. cloacae ATCC 13047__k5,bacteria
TTCGG,5129,Enterobacter cloacae subsp. cloacae ATCC 13047__k5,bacteria
TCGGC,8008,Enterobacter cloacae subsp. cloacae ATCC 13047__k5,bacteria
GGCTG,10874,Enterobacter cloacae subsp. cloacae ATCC 13047__k5,bacteria
TGGGG,3794,Enterobacter cloacae subsp. cloacae ATCC 13047__k5,bacteria
GGGGC,4369,Enterobacter cloacae subsp. cloacae ATCC 13047__k5,bacteria
GGGCC,3868,Enterobacter cloacae subsp. cloacae ATCC 13047__k5,bacteria
GGCCT,5818,Enterobacter cloacae subsp. cloacae ATCC 13047__k5,bacteria
CCTGA,9532,Enterobacter cloacae subsp. cloacae ATCC 13047__k5,bacteria
CTGAC,8428,Enterobacter cloacae subsp. cloacae ATCC 13047__k5,bacteria
GACCG,6268,Enterobacter cloacae subsp. cloacae ATCC 13047__k5,bacteria
GGCGA,11094,Enterobacter cloacae subsp. cloacae ATCC 13047__k5,bacteria
TCGAG,3124,Enterobacter cloacae subsp. cloacae ATCC 13047__k5,bacteria
GCCGC,14353,Enterobacter cloacae subsp. cloacae ATCC 13047__k5,bacteria
CCGGA,7888,Enterobacter cloacae subsp. cloacae ATCC 13047__k5,bacteria
ACTGG,6801,Enterobacter cloacae subsp. cloacae ATCC 13047__k5,bacteria
GGAAA,7064,Enterobacter cloacae subsp. cloacae ATCC 13047__k5,bacteria
CCGCG,9925,Enterobacter cloacae subsp. cloacae ATCC 13047__k5,bacteria
GCGTC,8264,Enterobacter cloacae subsp. cloacae ATCC 13047__k5,bacteria
CGTCG,7398,Enterobacter cloacae subsp. cloacae ATCC 13047__k5,bacteria
GTCGC,7055,Enterobacter cloacae subsp. cloacae ATCC 13047__k5,bacteria
ATCCT,4698,Enterobacter cloacae subsp. cloacae ATCC 13047__k5,bacteria
ATGAA,6756,Enterobacter cloacae subsp. cloacae ATCC 13047__k5,bacteria
GAAAA,9415,Enterobacter cloacae subsp. cloacae ATCC 13047__k5,bacteria
AAAAA,11165,Enterobacter cloacae subsp. cloacae ATCC 13047__k5,bacteria
GCCGA,7934,Enterobacter cloacae subsp. cloacae ATCC 13047__k5,bacteria
TGAGA,3435,Enterobacter cloacae subsp. cloacae ATCC 13047__k5,bacteria
GAGAA,5102,Enterobacter cloacae subsp. cloacae ATCC 13047__k5,bacteria
ACGAC,4638,Enterobacter cloacae subsp. cloacae ATCC 13047__k5,bacteria
CGACA,5995,Enterobacter cloacae subsp. cloacae ATCC 13047__k5,bacteria
ATTCG,3835,Enterobacter cloacae subsp. cloacae ATCC 13047__k5,bacteria
CGCCT,8819,Enterobacter cloacae subsp. cloacae ATCC 13047__k5,bacteria
TGCCG,12804,Enterobacter cloacae subsp. cloacae ATCC 13047__k5,bacteria
GGGTG,5879,Enterobacter cloacae subsp. cloacae ATCC 13047__k5,bacteria
GGTGA,10375,Enterobacter cloacae subsp. cloacae ATCC 13047__k5,bacteria
GTGAA,7234,Enterobacter cloacae subsp. cloacae ATCC 13047__k5,bacteria
GGCGT,10038,Enterobacter cloacae subsp. cloacae ATCC 13047__k5,bacteria
CTTTA,5735,Enterobacter cloacae subsp. cloacae ATCC 13047__k5,bacteria
TTTAT,7318,Enterobacter cloacae subsp. cloacae ATCC 13047__k5,bacteria
TTATT,5635,Enterobacter cloacae subsp. cloacae ATCC 13047__k5,bacteria
TATTG,4522,Enterobacter cloacae subsp. cloacae ATCC 13047__k5,bacteria
TGCCA,8667,Enterobacter cloacae subsp. cloacae ATCC 13047__k5,bacteria
CCAAG,1534,Enterobacter cloacae subsp. cloacae ATCC 13047__k5,bacteria
AAGCG,7951,Enterobacter cloacae subsp. cloacae ATCC 13047__k5,bacteria
AGCGT,8147,Enterobacter cloacae subsp. cloacae ATCC 13047__k5,bacteria
TGCGT,6390,Enterobacter cloacae subsp. cloacae ATCC 13047__k5,bacteria
CCAAC,3963,Enterobacter cloacae subsp. cloacae ATCC 13047__k5,bacteria
GTTCG,5390,Enterobacter cloacae subsp. cloacae ATCC 13047__k5,bacteria
CGTGA,6468,Enterobacter cloacae subsp. cloacae ATCC 13047__k5,bacteria
GTGAG,3887,Enterobacter cloacae subsp. cloacae ATCC 13047__k5,bacteria
GAGCT,4692,Enterobacter cloacae subsp. cloacae ATCC 13047__k5,bacteria
AGGGG,3032,Enterobacter cloacae subsp. cloacae ATCC 13047__k5,bacteria
GGGCG,8032,Enterobacter cloacae subsp. cloacae ATCC 13047__k5,bacteria
TGAAC,7170,Enterobacter cloacae subsp. cloacae ATCC 13047__k5,bacteria
GTCAT,5942,Enterobacter cloacae subsp. cloacae ATCC 13047__k5,bacteria
TCATC,9183,Enterobacter cloacae subsp. cloacae ATCC 13047__k5,bacteria
CATCG,8795,Enterobacter cloacae subsp. cloacae ATCC 13047__k5,bacteria
CCAAT,3534,Enterobacter cloacae subsp. cloacae ATCC 13047__k5,bacteria
CAACT,3263,Enterobacter cloacae subsp. cloacae ATCC 13047__k5,bacteria
TTTAC,6315,Enterobacter cloacae subsp. cloacae ATCC 13047__k5,bacteria
ACCGG,9693,Enterobacter cloacae subsp. cloacae ATCC 13047__k5,bacteria
CGGCC,8198,Enterobacter cloacae subsp. cloacae ATCC 13047__k5,bacteria
GGCCG,8170,Enterobacter cloacae subsp. cloacae ATCC 13047__k5,bacteria
ATCAC,7469,Enterobacter cloacae subsp. cloacae ATCC 13047__k5,bacteria
CACCA,10930,Enterobacter cloacae subsp. cloacae ATCC 13047__k5,bacteria
ACCAT,6041,Enterobacter cloacae subsp. cloacae ATCC 13047__k5,bacteria
CCATC,8371,Enterobacter cloacae subsp. cloacae ATCC 13047__k5,bacteria
GCGTG,9458,Enterobacter cloacae subsp. cloacae ATCC 13047__k5,bacteria
GAAGC,7543,Enterobacter cloacae subsp. cloacae ATCC 13047__k5,bacteria
GATCT,5562,Enterobacter cloacae subsp. cloacae ATCC 13047__k5,bacteria
ATCTG,7674,Enterobacter cloacae subsp. cloacae ATCC 13047__k5,bacteria
CACTG,5270,Enterobacter cloacae subsp. cloacae ATCC 13047__k5,bacteria
AGGAA,4732,Enterobacter cloacae subsp. cloacae ATCC 13047__k5,bacteria
AAACT,4606,Enterobacter cloacae subsp. cloacae ATCC 13047__k5,bacteria
CTGGT,9819,Enterobacter cloacae subsp. cloacae ATCC 13047__k5,bacteria
TGGTC,6224,Enterobacter cloacae subsp. cloacae ATCC 13047__k5,bacteria
CACTA,1825,Enterobacter cloacae subsp. cloacae ATCC 13047__k5,bacteria
ACTAT,2029,Enterobacter cloacae subsp. cloacae ATCC 13047__k5,bacteria
CTATC,3357,Enterobacter cloacae subsp. cloacae ATCC 13047__k5,bacteria
TCGAC,5024,Enterobacter cloacae subsp. cloacae ATCC 13047__k5,bacteria
CAACA,5708,Enterobacter cloacae subsp. cloacae ATCC 13047__k5,bacteria
AGAAG,5130,Enterobacter cloacae subsp. cloacae ATCC 13047__k5,bacteria
AAGAC,3611,Enterobacter cloacae subsp. cloacae ATCC 13047__k5,bacteria
TGGCC,8596,Enterobacter cloacae subsp. cloacae ATCC 13047__k5,bacteria
CGAGT,2153,Enterobacter cloacae subsp. cloacae ATCC 13047__k5,bacteria
GAGTA,2412,Enterobacter cloacae subsp. cloacae ATCC 13047__k5,bacteria
GTACT,2894,Enterobacter cloacae subsp. cloacae ATCC 13047__k5,bacteria
TACTA,1009,Enterobacter cloacae subsp. cloacae ATCC 13047__k5,bacteria
ACTAC,2398,Enterobacter cloacae subsp. cloacae ATCC 13047__k5,bacteria
CTACA,2396,Enterobacter cloacae subsp. cloacae ATCC 13047__k5,bacteria
TACAA,2358,Enterobacter cloacae subsp. cloacae ATCC 13047__k5,bacteria
AAAAT,8103,Enterobacter cloacae subsp. cloacae ATCC 13047__k5,bacteria
AATCA,7038,Enterobacter cloacae subsp. cloacae ATCC 13047__k5,bacteria
AGATT,3727,Enterobacter cloacae subsp. cloacae ATCC 13047__k5,bacteria
ATTTA,4271,Enterobacter cloacae subsp. cloacae ATCC 13047__k5,bacteria
TTACT,3031,Enterobacter cloacae subsp. cloacae ATCC 13047__k5,bacteria
TACTG,4462,Enterobacter cloacae subsp. cloacae ATCC 13047__k5,bacteria
ACTGT,2933,Enterobacter cloacae subsp. cloacae ATCC 13047__k5,bacteria
CTGTC,5076,Enterobacter cloacae subsp. cloacae ATCC 13047__k5,bacteria
GTCTA,1301,Enterobacter cloacae subsp. cloacae ATCC 13047__k5,bacteria
CTAAA,2284,Enterobacter cloacae subsp. cloacae ATCC 13047__k5,bacteria
GTCGT,4592,Enterobacter cloacae subsp. cloacae ATCC 13047__k5,bacteria
TTCCC,5208,Enterobacter cloacae subsp. cloacae ATCC 13047__k5,bacteria
TCGGT,5751,Enterobacter cloacae subsp. cloacae ATCC 13047__k5,bacteria
GATGG,8227,Enterobacter cloacae subsp. cloacae ATCC 13047__k5,bacteria
GGCAA,9289,Enterobacter cloacae subsp. cloacae ATCC 13047__k5,bacteria
AAGGA,3100,Enterobacter cloacae subsp. cloacae ATCC 13047__k5,bacteria
ACCAA,3984,Enterobacter cloacae subsp. cloacae ATCC 13047__k5,bacteria
ACCAC,7417,Enterobacter cloacae subsp. cloacae ATCC 13047__k5,bacteria
ACAGT,2849,Enterobacter cloacae subsp. cloacae ATCC 13047__k5,bacteria
CAGTC,3887,Enterobacter cloacae subsp. cloacae ATCC 13047__k5,bacteria
AGTCT,2010,Enterobacter cloacae subsp. cloacae ATCC 13047__k5,bacteria
CGGAG,4210,Enterobacter cloacae subsp. cloacae ATCC 13047__k5,bacteria
GGAGA,5237,Enterobacter cloacae subsp. cloacae ATCC 13047__k5,bacteria
ATCGG,6200,Enterobacter cloacae subsp. cloacae ATCC 13047__k5,bacteria
GTTTG,6201,Enterobacter cloacae subsp. cloacae ATCC 13047__k5,bacteria
TTGGT,3940,Enterobacter cloacae subsp. cloacae ATCC 13047__k5,bacteria
GTGAC,5178,Enterobacter cloacae subsp. cloacae ATCC 13047__k5,bacteria
GACCA,6172,Enterobacter cloacae subsp. cloacae ATCC 13047__k5,bacteria
CCATA,3731,Enterobacter cloacae subsp. cloacae ATCC 13047__k5,bacteria
CATAC,3467,Enterobacter cloacae subsp. cloacae ATCC 13047__k5,bacteria
ATACG,4160,Enterobacter cloacae subsp. cloacae ATCC 13047__k5,bacteria
TACGA,2742,Enterobacter cloacae subsp. cloacae ATCC 13047__k5,bacteria
CGTGC,7098,Enterobacter cloacae subsp. cloacae ATCC 13047__k5,bacteria
GCTTG,4225,Enterobacter cloacae subsp. cloacae ATCC 13047__k5,bacteria
CTTGT,2109,Enterobacter cloacae subsp. cloacae ATCC 13047__k5,bacteria
TTGTC,4519,Enterobacter cloacae subsp. cloacae ATCC 13047__k5,bacteria
TGTCG,5946,Enterobacter cloacae subsp. cloacae ATCC 13047__k5,bacteria
CAAGA,2400,Enterobacter cloacae subsp. cloacae ATCC 13047__k5,bacteria
ATTGA,5252,Enterobacter cloacae subsp. cloacae ATCC 13047__k5,bacteria
TTGAG,4598,Enterobacter cloacae subsp. cloacae ATCC 13047__k5,bacteria
GAGCA,5998,Enterobacter cloacae subsp. cloacae ATCC 13047__k5,bacteria
TTACG,5204,Enterobacter cloacae subsp. cloacae ATCC 13047__k5,bacteria
TACGC,6153,Enterobacter cloacae subsp. cloacae ATCC 13047__k5,bacteria
AGAAA,6114,Enterobacter cloacae subsp. cloacae ATCC 13047__k5,bacteria
CCACG,7782,Enterobacter cloacae subsp. cloacae ATCC 13047__k5,bacteria
CACGA,3992,Enterobacter cloacae subsp. cloacae ATCC 13047__k5,bacteria
ACATA,2428,Enterobacter cloacae subsp. cloacae ATCC 13047__k5,bacteria
CATAA,4048,Enterobacter cloacae subsp. cloacae ATCC 13047__k5,bacteria
CAATT,3129,Enterobacter cloacae subsp. cloacae ATCC 13047__k5,bacteria
AATTT,5402,Enterobacter cloacae subsp. cloacae ATCC 13047__k5,bacteria
TAATC,4405,Enterobacter cloacae subsp. cloacae ATCC 13047__k5,bacteria
ATCAG,9676,Enterobacter cloacae subsp. cloacae ATCC 13047__k5,bacteria
GAACA,6549,Enterobacter cloacae subsp. cloacae ATCC 13047__k5,bacteria
TATCA,5290,Enterobacter cloacae subsp. cloacae ATCC 13047__k5,bacteria
TGACG,8962,Enterobacter cloacae subsp. cloacae ATCC 13047__k5,bacteria
GACGC,8392,Enterobacter cloacae subsp. cloacae ATCC 13047__k5,bacteria
TATGA,3219,Enterobacter cloacae subsp. cloacae ATCC 13047__k5,bacteria
AAATT,5455,Enterobacter cloacae subsp. cloacae ATCC 13047__k5,bacteria
ATTAA,4912,Enterobacter cloacae subsp. cloacae ATCC 13047__k5,bacteria
GCAAC,6731,Enterobacter cloacae subsp. cloacae ATCC 13047__k5,bacteria
AACAG,7763,Enterobacter cloacae subsp. cloacae ATCC 13047__k5,bacteria
ACAGG,5388,Enterobacter cloacae subsp. cloacae ATCC 13047__k5,bacteria
GAGTG,2631,Enterobacter cloacae subsp. cloacae ATCC 13047__k5,bacteria
GCCCA,6329,Enterobacter cloacae subsp. cloacae ATCC 13047__k5,bacteria
CCCAT,3920,Enterobacter cloacae subsp. cloacae ATCC 13047__k5,bacteria
CCATT,5874,Enterobacter cloacae subsp. cloacae ATCC 13047__k5,bacteria
ATTAG,1359,Enterobacter cloacae subsp. cloacae ATCC 13047__k5,bacteria
TTAGG,1145,Enterobacter cloacae subsp. cloacae ATCC 13047__k5,bacteria
TAGGT,1357,Enterobacter cloacae subsp. cloacae ATCC 13047__k5,bacteria
CCCAA,2314,Enterobacter cloacae subsp. cloacae ATCC 13047__k5,bacteria
TATTC,4984,Enterobacter cloacae subsp. cloacae ATCC 13047__k5,bacteria
ATTCT,3814,Enterobacter cloacae subsp. cloacae ATCC 13047__k5,bacteria
CTTGG,1555,Enterobacter cloacae subsp. cloacae ATCC 13047__k5,bacteria
TTGGA,1488,Enterobacter cloacae subsp. cloacae ATCC 13047__k5,bacteria
AACCT,4764,Enterobacter cloacae subsp. cloacae ATCC 13047__k5,bacteria
ACCTG,8307,Enterobacter cloacae subsp. cloacae ATCC 13047__k5,bacteria
TGCTT,5044,Enterobacter cloacae subsp. cloacae ATCC 13047__k5,bacteria
AGGTC,3851,Enterobacter cloacae subsp. cloacae ATCC 13047__k5,bacteria
GGTCG,5333,Enterobacter cloacae subsp. cloacae ATCC 13047__k5,bacteria
GGACG,4982,Enterobacter cloacae subsp. cloacae ATCC 13047__k5,bacteria
CGGTA,7656,Enterobacter cloacae subsp. cloacae ATCC 13047__k5,bacteria
GGTAC,4393,Enterobacter cloacae subsp. cloacae ATCC 13047__k5,bacteria
GTACG,4187,Enterobacter cloacae subsp. cloacae ATCC 13047__k5,bacteria
AGACC,4476,Enterobacter cloacae subsp. cloacae ATCC 13047__k5,bacteria
CCTGG,8507,Enterobacter cloacae subsp. cloacae ATCC 13047__k5,bacteria
AATGG,5859,Enterobacter cloacae subsp. cloacae ATCC 13047__k5,bacteria
ATGGA,4658,Enterobacter cloacae subsp. cloacae ATCC 13047__k5,bacteria
TGACT,2864,Enterobacter cloacae subsp. cloacae ATCC 13047__k5,bacteria
GACTC,2089,Enterobacter cloacae subsp. cloacae ATCC 13047__k5,bacteria
ACTCA,3121,Enterobacter cloacae subsp. cloacae ATCC 13047__k5,bacteria
TCAGC,13344,Enterobacter cloacae subsp. cloacae ATCC 13047__k5,bacteria
CGCAT,6849,Enterobacter cloacae subsp. cloacae ATCC 13047__k5,bacteria
GCATG,6100,Enterobacter cloacae subsp. cloacae ATCC 13047__k5,bacteria
CATGA,5429,Enterobacter cloacae subsp. cloacae ATCC 13047__k5,bacteria
GCGAC,6886,Enterobacter cloacae subsp. cloacae ATCC 13047__k5,bacteria
CGGTT,7341,Enterobacter cloacae subsp. cloacae ATCC 13047__k5,bacteria
GGTTC,4796,Enterobacter cloacae subsp. cloacae ATCC 13047__k5,bacteria
TTCCG,6608,Enterobacter cloacae subsp. cloacae ATCC 13047__k5,bacteria
ACGTA,2806,Enterobacter cloacae subsp. cloacae ATCC 13047__k5,bacteria
TGATA,5353,Enterobacter cloacae subsp. cloacae ATCC 13047__k5,bacteria
GATAT,5881,Enterobacter cloacae subsp. cloacae ATCC 13047__k5,bacteria
ATATC,6162,Enterobacter cloacae subsp. cloacae ATCC 13047__k5,bacteria
TATCT,4077,Enterobacter cloacae subsp. cloacae ATCC 13047__k5,bacteria
CGGGC,8635,Enterobacter cloacae subsp. cloacae ATCC 13047__k5,bacteria
GGGCT,5489,Enterobacter cloacae subsp. cloacae ATCC 13047__k5,bacteria
CAGAG,4660,Enterobacter cloacae subsp. cloacae ATCC 13047__k5,bacteria
GTGCA,4836,Enterobacter cloacae subsp. cloacae ATCC 13047__k5,bacteria
CATGC,6295,Enterobacter cloacae subsp. cloacae ATCC 13047__k5,bacteria
ATGCT,5658,Enterobacter cloacae subsp. cloacae ATCC 13047__k5,bacteria
CTCTG,4781,Enterobacter cloacae subsp. cloacae ATCC 13047__k5,bacteria
GTTTC,5997,Enterobacter cloacae subsp. cloacae ATCC 13047__k5,bacteria
TTCTC,5004,Enterobacter cloacae subsp. cloacae ATCC 13047__k5,bacteria
TCTCC,5284,Enterobacter cloacae subsp. cloacae ATCC 13047__k5,bacteria
CTCCC,3417,Enterobacter cloacae subsp. cloacae ATCC 13047__k5,bacteria
TCCCT,3206,Enterobacter cloacae subsp. cloacae ATCC 13047__k5,bacteria
CCCTC,3060,Enterobacter cloacae subsp. cloacae ATCC 13047__k5,bacteria
CTCTC,3643,Enterobacter cloacae subsp. cloacae ATCC 13047__k5,bacteria
CTCCA,4828,Enterobacter cloacae subsp. cloacae ATCC 13047__k5,bacteria
GACTT,2623,Enterobacter cloacae subsp. cloacae ATCC 13047__k5,bacteria
CTTCC,6899,Enterobacter cloacae subsp. cloacae ATCC 13047__k5,bacteria
CCGAA,5045,Enterobacter cloacae subsp. cloacae ATCC 13047__k5,bacteria
TGGAC,3839,Enterobacter cloacae subsp. cloacae ATCC 13047__k5,bacteria
GACGA,6024,Enterobacter cloacae subsp. cloacae ATCC 13047__k5,bacteria
CGACT,2969,Enterobacter cloacae subsp. cloacae ATCC 13047__k5,bacteria
AGTGA,3675,Enterobacter cloacae subsp. cloacae ATCC 13047__k5,bacteria
AAGTC,2641,Enterobacter cloacae subsp. cloacae ATCC 13047__k5,bacteria
AGTCG,2920,Enterobacter cloacae subsp. cloacae ATCC 13047__k5,bacteria
GTCGA,4956,Enterobacter cloacae subsp. cloacae ATCC 13047__k5,bacteria
TTCAC,7443,Enterobacter cloacae subsp. cloacae ATCC 13047__k5,bacteria
ACCCT,3909,Enterobacter cloacae subsp. cloacae ATCC 13047__k5,bacteria
CGACG,7443,Enterobacter cloacae subsp. cloacae ATCC 13047__k5,bacteria
TCTCT,4180,Enterobacter cloacae subsp. cloacae ATCC 13047__k5,bacteria
GACGT,4992,Enterobacter cloacae subsp. cloacae ATCC 13047__k5,bacteria
TATTT,5002,Enterobacter cloacae subsp. cloacae ATCC 13047__k5,bacteria
GGGGA,3896,Enterobacter cloacae subsp. cloacae ATCC 13047__k5,bacteria
GGGAA,5018,Enterobacter cloacae subsp. cloacae ATCC 13047__k5,bacteria
AGAGC,4869,Enterobacter cloacae subsp. cloacae ATCC 13047__k5,bacteria
GCGTA,6122,Enterobacter cloacae subsp. cloacae ATCC 13047__k5,bacteria
CGTAC,4061,Enterobacter cloacae subsp. cloacae ATCC 13047__k5,bacteria
GGCCA,8640,Enterobacter cloacae subsp. cloacae ATCC 13047__k5,bacteria
CCACC,9462,Enterobacter cloacae subsp. cloacae ATCC 13047__k5,bacteria
CACCG,11451,Enterobacter cloacae subsp. cloacae ATCC 13047__k5,bacteria
CCGTC,7638,Enterobacter cloacae subsp. cloacae ATCC 13047__k5,bacteria
TCCAT,4637,Enterobacter cloacae subsp. cloacae ATCC 13047__k5,bacteria
CCATG,5878,Enterobacter cloacae subsp. cloacae ATCC 13047__k5,bacteria
AATTG,3153,Enterobacter cloacae subsp. cloacae ATCC 13047__k5,bacteria
CTCAC,4035,Enterobacter cloacae subsp. cloacae ATCC 13047__k5,bacteria
CCTAA,1129,Enterobacter cloacae subsp. cloacae ATCC 13047__k5,bacteria
GTGAT,7324,Enterobacter cloacae subsp. cloacae ATCC 13047__k5,bacteria
ATTGT,3675,Enterobacter cloacae subsp. cloacae ATCC 13047__k5,bacteria
GTAAT,4439,Enterobacter cloacae subsp. cloacae ATCC 13047__k5,bacteria
TAATT,3194,Enterobacter cloacae subsp. cloacae ATCC 13047__k5,bacteria
CGTAT,3989,Enterobacter cloacae subsp. cloacae ATCC 13047__k5,bacteria
GACAC,2995,Enterobacter cloacae subsp. cloacae ATCC 13047__k5,bacteria
ACGCC,10303,Enterobacter cloacae subsp. cloacae ATCC 13047__k5,bacteria
AGCAA,5484,Enterobacter cloacae subsp. cloacae ATCC 13047__k5,bacteria
CATCC,6796,Enterobacter cloacae subsp. cloacae ATCC 13047__k5,bacteria
TCACG,6683,Enterobacter cloacae subsp. cloacae ATCC 13047__k5,bacteria
TCTTC,7654,Enterobacter cloacae subsp. cloacae ATCC 13047__k5,bacteria
TCACA,3312,Enterobacter cloacae subsp. cloacae ATCC 13047__k5,bacteria
CACAT,3655,Enterobacter cloacae subsp. cloacae ATCC 13047__k5,bacteria
AAGCT,4886,Enterobacter cloacae subsp. cloacae ATCC 13047__k5,bacteria
TGGTT,6211,Enterobacter cloacae subsp. cloacae ATCC 13047__k5,bacteria
GGATT,4673,Enterobacter cloacae subsp. cloacae ATCC 13047__k5,bacteria
GATTA,4352,Enterobacter cloacae subsp. cloacae ATCC 13047__k5,bacteria
GTATT,4561,Enterobacter cloacae subsp. cloacae ATCC 13047__k5,bacteria
AGCGG,8609,Enterobacter cloacae subsp. cloacae ATCC 13047__k5,bacteria
GATAG,3435,Enterobacter cloacae subsp. cloacae ATCC 13047__k5,bacteria
ATAGC,3869,Enterobacter cloacae subsp. cloacae ATCC 13047__k5,bacteria
TAGCC,3328,Enterobacter cloacae subsp. cloacae ATCC 13047__k5,bacteria
GCCTC,4204,Enterobacter cloacae subsp. cloacae ATCC 13047__k5,bacteria
CCTCA,3781,Enterobacter cloacae subsp. cloacae ATCC 13047__k5,bacteria
CTCAA,4744,Enterobacter cloacae subsp. cloacae ATCC 13047__k5,bacteria
TCAAG,2987,Enterobacter cloacae subsp. cloacae ATCC 13047__k5,bacteria
AAGCA,4764,Enterobacter cloacae subsp. cloacae ATCC 13047__k5,bacteria
AGGCA,4855,Enterobacter cloacae subsp. cloacae ATCC 13047__k5,bacteria
ATTTG,3927,Enterobacter cloacae subsp. cloacae ATCC 13047__k5,bacteria
GCCAT,9256,Enterobacter cloacae subsp. cloacae ATCC 13047__k5,bacteria
TCTCG,3477,Enterobacter cloacae subsp. cloacae ATCC 13047__k5,bacteria
ACGAG,2681,Enterobacter cloacae subsp. cloacae ATCC 13047__k5,bacteria
CGAGA,3514,Enterobacter cloacae subsp. cloacae ATCC 13047__k5,bacteria
ATTCC,4233,Enterobacter cloacae subsp. cloacae ATCC 13047__k5,bacteria
TGTAC,2952,Enterobacter cloacae subsp. cloacae ATCC 13047__k5,bacteria
TACGT,2811,Enterobacter cloacae subsp. cloacae ATCC 13047__k5,bacteria
TAAGT,1606,Enterobacter cloacae subsp. cloacae ATCC 13047__k5,bacteria
AGAGG,3523,Enterobacter cloacae subsp. cloacae ATCC 13047__k5,bacteria
GAGGC,4069,Enterobacter cloacae subsp. cloacae ATCC 13047__k5,bacteria
GATTC,3506,Enterobacter cloacae subsp. cloacae ATCC 13047__k5,bacteria
CTACG,2971,Enterobacter cloacae subsp. cloacae ATCC 13047__k5,bacteria
CGGGG,4491,Enterobacter cloacae subsp. cloacae ATCC 13047__k5,bacteria
TCGGG,3869,Enterobacter cloacae subsp. cloacae ATCC 13047__k5,bacteria
GGTTT,7497,Enterobacter cloacae subsp. cloacae ATCC 13047__k5,bacteria
AGCTA,1874,Enterobacter cloacae subsp. cloacae ATCC 13047__k5,bacteria
GCTAC,3458,Enterobacter cloacae subsp. cloacae ATCC 13047__k5,bacteria
GCGAG,5207,Enterobacter cloacae subsp. cloacae ATCC 13047__k5,bacteria
TCCGT,4368,Enterobacter cloacae subsp. cloacae ATCC 13047__k5,bacteria
GTACA,2998,Enterobacter cloacae subsp. cloacae ATCC 13047__k5,bacteria
TACAG,3613,Enterobacter cloacae subsp. cloacae ATCC 13047__k5,bacteria
GCATC,8781,Enterobacter cloacae subsp. cloacae ATCC 13047__k5,bacteria
GTCGG,4994,Enterobacter cloacae subsp. cloacae ATCC 13047__k5,bacteria
ATGTT,4701,Enterobacter cloacae subsp. cloacae ATCC 13047__k5,bacteria
GTTGT,4733,Enterobacter cloacae subsp. cloacae ATCC 13047__k5,bacteria
TTGTT,4933,Enterobacter cloacae subsp. cloacae ATCC 13047__k5,bacteria
TGTTA,3326,Enterobacter cloacae subsp. cloacae ATCC 13047__k5,bacteria
GAGAC,2904,Enterobacter cloacae subsp. cloacae ATCC 13047__k5,bacteria
AGACT,2027,Enterobacter cloacae subsp. cloacae ATCC 13047__k5,bacteria
CTGTA,3585,Enterobacter cloacae subsp. cloacae ATCC 13047__k5,bacteria
TGTAA,2815,Enterobacter cloacae subsp. cloacae ATCC 13047__k5,bacteria
ATGTC,4297,Enterobacter cloacae subsp. cloacae ATCC 13047__k5,bacteria
GCAAT,6344,Enterobacter cloacae subsp. cloacae ATCC 13047__k5,bacteria
CAATA,4787,Enterobacter cloacae subsp. cloacae ATCC 13047__k5,bacteria
AATAT,5262,Enterobacter cloacae subsp. cloacae ATCC 13047__k5,bacteria
ATCTC,4987,Enterobacter cloacae subsp. cloacae ATCC 13047__k5,bacteria
TCCCC,4224,Enterobacter cloacae subsp. cloacae ATCC 13047__k5,bacteria
CCCCT,3409,Enterobacter cloacae subsp. cloacae ATCC 13047__k5,bacteria
CAGCG,18102,Enterobacter cloacae subsp. cloacae ATCC 13047__k5,bacteria
CTTGA,3193,Enterobacter cloacae subsp. cloacae ATCC 13047__k5,bacteria
CATCT,5426,Enterobacter cloacae subsp. cloacae ATCC 13047__k5,bacteria
ATCTA,1438,Enterobacter cloacae subsp. cloacae ATCC 13047__k5,bacteria
TATAC,2005,Enterobacter cloacae subsp. cloacae ATCC 13047__k5,bacteria
ACGAA,4574,Enterobacter cloacae subsp. cloacae ATCC 13047__k5,bacteria
GGAAT,4274,Enterobacter cloacae subsp. cloacae ATCC 13047__k5,bacteria
GAATC,3469,Enterobacter cloacae subsp. cloacae ATCC 13047__k5,bacteria
TCCTT,3147,Enterobacter cloacae subsp. cloacae ATCC 13047__k5,bacteria
CCTTT,5553,Enterobacter cloacae subsp. cloacae ATCC 13047__k5,bacteria
TGTCC,3862,Enterobacter cloacae subsp. cloacae ATCC 13047__k5,bacteria
GTCCT,2557,Enterobacter cloacae subsp. cloacae ATCC 13047__k5,bacteria
CAGGG,7391,Enterobacter cloacae subsp. cloacae ATCC 13047__k5,bacteria
AGGGT,3768,Enterobacter cloacae subsp. cloacae ATCC 13047__k5,bacteria
TGAGG,3750,Enterobacter cloacae subsp. cloacae ATCC 13047__k5,bacteria
CGGGA,5752,Enterobacter cloacae subsp. cloacae ATCC 13047__k5,bacteria
CATTG,5486,Enterobacter cloacae subsp. cloacae ATCC 13047__k5,bacteria
AGGGC,4883,Enterobacter cloacae subsp. cloacae ATCC 13047__k5,bacteria
GACAG,4896,Enterobacter cloacae subsp. cloacae ATCC 13047__k5,bacteria
ACAGC,8568,Enterobacter cloacae subsp. cloacae ATCC 13047__k5,bacteria
CAAGG,2874,Enterobacter cloacae subsp. cloacae ATCC 13047__k5,bacteria
GAGGG,2885,Enterobacter cloacae subsp. cloacae ATCC 13047__k5,bacteria
GGGGT,3052,Enterobacter cloacae subsp. cloacae ATCC 13047__k5,bacteria
TACTT,2313,Enterobacter cloacae subsp. cloacae ATCC 13047__k5,bacteria
TACTC,2314,Enterobacter cloacae subsp. cloacae ATCC 13047__k5,bacteria
CCCCA,4195,Enterobacter cloacae subsp. cloacae ATCC 13047__k5,bacteria
AAATA,4965,Enterobacter cloacae subsp. cloacae ATCC 13047__k5,bacteria
AATAC,4722,Enterobacter cloacae subsp. cloacae ATCC 13047__k5,bacteria
ATACA,2606,Enterobacter cloacae subsp. cloacae ATCC 13047__k5,bacteria
TTTCA,8836,Enterobacter cloacae subsp. cloacae ATCC 13047__k5,bacteria
GCTTA,4030,Enterobacter cloacae subsp. cloacae ATCC 13047__k5,bacteria
TTAAG,3278,Enterobacter cloacae subsp. cloacae ATCC 13047__k5,bacteria
TAAGC,3920,Enterobacter cloacae subsp. cloacae ATCC 13047__k5,bacteria
AATTA,3145,Enterobacter cloacae subsp. cloacae ATCC 13047__k5,bacteria
CTCTT,4996,Enterobacter cloacae subsp. cloacae ATCC 13047__k5,bacteria
AGATA,4110,Enterobacter cloacae subsp. cloacae ATCC 13047__k5,bacteria
TTTTA,6511,Enterobacter cloacae subsp. cloacae ATCC 13047__k5,bacteria
TCTCA,3457,Enterobacter cloacae subsp. cloacae ATCC 13047__k5,bacteria
TCCAG,10233,Enterobacter cloacae subsp. cloacae ATCC 13047__k5,bacteria
CGAGG,3493,Enterobacter cloacae subsp. cloacae ATCC 13047__k5,bacteria
GAGGT,3470,Enterobacter cloacae subsp. cloacae ATCC 13047__k5,bacteria
GAGAG,3621,Enterobacter cloacae subsp. cloacae ATCC 13047__k5,bacteria
TACAC,2387,Enterobacter cloacae subsp. cloacae ATCC 13047__k5,bacteria
GGACC,1961,Enterobacter cloacae subsp. cloacae ATCC 13047__k5,bacteria
GGTAG,3045,Enterobacter cloacae subsp. cloacae ATCC 13047__k5,bacteria
GTAGA,2477,Enterobacter cloacae subsp. cloacae ATCC 13047__k5,bacteria
TAGAA,1634,Enterobacter cloacae subsp. cloacae ATCC 13047__k5,bacteria
CCTGT,5596,Enterobacter cloacae subsp. cloacae ATCC 13047__k5,bacteria
AGCTC,4845,Enterobacter cloacae subsp. cloacae ATCC 13047__k5,bacteria
GATGT,5515,Enterobacter cloacae subsp. cloacae ATCC 13047__k5,bacteria
GGGGG,2689,Enterobacter cloacae subsp. cloacae ATCC 13047__k5,bacteria
GGGAG,3186,Enterobacter cloacae subsp. cloacae ATCC 13047__k5,bacteria
ATAGA,2337,Enterobacter cloacae subsp. cloacae ATCC 13047__k5,bacteria
TAGAT,1480,Enterobacter cloacae subsp. cloacae ATCC 13047__k5,bacteria
ACTTG,1381,Enterobacter cloacae subsp. cloacae ATCC 13047__k5,bacteria
AGGTT,4824,Enterobacter cloacae subsp. cloacae ATCC 13047__k5,bacteria
TTAGC,2861,Enterobacter cloacae subsp. cloacae ATCC 13047__k5,bacteria
TAGCG,3625,Enterobacter cloacae subsp. cloacae ATCC 13047__k5,bacteria
CATGT,3471,Enterobacter cloacae subsp. cloacae ATCC 13047__k5,bacteria
TGTTT,6373,Enterobacter cloacae subsp. cloacae ATCC 13047__k5,bacteria
AAGTT,3020,Enterobacter cloacae subsp. cloacae ATCC 13047__k5,bacteria
AGTTG,3227,Enterobacter cloacae subsp. cloacae ATCC 13047__k5,bacteria
TCTTA,1949,Enterobacter cloacae subsp. cloacae ATCC 13047__k5,bacteria
CTTAT,2955,Enterobacter cloacae subsp. cloacae ATCC 13047__k5,bacteria
CCTCC,3211,Enterobacter cloacae subsp. cloacae ATCC 13047__k5,bacteria
CCAGT,6796,Enterobacter cloacae subsp. cloacae ATCC 13047__k5,bacteria
GTATC,4583,Enterobacter cloacae subsp. cloacae ATCC 13047__k5,bacteria
GGTAT,5390,Enterobacter cloacae subsp. cloacae ATCC 13047__k5,bacteria
ATGTA,2415,Enterobacter cloacae subsp. cloacae ATCC 13047__k5,bacteria
GATAC,4675,Enterobacter cloacae subsp. cloacae ATCC 13047__k5,bacteria
TACGG,4816,Enterobacter cloacae subsp. cloacae ATCC 13047__k5,bacteria
AACTC,3364,Enterobacter cloacae subsp. cloacae ATCC 13047__k5,bacteria
ACTCT,2305,Enterobacter cloacae subsp. cloacae ATCC 13047__k5,bacteria
TCATG,5644,Enterobacter cloacae subsp. cloacae ATCC 13047__k5,bacteria
TCCTA,673,Enterobacter cloacae subsp. cloacae ATCC 13047__k5,bacteria
GTCTC,2764,Enterobacter cloacae subsp. cloacae ATCC 13047__k5,bacteria
CGTAG,3130,Enterobacter cloacae subsp. cloacae ATCC 13047__k5,bacteria
GTAGG,1774,Enterobacter cloacae subsp. cloacae ATCC 13047__k5,bacteria
GTGTT,4253,Enterobacter cloacae subsp. cloacae ATCC 13047__k5,bacteria
GGTTA,5218,Enterobacter cloacae subsp. cloacae ATCC 13047__k5,bacteria
AGCAC,6328,Enterobacter cloacae subsp. cloacae ATCC 13047__k5,bacteria
ATACC,5613,Enterobacter cloacae subsp. cloacae ATCC 13047__k5,bacteria
CCACT,4217,Enterobacter cloacae subsp. cloacae ATCC 13047__k5,bacteria
ATCTT,4792,Enterobacter cloacae subsp. cloacae ATCC 13047__k5,bacteria
TTCTA,1644,Enterobacter cloacae subsp. cloacae ATCC 13047__k5,bacteria
TCTAC,2524,Enterobacter cloacae subsp. cloacae ATCC 13047__k5,bacteria
CTACT,1683,Enterobacter cloacae subsp. cloacae ATCC 13047__k5,bacteria
CCTTG,3020,Enterobacter cloacae subsp. cloacae ATCC 13047__k5,bacteria
GACCC,3218,Enterobacter cloacae subsp. cloacae ATCC 13047__k5,bacteria
TACCC,4391,Enterobacter cloacae subsp. cloacae ATCC 13047__k5,bacteria
TACAT,2470,Enterobacter cloacae subsp. cloacae ATCC 13047__k5,bacteria
AGGCT,4601,Enterobacter cloacae subsp. cloacae ATCC 13047__k5,bacteria
GGCTA,3188,Enterobacter cloacae subsp. cloacae ATCC 13047__k5,bacteria
AGTCA,2936,Enterobacter cloacae subsp. cloacae ATCC 13047__k5,bacteria
GACTA,1487,Enterobacter cloacae subsp. cloacae ATCC 13047__k5,bacteria
AGCCC,5657,Enterobacter cloacae subsp. cloacae ATCC 13047__k5,bacteria
ACTTA,1657,Enterobacter cloacae subsp. cloacae ATCC 13047__k5,bacteria
CTTAG,1005,Enterobacter cloacae subsp. cloacae ATCC 13047__k5,bacteria
TAAGA,2021,Enterobacter cloacae subsp. cloacae ATCC 13047__k5,bacteria
AGCAT,5557,Enterobacter cloacae subsp. cloacae ATCC 13047__k5,bacteria
TGCAT,4755,Enterobacter cloacae subsp. cloacae ATCC 13047__k5,bacteria
TCGTA,2696,Enterobacter cloacae subsp. cloacae ATCC 13047__k5,bacteria
GTAGC,3440,Enterobacter cloacae subsp. cloacae ATCC 13047__k5,bacteria
CCCAC,4810,Enterobacter cloacae subsp. cloacae ATCC 13047__k5,bacteria
ATTAC,4341,Enterobacter cloacae subsp. cloacae ATCC 13047__k5,bacteria
TGTGA,3105,Enterobacter cloacae subsp. cloacae ATCC 13047__k5,bacteria
TTCAT,7083,Enterobacter cloacae subsp. cloacae ATCC 13047__k5,bacteria
AGCTT,4804,Enterobacter cloacae subsp. cloacae ATCC 13047__k5,bacteria
GTCCC,2290,Enterobacter cloacae subsp. cloacae ATCC 13047__k5,bacteria
CAATC,5688,Enterobacter cloacae subsp. cloacae ATCC 13047__k5,bacteria
TTATA,2602,Enterobacter cloacae subsp. cloacae ATCC 13047__k5,bacteria
CTGTG,4456,Enterobacter cloacae subsp. cloacae ATCC 13047__k5,bacteria
ATGGG,3808,Enterobacter cloacae subsp. cloacae ATCC 13047__k5,bacteria
CTCGT,2749,Enterobacter cloacae subsp. cloacae ATCC 13047__k5,bacteria
GCCTT,5920,Enterobacter cloacae subsp. cloacae ATCC 13047__k5,bacteria
ATATT,5099,Enterobacter cloacae subsp. cloacae ATCC 13047__k5,bacteria
TTTAG,2249,Enterobacter cloacae subsp. cloacae ATCC 13047__k5,bacteria
CTTTT,6970,Enterobacter cloacae subsp. cloacae ATCC 13047__k5,bacteria
GCATA,4112,Enterobacter cloacae subsp. cloacae ATCC 13047__k5,bacteria
CATAT,3610,Enterobacter cloacae subsp. cloacae ATCC 13047__k5,bacteria
AGTAA,3084,Enterobacter cloacae subsp. cloacae ATCC 13047__k5,bacteria
CCCTT,3909,Enterobacter cloacae subsp. cloacae ATCC 13047__k5,bacteria
TAGCT,1929,Enterobacter cloacae subsp. cloacae ATCC 13047__k5,bacteria
ACACT,1988,Enterobacter cloacae subsp. cloacae ATCC 13047__k5,bacteria
ATAGT,2072,Enterobacter cloacae subsp. cloacae ATCC 13047__k5,bacteria
TAGTT,1669,Enterobacter cloacae subsp. cloacae ATCC 13047__k5,bacteria
TCCCA,3101,Enterobacter cloacae subsp. cloacae ATCC 13047__k5,bacteria
CCCTA,1060,Enterobacter cloacae subsp. cloacae ATCC 13047__k5,bacteria
CTAAT,1303,Enterobacter cloacae subsp. cloacae ATCC 13047__k5,bacteria
AATCT,3826,Enterobacter cloacae subsp. cloacae ATCC 13047__k5,bacteria
AATAG,2253,Enterobacter cloacae subsp. cloacae ATCC 13047__k5,bacteria
TAGTG,1754,Enterobacter cloacae subsp. cloacae ATCC 13047__k5,bacteria
TAGAC,1279,Enterobacter cloacae subsp. cloacae ATCC 13047__k5,bacteria
ATACT,2490,Enterobacter cloacae subsp. cloacae ATCC 13047__k5,bacteria
GGTCC,1924,Enterobacter cloacae subsp. cloacae ATCC 13047__k5,bacteria
GTCCA,3881,Enterobacter cloacae subsp. cloacae ATCC 13047__k5,bacteria
AACTA,1591,Enterobacter cloacae subsp. cloacae ATCC 13047__k5,bacteria
GCTAA,2845,Enterobacter cloacae subsp. cloacae ATCC 13047__k5,bacteria
ACTCG,2160,Enterobacter cloacae subsp. cloacae ATCC 13047__k5,bacteria
TGTAG,2324,Enterobacter cloacae subsp. cloacae ATCC 13047__k5,bacteria
TGTGT,2226,Enterobacter cloacae subsp. cloacae ATCC 13047__k5,bacteria
GTTAG,1872,Enterobacter cloacae subsp. cloacae ATCC 13047__k5,bacteria
TAGCA,1690,Enterobacter cloacae subsp. cloacae ATCC 13047__k5,bacteria
CTCAT,3858,Enterobacter cloacae subsp. cloacae ATCC 13047__k5,bacteria
CCTAG,170,Enterobacter cloacae subsp. cloacae ATCC 13047__k5,bacteria
CTAGA,189,Enterobacter cloacae subsp. cloacae ATCC 13047__k5,bacteria
TTACA,2828,Enterobacter cloacae subsp. cloacae ATCC 13047__k5,bacteria
TCATA,3287,Enterobacter cloacae subsp. cloacae ATCC 13047__k5,bacteria
ATAAG,2884,Enterobacter cloacae subsp. cloacae ATCC 13047__k5,bacteria
CTTAC,2965,Enterobacter cloacae subsp. cloacae ATCC 13047__k5,bacteria
GTAGT,2434,Enterobacter cloacae subsp. cloacae ATCC 13047__k5,bacteria
TAGTA,1028,Enterobacter cloacae subsp. cloacae ATCC 13047__k5,bacteria
AGTAG,1626,Enterobacter cloacae subsp. cloacae ATCC 13047__k5,bacteria
CCCCC,2996,Enterobacter cloacae subsp. cloacae ATCC 13047__k5,bacteria
ACTAG,232,Enterobacter cloacae subsp. cloacae ATCC 13047__k5,bacteria
CTAGT,224,Enterobacter cloacae subsp. cloacae ATCC 13047__k5,bacteria
TAGTC,1612,Enterobacter cloacae subsp. cloacae ATCC 13047__k5,bacteria
TAGAG,1756,Enterobacter cloacae subsp. cloacae ATCC 13047__k5,bacteria
TGCTA,1699,Enterobacter cloacae subsp. cloacae ATCC 13047__k5,bacteria
TAGGC,1723,Enterobacter cloacae subsp. cloacae ATCC 13047__k5,bacteria
ATATA,2238,Enterobacter cloacae subsp. cloacae ATCC 13047__k5,bacteria
CTAAG,898,Enterobacter cloacae subsp. cloacae ATCC 13047__k5,bacteria
TAGGG,977,Enterobacter cloacae subsp. cloacae ATCC 13047__k5,bacteria
CATAG,2433,Enterobacter cloacae subsp. cloacae ATCC 13047__k5,bacteria
TATAG,1834,Enterobacter cloacae subsp. cloacae ATCC 13047__k5,bacteria
TTAGA,1146,Enterobacter cloacae subsp. cloacae ATCC 13047__k5,bacteria
TTAGT,1333,Enterobacter cloacae subsp. cloacae ATCC 13047__k5,bacteria
ACTAA,1253,Enterobacter cloacae subsp. cloacae ATCC 13047__k5,bacteria
ATAGG,1677,Enterobacter cloacae subsp. cloacae ATCC 13047__k5,bacteria
TAGGA,706,Enterobacter cloacae subsp. cloacae ATCC 13047__k5,bacteria
CTAGC,402,Enterobacter cloacae subsp. cloacae ATCC 13047__k5,bacteria
TCTAG,210,Enterobacter cloacae subsp. cloacae ATCC 13047__k5,bacteria
GCTAG,370,Enterobacter cloacae subsp. cloacae ATCC 13047__k5,bacteria
CTAGG,167,Enterobacter cloacae subsp. cloacae ATCC 13047__k5,bacteria
TGGAA,5493,Enterococcus faecium DO__k5,bacteria
GGAAA,5976,Enterococcus faecium DO__k5,bacteria
GAAAA,12494,Enterococcus faecium DO__k5,bacteria
AAAAC,8100,Enterococcus faecium DO__k5,bacteria
AAACT,4732,Enterococcus faecium DO__k5,bacteria
AACTA,3256,Enterococcus faecium DO__k5,bacteria
ACTAT,2671,Enterococcus faecium DO__k5,bacteria
CTATT,3774,Enterococcus faecium DO__k5,bacteria
TATTG,4839,Enterococcus faecium DO__k5,bacteria
ATTGA,7324,Enterococcus faecium DO__k5,bacteria
TTGAA,8296,Enterococcus faecium DO__k5,bacteria
TGAAA,8542,Enterococcus faecium DO__k5,bacteria
AAAAA,22363,Enterococcus faecium DO__k5,bacteria
AAAAT,14184,Enterococcus faecium DO__k5,bacteria
AAATG,7820,Enterococcus faecium DO__k5,bacteria
AATGC,3449,Enterococcus faecium DO__k5,bacteria
ATGCT,3338,Enterococcus faecium DO__k5,bacteria
TGCTA,3020,Enterococcus faecium DO__k5,bacteria
GCTAA,3047,Enterococcus faecium DO__k5,bacteria
CTAAA,4957,Enterococcus faecium DO__k5,bacteria
TAAAT,6500,Enterococcus faecium DO__k5,bacteria
AAATT,8573,Enterococcus faecium DO__k5,bacteria
AATTA,5630,Enterococcus faecium DO__k5,bacteria
ATTAG,3677,Enterococcus faecium DO__k5,bacteria
TTAGT,2984,Enterococcus faecium DO__k5,bacteria
TAGTA,2536,Enterococcus faecium DO__k5,bacteria
AGTAC,1902,Enterococcus faecium DO__k5,bacteria
GTACT,1817,Enterococcus faecium DO__k5,bacteria
TACTA,2408,Enterococcus faecium DO__k5,bacteria
ACTAG,1902,Enterococcus faecium DO__k5,bacteria
CTAGT,1920,Enterococcus faecium DO__k5,bacteria
TAGTT,3184,Enterococcus faecium DO__k5,bacteria
AGTTA,2650,Enterococcus faecium DO__k5,bacteria
GTTAT,3334,Enterococcus faecium DO__k5,bacteria
TTATT,8868,Enterococcus faecium DO__k5,bacteria
TATTC,4915,Enterococcus faecium DO__k5,bacteria
ATTCA,5847,Enterococcus faecium DO__k5,bacteria
TTCAC,3212,Enterococcus faecium DO__k5,bacteria
TCACT,3096,Enterococcus faecium DO__k5,bacteria
CACTT,3049,Enterococcus faecium DO__k5,bacteria
ACTTT,5702,Enterococcus faecium DO__k5,bacteria
CTTTT,11780,Enterococcus faecium DO__k5,bacteria
TTTTT,22290,Enterococcus faecium DO__k5,bacteria
TTTTA,10528,Enterococcus faecium DO__k5,bacteria
TTTAA,6031,Enterococcus faecium DO__k5,bacteria
TTAAT,4134,Enterococcus faecium DO__k5,bacteria
TAATG,3750,Enterococcus faecium DO__k5,bacteria
AATGA,7067,Enterococcus faecium DO__k5,bacteria
ATGAA,7640,Enterococcus faecium DO__k5,bacteria
TGAAG,5245,Enterococcus faecium DO__k5,bacteria
GAAGG,2845,Enterococcus faecium DO__k5,bacteria
AAGGA,4846,Enterococcus faecium DO__k5,bacteria
AGGAG,2691,Enterococcus faecium DO__k5,bacteria
GGAGG,1340,Enterococcus faecium DO__k5,bacteria
GAGGA,2195,Enterococcus faecium DO__k5,bacteria
GAGGC,855,Enterococcus faecium DO__k5,bacteria
AGGCC,499,Enterococcus faecium DO__k5,bacteria
GGCCT,494,Enterococcus faecium DO__k5,bacteria
GCCTT,2007,Enterococcus faecium DO__k5,bacteria
CCTTA,1576,Enterococcus faecium DO__k5,bacteria
CTTAT,3737,Enterococcus faecium DO__k5,bacteria
TTATA,4386,Enterococcus faecium DO__k5,bacteria
TATAT,4217,Enterococcus faecium DO__k5,bacteria
ATATG,3906,Enterococcus faecium DO__k5,bacteria
TATGG,2830,Enterococcus faecium DO__k5,bacteria
ATGGT,3254,Enterococcus faecium DO__k5,bacteria
TGGTA,2989,Enterococcus faecium DO__k5,bacteria
GGTAT,2635,Enterococcus faecium DO__k5,bacteria
GTATC,3238,Enterococcus faecium DO__k5,bacteria
TATCC,3241,Enterococcus faecium DO__k5,bacteria
ATCCC,2221,Enterococcus faecium DO__k5,bacteria
TCCCT,1867,Enterococcus faecium DO__k5,bacteria
CCCTC,788,Enterococcus faecium DO__k5,bacteria
CCTCG,814,Enterococcus faecium DO__k5,bacteria
CTCGA,1355,Enterococcus faecium DO__k5,bacteria
TCGAT,5181,Enterococcus faecium DO__k5,bacteria
CGATG,2668,Enterococcus faecium DO__k5,bacteria
GATGC,2577,Enterococcus faecium DO__k5,bacteria
TGCTT,6084,Enterococcus faecium DO__k5,bacteria
GCTTT,5831,Enterococcus faecium DO__k5,bacteria
CTTTA,5164,Enterococcus faecium DO__k5,bacteria
TTTAT,9594,Enterococcus faecium DO__k5,bacteria
TTATG,3931,Enterococcus faecium DO__k5,bacteria
ATGGA,4750,Enterococcus faecium DO__k5,bacteria
GGAAT,3959,Enterococcus faecium DO__k5,bacteria
GAATG,3529,Enterococcus faecium DO__k5,bacteria
TGAAT,6005,Enterococcus faecium DO__k5,bacteria
GAATT,5616,Enterococcus faecium DO__k5,bacteria
ATTAA,4216,Enterococcus faecium DO__k5,bacteria
TTAAA,6045,Enterococcus faecium DO__k5,bacteria
TAAAA,10418,Enterococcus faecium DO__k5,bacteria
AAAAG,11584,Enterococcus faecium DO__k5,bacteria
AAAGC,5690,Enterococcus faecium DO__k5,bacteria
AAGCA,6028,Enterococcus faecium DO__k5,bacteria
AGCAA,6178,Enterococcus faecium DO__k5,bacteria
GCAAC,2421,Enterococcus faecium DO__k5,bacteria
CAACA,3825,Enterococcus faecium DO__k5,bacteria
AACAT,4323,Enterococcus faecium DO__k5,bacteria
ACATA,2629,Enterococcus faecium DO__k5,bacteria
CATAC,2236,Enterococcus faecium DO__k5,bacteria
ATACC,2514,Enterococcus faecium DO__k5,bacteria
TACCA,2903,Enterococcus faecium DO__k5,bacteria
ACCAA,4099,Enterococcus faecium DO__k5,bacteria
CCAAA,4972,Enterococcus faecium DO__k5,bacteria
CAAAA,10956,Enterococcus faecium DO__k5,bacteria
AAAGG,4458,Enterococcus faecium DO__k5,bacteria
AGGAT,2985,Enterococcus faecium DO__k5,bacteria
GGATT,4135,Enterococcus faecium DO__k5,bacteria
GATTT,8499,Enterococcus faecium DO__k5,bacteria
ATTTA,6355,Enterococcus faecium DO__k5,bacteria
TTATC,5751,Enterococcus faecium DO__k5,bacteria
TATCG,3339,Enterococcus faecium DO__k5,bacteria
ATCGC,2510,Enterococcus faecium DO__k5,bacteria
TCGCC,1402,Enterococcus faecium DO__k5,bacteria
CGCCT,1306,Enterococcus faecium DO__k5,bacteria
GCCTG,1164,Enterococcus faecium DO__k5,bacteria
CCTGC,1701,Enterococcus faecium DO__k5,bacteria
CTGCT,4361,Enterococcus faecium DO__k5,bacteria
GCTAG,1558,Enterococcus faecium DO__k5,bacteria
CTAGC,1513,Enterococcus faecium DO__k5,bacteria
TAGCT,2942,Enterococcus faecium DO__k5,bacteria
AGCTA,3076,Enterococcus faecium DO__k5,bacteria
GCTAT,2696,Enterococcus faecium DO__k5,bacteria
CTATA,2093,Enterococcus faecium DO__k5,bacteria
TATAA,4368,Enterococcus faecium DO__k5,bacteria
ATAAT,6280,Enterococcus faecium DO__k5,bacteria
TAATA,4476,Enterococcus faecium DO__k5,bacteria
AATAC,4264,Enterococcus faecium DO__k5,bacteria
ATACA,3819,Enterococcus faecium DO__k5,bacteria
TACAT,2988,Enterococcus faecium DO__k5,bacteria
ACATG,2225,Enterococcus faecium DO__k5,bacteria
CATGG,2228,Enterococcus faecium DO__k5,bacteria
TGGAT,4974,Enterococcus faecium DO__k5,bacteria
GGATC,2945,Enterococcus faecium DO__k5,bacteria
GATCG,3751,Enterococcus faecium DO__k5,bacteria
ATCGA,5104,Enterococcus faecium DO__k5,bacteria
TCGAA,3732,Enterococcus faecium DO__k5,bacteria
CGAAA,3957,Enterococcus faecium DO__k5,bacteria
GAAAC,4546,Enterococcus faecium DO__k5,bacteria
AAACA,7672,Enterococcus faecium DO__k5,bacteria
AACAG,4699,Enterococcus faecium DO__k5,bacteria
ACAGC,3269,Enterococcus faecium DO__k5,bacteria
CAGCG,1694,Enterococcus faecium DO__k5,bacteria
AGCGA,2590,Enterococcus faecium DO__k5,bacteria
GCGAA,2212,Enterococcus faecium DO__k5,bacteria
CGAAC,1893,Enterococcus faecium DO__k5,bacteria
GAACC,2022,Enterococcus faecium DO__k5,bacteria
AACCC,1217,Enterococcus faecium DO__k5,bacteria
ACCCT,889,Enterococcus faecium DO__k5,bacteria
CCCTT,1690,Enterococcus faecium DO__k5,bacteria
CCTTG,2264,Enterococcus faecium DO__k5,bacteria
CTTGA,4331,Enterococcus faecium DO__k5,bacteria
TTGAT,9553,Enterococcus faecium DO__k5,bacteria
TGATC,6121,Enterococcus faecium DO__k5,bacteria
GATCA,5968,Enterococcus faecium DO__k5,bacteria
ATCAA,9510,Enterococcus faecium DO__k5,bacteria
TCAAA,9039,Enterococcus faecium DO__k5,bacteria
AAACC,3406,Enterococcus faecium DO__k5,bacteria
AACCA,3798,Enterococcus faecium DO__k5,bacteria
ACCAG,2583,Enterococcus faecium DO__k5,bacteria
CCAGC,2466,Enterococcus faecium DO__k5,bacteria
CAGCT,4162,Enterococcus faecium DO__k5,bacteria
AGCTC,1518,Enterococcus faecium DO__k5,bacteria
GCTCG,958,Enterococcus faecium DO__k5,bacteria
CTCGT,1467,Enterococcus faecium DO__k5,bacteria
TCGTT,4533,Enterococcus faecium DO__k5,bacteria
CGTTG,2324,Enterococcus faecium DO__k5,bacteria
GTTGT,3144,Enterococcus faecium DO__k5,bacteria
TTGTT,7865,Enterococcus faecium DO__k5,bacteria
TGTTG,3929,Enterococcus faecium DO__k5,bacteria
GTTGA,3421,Enterococcus faecium DO__k5,bacteria
TTGAG,2499,Enterococcus faecium DO__k5,bacteria
TGAGG,1216,Enterococcus faecium DO__k5,bacteria
GAGGT,1209,Enterococcus faecium DO__k5,bacteria
AGGTT,2042,Enterococcus faecium DO__k5,bacteria
GGTTC,2100,Enterococcus faecium DO__k5,bacteria
GTTCC,2612,Enterococcus faecium DO__k5,bacteria
TTCCT,5101,Enterococcus faecium DO__k5,bacteria
TCCTA,2265,Enterococcus faecium DO__k5,bacteria
CCTAG,942,Enterococcus faecium DO__k5,bacteria
TAGCA,2961,Enterococcus faecium DO__k5,bacteria
GCAAG,2806,Enterococcus faecium DO__k5,bacteria
CAAGA,4697,Enterococcus faecium DO__k5,bacteria
AAGAT,6216,Enterococcus faecium DO__k5,bacteria
AGATT,4480,Enterococcus faecium DO__k5,bacteria
GATTC,4303,Enterococcus faecium DO__k5,bacteria
TTCAT,7476,Enterococcus faecium DO__k5,bacteria
TCATA,4039,Enterococcus faecium DO__k5,bacteria
CATAA,3907,Enterococcus faecium DO__k5,bacteria
ATAAA,9508,Enterococcus faecium DO__k5,bacteria
TAAAG,5083,Enterococcus faecium DO__k5,bacteria
AAAGA,10361,Enterococcus faecium DO__k5,bacteria
AAGAA,12080,Enterococcus faecium DO__k5,bacteria
AGAAT,5283,Enterococcus faecium DO__k5,bacteria
GAATA,4826,Enterococcus faecium DO__k5,bacteria
AATAT,7000,Enterococcus faecium DO__k5,bacteria
ATATT,6921,Enterococcus faecium DO__k5,bacteria
ATTGG,4277,Enterococcus faecium DO__k5,bacteria
TTGGG,1967,Enterococcus faecium DO__k5,bacteria
TGGGA,2289,Enterococcus faecium DO__k5,bacteria
GGGAA,2391,Enterococcus faecium DO__k5,bacteria
AACCT,2103,Enterococcus faecium DO__k5,bacteria
ACCTG,1739,Enterococcus faecium DO__k5,bacteria
CCTGG,952,Enterococcus faecium DO__k5,bacteria
CTGGC,1617,Enterococcus faecium DO__k5,bacteria
TGGCG,1785,Enterococcus faecium DO__k5,bacteria
GGCGA,1383,Enterococcus faecium DO__k5,bacteria
GCGAC,1079,Enterococcus faecium DO__k5,bacteria
CGACA,1883,Enterococcus faecium DO__k5,bacteria
GACAA,3975,Enterococcus faecium DO__k5,bacteria
ACAAA,6994,Enterococcus faecium DO__k5,bacteria
AAATC,8381,Enterococcus faecium DO__k5,bacteria
AATCG,4991,Enterococcus faecium DO__k5,bacteria
ATCGT,4634,Enterococcus faecium DO__k5,bacteria
GAAGT,3755,Enterococcus faecium DO__k5,bacteria
AAGTC,2953,Enterococcus faecium DO__k5,bacteria
AGTCG,1698,Enterococcus faecium DO__k5,bacteria
GTCGG,1037,Enterococcus faecium DO__k5,bacteria
TCGGT,1999,Enterococcus faecium DO__k5,bacteria
CGGTT,1878,Enterococcus faecium DO__k5,bacteria
GGTTA,1729,Enterococcus faecium DO__k5,bacteria
TATGT,2672,Enterococcus faecium DO__k5,bacteria
ATGTT,4345,Enterococcus faecium DO__k5,bacteria
TGTTA,2920,Enterococcus faecium DO__k5,bacteria
TATCA,5056,Enterococcus faecium DO__k5,bacteria
ATCAG,4455,Enterococcus faecium DO__k5,bacteria
TCAGG,2051,Enterococcus faecium DO__k5,bacteria
CAGGA,2909,Enterococcus faecium DO__k5,bacteria
AGGAA,5212,Enterococcus faecium DO__k5,bacteria
GAAAT,7026,Enterococcus faecium DO__k5,bacteria
ATGAG,2420,Enterococcus faecium DO__k5,bacteria
TGAGA,2382,Enterococcus faecium DO__k5,bacteria
GAGAT,2755,Enterococcus faecium DO__k5,bacteria
GATTA,3761,Enterococcus faecium DO__k5,bacteria
ATTAT,6271,Enterococcus faecium DO__k5,bacteria
CTCGC,820,Enterococcus faecium DO__k5,bacteria
TCGCT,2549,Enterococcus faecium DO__k5,bacteria
CGCTT,2500,Enterococcus faecium DO__k5,bacteria
TATTA,4464,Enterococcus faecium DO__k5,bacteria
ATTAC,3408,Enterococcus faecium DO__k5,bacteria
TTACT,4179,Enterococcus faecium DO__k5,bacteria
TACTG,2773,Enterococcus faecium DO__k5,bacteria
ACTGG,2282,Enterococcus faecium DO__k5,bacteria
CGAAG,2272,Enterococcus faecium DO__k5,bacteria
GAAGA,6763,Enterococcus faecium DO__k5,bacteria
AGAAG,7009,Enterococcus faecium DO__k5,bacteria
GAAGC,4173,Enterococcus faecium DO__k5,bacteria
AGCAG,4220,Enterococcus faecium DO__k5,bacteria
GCAGA,3483,Enterococcus faecium DO__k5,bacteria
CAGAG,1482,Enterococcus faecium DO__k5,bacteria
AGAGC,1481,Enterococcus faecium DO__k5,bacteria
GAGCA,2076,Enterococcus faecium DO__k5,bacteria
AAGTT,4346,Enterococcus faecium DO__k5,bacteria
TATAG,2100,Enterococcus faecium DO__k5,bacteria
ATAGA,3453,Enterococcus faecium DO__k5,bacteria
TAGAA,4863,Enterococcus faecium DO__k5,bacteria
AGAAA,10517,Enterococcus faecium DO__k5,bacteria
AATCC,4056,Enterococcus faecium DO__k5,bacteria
ATCCA,5057,Enterococcus faecium DO__k5,bacteria
TCCAA,5132,Enterococcus faecium DO__k5,bacteria
AAAGT,5810,Enterococcus faecium DO__k5,bacteria
AGTTG,3288,Enterococcus faecium DO__k5,bacteria
TTGTG,3042,Enterococcus faecium DO__k5,bacteria
TGTGG,1610,Enterococcus faecium DO__k5,bacteria
GTGGC,1151,Enterococcus faecium DO__k5,bacteria
TGGCA,3129,Enterococcus faecium DO__k5,bacteria
GGCAC,1060,Enterococcus faecium DO__k5,bacteria
GCACC,1420,Enterococcus faecium DO__k5,bacteria
CACCT,1919,Enterococcus faecium DO__k5,bacteria
ACCTA,1731,Enterococcus faecium DO__k5,bacteria
TAGTC,1751,Enterococcus faecium DO__k5,bacteria
AGTCC,1392,Enterococcus faecium DO__k5,bacteria
GTCCG,1032,Enterococcus faecium DO__k5,bacteria
TCCGC,1632,Enterococcus faecium DO__k5,bacteria
CCGCT,1561,Enterococcus faecium DO__k5,bacteria
CGCTA,1578,Enterococcus faecium DO__k5,bacteria
AAGCC,2244,Enterococcus faecium DO__k5,bacteria
AGCCA,2856,Enterococcus faecium DO__k5,bacteria
GCCAT,2749,Enterococcus faecium DO__k5,bacteria
CCATG,2226,Enterococcus faecium DO__k5,bacteria
CATGC,1693,Enterococcus faecium DO__k5,bacteria
TGCTG,4496,Enterococcus faecium DO__k5,bacteria
GCTGA,3670,Enterococcus faecium DO__k5,bacteria
CTGAA,4290,Enterococcus faecium DO__k5,bacteria
TGAAC,3643,Enterococcus faecium DO__k5,bacteria
CCCTA,894,Enterococcus faecium DO__k5,bacteria
CCTAA,2221,Enterococcus faecium DO__k5,bacteria
AAATA,9819,Enterococcus faecium DO__k5,bacteria
ATATA,4208,Enterococcus faecium DO__k5,bacteria
TATAC,2500,Enterococcus faecium DO__k5,bacteria
TACCT,2039,Enterococcus faecium DO__k5,bacteria
ACCTT,2538,Enterococcus faecium DO__k5,bacteria
CCTTT,4485,Enterococcus faecium DO__k5,bacteria
CTTTG,4611,Enterococcus faecium DO__k5,bacteria
TTTGA,8991,Enterococcus faecium DO__k5,bacteria
TGATA,5241,Enterococcus faecium DO__k5,bacteria
GATAC,3188,Enterococcus faecium DO__k5,bacteria
ATACG,2421,Enterococcus faecium DO__k5,bacteria
TACGT,1830,Enterococcus faecium DO__k5,bacteria
ACGTT,2616,Enterococcus faecium DO__k5,bacteria
CGTTT,4716,Enterococcus faecium DO__k5,bacteria
GTTTG,4203,Enterococcus faecium DO__k5,bacteria
TTTGT,7343,Enterococcus faecium DO__k5,bacteria
TTGTC,4104,Enterococcus faecium DO__k5,bacteria
TGTCA,3304,Enterococcus faecium DO__k5,bacteria
GTCAT,2909,Enterococcus faecium DO__k5,bacteria
TCATT,6925,Enterococcus faecium DO__k5,bacteria
CATTG,4197,Enterococcus faecium DO__k5,bacteria
TTGGT,4198,Enterococcus faecium DO__k5,bacteria
GGTAA,2547,Enterococcus faecium DO__k5,bacteria
GTAAA,5084,Enterococcus faecium DO__k5,bacteria
CCAGA,2575,Enterococcus faecium DO__k5,bacteria
CAGAT,4056,Enterococcus faecium DO__k5,bacteria
AGATG,4070,Enterococcus faecium DO__k5,bacteria
GATGG,3008,Enterococcus faecium DO__k5,bacteria
ATGGC,2697,Enterococcus faecium DO__k5,bacteria
TGGCT,2803,Enterococcus faecium DO__k5,bacteria
GGCTC,856,Enterococcus faecium DO__k5,bacteria
GCTCA,1626,Enterococcus faecium DO__k5,bacteria
CTCAT,2343,Enterococcus faecium DO__k5,bacteria
TCATG,3382,Enterococcus faecium DO__k5,bacteria
ATGCA,3205,Enterococcus faecium DO__k5,bacteria
TGCAG,3157,Enterococcus faecium DO__k5,bacteria
GCAGC,2823,Enterococcus faecium DO__k5,bacteria
CAGCA,4435,Enterococcus faecium DO__k5,bacteria
AGCGC,1056,Enterococcus faecium DO__k5,bacteria
GCGCT,1097,Enterococcus faecium DO__k5,bacteria
CGCTC,982,Enterococcus faecium DO__k5,bacteria
TTGTA,3901,Enterococcus faecium DO__k5,bacteria
TGTAG,2321,Enterococcus faecium DO__k5,bacteria
GTAGC,1868,Enterococcus faecium DO__k5,bacteria
CAGAA,5288,Enterococcus faecium DO__k5,bacteria
AGATC,3313,Enterococcus faecium DO__k5,bacteria
GATCC,2938,Enterococcus faecium DO__k5,bacteria
TCCAG,3078,Enterococcus faecium DO__k5,bacteria
CCAGG,943,Enterococcus faecium DO__k5,bacteria
CAGGT,1818,Enterococcus faecium DO__k5,bacteria
GTTCT,3647,Enterococcus faecium DO__k5,bacteria
TTCTA,4945,Enterococcus faecium DO__k5,bacteria
TCTAT,3423,Enterococcus faecium DO__k5,bacteria
TATTT,9944,Enterococcus faecium DO__k5,bacteria
ATAAC,3298,Enterococcus faecium DO__k5,bacteria
TAACC,1630,Enterococcus faecium DO__k5,bacteria
ACCCG,720,Enterococcus faecium DO__k5,bacteria
CCCGC,687,Enterococcus faecium DO__k5,bacteria
GCTCT,1493,Enterococcus faecium DO__k5,bacteria
CTCTT,3639,Enterococcus faecium DO__k5,bacteria
TCTTC,6939,Enterococcus faecium DO__k5,bacteria
CTTCT,7169,Enterococcus faecium DO__k5,bacteria
TTCTT,12357,Enterococcus faecium DO__k5,bacteria
TCTTT,10639,Enterococcus faecium DO__k5,bacteria
TGGAG,2173,Enterococcus faecium DO__k5,bacteria
AGGCG,1283,Enterococcus faecium DO__k5,bacteria
GGCGT,1172,Enterococcus faecium DO__k5,bacteria
GCGTG,815,Enterococcus faecium DO__k5,bacteria
CGTGG,1024,Enterococcus faecium DO__k5,bacteria
GTGGG,856,Enterococcus faecium DO__k5,bacteria
GGGAC,921,Enterococcus faecium DO__k5,bacteria
GGACT,1439,Enterococcus faecium DO__k5,bacteria
GACTT,3066,Enterococcus faecium DO__k5,bacteria
ACTTG,3648,Enterococcus faecium DO__k5,bacteria
CTTGG,2713,Enterococcus faecium DO__k5,bacteria
GTAAG,1758,Enterococcus faecium DO__k5,bacteria
TAAGA,3032,Enterococcus faecium DO__k5,bacteria
AAGAC,3052,Enterococcus faecium DO__k5,bacteria
AGACT,1807,Enterococcus faecium DO__k5,bacteria
GACTC,1043,Enterococcus faecium DO__k5,bacteria
ACTCA,1870,Enterococcus faecium DO__k5,bacteria
CTCAC,1030,Enterococcus faecium DO__k5,bacteria
TGATG,4839,Enterococcus faecium DO__k5,bacteria
TGCAT,3155,Enterococcus faecium DO__k5,bacteria
GCATG,1664,Enterococcus faecium DO__k5,bacteria
TGCAA,4101,Enterococcus faecium DO__k5,bacteria
GCAAT,4348,Enterococcus faecium DO__k5,bacteria
CAATT,5917,Enterococcus faecium DO__k5,bacteria
AATTG,6073,Enterococcus faecium DO__k5,bacteria
TGGTC,2051,Enterococcus faecium DO__k5,bacteria
GGTCA,1846,Enterococcus faecium DO__k5,bacteria
TCATC,5291,Enterococcus faecium DO__k5,bacteria
CATCA,4953,Enterococcus faecium DO__k5,bacteria
CAAAT,6883,Enterococcus faecium DO__k5,bacteria
GCTGC,2831,Enterococcus faecium DO__k5,bacteria
CTGCA,3100,Enterococcus faecium DO__k5,bacteria
GCAAA,5714,Enterococcus faecium DO__k5,bacteria
CAAAG,4726,Enterococcus faecium DO__k5,bacteria
AGTCA,2959,Enterococcus faecium DO__k5,bacteria
GTCAG,1812,Enterococcus faecium DO__k5,bacteria
TCAGC,3555,Enterococcus faecium DO__k5,bacteria
CAGCC,1822,Enterococcus faecium DO__k5,bacteria
AGCCT,1421,Enterococcus faecium DO__k5,bacteria
GCCTA,1065,Enterococcus faecium DO__k5,bacteria
CTAAT,3695,Enterococcus faecium DO__k5,bacteria
ATGCC,1905,Enterococcus faecium DO__k5,bacteria
TGCCA,3037,Enterococcus faecium DO__k5,bacteria
GCCAA,3036,Enterococcus faecium DO__k5,bacteria
AAGTA,5143,Enterococcus faecium DO__k5,bacteria
AGTAA,4132,Enterococcus faecium DO__k5,bacteria
ATGTA,2996,Enterococcus faecium DO__k5,bacteria
TGTAA,3244,Enterococcus faecium DO__k5,bacteria
TAAGC,2156,Enterococcus faecium DO__k5,bacteria
GCAGT,2353,Enterococcus faecium DO__k5,bacteria
CAGTG,1865,Enterococcus faecium DO__k5,bacteria
AGTGA,3273,Enterococcus faecium DO__k5,bacteria
GTGAA,3209,Enterococcus faecium DO__k5,bacteria
AACTT,4405,Enterococcus faecium DO__k5,bacteria
TTTTG,10989,Enterococcus faecium DO__k5,bacteria
TTTGC,5474,Enterococcus faecium DO__k5,bacteria
TTGCT,6135,Enterococcus faecium DO__k5,bacteria
ATGAT,6757,Enterococcus faecium DO__k5,bacteria
TGATT,8199,Enterococcus faecium DO__k5,bacteria
ATTTC,7135,Enterococcus faecium DO__k5,bacteria
TTTCA,8626,Enterococcus faecium DO__k5,bacteria
TCAAT,7162,Enterococcus faecium DO__k5,bacteria
AATTC,5318,Enterococcus faecium DO__k5,bacteria
ATTCG,3186,Enterococcus faecium DO__k5,bacteria
TTCGA,3802,Enterococcus faecium DO__k5,bacteria
CGATC,3676,Enterococcus faecium DO__k5,bacteria
AACAA,7554,Enterococcus faecium DO__k5,bacteria
AAGAG,3505,Enterococcus faecium DO__k5,bacteria
AGAGT,1598,Enterococcus faecium DO__k5,bacteria
GAGTT,1885,Enterococcus faecium DO__k5,bacteria
AGTTC,2543,Enterococcus faecium DO__k5,bacteria
TTCCG,2433,Enterococcus faecium DO__k5,bacteria
TCCGT,2150,Enterococcus faecium DO__k5,bacteria
CCGTC,1247,Enterococcus faecium DO__k5,bacteria
CGTCA,2003,Enterococcus faecium DO__k5,bacteria
GTCAA,3706,Enterococcus faecium DO__k5,bacteria
TCAAG,4240,Enterococcus faecium DO__k5,bacteria
ATATC,5010,Enterococcus faecium DO__k5,bacteria
AATGT,4044,Enterococcus faecium DO__k5,bacteria
TTTAC,4950,Enterococcus faecium DO__k5,bacteria
ACTGC,2288,Enterococcus faecium DO__k5,bacteria
TAGTG,1893,Enterococcus faecium DO__k5,bacteria
AGTGG,1702,Enterococcus faecium DO__k5,bacteria
GTGGA,2162,Enterococcus faecium DO__k5,bacteria
GGATG,2343,Enterococcus faecium DO__k5,bacteria
GATGA,5350,Enterococcus faecium DO__k5,bacteria
ATGAC,2952,Enterococcus faecium DO__k5,bacteria
TGACA,3258,Enterococcus faecium DO__k5,bacteria
GACAT,2499,Enterococcus faecium DO__k5,bacteria
ACATT,3953,Enterococcus faecium DO__k5,bacteria
CATTC,3653,Enterococcus faecium DO__k5,bacteria
TTCAA,8173,Enterococcus faecium DO__k5,bacteria
AATTT,8621,Enterococcus faecium DO__k5,bacteria
ATTTT,14175,Enterococcus faecium DO__k5,bacteria
TTGCA,4031,Enterococcus faecium DO__k5,bacteria
AAGCT,4226,Enterococcus faecium DO__k5,bacteria
GCTAC,1924,Enterococcus faecium DO__k5,bacteria
CTACG,1199,Enterococcus faecium DO__k5,bacteria
TACGC,1415,Enterococcus faecium DO__k5,bacteria
ACGCA,1584,Enterococcus faecium DO__k5,bacteria
CGCAA,2080,Enterococcus faecium DO__k5,bacteria
AGTTT,4691,Enterococcus faecium DO__k5,bacteria
GTTTT,8298,Enterococcus faecium DO__k5,bacteria
TTTTC,12736,Enterococcus faecium DO__k5,bacteria
TTTCC,6107,Enterococcus faecium DO__k5,bacteria
TTCCA,5764,Enterococcus faecium DO__k5,bacteria
TCCAT,4838,Enterococcus faecium DO__k5,bacteria
CCATA,2767,Enterococcus faecium DO__k5,bacteria
ATACT,3434,Enterococcus faecium DO__k5,bacteria
TACTT,5223,Enterococcus faecium DO__k5,bacteria
CTTTC,5102,Enterococcus faecium DO__k5,bacteria
CAATG,4297,Enterococcus faecium DO__k5,bacteria
TGCCT,1848,Enterococcus faecium DO__k5,bacteria
CTTGT,4002,Enterococcus faecium DO__k5,bacteria
TGTAC,2161,Enterococcus faecium DO__k5,bacteria
GTACA,2271,Enterococcus faecium DO__k5,bacteria
TACAA,3804,Enterococcus faecium DO__k5,bacteria
ACAAT,4360,Enterococcus faecium DO__k5,bacteria
AAGGG,1643,Enterococcus faecium DO__k5,bacteria
AGGGA,1844,Enterococcus faecium DO__k5,bacteria
TCGTA,2704,Enterococcus faecium DO__k5,bacteria
CGTAC,1465,Enterococcus faecium DO__k5,bacteria
ACTAA,2952,Enterococcus faecium DO__k5,bacteria
CTAAC,1720,Enterococcus faecium DO__k5,bacteria
CCAGT,2365,Enterococcus faecium DO__k5,bacteria
GTGAT,3499,Enterococcus faecium DO__k5,bacteria
ATCGG,2504,Enterococcus faecium DO__k5,bacteria
GGTTG,1826,Enterococcus faecium DO__k5,bacteria
GTTGC,2478,Enterococcus faecium DO__k5,bacteria
TTGCC,2811,Enterococcus faecium DO__k5,bacteria
CAAAC,4154,Enterococcus faecium DO__k5,bacteria
AAACG,4583,Enterococcus faecium DO__k5,bacteria
AACGA,4373,Enterococcus faecium DO__k5,bacteria
ACGAG,1514,Enterococcus faecium DO__k5,bacteria
CGAGA,1427,Enterococcus faecium DO__k5,bacteria
ATTCC,3980,Enterococcus faecium DO__k5,bacteria
TCCGA,1825,Enterococcus faecium DO__k5,bacteria
CCGAA,1860,Enterococcus faecium DO__k5,bacteria
AACTG,3737,Enterococcus faecium DO__k5,bacteria
AGAAC,3492,Enterococcus faecium DO__k5,bacteria
GAACG,2475,Enterococcus faecium DO__k5,bacteria
AACGC,1836,Enterococcus faecium DO__k5,bacteria
ACGCC,1184,Enterococcus faecium DO__k5,bacteria
TGTTT,7872,Enterococcus faecium DO__k5,bacteria
GTTTC,4748,Enterococcus faecium DO__k5,bacteria
TTTCT,10891,Enterococcus faecium DO__k5,bacteria
TTCTC,4081,Enterococcus faecium DO__k5,bacteria
TCTCG,1445,Enterococcus faecium DO__k5,bacteria
ATGGG,2201,Enterococcus faecium DO__k5,bacteria
TGGGG,1146,Enterococcus faecium DO__k5,bacteria
GGGGG,432,Enterococcus faecium DO__k5,bacteria
GGGGC,600,Enterococcus faecium DO__k5,bacteria
GGGCT,882,Enterococcus faecium DO__k5,bacteria
GGCTG,1774,Enterococcus faecium DO__k5,bacteria
GCTGT,3122,Enterococcus faecium DO__k5,bacteria
CTGTC,2230,Enterococcus faecium DO__k5,bacteria
TGTCT,2973,Enterococcus faecium DO__k5,bacteria
GTCTG,1803,Enterococcus faecium DO__k5,bacteria
TCTGT,3539,Enterococcus faecium DO__k5,bacteria
CTGTT,4667,Enterococcus faecium DO__k5,bacteria
GATAT,5085,Enterococcus faecium DO__k5,bacteria
TTACA,3220,Enterococcus faecium DO__k5,bacteria
TACAC,1925,Enterococcus faecium DO__k5,bacteria
ACACC,1946,Enterococcus faecium DO__k5,bacteria
CACCG,1427,Enterococcus faecium DO__k5,bacteria
ACCGC,1314,Enterococcus faecium DO__k5,bacteria
CCGCC,1197,Enterococcus faecium DO__k5,bacteria
CGCCG,843,Enterococcus faecium DO__k5,bacteria
GCCGG,783,Enterococcus faecium DO__k5,bacteria
CCGGA,1020,Enterococcus faecium DO__k5,bacteria
CGGAT,2334,Enterococcus faecium DO__k5,bacteria
GATCT,3398,Enterococcus faecium DO__k5,bacteria
ATCTT,6592,Enterococcus faecium DO__k5,bacteria
TCTTG,4875,Enterococcus faecium DO__k5,bacteria
ACAAG,3938,Enterococcus faecium DO__k5,bacteria
GAACA,4468,Enterococcus faecium DO__k5,bacteria
GCGAT,2521,Enterococcus faecium DO__k5,bacteria
CGATT,5053,Enterococcus faecium DO__k5,bacteria
TTACG,2298,Enterococcus faecium DO__k5,bacteria
ACGTA,1977,Enterococcus faecium DO__k5,bacteria
CGTAA,2391,Enterococcus faecium DO__k5,bacteria
AAGCG,2659,Enterococcus faecium DO__k5,bacteria
AGCGG,1584,Enterococcus faecium DO__k5,bacteria
GCGGC,884,Enterococcus faecium DO__k5,bacteria
CGGCG,820,Enterococcus faecium DO__k5,bacteria
GGCGG,1172,Enterococcus faecium DO__k5,bacteria
CGGCT,1441,Enterococcus faecium DO__k5,bacteria
AACGT,2691,Enterococcus faecium DO__k5,bacteria
ACGTC,1312,Enterococcus faecium DO__k5,bacteria
CGTCT,1740,Enterococcus faecium DO__k5,bacteria
GTCTA,1586,Enterococcus faecium DO__k5,bacteria
TCTAG,2043,Enterococcus faecium DO__k5,bacteria
CTAGA,2062,Enterococcus faecium DO__k5,bacteria
TAGAG,1678,Enterococcus faecium DO__k5,bacteria
AGAGA,3064,Enterococcus faecium DO__k5,bacteria
TCCCA,2363,Enterococcus faecium DO__k5,bacteria
CCCAG,1102,Enterococcus faecium DO__k5,bacteria
GACAC,1532,Enterococcus faecium DO__k5,bacteria
ACACA,1989,Enterococcus faecium DO__k5,bacteria
CACAC,1169,Enterococcus faecium DO__k5,bacteria
ACACT,1811,Enterococcus faecium DO__k5,bacteria
CACTA,1810,Enterococcus faecium DO__k5,bacteria
CTAAG,1614,Enterococcus faecium DO__k5,bacteria
CTACA,2253,Enterococcus faecium DO__k5,bacteria
ACATC,3033,Enterococcus faecium DO__k5,bacteria
CATCG,2671,Enterococcus faecium DO__k5,bacteria
TCGCA,1718,Enterococcus faecium DO__k5,bacteria
CGCAG,1176,Enterococcus faecium DO__k5,bacteria
GCAGG,1740,Enterococcus faecium DO__k5,bacteria
AGGAC,1444,Enterococcus faecium DO__k5,bacteria
GGACA,2157,Enterococcus faecium DO__k5,bacteria
ATTCT,5176,Enterococcus faecium DO__k5,bacteria
TCTAA,3766,Enterococcus faecium DO__k5,bacteria
TAACA,3025,Enterococcus faecium DO__k5,bacteria
TTCGT,3705,Enterococcus faecium DO__k5,bacteria
TCGTG,1869,Enterococcus faecium DO__k5,bacteria
CGTGA,1624,Enterococcus faecium DO__k5,bacteria
TTAGA,3769,Enterococcus faecium DO__k5,bacteria
AAGGT,2565,Enterococcus faecium DO__k5,bacteria
AGGTG,1978,Enterococcus faecium DO__k5,bacteria
GGTGC,1452,Enterococcus faecium DO__k5,bacteria
GTGCG,869,Enterococcus faecium DO__k5,bacteria
TGCGC,1117,Enterococcus faecium DO__k5,bacteria
GCTTG,3102,Enterococcus faecium DO__k5,bacteria
TGTTC,4661,Enterococcus faecium DO__k5,bacteria
GTTCG,1884,Enterococcus faecium DO__k5,bacteria
TCGAG,1298,Enterococcus faecium DO__k5,bacteria
CGAGT,1091,Enterococcus faecium DO__k5,bacteria
GAGTG,1232,Enterococcus faecium DO__k5,bacteria
AGTGC,1444,Enterococcus faecium DO__k5,bacteria
GTGCA,1770,Enterococcus faecium DO__k5,bacteria
CAAGC,3138,Enterococcus faecium DO__k5,bacteria
AGCTT,4255,Enterococcus faecium DO__k5,bacteria
CTGCG,1135,Enterococcus faecium DO__k5,bacteria
TGCGA,1788,Enterococcus faecium DO__k5,bacteria
AATAG,3744,Enterococcus faecium DO__k5,bacteria
ATAGT,2644,Enterococcus faecium DO__k5,bacteria
AGATA,4842,Enterococcus faecium DO__k5,bacteria
TTTCG,4097,Enterococcus faecium DO__k5,bacteria
TCGAC,1602,Enterococcus faecium DO__k5,bacteria
CGACT,1707,Enterococcus faecium DO__k5,bacteria
GACTA,1845,Enterococcus faecium DO__k5,bacteria
AGTCT,1782,Enterococcus faecium DO__k5,bacteria
AGCTG,4033,Enterococcus faecium DO__k5,bacteria
CAGAC,1834,Enterococcus faecium DO__k5,bacteria
AGACG,1713,Enterococcus faecium DO__k5,bacteria
GACGC,900,Enterococcus faecium DO__k5,bacteria
CGCAC,816,Enterococcus faecium DO__k5,bacteria
GCACT,1333,Enterococcus faecium DO__k5,bacteria
CACTG,1818,Enterococcus faecium DO__k5,bacteria
ACTGA,3151,Enterococcus faecium DO__k5,bacteria
CGTTA,1957,Enterococcus faecium DO__k5,bacteria
GTTAA,2319,Enterococcus faecium DO__k5,bacteria
AATCA,8327,Enterococcus faecium DO__k5,bacteria
CATCC,2400,Enterococcus faecium DO__k5,bacteria
ATCCT,3087,Enterococcus faecium DO__k5,bacteria
TCCTC,2234,Enterococcus faecium DO__k5,bacteria
CCTCA,1182,Enterococcus faecium DO__k5,bacteria
CTCAA,2508,Enterococcus faecium DO__k5,bacteria
ATTGT,4423,Enterococcus faecium DO__k5,bacteria
CAATC,5306,Enterococcus faecium DO__k5,bacteria
TCCTG,2832,Enterococcus faecium DO__k5,bacteria
CCAAG,2637,Enterococcus faecium DO__k5,bacteria
AAGTG,3183,Enterococcus faecium DO__k5,bacteria
GGCAA,2930,Enterococcus faecium DO__k5,bacteria
AGTAT,3397,Enterococcus faecium DO__k5,bacteria
GTATT,4599,Enterococcus faecium DO__k5,bacteria
ATCAC,3429,Enterococcus faecium DO__k5,bacteria
TCACA,2655,Enterococcus faecium DO__k5,bacteria
CACAT,2030,Enterococcus faecium DO__k5,bacteria
CCAAT,4298,Enterococcus faecium DO__k5,bacteria
GAAAG,4926,Enterococcus faecium DO__k5,bacteria
ATCTC,2694,Enterococcus faecium DO__k5,bacteria
TCTCA,2422,Enterococcus faecium DO__k5,bacteria
ACGCG,672,Enterococcus faecium DO__k5,bacteria
CGCGT,625,Enterococcus faecium DO__k5,bacteria
GCGTC,888,Enterococcus faecium DO__k5,bacteria
AATCT,4614,Enterococcus faecium DO__k5,bacteria
ATCTA,3688,Enterococcus faecium DO__k5,bacteria
TAGAC,1653,Enterococcus faecium DO__k5,bacteria
AGACA,3017,Enterococcus faecium DO__k5,bacteria
CTATG,1882,Enterococcus faecium DO__k5,bacteria
TGTAT,3859,Enterococcus faecium DO__k5,bacteria
ATTTG,6953,Enterococcus faecium DO__k5,bacteria
TTTGG,4948,Enterococcus faecium DO__k5,bacteria
TTGGC,3100,Enterococcus faecium DO__k5,bacteria
GCACG,1011,Enterococcus faecium DO__k5,bacteria
CACGT,1364,Enterococcus faecium DO__k5,bacteria
ACGTG,1353,Enterococcus faecium DO__k5,bacteria
GTGAG,1013,Enterococcus faecium DO__k5,bacteria
TGAGC,1675,Enterococcus faecium DO__k5,bacteria
GAGCT,1552,Enterococcus faecium DO__k5,bacteria
CACAG,1588,Enterococcus faecium DO__k5,bacteria
ACAGA,3536,Enterococcus faecium DO__k5,bacteria
GATAA,5614,Enterococcus faecium DO__k5,bacteria
TAATT,5536,Enterococcus faecium DO__k5,bacteria
TTACC,2407,Enterococcus faecium DO__k5,bacteria
TACCG,1689,Enterococcus faecium DO__k5,bacteria
ACCGA,1964,Enterococcus faecium DO__k5,bacteria
TCGGA,1878,Enterococcus faecium DO__k5,bacteria
CGGAG,942,Enterococcus faecium DO__k5,bacteria
GGAGC,1408,Enterococcus faecium DO__k5,bacteria
TTCGG,1849,Enterococcus faecium DO__k5,bacteria
CGGTG,1445,Enterococcus faecium DO__k5,bacteria
GGTGG,1404,Enterococcus faecium DO__k5,bacteria
CAAGG,2200,Enterococcus faecium DO__k5,bacteria
ATCAT,6910,Enterococcus faecium DO__k5,bacteria
ACAAC,3033,Enterococcus faecium DO__k5,bacteria
CAACG,2315,Enterococcus faecium DO__k5,bacteria
AACGG,2483,Enterococcus faecium DO__k5,bacteria
ACGGT,1773,Enterococcus faecium DO__k5,bacteria
TGCTC,2069,Enterococcus faecium DO__k5,bacteria
CATGA,3362,Enterococcus faecium DO__k5,bacteria
CTGAT,4591,Enterococcus faecium DO__k5,bacteria
AGTGT,1754,Enterococcus faecium DO__k5,bacteria
GTGTC,1454,Enterococcus faecium DO__k5,bacteria
TCAGT,3098,Enterococcus faecium DO__k5,bacteria
CAGTA,2776,Enterococcus faecium DO__k5,bacteria
GTATG,2085,Enterococcus faecium DO__k5,bacteria
TATGC,2312,Enterococcus faecium DO__k5,bacteria
TCAGA,3066,Enterococcus faecium DO__k5,bacteria
TGTCG,1907,Enterococcus faecium DO__k5,bacteria
GTCGA,1552,Enterococcus faecium DO__k5,bacteria
CTATC,2615,Enterococcus faecium DO__k5,bacteria
TCAAC,3456,Enterococcus faecium DO__k5,bacteria
CAACT,3240,Enterococcus faecium DO__k5,bacteria
ATAGC,2571,Enterococcus faecium DO__k5,bacteria
AGCAT,3344,Enterococcus faecium DO__k5,bacteria
CATGT,2214,Enterococcus faecium DO__k5,bacteria
ATGTG,2070,Enterococcus faecium DO__k5,bacteria
GGATA,3162,Enterococcus faecium DO__k5,bacteria
CGTTC,2409,Enterococcus faecium DO__k5,bacteria
GTTCA,3570,Enterococcus faecium DO__k5,bacteria
TCCAC,2086,Enterococcus faecium DO__k5,bacteria
CCACA,1572,Enterococcus faecium DO__k5,bacteria
TCTCT,3125,Enterococcus faecium DO__k5,bacteria
CTCTC,1280,Enterococcus faecium DO__k5,bacteria
TCTTA,3205,Enterococcus faecium DO__k5,bacteria
CTTAC,1810,Enterococcus faecium DO__k5,bacteria
TGAGT,1909,Enterococcus faecium DO__k5,bacteria
GAATC,4462,Enterococcus faecium DO__k5,bacteria
TGCCC,1082,Enterococcus faecium DO__k5,bacteria
GCCCT,624,Enterococcus faecium DO__k5,bacteria
CCTAT,1574,Enterococcus faecium DO__k5,bacteria
TTAAC,2364,Enterococcus faecium DO__k5,bacteria
TAACT,2697,Enterococcus faecium DO__k5,bacteria
AATAA,8761,Enterococcus faecium DO__k5,bacteria
TAAAC,3593,Enterococcus faecium DO__k5,bacteria
GGAGA,2548,Enterococcus faecium DO__k5,bacteria
GTTAC,1936,Enterococcus faecium DO__k5,bacteria
AACCG,1762,Enterococcus faecium DO__k5,bacteria
CCGAG,678,Enterococcus faecium DO__k5,bacteria
CGAGC,1000,Enterococcus faecium DO__k5,bacteria
ATTGC,4389,Enterococcus faecium DO__k5,bacteria
ACTGT,2640,Enterococcus faecium DO__k5,bacteria
ACCAC,1491,Enterococcus faecium DO__k5,bacteria
CCACG,980,Enterococcus faecium DO__k5,bacteria
CACGA,1877,Enterococcus faecium DO__k5,bacteria
ACGAT,4443,Enterococcus faecium DO__k5,bacteria
TTGAC,3719,Enterococcus faecium DO__k5,bacteria
GACAG,2309,Enterococcus faecium DO__k5,bacteria
ACAGG,1959,Enterococcus faecium DO__k5,bacteria
GGTGT,2107,Enterococcus faecium DO__k5,bacteria
GTGTA,1969,Enterococcus faecium DO__k5,bacteria
CTGAC,1851,Enterococcus faecium DO__k5,bacteria
CACAA,2992,Enterococcus faecium DO__k5,bacteria
GGTTT,3479,Enterococcus faecium DO__k5,bacteria
TGACT,3034,Enterococcus faecium DO__k5,bacteria
TGACG,2099,Enterococcus faecium DO__k5,bacteria
GACGG,1337,Enterococcus faecium DO__k5,bacteria
ACGGG,893,Enterococcus faecium DO__k5,bacteria
CGGGG,442,Enterococcus faecium DO__k5,bacteria
GGGGA,1191,Enterococcus faecium DO__k5,bacteria
GGGAG,849,Enterococcus faecium DO__k5,bacteria
ACGCT,1535,Enterococcus faecium DO__k5,bacteria
CGCTG,1682,Enterococcus faecium DO__k5,bacteria
ACGAA,3504,Enterococcus faecium DO__k5,bacteria
CGAAT,3186,Enterococcus faecium DO__k5,bacteria
TCTAC,2635,Enterococcus faecium DO__k5,bacteria
CTACT,2799,Enterococcus faecium DO__k5,bacteria
CTGGT,2637,Enterococcus faecium DO__k5,bacteria
TGGTT,3980,Enterococcus faecium DO__k5,bacteria
CCATT,4730,Enterococcus faecium DO__k5,bacteria
AGCAC,1758,Enterococcus faecium DO__k5,bacteria
TTTAG,4981,Enterococcus faecium DO__k5,bacteria
TTAGC,2894,Enterococcus faecium DO__k5,bacteria
TAGCG,1463,Enterococcus faecium DO__k5,bacteria
GAGAC,1364,Enterococcus faecium DO__k5,bacteria
ACTTC,3879,Enterococcus faecium DO__k5,bacteria
CTTCC,3152,Enterococcus faecium DO__k5,bacteria
CCTGA,2016,Enterococcus faecium DO__k5,bacteria
CATTT,7554,Enterococcus faecium DO__k5,bacteria
CAAGT,3586,Enterococcus faecium DO__k5,bacteria
AGTAG,2833,Enterococcus faecium DO__k5,bacteria
TTCTG,5500,Enterococcus faecium DO__k5,bacteria
TCTGG,2618,Enterococcus faecium DO__k5,bacteria
CTGGA,2978,Enterococcus faecium DO__k5,bacteria
AATGG,4836,Enterococcus faecium DO__k5,bacteria
TAGAT,3678,Enterococcus faecium DO__k5,bacteria
CATCT,4112,Enterococcus faecium DO__k5,bacteria
CCTGT,1913,Enterococcus faecium DO__k5,bacteria
CTGTA,2719,Enterococcus faecium DO__k5,bacteria
ACACG,1294,Enterococcus faecium DO__k5,bacteria
CGTAT,2529,Enterococcus faecium DO__k5,bacteria
TAATC,3839,Enterococcus faecium DO__k5,bacteria
ACAGT,2678,Enterococcus faecium DO__k5,bacteria
CAGTT,3757,Enterococcus faecium DO__k5,bacteria
GTCTC,1393,Enterococcus faecium DO__k5,bacteria
GAGAG,1232,Enterococcus faecium DO__k5,bacteria
GAGTC,1031,Enterococcus faecium DO__k5,bacteria
GTCGT,1759,Enterococcus faecium DO__k5,bacteria
TCGTC,2459,Enterococcus faecium DO__k5,bacteria
CGTCC,1267,Enterococcus faecium DO__k5,bacteria
GTCCA,2212,Enterococcus faecium DO__k5,bacteria
GTGTG,1201,Enterococcus faecium DO__k5,bacteria
TGTGC,1667,Enterococcus faecium DO__k5,bacteria
GCATT,3513,Enterococcus faecium DO__k5,bacteria
TATCT,4978,Enterococcus faecium DO__k5,bacteria
ATCTG,4128,Enterococcus faecium DO__k5,bacteria
TCTGA,3145,Enterococcus faecium DO__k5,bacteria
TCACC,1949,Enterococcus faecium DO__k5,bacteria
ACCGT,1752,Enterococcus faecium DO__k5,bacteria
TAAGT,2474,Enterococcus faecium DO__k5,bacteria
GTAGA,2588,Enterococcus faecium DO__k5,bacteria
CATTA,3717,Enterococcus faecium DO__k5,bacteria
CGTCG,896,Enterococcus faecium DO__k5,bacteria
GTGTT,2505,Enterococcus faecium DO__k5,bacteria
GATGT,2985,Enterococcus faecium DO__k5,bacteria
TTCCC,2553,Enterococcus faecium DO__k5,bacteria
TCCCG,1124,Enterococcus faecium DO__k5,bacteria
CCCGT,809,Enterococcus faecium DO__k5,bacteria
CCGTT,2479,Enterococcus faecium DO__k5,bacteria
TCCTT,4989,Enterococcus faecium DO__k5,bacteria
CCTTC,2899,Enterococcus faecium DO__k5,bacteria
CTTCA,5102,Enterococcus faecium DO__k5,bacteria
TACAG,2846,Enterococcus faecium DO__k5,bacteria
AGAGG,1754,Enterococcus faecium DO__k5,bacteria
CGGGC,508,Enterococcus faecium DO__k5,bacteria
GGCTT,2294,Enterococcus faecium DO__k5,bacteria
GCTTC,4005,Enterococcus faecium DO__k5,bacteria
AAGGC,1996,Enterococcus faecium DO__k5,bacteria
GGCCG,496,Enterococcus faecium DO__k5,bacteria
GCCGT,1349,Enterococcus faecium DO__k5,bacteria
CCGTA,1438,Enterococcus faecium DO__k5,bacteria
GTAAC,1980,Enterococcus faecium DO__k5,bacteria
GTTTA,3509,Enterococcus faecium DO__k5,bacteria
ATGCG,1583,Enterococcus faecium DO__k5,bacteria
TGCGG,1344,Enterococcus faecium DO__k5,bacteria
GCGGT,1353,Enterococcus faecium DO__k5,bacteria
TACGG,1493,Enterococcus faecium DO__k5,bacteria
ACGGA,2200,Enterococcus faecium DO__k5,bacteria
CGGAA,2466,Enterococcus faecium DO__k5,bacteria
TTCGC,2110,Enterococcus faecium DO__k5,bacteria
CGCCA,1812,Enterococcus faecium DO__k5,bacteria
GCCAG,1586,Enterococcus faecium DO__k5,bacteria
TCGGG,870,Enterococcus faecium DO__k5,bacteria
CGGGA,1129,Enterococcus faecium DO__k5,bacteria
ATCCG,2270,Enterococcus faecium DO__k5,bacteria
TCCGG,1049,Enterococcus faecium DO__k5,bacteria
TATGA,3990,Enterococcus faecium DO__k5,bacteria
AGCGT,1556,Enterococcus faecium DO__k5,bacteria
GCGTT,1778,Enterococcus faecium DO__k5,bacteria
TTGCG,2207,Enterococcus faecium DO__k5,bacteria
TGCGT,1545,Enterococcus faecium DO__k5,bacteria
CGTGC,1007,Enterococcus faecium DO__k5,bacteria
TTGGA,4997,Enterococcus faecium DO__k5,bacteria
GCATC,2630,Enterococcus faecium DO__k5,bacteria
CTCTG,1436,Enterococcus faecium DO__k5,bacteria
TCTGC,3565,Enterococcus faecium DO__k5,bacteria
GGAAC,2617,Enterococcus faecium DO__k5,bacteria
CCAAC,2292,Enterococcus faecium DO__k5,bacteria
GGAAG,3010,Enterococcus faecium DO__k5,bacteria
TTCAG,4284,Enterococcus faecium DO__k5,bacteria
TACTC,1825,Enterococcus faecium DO__k5,bacteria
ACTCC,1476,Enterococcus faecium DO__k5,bacteria
CTCCT,2664,Enterococcus faecium DO__k5,bacteria
GTACG,1412,Enterococcus faecium DO__k5,bacteria
GGCCC,266,Enterococcus faecium DO__k5,bacteria
TTAAG,2273,Enterococcus faecium DO__k5,bacteria
TAAGG,1547,Enterococcus faecium DO__k5,bacteria
AGGCT,1349,Enterococcus faecium DO__k5,bacteria
GTCTT,3070,Enterococcus faecium DO__k5,bacteria
AGGTA,2148,Enterococcus faecium DO__k5,bacteria
GTATA,2498,Enterococcus faecium DO__k5,bacteria
GAGTA,1809,Enterococcus faecium DO__k5,bacteria
GAGGG,777,Enterococcus faecium DO__k5,bacteria
GGGAT,2292,Enterococcus faecium DO__k5,bacteria
TGGGC,1188,Enterococcus faecium DO__k5,bacteria
GGGCA,1097,Enterococcus faecium DO__k5,bacteria
GGCAT,1966,Enterococcus faecium DO__k5,bacteria
GACGT,1373,Enterococcus faecium DO__k5,bacteria
GTTGG,2324,Enterococcus faecium DO__k5,bacteria
GGGCC,326,Enterococcus faecium DO__k5,bacteria
GGCCA,836,Enterococcus faecium DO__k5,bacteria
GTCAC,1685,Enterococcus faecium DO__k5,bacteria
CGGTA,1716,Enterococcus faecium DO__k5,bacteria
GGTAG,1255,Enterococcus faecium DO__k5,bacteria
GTAGT,1816,Enterococcus faecium DO__k5,bacteria
GCGGA,1652,Enterococcus faecium DO__k5,bacteria
CGGAC,1008,Enterococcus faecium DO__k5,bacteria
GGCAG,1846,Enterococcus faecium DO__k5,bacteria
AACAC,2414,Enterococcus faecium DO__k5,bacteria
CTGTG,1598,Enterococcus faecium DO__k5,bacteria
TGTGT,1990,Enterococcus faecium DO__k5,bacteria
GTTAG,1667,Enterococcus faecium DO__k5,bacteria
TGGAC,2248,Enterococcus faecium DO__k5,bacteria
GGACG,1254,Enterococcus faecium DO__k5,bacteria
CCCGG,332,Enterococcus faecium DO__k5,bacteria
CCGGC,753,Enterococcus faecium DO__k5,bacteria
CGGCA,1629,Enterococcus faecium DO__k5,bacteria
GTAGG,1288,Enterococcus faecium DO__k5,bacteria
TAGGA,2382,Enterococcus faecium DO__k5,bacteria
GAACT,2680,Enterococcus faecium DO__k5,bacteria
ACGAC,1723,Enterococcus faecium DO__k5,bacteria
CGACG,886,Enterococcus faecium DO__k5,bacteria
GACGA,2342,Enterococcus faecium DO__k5,bacteria
CGATA,3232,Enterococcus faecium DO__k5,bacteria
ATAAG,3564,Enterococcus faecium DO__k5,bacteria
TACGA,2592,Enterococcus faecium DO__k5,bacteria
ACCTC,1184,Enterococcus faecium DO__k5,bacteria
TTAGG,2371,Enterococcus faecium DO__k5,bacteria
GAGAA,4070,Enterococcus faecium DO__k5,bacteria
GCGCA,1124,Enterococcus faecium DO__k5,bacteria
CGCGA,805,Enterococcus faecium DO__k5,bacteria
GATTG,5304,Enterococcus faecium DO__k5,bacteria
GCTGG,2362,Enterococcus faecium DO__k5,bacteria
GACTG,2033,Enterococcus faecium DO__k5,bacteria
CAGGC,1102,Enterococcus faecium DO__k5,bacteria
CCACT,1728,Enterococcus faecium DO__k5,bacteria
CACTC,1291,Enterococcus faecium DO__k5,bacteria
ACTCT,1633,Enterococcus faecium DO__k5,bacteria
GCCGA,1369,Enterococcus faecium DO__k5,bacteria
CAACC,1822,Enterococcus faecium DO__k5,bacteria
ACCAT,3207,Enterococcus faecium DO__k5,bacteria
CATAT,3743,Enterococcus faecium DO__k5,bacteria
ACTTA,2514,Enterococcus faecium DO__k5,bacteria
ATGTC,2504,Enterococcus faecium DO__k5,bacteria
TGCAC,1693,Enterococcus faecium DO__k5,bacteria
CACCA,2612,Enterococcus faecium DO__k5,bacteria
AGGCA,1947,Enterococcus faecium DO__k5,bacteria
AGCCC,803,Enterococcus faecium DO__k5,bacteria
GCCCG,464,Enterococcus faecium DO__k5,bacteria
CCGCA,1281,Enterococcus faecium DO__k5,bacteria
TAGGC,1125,Enterococcus faecium DO__k5,bacteria
TGTCC,2108,Enterococcus faecium DO__k5,bacteria
CAATA,4648,Enterococcus faecium DO__k5,bacteria
GCACA,1563,Enterococcus faecium DO__k5,bacteria
GGAGT,1359,Enterococcus faecium DO__k5,bacteria
GGCTA,1551,Enterococcus faecium DO__k5,bacteria
CACCC,738,Enterococcus faecium DO__k5,bacteria
ACCCA,1448,Enterococcus faecium DO__k5,bacteria
CCCAT,2111,Enterococcus faecium DO__k5,bacteria
CCATC,3182,Enterococcus faecium DO__k5,bacteria
CAGTC,2096,Enterococcus faecium DO__k5,bacteria
AGACC,1366,Enterococcus faecium DO__k5,bacteria
GACCT,1131,Enterococcus faecium DO__k5,bacteria
GGTCC,827,Enterococcus faecium DO__k5,bacteria
GTCCT,1468,Enterococcus faecium DO__k5,bacteria
GTGAC,1651,Enterococcus faecium DO__k5,bacteria
CAGGG,864,Enterococcus faecium DO__k5,bacteria
AGGGG,851,Enterococcus faecium DO__k5,bacteria
TGTGA,2644,Enterococcus faecium DO__k5,bacteria
GAGCG,970,Enterococcus faecium DO__k5,bacteria
GCGAG,754,Enterococcus faecium DO__k5,bacteria
AACTC,1951,Enterococcus faecium DO__k5,bacteria
CTCCA,2101,Enterococcus faecium DO__k5,bacteria
CTTAA,2250,Enterococcus faecium DO__k5,bacteria
TGACC,1782,Enterococcus faecium DO__k5,bacteria
GACCA,2067,Enterococcus faecium DO__k5,bacteria
CTGAG,1250,Enterococcus faecium DO__k5,bacteria
CGCGC,416,Enterococcus faecium DO__k5,bacteria
AGCCG,1432,Enterococcus faecium DO__k5,bacteria
CGACC,957,Enterococcus faecium DO__k5,bacteria
AGGGT,913,Enterococcus faecium DO__k5,bacteria
GGGTC,658,Enterococcus faecium DO__k5,bacteria
GGTCT,1357,Enterococcus faecium DO__k5,bacteria
CGGTC,1029,Enterococcus faecium DO__k5,bacteria
GGTCG,880,Enterococcus faecium DO__k5,bacteria
TCGGC,1349,Enterococcus faecium DO__k5,bacteria
GTGGT,1571,Enterococcus faecium DO__k5,bacteria
TGGTG,2640,Enterococcus faecium DO__k5,bacteria
TGGGT,1383,Enterococcus faecium DO__k5,bacteria
GGGTA,1069,Enterococcus faecium DO__k5,bacteria
GGTAC,1485,Enterococcus faecium DO__k5,bacteria
TCACG,1656,Enterococcus faecium DO__k5,bacteria
CACGG,876,Enterococcus faecium DO__k5,bacteria
GACCC,639,Enterococcus faecium DO__k5,bacteria
CCCTG,847,Enterococcus faecium DO__k5,bacteria
CTACC,1320,Enterococcus faecium DO__k5,bacteria
TACCC,1123,Enterococcus faecium DO__k5,bacteria
CCGTG,896,Enterococcus faecium DO__k5,bacteria
CTTGC,2843,Enterococcus faecium DO__k5,bacteria
CCGCG,498,Enterococcus faecium DO__k5,bacteria
CGCGG,518,Enterococcus faecium DO__k5,bacteria
GCGGG,729,Enterococcus faecium DO__k5,bacteria
GCGTA,1417,Enterococcus faecium DO__k5,bacteria
ACGGC,1323,Enterococcus faecium DO__k5,bacteria
GGTGA,1831,Enterococcus faecium DO__k5,bacteria
CTCTA,1648,Enterococcus faecium DO__k5,bacteria
ACTCG,1131,Enterococcus faecium DO__k5,bacteria
CGTGT,1278,Enterococcus faecium DO__k5,bacteria
CCCGA,893,Enterococcus faecium DO__k5,bacteria
GACCG,1039,Enterococcus faecium DO__k5,bacteria
ACCGG,887,Enterococcus faecium DO__k5,bacteria
CCGGT,943,Enterococcus faecium DO__k5,bacteria
CCCAA,1932,Enterococcus faecium DO__k5,bacteria
GCGCG,390,Enterococcus faecium DO__k5,bacteria
TAACG,2010,Enterococcus faecium DO__k5,bacteria
GTGCT,1835,Enterococcus faecium DO__k5,bacteria
GTAAT,3492,Enterococcus faecium DO__k5,bacteria
CTGCC,1789,Enterococcus faecium DO__k5,bacteria
CGGCC,419,Enterococcus faecium DO__k5,bacteria
AGGTC,1172,Enterococcus faecium DO__k5,bacteria
GGGTT,1234,Enterococcus faecium DO__k5,bacteria
TGCCG,1634,Enterococcus faecium DO__k5,bacteria
CCGAT,2484,Enterococcus faecium DO__k5,bacteria
GGCGC,790,Enterococcus faecium DO__k5,bacteria
CGCAT,1635,Enterococcus faecium DO__k5,bacteria
GCATA,2293,Enterococcus faecium DO__k5,bacteria
CTCAG,1219,Enterococcus faecium DO__k5,bacteria
GCCAC,1170,Enterococcus faecium DO__k5,bacteria
CCACC,1381,Enterococcus faecium DO__k5,bacteria
GGGGT,648,Enterococcus faecium DO__k5,bacteria
GCCTC,833,Enterococcus faecium DO__k5,bacteria
GGACC,771,Enterococcus faecium DO__k5,bacteria
TGGCC,848,Enterococcus faecium DO__k5,bacteria
ACCCC,660,Enterococcus faecium DO__k5,bacteria
CCCCG,413,Enterococcus faecium DO__k5,bacteria
CGAGG,726,Enterococcus faecium DO__k5,bacteria
CTTAG,1693,Enterococcus faecium DO__k5,bacteria
GTCGC,1033,Enterococcus faecium DO__k5,bacteria
TAGGT,1748,Enterococcus faecium DO__k5,bacteria
GCCCA,1068,Enterococcus faecium DO__k5,bacteria
GTGCC,1096,Enterococcus faecium DO__k5,bacteria
GCCGC,904,Enterococcus faecium DO__k5,bacteria
ACTAC,1794,Enterococcus faecium DO__k5,bacteria
CGTAG,1151,Enterococcus faecium DO__k5,bacteria
CCCAC,914,Enterococcus faecium DO__k5,bacteria
CGGGT,748,Enterococcus faecium DO__k5,bacteria
GGGTG,731,Enterococcus faecium DO__k5,bacteria
CTTCG,2299,Enterococcus faecium DO__k5,bacteria
GGGCG,629,Enterococcus faecium DO__k5,bacteria
CTAGG,950,Enterococcus faecium DO__k5,bacteria
CCGGG,335,Enterococcus faecium DO__k5,bacteria
TCTCC,2456,Enterococcus faecium DO__k5,bacteria
GAGCC,966,Enterococcus faecium DO__k5,bacteria
GCTTA,2195,Enterococcus faecium DO__k5,bacteria
TCGCG,804,Enterococcus faecium DO__k5,bacteria
GATAG,2590,Enterococcus faecium DO__k5,bacteria
ATAGG,1608,Enterococcus faecium DO__k5,bacteria
CCTCT,1752,Enterococcus faecium DO__k5,bacteria
TCCCC,1187,Enterococcus faecium DO__k5,bacteria
CACGC,824,Enterococcus faecium DO__k5,bacteria
GTACC,1513,Enterococcus faecium DO__k5,bacteria
CATAG,1842,Enterococcus faecium DO__k5,bacteria
CCTCC,1291,Enterococcus faecium DO__k5,bacteria
AGGGC,638,Enterococcus faecium DO__k5,bacteria
CTCGG,706,Enterococcus faecium DO__k5,bacteria
CCGAC,1029,Enterococcus faecium DO__k5,bacteria
TAGCC,1480,Enterococcus faecium DO__k5,bacteria
GTCCC,882,Enterococcus faecium DO__k5,bacteria
GCTCC,1348,Enterococcus faecium DO__k5,bacteria
CGCCC,590,Enterococcus faecium DO__k5,bacteria
CTGGG,982,Enterococcus faecium DO__k5,bacteria
TAGGG,962,Enterococcus faecium DO__k5,bacteria
GCGCC,768,Enterococcus faecium DO__k5,bacteria
CCTAC,1218,Enterococcus faecium DO__k5,bacteria
CCCCA,1180,Enterococcus faecium DO__k5,bacteria
CCCCT,839,Enterococcus faecium DO__k5,bacteria
GCCCC,585,Enterococcus faecium DO__k5,bacteria
CTCCG,921,Enterococcus faecium DO__k5,bacteria
CTCCC,885,Enterococcus faecium DO__k5,bacteria
CCCCC,465,Enterococcus faecium DO__k5,bacteria
TTTTA,14587,enterococcusef_V583__k5,bacteria
TTTAA,11958,enterococcusef_V583__k5,bacteria
TTAAG,3579,enterococcusef_V583__k5,bacteria
TAAGT,3345,enterococcusef_V583__k5,bacteria
AAGTT,5664,enterococcusef_V583__k5,bacteria
AGTTA,3914,enterococcusef_V583__k5,bacteria
GTTAT,4078,enterococcusef_V583__k5,bacteria
TTATC,5926,enterococcusef_V583__k5,bacteria
TATCC,2606,enterococcusef_V583__k5,bacteria
ATCCA,4044,enterococcusef_V583__k5,bacteria
TCCAC,2261,enterococcusef_V583__k5,bacteria
CCACA,2306,enterococcusef_V583__k5,bacteria
CACAT,2252,enterococcusef_V583__k5,bacteria
ACATT,4946,enterococcusef_V583__k5,bacteria
CATTT,8591,enterococcusef_V583__k5,bacteria
ATTTT,17459,enterococcusef_V583__k5,bacteria
TTTTT,25172,enterococcusef_V583__k5,bacteria
TTTAG,7200,enterococcusef_V583__k5,bacteria
TTAGA,4829,enterococcusef_V583__k5,bacteria
TAGAT,3089,enterococcusef_V583__k5,bacteria
AGATA,4333,enterococcusef_V583__k5,bacteria
GATAA,6093,enterococcusef_V583__k5,bacteria
ATAAC,4182,enterococcusef_V583__k5,bacteria
TAACC,2474,enterococcusef_V583__k5,bacteria
AACCA,5765,enterococcusef_V583__k5,bacteria
ACCAA,6212,enterococcusef_V583__k5,bacteria
CCAAA,5745,enterococcusef_V583__k5,bacteria
CAAAA,11478,enterococcusef_V583__k5,bacteria
AAAAT,17335,enterococcusef_V583__k5,bacteria
AAATT,13425,enterococcusef_V583__k5,bacteria
AATTT,13571,enterococcusef_V583__k5,bacteria
ATTTA,9371,enterococcusef_V583__k5,bacteria
TTAAA,11841,enterococcusef_V583__k5,bacteria
TAAAC,5258,enterococcusef_V583__k5,bacteria
AAACA,9036,enterococcusef_V583__k5,bacteria
AACAT,5296,enterococcusef_V583__k5,bacteria
ACATA,2793,enterococcusef_V583__k5,bacteria
CATAT,3413,enterococcusef_V583__k5,bacteria
ATATA,3834,enterococcusef_V583__k5,bacteria
TATAG,2114,enterococcusef_V583__k5,bacteria
ATAGG,1795,enterococcusef_V583__k5,bacteria
TAGGA,2301,enterococcusef_V583__k5,bacteria
AGGAG,2156,enterococcusef_V583__k5,bacteria
GGAGG,1188,enterococcusef_V583__k5,bacteria
GAGGT,1168,enterococcusef_V583__k5,bacteria
AGGTC,1226,enterococcusef_V583__k5,bacteria
GGTCA,1967,enterococcusef_V583__k5,bacteria
GTCAC,1945,enterococcusef_V583__k5,bacteria
TCACT,3517,enterococcusef_V583__k5,bacteria
CACTG,1897,enterococcusef_V583__k5,bacteria
ACTGT,2687,enterococcusef_V583__k5,bacteria
CTGTA,2504,enterococcusef_V583__k5,bacteria
TGTAT,3695,enterococcusef_V583__k5,bacteria
GTATG,1948,enterococcusef_V583__k5,bacteria
TATGC,2220,enterococcusef_V583__k5,bacteria
ATGCC,2487,enterococcusef_V583__k5,bacteria
TGCCC,1441,enterococcusef_V583__k5,bacteria
GCCCG,740,enterococcusef_V583__k5,bacteria
CCCGA,876,enterococcusef_V583__k5,bacteria
CCGAC,1228,enterococcusef_V583__k5,bacteria
CGACG,1034,enterococcusef_V583__k5,bacteria
GACGT,1675,enterococcusef_V583__k5,bacteria
ACGTG,1802,enterococcusef_V583__k5,bacteria
CGTGG,1445,enterococcusef_V583__k5,bacteria
GTGGA,2186,enterococcusef_V583__k5,bacteria
TGGAA,5103,enterococcusef_V583__k5,bacteria
GGAAA,5745,enterococcusef_V583__k5,bacteria
GAAAG,4838,enterococcusef_V583__k5,bacteria
AAAGT,6999,enterococcusef_V583__k5,bacteria
AGTTT,5133,enterococcusef_V583__k5,bacteria
GTTTT,9425,enterococcusef_V583__k5,bacteria
TTTTG,11623,enterococcusef_V583__k5,bacteria
TTTGG,6027,enterococcusef_V583__k5,bacteria
TTGGC,4787,enterococcusef_V583__k5,bacteria
TGGCA,4068,enterococcusef_V583__k5,bacteria
GGCAT,2650,enterococcusef_V583__k5,bacteria
GCATA,2379,enterococcusef_V583__k5,bacteria
CATAG,2079,enterococcusef_V583__k5,bacteria
ATAGC,2766,enterococcusef_V583__k5,bacteria
TAGCC,2066,enterococcusef_V583__k5,bacteria
AGCCT,2003,enterococcusef_V583__k5,bacteria
GCCTT,3110,enterococcusef_V583__k5,bacteria
CCTTG,2447,enterococcusef_V583__k5,bacteria
CTTGA,4171,enterococcusef_V583__k5,bacteria
TTGAA,9351,enterococcusef_V583__k5,bacteria
TGAAG,5538,enterococcusef_V583__k5,bacteria
GAAGA,6207,enterococcusef_V583__k5,bacteria
AAGAA,12113,enterococcusef_V583__k5,bacteria
AGAAG,6873,enterococcusef_V583__k5,bacteria
GAAGC,4143,enterococcusef_V583__k5,bacteria
AAGCC,3618,enterococcusef_V583__k5,bacteria
GCCTA,1504,enterococcusef_V583__k5,bacteria
CCTAT,1667,enterococcusef_V583__k5,bacteria
CTATC,2111,enterococcusef_V583__k5,bacteria
TATCA,4893,enterococcusef_V583__k5,bacteria
ATCAA,8709,enterococcusef_V583__k5,bacteria
TCAAG,3901,enterococcusef_V583__k5,bacteria
CAAGC,3694,enterococcusef_V583__k5,bacteria
AAGCG,3526,enterococcusef_V583__k5,bacteria
AGCGA,2948,enterococcusef_V583__k5,bacteria
GCGAT,2603,enterococcusef_V583__k5,bacteria
CGATT,4717,enterococcusef_V583__k5,bacteria
GATTT,8037,enterococcusef_V583__k5,bacteria
TTTGT,8284,enterococcusef_V583__k5,bacteria
TTGTC,4135,enterococcusef_V583__k5,bacteria
TGTCG,2259,enterococcusef_V583__k5,bacteria
GTCGG,1188,enterococcusef_V583__k5,bacteria
TCGGC,1703,enterococcusef_V583__k5,bacteria
CGGCG,1410,enterococcusef_V583__k5,bacteria
GGCGC,1631,enterococcusef_V583__k5,bacteria
GCGCC,1683,enterococcusef_V583__k5,bacteria
CGCCA,3082,enterococcusef_V583__k5,bacteria
GCCAA,4771,enterococcusef_V583__k5,bacteria
CCAAG,3144,enterococcusef_V583__k5,bacteria
CAAGT,3695,enterococcusef_V583__k5,bacteria
TTTGA,8303,enterococcusef_V583__k5,bacteria
TTGAT,8744,enterococcusef_V583__k5,bacteria
TGATG,4833,enterococcusef_V583__k5,bacteria
GATGC,2580,enterococcusef_V583__k5,bacteria
ATGCT,3079,enterococcusef_V583__k5,bacteria
TGCTT,5862,enterococcusef_V583__k5,bacteria
GCTTG,3615,enterococcusef_V583__k5,bacteria
CTTGG,3101,enterococcusef_V583__k5,bacteria
TTGGA,4583,enterococcusef_V583__k5,bacteria
TGGAT,4092,enterococcusef_V583__k5,bacteria
GGATT,4273,enterococcusef_V583__k5,bacteria
GATTA,4847,enterococcusef_V583__k5,bacteria
ATTAA,9260,enterococcusef_V583__k5,bacteria
TAAAA,14607,enterococcusef_V583__k5,bacteria
AAAAC,9306,enterococcusef_V583__k5,bacteria
AAACC,4536,enterococcusef_V583__k5,bacteria
ACCAC,2468,enterococcusef_V583__k5,bacteria
CACAC,1325,enterococcusef_V583__k5,bacteria
ACACG,1597,enterococcusef_V583__k5,bacteria
CACGC,1218,enterococcusef_V583__k5,bacteria
ACGCC,1895,enterococcusef_V583__k5,bacteria
CGCCC,1079,enterococcusef_V583__k5,bacteria
GCCCT,880,enterococcusef_V583__k5,bacteria
CCCTT,1882,enterococcusef_V583__k5,bacteria
CCTTT,5163,enterococcusef_V583__k5,bacteria
CTTTG,5011,enterococcusef_V583__k5,bacteria
TGAAA,9807,enterococcusef_V583__k5,bacteria
GAAAT,7553,enterococcusef_V583__k5,bacteria
AATTA,10113,enterococcusef_V583__k5,bacteria
ATTAG,4507,enterococcusef_V583__k5,bacteria
TAGAC,1593,enterococcusef_V583__k5,bacteria
AGACA,2731,enterococcusef_V583__k5,bacteria
GACAA,4076,enterococcusef_V583__k5,bacteria
ACAAC,4199,enterococcusef_V583__k5,bacteria
CAACA,5705,enterococcusef_V583__k5,bacteria
AACAA,10323,enterococcusef_V583__k5,bacteria
ACAAT,6271,enterococcusef_V583__k5,bacteria
CAATC,5235,enterococcusef_V583__k5,bacteria
AATCA,8496,enterococcusef_V583__k5,bacteria
TCAAT,8124,enterococcusef_V583__k5,bacteria
CAATT,9687,enterococcusef_V583__k5,bacteria
AATTG,9715,enterococcusef_V583__k5,bacteria
ATTGT,6389,enterococcusef_V583__k5,bacteria
TTGTG,3944,enterococcusef_V583__k5,bacteria
TGTGG,2305,enterococcusef_V583__k5,bacteria
GTGGC,2216,enterococcusef_V583__k5,bacteria
TGGCT,3908,enterococcusef_V583__k5,bacteria
GGCTA,2080,enterococcusef_V583__k5,bacteria
GCTAG,1679,enterococcusef_V583__k5,bacteria
CTAGA,1650,enterococcusef_V583__k5,bacteria
TAGAA,5237,enterococcusef_V583__k5,bacteria
GAAGT,3920,enterococcusef_V583__k5,bacteria
AAGTC,3255,enterococcusef_V583__k5,bacteria
AGTCC,1418,enterococcusef_V583__k5,bacteria
GTCCC,1113,enterococcusef_V583__k5,bacteria
TCCCT,1746,enterococcusef_V583__k5,bacteria
CCTTC,2972,enterococcusef_V583__k5,bacteria
CTTCT,7083,enterococcusef_V583__k5,bacteria
TTCTG,5857,enterococcusef_V583__k5,bacteria
TCTGC,2918,enterococcusef_V583__k5,bacteria
CTGCA,2611,enterococcusef_V583__k5,bacteria
TGCAG,2527,enterococcusef_V583__k5,bacteria
GCAGT,2128,enterococcusef_V583__k5,bacteria
CAGTT,3778,enterococcusef_V583__k5,bacteria
AGTTC,2684,enterococcusef_V583__k5,bacteria
GTTCA,4053,enterococcusef_V583__k5,bacteria
TTCAT,8221,enterococcusef_V583__k5,bacteria
TCATC,4694,enterococcusef_V583__k5,bacteria
CATCG,2387,enterococcusef_V583__k5,bacteria
ATCGT,3599,enterococcusef_V583__k5,bacteria
TCGTG,2119,enterococcusef_V583__k5,bacteria
CGTGA,1903,enterococcusef_V583__k5,bacteria
GTGAT,3216,enterococcusef_V583__k5,bacteria
TGATT,8418,enterococcusef_V583__k5,bacteria
ATTAC,4572,enterococcusef_V583__k5,bacteria
TTACT,4874,enterococcusef_V583__k5,bacteria
TACTG,2492,enterococcusef_V583__k5,bacteria
ACTGG,2468,enterococcusef_V583__k5,bacteria
CTGGG,1267,enterococcusef_V583__k5,bacteria
TGGGA,2391,enterococcusef_V583__k5,bacteria
GGGAA,2784,enterococcusef_V583__k5,bacteria
GAAAA,12765,enterococcusef_V583__k5,bacteria
AAAAA,24580,enterococcusef_V583__k5,bacteria
AAATC,7988,enterococcusef_V583__k5,bacteria
AATCT,4281,enterococcusef_V583__k5,bacteria
ATCTT,5428,enterococcusef_V583__k5,bacteria
TCTTT,10662,enterococcusef_V583__k5,bacteria
CTTTC,4995,enterococcusef_V583__k5,bacteria
TTTCG,4168,enterococcusef_V583__k5,bacteria
TTCGG,2178,enterococcusef_V583__k5,bacteria
CGGCA,1935,enterococcusef_V583__k5,bacteria
GGCAA,3857,enterococcusef_V583__k5,bacteria
GCAAA,5706,enterococcusef_V583__k5,bacteria
GTCGA,1490,enterococcusef_V583__k5,bacteria
TCGAA,2560,enterococcusef_V583__k5,bacteria
CGAAA,4089,enterococcusef_V583__k5,bacteria
GAAAC,5250,enterococcusef_V583__k5,bacteria
AAACT,5219,enterococcusef_V583__k5,bacteria
AACTG,3822,enterococcusef_V583__k5,bacteria
CTGGA,2404,enterococcusef_V583__k5,bacteria
TAAAT,9700,enterococcusef_V583__k5,bacteria
ATTGA,7791,enterococcusef_V583__k5,bacteria
TTGAC,4049,enterococcusef_V583__k5,bacteria
TGACC,1979,enterococcusef_V583__k5,bacteria
GACCG,1110,enterococcusef_V583__k5,bacteria
ACCGG,603,enterococcusef_V583__k5,bacteria
CCGGT,714,enterococcusef_V583__k5,bacteria
CGGTG,1475,enterococcusef_V583__k5,bacteria
GGTGC,1826,enterococcusef_V583__k5,bacteria
GTGCA,1770,enterococcusef_V583__k5,bacteria
GCAGA,2943,enterococcusef_V583__k5,bacteria
CAGAA,5722,enterococcusef_V583__k5,bacteria
AAGTG,3735,enterococcusef_V583__k5,bacteria
AGTGA,3371,enterococcusef_V583__k5,bacteria
GCCCC,978,enterococcusef_V583__k5,bacteria
CCCCA,1599,enterococcusef_V583__k5,bacteria
CCCAT,2292,enterococcusef_V583__k5,bacteria
CCATT,5938,enterococcusef_V583__k5,bacteria
TTGTT,10433,enterococcusef_V583__k5,bacteria
TGTTG,5761,enterococcusef_V583__k5,bacteria
GTTGT,4242,enterococcusef_V583__k5,bacteria
GTTGC,3564,enterococcusef_V583__k5,bacteria
TTGCC,3931,enterococcusef_V583__k5,bacteria
TGCCG,1929,enterococcusef_V583__k5,bacteria
GCCGA,1547,enterococcusef_V583__k5,bacteria
CCGAT,1983,enterococcusef_V583__k5,bacteria
CGATG,2276,enterococcusef_V583__k5,bacteria
GATGA,4344,enterococcusef_V583__k5,bacteria
ATGAA,7809,enterococcusef_V583__k5,bacteria
AAAAG,12209,enterococcusef_V583__k5,bacteria
AAAGA,10417,enterococcusef_V583__k5,bacteria
AAGAC,3171,enterococcusef_V583__k5,bacteria
AGACG,1566,enterococcusef_V583__k5,bacteria
GACGC,913,enterococcusef_V583__k5,bacteria
ACGCA,1942,enterococcusef_V583__k5,bacteria
CGCAG,1310,enterococcusef_V583__k5,bacteria
GCAGC,2486,enterococcusef_V583__k5,bacteria
CAGCA,3938,enterococcusef_V583__k5,bacteria
AGCAC,1976,enterococcusef_V583__k5,bacteria
GCACT,1533,enterococcusef_V583__k5,bacteria
CTGGC,1984,enterococcusef_V583__k5,bacteria
GGCAC,1690,enterococcusef_V583__k5,bacteria
GCACA,1879,enterococcusef_V583__k5,bacteria
CACAA,3763,enterococcusef_V583__k5,bacteria
ACAAG,4430,enterococcusef_V583__k5,bacteria
CAAGA,4381,enterococcusef_V583__k5,bacteria
AGAAC,3499,enterococcusef_V583__k5,bacteria
GAACT,2668,enterococcusef_V583__k5,bacteria
AACTC,2041,enterococcusef_V583__k5,bacteria
ACTCG,1141,enterococcusef_V583__k5,bacteria
CTCGA,945,enterococcusef_V583__k5,bacteria
CGAAG,2196,enterococcusef_V583__k5,bacteria
GAACC,2484,enterococcusef_V583__k5,bacteria
AACCT,2616,enterococcusef_V583__k5,bacteria
ACCTG,1996,enterococcusef_V583__k5,bacteria
CCTGC,1726,enterococcusef_V583__k5,bacteria
CTGCC,1723,enterococcusef_V583__k5,bacteria
CCGAA,1960,enterococcusef_V583__k5,bacteria
AGTTG,3996,enterococcusef_V583__k5,bacteria
TGTTT,9336,enterococcusef_V583__k5,bacteria
TTAGT,4286,enterococcusef_V583__k5,bacteria
TAGTG,2381,enterococcusef_V583__k5,bacteria
GTGAA,4082,enterococcusef_V583__k5,bacteria
TGAAC,4062,enterococcusef_V583__k5,bacteria
GAACA,4427,enterococcusef_V583__k5,bacteria
ACAAA,7997,enterococcusef_V583__k5,bacteria
CAAAG,4898,enterococcusef_V583__k5,bacteria
AAGTA,5305,enterococcusef_V583__k5,bacteria
AGTAA,4978,enterococcusef_V583__k5,bacteria
GTAAA,6516,enterococcusef_V583__k5,bacteria
AAAGC,6349,enterococcusef_V583__k5,bacteria
GCTTA,2613,enterococcusef_V583__k5,bacteria
CTTAA,3460,enterococcusef_V583__k5,bacteria
TTAAT,9413,enterococcusef_V583__k5,bacteria
TAATC,4903,enterococcusef_V583__k5,bacteria
AATCC,4245,enterococcusef_V583__k5,bacteria
ATCCT,2513,enterococcusef_V583__k5,bacteria
TCCTA,2207,enterococcusef_V583__k5,bacteria
CCTAA,3121,enterococcusef_V583__k5,bacteria
CTAAG,2348,enterococcusef_V583__k5,bacteria
AGTAC,1683,enterococcusef_V583__k5,bacteria
GTACA,1906,enterococcusef_V583__k5,bacteria
TACAC,1852,enterococcusef_V583__k5,bacteria
ACACT,1919,enterococcusef_V583__k5,bacteria
CACTT,3786,enterococcusef_V583__k5,bacteria
ACTTT,7144,enterococcusef_V583__k5,bacteria
TTCGA,2516,enterococcusef_V583__k5,bacteria
TCGAC,1522,enterococcusef_V583__k5,bacteria
CGACA,2302,enterococcusef_V583__k5,bacteria
GACAC,1710,enterococcusef_V583__k5,bacteria
ACACC,2246,enterococcusef_V583__k5,bacteria
CACCT,2404,enterococcusef_V583__k5,bacteria
ACCTT,3037,enterococcusef_V583__k5,bacteria
CTTCG,2266,enterococcusef_V583__k5,bacteria
TTCGT,4266,enterococcusef_V583__k5,bacteria
TCGTT,5100,enterococcusef_V583__k5,bacteria
CGTTA,3374,enterococcusef_V583__k5,bacteria
TTATT,11280,enterococcusef_V583__k5,bacteria
TATTG,5512,enterococcusef_V583__k5,bacteria
ATTGG,5813,enterococcusef_V583__k5,bacteria
TTGGT,6430,enterococcusef_V583__k5,bacteria
TGGTA,3889,enterococcusef_V583__k5,bacteria
GGTAA,3508,enterococcusef_V583__k5,bacteria
TAAAG,7035,enterococcusef_V583__k5,bacteria
AAAGG,5215,enterococcusef_V583__k5,bacteria
AAGGA,4492,enterococcusef_V583__k5,bacteria
AGGAA,4851,enterococcusef_V583__k5,bacteria
CAAAT,6701,enterococcusef_V583__k5,bacteria
AAATG,8266,enterococcusef_V583__k5,bacteria
AATGG,5881,enterococcusef_V583__k5,bacteria
ATGGC,3666,enterococcusef_V583__k5,bacteria
GGCTC,1152,enterococcusef_V583__k5,bacteria
GCTCA,1649,enterococcusef_V583__k5,bacteria
CTCAT,2178,enterococcusef_V583__k5,bacteria
TCATG,3030,enterococcusef_V583__k5,bacteria
CATGC,1758,enterococcusef_V583__k5,bacteria
TGCTG,3835,enterococcusef_V583__k5,bacteria
GCTGC,2512,enterococcusef_V583__k5,bacteria
CAGCG,2025,enterococcusef_V583__k5,bacteria
AGCGC,1746,enterococcusef_V583__k5,bacteria
GCGCT,1707,enterococcusef_V583__k5,bacteria
CGCTT,3481,enterococcusef_V583__k5,bacteria
CTTGT,4449,enterococcusef_V583__k5,bacteria
CCGAG,607,enterococcusef_V583__k5,bacteria
CGAGG,677,enterococcusef_V583__k5,bacteria
GAGGA,1922,enterococcusef_V583__k5,bacteria
AGGAT,2532,enterococcusef_V583__k5,bacteria
GGATC,1531,enterococcusef_V583__k5,bacteria
GATCC,1596,enterococcusef_V583__k5,bacteria
TCCAG,2540,enterococcusef_V583__k5,bacteria
CCAGG,1102,enterococcusef_V583__k5,bacteria
CAGGT,2010,enterococcusef_V583__k5,bacteria
AGGTT,2637,enterococcusef_V583__k5,bacteria
GGTTC,2635,enterococcusef_V583__k5,bacteria
GTTCG,1937,enterococcusef_V583__k5,bacteria
TCGAT,2799,enterococcusef_V583__k5,bacteria
TTTAC,6215,enterococcusef_V583__k5,bacteria
TTACA,4315,enterococcusef_V583__k5,bacteria
TACAA,4735,enterococcusef_V583__k5,bacteria
ATCCC,2131,enterococcusef_V583__k5,bacteria
TCCCC,1420,enterococcusef_V583__k5,bacteria
CCCCT,1072,enterococcusef_V583__k5,bacteria
CTTTT,12515,enterococcusef_V583__k5,bacteria
TTTTC,13190,enterococcusef_V583__k5,bacteria
TTTCT,11200,enterococcusef_V583__k5,bacteria
TTCTT,12655,enterococcusef_V583__k5,bacteria
TCTTC,6367,enterococcusef_V583__k5,bacteria
TTCTA,5105,enterococcusef_V583__k5,bacteria
TCTAT,2800,enterococcusef_V583__k5,bacteria
CTATG,1821,enterococcusef_V583__k5,bacteria
TATGG,2681,enterococcusef_V583__k5,bacteria
ATGGT,3929,enterococcusef_V583__k5,bacteria
TGGTG,3940,enterococcusef_V583__k5,bacteria
GGTGG,2172,enterococcusef_V583__k5,bacteria
GTGGT,2562,enterococcusef_V583__k5,bacteria
GGTGT,2315,enterococcusef_V583__k5,bacteria
GTGTA,1971,enterococcusef_V583__k5,bacteria
TGTAG,2215,enterococcusef_V583__k5,bacteria
GTAGG,1282,enterococcusef_V583__k5,bacteria
TAGGG,1115,enterococcusef_V583__k5,bacteria
AGGGT,954,enterococcusef_V583__k5,bacteria
GGGTT,1702,enterococcusef_V583__k5,bacteria
GGTTA,2661,enterococcusef_V583__k5,bacteria
GTTAG,2580,enterococcusef_V583__k5,bacteria
TTAGG,3209,enterococcusef_V583__k5,bacteria
AGGGA,1866,enterococcusef_V583__k5,bacteria
AACCC,1538,enterococcusef_V583__k5,bacteria
ACCCA,1757,enterococcusef_V583__k5,bacteria
ATTTG,6750,enterococcusef_V583__k5,bacteria
ATGCA,2955,enterococcusef_V583__k5,bacteria
TGCAT,3011,enterococcusef_V583__k5,bacteria
GCATG,1693,enterococcusef_V583__k5,bacteria
TGCTA,3351,enterococcusef_V583__k5,bacteria
GCTAT,2626,enterococcusef_V583__k5,bacteria
CTATT,4156,enterococcusef_V583__k5,bacteria
TGGTC,2455,enterococcusef_V583__k5,bacteria
GTCAT,3042,enterococcusef_V583__k5,bacteria
CATCA,5084,enterococcusef_V583__k5,bacteria
TCAAA,8338,enterococcusef_V583__k5,bacteria
AATGT,5010,enterococcusef_V583__k5,bacteria
ATGTT,5260,enterococcusef_V583__k5,bacteria
TGTTA,4743,enterococcusef_V583__k5,bacteria
TGAAT,6332,enterococcusef_V583__k5,bacteria
GAATC,3697,enterococcusef_V583__k5,bacteria
TCAAC,4283,enterococcusef_V583__k5,bacteria
CAACC,2687,enterococcusef_V583__k5,bacteria
ACCAG,3158,enterococcusef_V583__k5,bacteria
CCAGA,2847,enterococcusef_V583__k5,bacteria
CAGAT,3275,enterococcusef_V583__k5,bacteria
AGATG,3511,enterococcusef_V583__k5,bacteria
TGCCA,4103,enterococcusef_V583__k5,bacteria
AGTCA,3041,enterococcusef_V583__k5,bacteria
GTCAA,3899,enterococcusef_V583__k5,bacteria
AAATA,11610,enterococcusef_V583__k5,bacteria
AATAT,7467,enterococcusef_V583__k5,bacteria
ATATG,3312,enterococcusef_V583__k5,bacteria
TATGT,2539,enterococcusef_V583__k5,bacteria
TAGTA,2961,enterococcusef_V583__k5,bacteria
AGTAG,2506,enterococcusef_V583__k5,bacteria
GTAGC,2030,enterococcusef_V583__k5,bacteria
TAGCG,2119,enterococcusef_V583__k5,bacteria
GCGAA,2646,enterococcusef_V583__k5,bacteria
AAACG,5732,enterococcusef_V583__k5,bacteria
AACGT,4263,enterococcusef_V583__k5,bacteria
ACGTT,4313,enterococcusef_V583__k5,bacteria
CGTTT,5972,enterococcusef_V583__k5,bacteria
GTTTA,5237,enterococcusef_V583__k5,bacteria
TTACG,2806,enterococcusef_V583__k5,bacteria
TACGA,2270,enterococcusef_V583__k5,bacteria
ACGAA,4224,enterococcusef_V583__k5,bacteria
CGAAT,3141,enterococcusef_V583__k5,bacteria
GAATG,3521,enterococcusef_V583__k5,bacteria
AATGA,7450,enterococcusef_V583__k5,bacteria
GAATT,6740,enterococcusef_V583__k5,bacteria
TTTAT,10508,enterococcusef_V583__k5,bacteria
CAACT,3898,enterococcusef_V583__k5,bacteria
ACTCA,1877,enterococcusef_V583__k5,bacteria
CTCAA,2465,enterococcusef_V583__k5,bacteria
AATTC,7039,enterococcusef_V583__k5,bacteria
ATTCA,6370,enterococcusef_V583__k5,bacteria
TTCAA,9573,enterococcusef_V583__k5,bacteria
CAAAC,4709,enterococcusef_V583__k5,bacteria
GACAT,2447,enterococcusef_V583__k5,bacteria
ACATC,2958,enterococcusef_V583__k5,bacteria
CATCC,2089,enterococcusef_V583__k5,bacteria
ATCCG,1848,enterococcusef_V583__k5,bacteria
TCCGA,1505,enterococcusef_V583__k5,bacteria
CGAAC,1964,enterococcusef_V583__k5,bacteria
ATTTC,7909,enterococcusef_V583__k5,bacteria
TCGGA,1485,enterococcusef_V583__k5,bacteria
CGGAA,2423,enterococcusef_V583__k5,bacteria
AGAAT,5317,enterococcusef_V583__k5,bacteria
GAATA,4901,enterococcusef_V583__k5,bacteria
ATATC,3797,enterococcusef_V583__k5,bacteria
TATCG,2622,enterococcusef_V583__k5,bacteria
ATCGC,2724,enterococcusef_V583__k5,bacteria
TCGCA,1889,enterococcusef_V583__k5,bacteria
CGCAA,2911,enterococcusef_V583__k5,bacteria
GCAAT,5284,enterococcusef_V583__k5,bacteria
CAATG,5021,enterococcusef_V583__k5,bacteria
GTTGA,4412,enterococcusef_V583__k5,bacteria
TGACT,3083,enterococcusef_V583__k5,bacteria
GACTT,3398,enterococcusef_V583__k5,bacteria
ACTTA,3250,enterococcusef_V583__k5,bacteria
CTTAT,3421,enterococcusef_V583__k5,bacteria
TATTA,5872,enterococcusef_V583__k5,bacteria
ATTAT,7883,enterococcusef_V583__k5,bacteria
TAGTC,2035,enterococcusef_V583__k5,bacteria
AGTCG,1754,enterococcusef_V583__k5,bacteria
ATGAT,5794,enterococcusef_V583__k5,bacteria
TGATA,5100,enterococcusef_V583__k5,bacteria
GATAT,3866,enterococcusef_V583__k5,bacteria
ATATT,7575,enterococcusef_V583__k5,bacteria
TATTC,4914,enterococcusef_V583__k5,bacteria
TGGCG,3075,enterococcusef_V583__k5,bacteria
GGCGG,1704,enterococcusef_V583__k5,bacteria
GCGGA,1759,enterococcusef_V583__k5,bacteria
AAGCA,5866,enterococcusef_V583__k5,bacteria
AGCAA,6299,enterococcusef_V583__k5,bacteria
GCAAC,3482,enterococcusef_V583__k5,bacteria
CATTG,4944,enterococcusef_V583__k5,bacteria
GGAAG,2562,enterococcusef_V583__k5,bacteria
TTTCC,5964,enterococcusef_V583__k5,bacteria
TTCCA,5446,enterococcusef_V583__k5,bacteria
TCCAT,4022,enterococcusef_V583__k5,bacteria
CCATA,2835,enterococcusef_V583__k5,bacteria
CATAC,2131,enterococcusef_V583__k5,bacteria
ATACC,2276,enterococcusef_V583__k5,bacteria
TACCT,2214,enterococcusef_V583__k5,bacteria
CTTCA,5682,enterococcusef_V583__k5,bacteria
CAACG,3323,enterococcusef_V583__k5,bacteria
AACGA,4994,enterococcusef_V583__k5,bacteria
ACGAT,3585,enterococcusef_V583__k5,bacteria
CGATC,1295,enterococcusef_V583__k5,bacteria
GATCT,1286,enterococcusef_V583__k5,bacteria
CTTTA,6686,enterococcusef_V583__k5,bacteria
AATAA,11752,enterococcusef_V583__k5,bacteria
ATAAA,11056,enterococcusef_V583__k5,bacteria
TTAAC,5193,enterococcusef_V583__k5,bacteria
TAACA,4785,enterococcusef_V583__k5,bacteria
TGATC,2702,enterococcusef_V583__k5,bacteria
GATCG,1410,enterococcusef_V583__k5,bacteria
TCGCC,2135,enterococcusef_V583__k5,bacteria
CCCGC,1025,enterococcusef_V583__k5,bacteria
CCGCC,1693,enterococcusef_V583__k5,bacteria
CGCCG,1403,enterococcusef_V583__k5,bacteria
ATTCC,4176,enterococcusef_V583__k5,bacteria
TCCAA,4534,enterococcusef_V583__k5,bacteria
TTACC,3300,enterococcusef_V583__k5,bacteria
CCTGA,1893,enterococcusef_V583__k5,bacteria
CTGAA,4497,enterococcusef_V583__k5,bacteria
GAACG,2731,enterococcusef_V583__k5,bacteria
TAGTT,4189,enterococcusef_V583__k5,bacteria
GTTTC,5489,enterococcusef_V583__k5,bacteria
TTCTC,3644,enterococcusef_V583__k5,bacteria
TCTCG,1238,enterococcusef_V583__k5,bacteria
CTCGC,835,enterococcusef_V583__k5,bacteria
TCGCT,2962,enterococcusef_V583__k5,bacteria
GCTTT,6238,enterococcusef_V583__k5,bacteria
TTTGC,5664,enterococcusef_V583__k5,bacteria
TTGCT,6273,enterococcusef_V583__k5,bacteria
TTGGG,2814,enterococcusef_V583__k5,bacteria
TGGGG,1623,enterococcusef_V583__k5,bacteria
GGGGT,897,enterococcusef_V583__k5,bacteria
GGTTT,4604,enterococcusef_V583__k5,bacteria
GTTTG,4894,enterococcusef_V583__k5,bacteria
TGTCT,2719,enterococcusef_V583__k5,bacteria
GTCTG,1527,enterococcusef_V583__k5,bacteria
TCTGT,3758,enterococcusef_V583__k5,bacteria
CTGTC,2033,enterococcusef_V583__k5,bacteria
CGATA,2682,enterococcusef_V583__k5,bacteria
ATCAC,3265,enterococcusef_V583__k5,bacteria
TCACC,2429,enterococcusef_V583__k5,bacteria
CACCC,862,enterococcusef_V583__k5,bacteria
ACCCC,816,enterococcusef_V583__k5,bacteria
CCCCG,543,enterococcusef_V583__k5,bacteria
CGCCT,1842,enterococcusef_V583__k5,bacteria
GCCTG,1512,enterococcusef_V583__k5,bacteria
CTGAT,3299,enterococcusef_V583__k5,bacteria
AGAAA,10765,enterococcusef_V583__k5,bacteria
AACAC,3204,enterococcusef_V583__k5,bacteria
CACGG,1144,enterococcusef_V583__k5,bacteria
ACGGA,2150,enterococcusef_V583__k5,bacteria
CGGAT,1830,enterococcusef_V583__k5,bacteria
GATTG,5067,enterococcusef_V583__k5,bacteria
ATTGC,5245,enterococcusef_V583__k5,bacteria
TTGCA,4094,enterococcusef_V583__k5,bacteria
TGCAA,4118,enterococcusef_V583__k5,bacteria
TTGCG,2900,enterococcusef_V583__k5,bacteria
TGCGC,1829,enterococcusef_V583__k5,bacteria
GCGCA,1825,enterococcusef_V583__k5,bacteria
AGCAG,3654,enterococcusef_V583__k5,bacteria
CGAGC,1067,enterococcusef_V583__k5,bacteria
GAGCG,1165,enterococcusef_V583__k5,bacteria
AGCGT,1971,enterococcusef_V583__k5,bacteria
GCGTT,2962,enterococcusef_V583__k5,bacteria
TTCCG,2633,enterococcusef_V583__k5,bacteria
TCCGG,727,enterococcusef_V583__k5,bacteria
CCGGA,601,enterococcusef_V583__k5,bacteria
GGATG,2115,enterococcusef_V583__k5,bacteria
GATAC,2640,enterococcusef_V583__k5,bacteria
ATACA,3710,enterococcusef_V583__k5,bacteria
CACTA,2380,enterococcusef_V583__k5,bacteria
ACTAA,4422,enterococcusef_V583__k5,bacteria
TTATA,4534,enterococcusef_V583__k5,bacteria
TATAT,3772,enterococcusef_V583__k5,bacteria
CGCTG,1942,enterococcusef_V583__k5,bacteria
GCTGG,2456,enterococcusef_V583__k5,bacteria
CTGGT,3130,enterococcusef_V583__k5,bacteria
GATTC,3668,enterococcusef_V583__k5,bacteria
CCAAC,3649,enterococcusef_V583__k5,bacteria
TCCGT,2200,enterococcusef_V583__k5,bacteria
CCGTG,1119,enterococcusef_V583__k5,bacteria
TAGAG,1634,enterococcusef_V583__k5,bacteria
AGAGG,1672,enterococcusef_V583__k5,bacteria
GAGGG,766,enterococcusef_V583__k5,bacteria
GGGTG,938,enterococcusef_V583__k5,bacteria
GTGCT,2017,enterococcusef_V583__k5,bacteria
GGTCC,1019,enterococcusef_V583__k5,bacteria
GTCCG,954,enterococcusef_V583__k5,bacteria
CGTGT,1645,enterococcusef_V583__k5,bacteria
GTGTT,3288,enterococcusef_V583__k5,bacteria
TGTTC,4563,enterococcusef_V583__k5,bacteria
AACTA,4125,enterococcusef_V583__k5,bacteria
ACTAT,3071,enterococcusef_V583__k5,bacteria
TAATG,5604,enterococcusef_V583__k5,bacteria
ATGGA,3813,enterococcusef_V583__k5,bacteria
TGGAG,1643,enterococcusef_V583__k5,bacteria
GGAGA,1682,enterococcusef_V583__k5,bacteria
GAGAA,3382,enterococcusef_V583__k5,bacteria
AAGAT,5302,enterococcusef_V583__k5,bacteria
TACCA,3730,enterococcusef_V583__k5,bacteria
CCACT,2343,enterococcusef_V583__k5,bacteria
ACTAG,1944,enterococcusef_V583__k5,bacteria
CTAGT,1981,enterococcusef_V583__k5,bacteria
TTAGC,4226,enterococcusef_V583__k5,bacteria
AGCGG,2170,enterococcusef_V583__k5,bacteria
GCGGC,1746,enterococcusef_V583__k5,bacteria
CGGAC,1001,enterococcusef_V583__k5,bacteria
GGACG,1342,enterococcusef_V583__k5,bacteria
ATCTC,1930,enterococcusef_V583__k5,bacteria
TCTCT,2676,enterococcusef_V583__k5,bacteria
CTCTA,1625,enterococcusef_V583__k5,bacteria
TCTAA,5025,enterococcusef_V583__k5,bacteria
CTAAA,7187,enterococcusef_V583__k5,bacteria
ATCAG,3231,enterococcusef_V583__k5,bacteria
TCAGT,2608,enterococcusef_V583__k5,bacteria
GTTGG,3673,enterococcusef_V583__k5,bacteria
GGTAG,1446,enterococcusef_V583__k5,bacteria
GTAGT,2044,enterococcusef_V583__k5,bacteria
TGTCC,2091,enterococcusef_V583__k5,bacteria
GTCCA,2122,enterococcusef_V583__k5,bacteria
AGTAT,3251,enterococcusef_V583__k5,bacteria
GTATC,2656,enterococcusef_V583__k5,bacteria
ATCAT,5901,enterococcusef_V583__k5,bacteria
CATGT,2284,enterococcusef_V583__k5,bacteria
ATGTG,2151,enterococcusef_V583__k5,bacteria
TGTGC,1953,enterococcusef_V583__k5,bacteria
GTGCC,1704,enterococcusef_V583__k5,bacteria
TGCCT,2372,enterococcusef_V583__k5,bacteria
GCCTC,963,enterococcusef_V583__k5,bacteria
CCTCT,1677,enterococcusef_V583__k5,bacteria
CTCTT,3554,enterococcusef_V583__k5,bacteria
TCTTA,3101,enterococcusef_V583__k5,bacteria
AGATT,4211,enterococcusef_V583__k5,bacteria
AAGGG,1936,enterococcusef_V583__k5,bacteria
AACGG,3031,enterococcusef_V583__k5,bacteria
ACGGG,954,enterococcusef_V583__k5,bacteria
CGGGT,799,enterococcusef_V583__k5,bacteria
GGTGA,2476,enterococcusef_V583__k5,bacteria
TGGTT,5767,enterococcusef_V583__k5,bacteria
GTTCC,2967,enterococcusef_V583__k5,bacteria
TTCCT,4921,enterococcusef_V583__k5,bacteria
TCCTC,2082,enterococcusef_V583__k5,bacteria
CCTCG,732,enterococcusef_V583__k5,bacteria
CTCGT,1751,enterococcusef_V583__k5,bacteria
TCGTC,2022,enterococcusef_V583__k5,bacteria
CGTCA,2116,enterococcusef_V583__k5,bacteria
TCTCA,1863,enterococcusef_V583__k5,bacteria
ATGTA,2863,enterococcusef_V583__k5,bacteria
TATCT,4369,enterococcusef_V583__k5,bacteria
TCTTG,4557,enterococcusef_V583__k5,bacteria
CTTGC,2725,enterococcusef_V583__k5,bacteria
AGAGA,2637,enterococcusef_V583__k5,bacteria
ATGAC,2983,enterococcusef_V583__k5,bacteria
ACCGA,1850,enterococcusef_V583__k5,bacteria
TCCTT,4555,enterococcusef_V583__k5,bacteria
AGATC,1397,enterococcusef_V583__k5,bacteria
GATCA,2633,enterococcusef_V583__k5,bacteria
TCATA,4121,enterococcusef_V583__k5,bacteria
ACGGT,2012,enterococcusef_V583__k5,bacteria
ATGCG,2108,enterococcusef_V583__k5,bacteria
CGCAC,1131,enterococcusef_V583__k5,bacteria
GCACG,1271,enterococcusef_V583__k5,bacteria
CACGA,2053,enterococcusef_V583__k5,bacteria
TTCAG,4452,enterococcusef_V583__k5,bacteria
TCAGC,2952,enterococcusef_V583__k5,bacteria
CCAGC,2662,enterococcusef_V583__k5,bacteria
GTCAG,1484,enterococcusef_V583__k5,bacteria
CAGTG,1882,enterococcusef_V583__k5,bacteria
ACTCT,1672,enterococcusef_V583__k5,bacteria
CTTAG,2263,enterococcusef_V583__k5,bacteria
GATGT,2875,enterococcusef_V583__k5,bacteria
AACTT,5782,enterococcusef_V583__k5,bacteria
TTATG,4150,enterococcusef_V583__k5,bacteria
TGCAC,1774,enterococcusef_V583__k5,bacteria
AGTGG,2352,enterococcusef_V583__k5,bacteria
GGATA,2731,enterococcusef_V583__k5,bacteria
TAACT,3985,enterococcusef_V583__k5,bacteria
AATGC,4071,enterococcusef_V583__k5,bacteria
TGCTC,1995,enterococcusef_V583__k5,bacteria
GCTCT,1629,enterococcusef_V583__k5,bacteria
CACAG,1704,enterococcusef_V583__k5,bacteria
ACAGA,3548,enterococcusef_V583__k5,bacteria
ACATG,2255,enterococcusef_V583__k5,bacteria
CCCTA,1022,enterococcusef_V583__k5,bacteria
TACTT,5306,enterococcusef_V583__k5,bacteria
TATTT,11290,enterococcusef_V583__k5,bacteria
TATAA,4671,enterococcusef_V583__k5,bacteria
ATAAT,8264,enterococcusef_V583__k5,bacteria
TAATA,6212,enterococcusef_V583__k5,bacteria
TATAC,2338,enterococcusef_V583__k5,bacteria
AACAG,5130,enterococcusef_V583__k5,bacteria
ACAGT,2608,enterococcusef_V583__k5,bacteria
GGCGT,1953,enterococcusef_V583__k5,bacteria
GCGTA,1647,enterococcusef_V583__k5,bacteria
CGTAC,1171,enterococcusef_V583__k5,bacteria
ACGTA,2365,enterococcusef_V583__k5,bacteria
CGTAT,2342,enterococcusef_V583__k5,bacteria
GTATT,4577,enterococcusef_V583__k5,bacteria
AATAC,4535,enterococcusef_V583__k5,bacteria
ATACT,3293,enterococcusef_V583__k5,bacteria
GGAGT,1174,enterococcusef_V583__k5,bacteria
GAGTT,2096,enterococcusef_V583__k5,bacteria
TACAT,2957,enterococcusef_V583__k5,bacteria
CATTA,5390,enterococcusef_V583__k5,bacteria
TATGA,3791,enterococcusef_V583__k5,bacteria
TAACG,3378,enterococcusef_V583__k5,bacteria
CGGTC,1093,enterococcusef_V583__k5,bacteria
AGTGT,1938,enterococcusef_V583__k5,bacteria
GTGTC,1713,enterococcusef_V583__k5,bacteria
GTCTT,3050,enterococcusef_V583__k5,bacteria
CTGTT,5422,enterococcusef_V583__k5,bacteria
ACGAG,1654,enterococcusef_V583__k5,bacteria
GAGCA,1993,enterococcusef_V583__k5,bacteria
CCAAT,5689,enterococcusef_V583__k5,bacteria
ACAGG,2149,enterococcusef_V583__k5,bacteria
AGGTG,2436,enterococcusef_V583__k5,bacteria
GTTAA,5348,enterococcusef_V583__k5,bacteria
TGTGT,2454,enterococcusef_V583__k5,bacteria
TCAGA,2603,enterococcusef_V583__k5,bacteria
GATGG,2936,enterococcusef_V583__k5,bacteria
GGCTT,3676,enterococcusef_V583__k5,bacteria
CTTAC,1822,enterococcusef_V583__k5,bacteria
GGGAG,715,enterococcusef_V583__k5,bacteria
GAGTA,1685,enterococcusef_V583__k5,bacteria
GTAAC,2723,enterococcusef_V583__k5,bacteria
AACGC,2876,enterococcusef_V583__k5,bacteria
ACGCG,811,enterococcusef_V583__k5,bacteria
CGCGG,711,enterococcusef_V583__k5,bacteria
TTTCA,10251,enterococcusef_V583__k5,bacteria
AAGCT,3855,enterococcusef_V583__k5,bacteria
AGCTC,1305,enterococcusef_V583__k5,bacteria
GACCA,2456,enterococcusef_V583__k5,bacteria
ACCAT,4025,enterococcusef_V583__k5,bacteria
AGGTA,2314,enterococcusef_V583__k5,bacteria
TAGCA,3334,enterococcusef_V583__k5,bacteria
AGCAT,3202,enterococcusef_V583__k5,bacteria
GCATC,2725,enterococcusef_V583__k5,bacteria
GGCGA,1946,enterococcusef_V583__k5,bacteria
ATTCG,3348,enterococcusef_V583__k5,bacteria
TCGTA,2359,enterococcusef_V583__k5,bacteria
CGTAA,3113,enterococcusef_V583__k5,bacteria
TTCAC,4110,enterococcusef_V583__k5,bacteria
TCACA,2530,enterococcusef_V583__k5,bacteria
GTTCT,3657,enterococcusef_V583__k5,bacteria
TCTAG,1649,enterococcusef_V583__k5,bacteria
ACTTC,4051,enterococcusef_V583__k5,bacteria
TCAGG,2017,enterococcusef_V583__k5,bacteria
CAGGA,2451,enterococcusef_V583__k5,bacteria
AGCTG,3250,enterococcusef_V583__k5,bacteria
GCTGA,3004,enterococcusef_V583__k5,bacteria
TACGG,1409,enterococcusef_V583__k5,bacteria
CGGTT,2430,enterococcusef_V583__k5,bacteria
TAATT,10586,enterococcusef_V583__k5,bacteria
TCCGC,1797,enterococcusef_V583__k5,bacteria
CCGCA,1768,enterococcusef_V583__k5,bacteria
CCAGT,2474,enterococcusef_V583__k5,bacteria
CAGTA,2467,enterococcusef_V583__k5,bacteria
GTAAT,4807,enterococcusef_V583__k5,bacteria
TACTC,1702,enterococcusef_V583__k5,bacteria
CCTGT,2262,enterococcusef_V583__k5,bacteria
TCATT,7497,enterococcusef_V583__k5,bacteria
TGACA,3170,enterococcusef_V583__k5,bacteria
GCTGT,2992,enterococcusef_V583__k5,bacteria
ATCGA,2883,enterococcusef_V583__k5,bacteria
GTCGT,1984,enterococcusef_V583__k5,bacteria
CGTCC,1225,enterococcusef_V583__k5,bacteria
ACTTG,3827,enterococcusef_V583__k5,bacteria
GCCGT,1894,enterococcusef_V583__k5,bacteria
CCGTT,3201,enterococcusef_V583__k5,bacteria
CGTTG,3498,enterococcusef_V583__k5,bacteria
TGCGA,1875,enterococcusef_V583__k5,bacteria
GCGAC,1572,enterococcusef_V583__k5,bacteria
GACAG,2024,enterococcusef_V583__k5,bacteria
GTGTG,1380,enterococcusef_V583__k5,bacteria
TGTGA,2503,enterococcusef_V583__k5,bacteria
TCCCG,1097,enterococcusef_V583__k5,bacteria
GTAGA,2056,enterococcusef_V583__k5,bacteria
AGACT,1726,enterococcusef_V583__k5,bacteria
TTGTA,4852,enterococcusef_V583__k5,bacteria
TGTAA,4403,enterococcusef_V583__k5,bacteria
ACTGA,2617,enterococcusef_V583__k5,bacteria
CGTTC,2732,enterococcusef_V583__k5,bacteria
GGTTG,2636,enterococcusef_V583__k5,bacteria
GCATT,4138,enterococcusef_V583__k5,bacteria
AGTGC,1576,enterococcusef_V583__k5,bacteria
TGTAC,1877,enterococcusef_V583__k5,bacteria
GTACT,1757,enterococcusef_V583__k5,bacteria
ATTCT,5321,enterococcusef_V583__k5,bacteria
GAAGG,2899,enterococcusef_V583__k5,bacteria
TCCTG,2498,enterococcusef_V583__k5,bacteria
AACCG,2262,enterococcusef_V583__k5,bacteria
ACCGT,2100,enterococcusef_V583__k5,bacteria
CTAGC,1689,enterococcusef_V583__k5,bacteria
AGCCA,3913,enterococcusef_V583__k5,bacteria
GCCAT,3727,enterococcusef_V583__k5,bacteria
CATAA,4505,enterococcusef_V583__k5,bacteria
GTACC,1539,enterococcusef_V583__k5,bacteria
AATCG,4801,enterococcusef_V583__k5,bacteria
CGTGC,1218,enterococcusef_V583__k5,bacteria
CATGA,3007,enterococcusef_V583__k5,bacteria
AGGAC,1627,enterococcusef_V583__k5,bacteria
CAATA,5425,enterococcusef_V583__k5,bacteria
TTCGC,2759,enterococcusef_V583__k5,bacteria
CACCA,3912,enterococcusef_V583__k5,bacteria
AGCTT,3730,enterococcusef_V583__k5,bacteria
TCTGG,2796,enterococcusef_V583__k5,bacteria
CCCAG,1335,enterococcusef_V583__k5,bacteria
TGCGT,1919,enterococcusef_V583__k5,bacteria
GCGAG,812,enterococcusef_V583__k5,bacteria
TACCG,1463,enterococcusef_V583__k5,bacteria
TCTCC,1891,enterococcusef_V583__k5,bacteria
CTCCA,1745,enterococcusef_V583__k5,bacteria
GGAGC,1211,enterococcusef_V583__k5,bacteria
GAGCC,1206,enterococcusef_V583__k5,bacteria
CATTC,3594,enterococcusef_V583__k5,bacteria
CTAAT,4821,enterococcusef_V583__k5,bacteria
CACCG,1458,enterococcusef_V583__k5,bacteria
AGACC,1271,enterococcusef_V583__k5,bacteria
GACCT,1193,enterococcusef_V583__k5,bacteria
AAGGT,3222,enterococcusef_V583__k5,bacteria
CGTCT,1504,enterococcusef_V583__k5,bacteria
AGCCG,1777,enterococcusef_V583__k5,bacteria
ACGCT,1854,enterococcusef_V583__k5,bacteria
CTGCT,3674,enterococcusef_V583__k5,bacteria
ATAAG,3519,enterococcusef_V583__k5,bacteria
TAAGC,2679,enterococcusef_V583__k5,bacteria
AATAG,4394,enterococcusef_V583__k5,bacteria
TAGCT,3192,enterococcusef_V583__k5,bacteria
TACGC,1495,enterococcusef_V583__k5,bacteria
CGCTA,2047,enterococcusef_V583__k5,bacteria
GCTAA,4312,enterococcusef_V583__k5,bacteria
TGACG,2122,enterococcusef_V583__k5,bacteria
GACGA,2139,enterococcusef_V583__k5,bacteria
AGCCC,1178,enterococcusef_V583__k5,bacteria
TAAGG,2195,enterococcusef_V583__k5,bacteria
AGGGC,869,enterococcusef_V583__k5,bacteria
GGGCT,1179,enterococcusef_V583__k5,bacteria
GGCTG,1937,enterococcusef_V583__k5,bacteria
CCTAG,952,enterococcusef_V583__k5,bacteria
TACGT,2301,enterococcusef_V583__k5,bacteria
ACGAC,1993,enterococcusef_V583__k5,bacteria
CGCTC,1208,enterococcusef_V583__k5,bacteria
CTCAG,1013,enterococcusef_V583__k5,bacteria
CAGAC,1507,enterococcusef_V583__k5,bacteria
ACCTC,1245,enterococcusef_V583__k5,bacteria
TCTAC,2002,enterococcusef_V583__k5,bacteria
CTACA,2108,enterococcusef_V583__k5,bacteria
AGCTA,3197,enterococcusef_V583__k5,bacteria
GCTAC,2058,enterococcusef_V583__k5,bacteria
CTACT,2529,enterococcusef_V583__k5,bacteria
GCGCG,718,enterococcusef_V583__k5,bacteria
CGCGC,727,enterococcusef_V583__k5,bacteria
CCCTC,713,enterococcusef_V583__k5,bacteria
TTGAG,2533,enterococcusef_V583__k5,bacteria
TGAGT,1843,enterococcusef_V583__k5,bacteria
GTTAC,2686,enterococcusef_V583__k5,bacteria
TACCC,1055,enterococcusef_V583__k5,bacteria
CAGGC,1451,enterococcusef_V583__k5,bacteria
AGGCC,865,enterococcusef_V583__k5,bacteria
GGCCC,610,enterococcusef_V583__k5,bacteria
TAAGA,3183,enterococcusef_V583__k5,bacteria
AAGAG,3602,enterococcusef_V583__k5,bacteria
AGAGT,1784,enterococcusef_V583__k5,bacteria
TCGGT,2012,enterococcusef_V583__k5,bacteria
GGGTA,1108,enterococcusef_V583__k5,bacteria
GGTAT,2344,enterococcusef_V583__k5,bacteria
GTATA,2451,enterococcusef_V583__k5,bacteria
ATGAG,2006,enterococcusef_V583__k5,bacteria
TGAGA,1781,enterococcusef_V583__k5,bacteria
GGGAT,2196,enterococcusef_V583__k5,bacteria
CTGAG,982,enterococcusef_V583__k5,bacteria
ACGTC,1561,enterococcusef_V583__k5,bacteria
CGGCC,861,enterococcusef_V583__k5,bacteria
GGCCA,1647,enterococcusef_V583__k5,bacteria
GGCAG,1716,enterococcusef_V583__k5,bacteria
GCGTG,1171,enterococcusef_V583__k5,bacteria
CGAGT,1094,enterococcusef_V583__k5,bacteria
CGTCG,914,enterococcusef_V583__k5,bacteria
GTCGC,1538,enterococcusef_V583__k5,bacteria
TCGCG,870,enterococcusef_V583__k5,bacteria
GACGG,1337,enterococcusef_V583__k5,bacteria
TGCGG,1791,enterococcusef_V583__k5,bacteria
GCGGG,1019,enterococcusef_V583__k5,bacteria
CGGGC,668,enterococcusef_V583__k5,bacteria
GGGCA,1439,enterococcusef_V583__k5,bacteria
GAGAT,1786,enterococcusef_V583__k5,bacteria
GGTAC,1605,enterococcusef_V583__k5,bacteria
GAGTC,875,enterococcusef_V583__k5,bacteria
CGGCT,1815,enterococcusef_V583__k5,bacteria
TGAGC,1640,enterococcusef_V583__k5,bacteria
GAGCT,1231,enterococcusef_V583__k5,bacteria
CTGAC,1388,enterococcusef_V583__k5,bacteria
CAGTC,1691,enterococcusef_V583__k5,bacteria
CAGCT,3204,enterococcusef_V583__k5,bacteria
TAGGC,1561,enterococcusef_V583__k5,bacteria
AGGCG,1769,enterococcusef_V583__k5,bacteria
GCCCA,1710,enterococcusef_V583__k5,bacteria
CCCAA,2710,enterococcusef_V583__k5,bacteria
CAAGG,2418,enterococcusef_V583__k5,bacteria
GGAAC,2785,enterococcusef_V583__k5,bacteria
GCGGT,1852,enterococcusef_V583__k5,bacteria
AGGCA,2471,enterococcusef_V583__k5,bacteria
GCACC,1888,enterococcusef_V583__k5,bacteria
AAGGC,3077,enterococcusef_V583__k5,bacteria
AGGCT,1943,enterococcusef_V583__k5,bacteria
GTGCG,1082,enterococcusef_V583__k5,bacteria
TGGGC,1685,enterococcusef_V583__k5,bacteria
CTCAC,1037,enterococcusef_V583__k5,bacteria
CCTCA,1304,enterococcusef_V583__k5,bacteria
GCCGG,721,enterococcusef_V583__k5,bacteria
CATGG,2109,enterococcusef_V583__k5,bacteria
CTCGG,675,enterococcusef_V583__k5,bacteria
GGACA,2054,enterococcusef_V583__k5,bacteria
GTGAG,1021,enterococcusef_V583__k5,bacteria
GTCCT,1564,enterococcusef_V583__k5,bacteria
AGTCT,1643,enterococcusef_V583__k5,bacteria
ACCTA,2149,enterococcusef_V583__k5,bacteria
ATCTG,3322,enterococcusef_V583__k5,bacteria
CAGAG,1437,enterococcusef_V583__k5,bacteria
AGAGC,1677,enterococcusef_V583__k5,bacteria
CGGGA,1069,enterococcusef_V583__k5,bacteria
CTATA,2076,enterococcusef_V583__k5,bacteria
ATACG,2364,enterococcusef_V583__k5,bacteria
GCTCG,1095,enterococcusef_V583__k5,bacteria
TAGGT,2213,enterococcusef_V583__k5,bacteria
ACTCC,1222,enterococcusef_V583__k5,bacteria
CCATC,3113,enterococcusef_V583__k5,bacteria
TGGAC,2148,enterococcusef_V583__k5,bacteria
CGCGA,864,enterococcusef_V583__k5,bacteria
GACTA,1932,enterococcusef_V583__k5,bacteria
ACTAC,1953,enterococcusef_V583__k5,bacteria
CTACG,1171,enterococcusef_V583__k5,bacteria
CGCAT,2072,enterococcusef_V583__k5,bacteria
TCCCA,2537,enterococcusef_V583__k5,bacteria
CCTTA,2002,enterococcusef_V583__k5,bacteria
GCTCC,1287,enterococcusef_V583__k5,bacteria
GTAAG,1956,enterococcusef_V583__k5,bacteria
GTGAC,1934,enterococcusef_V583__k5,bacteria
TGTCA,3246,enterococcusef_V583__k5,bacteria
ACAGC,3048,enterococcusef_V583__k5,bacteria
CTGTG,1740,enterococcusef_V583__k5,bacteria
TACTA,2953,enterococcusef_V583__k5,bacteria
ATGTC,2434,enterococcusef_V583__k5,bacteria
GAGTG,1239,enterococcusef_V583__k5,bacteria
CTAAC,2524,enterococcusef_V583__k5,bacteria
GCAAG,2713,enterococcusef_V583__k5,bacteria
GATAG,2247,enterococcusef_V583__k5,bacteria
ATAGA,3018,enterococcusef_V583__k5,bacteria
GGAAT,4069,enterococcusef_V583__k5,bacteria
GAGAG,1097,enterococcusef_V583__k5,bacteria
CCTGG,1065,enterococcusef_V583__k5,bacteria
ATGGG,2199,enterococcusef_V583__k5,bacteria
GCAGG,1650,enterococcusef_V583__k5,bacteria
ATAGT,3255,enterococcusef_V583__k5,bacteria
GGTCG,1273,enterococcusef_V583__k5,bacteria
TCGGG,855,enterococcusef_V583__k5,bacteria
TACAG,2495,enterococcusef_V583__k5,bacteria
CCGGC,767,enterococcusef_V583__k5,bacteria
CTCTG,1418,enterococcusef_V583__k5,bacteria
CGACC,1225,enterococcusef_V583__k5,bacteria
TCACG,1881,enterococcusef_V583__k5,bacteria
TCGAG,953,enterococcusef_V583__k5,bacteria
GAGGC,959,enterococcusef_V583__k5,bacteria
ACACA,2329,enterococcusef_V583__k5,bacteria
CCGTC,1304,enterococcusef_V583__k5,bacteria
TTCCC,2749,enterococcusef_V583__k5,bacteria
CTACC,1347,enterococcusef_V583__k5,bacteria
CACTC,1249,enterococcusef_V583__k5,bacteria
CACGT,1802,enterococcusef_V583__k5,bacteria
GGGGA,1456,enterococcusef_V583__k5,bacteria
ACCGC,1740,enterococcusef_V583__k5,bacteria
GTACG,1134,enterococcusef_V583__k5,bacteria
GGACC,1043,enterococcusef_V583__k5,bacteria
GTCTA,1560,enterococcusef_V583__k5,bacteria
GCTTC,4283,enterococcusef_V583__k5,bacteria
GCCGC,1766,enterococcusef_V583__k5,bacteria
CCGCT,2155,enterococcusef_V583__k5,bacteria
CCCGT,930,enterococcusef_V583__k5,bacteria
ACCCG,782,enterococcusef_V583__k5,bacteria
GCCAG,2052,enterococcusef_V583__k5,bacteria
CAGGG,1006,enterococcusef_V583__k5,bacteria
GAGAC,1023,enterococcusef_V583__k5,bacteria
GACTC,920,enterococcusef_V583__k5,bacteria
GGCCG,819,enterococcusef_V583__k5,bacteria
CGTAG,1245,enterococcusef_V583__k5,bacteria
GTGGG,1310,enterococcusef_V583__k5,bacteria
CCACC,2073,enterococcusef_V583__k5,bacteria
CCTAC,1142,enterococcusef_V583__k5,bacteria
CCGGG,300,enterococcusef_V583__k5,bacteria
TGGGT,1891,enterococcusef_V583__k5,bacteria
GACCC,759,enterococcusef_V583__k5,bacteria
GGGCG,980,enterococcusef_V583__k5,bacteria
CCACG,1468,enterococcusef_V583__k5,bacteria
AGGGG,1134,enterococcusef_V583__k5,bacteria
TCTGA,2652,enterococcusef_V583__k5,bacteria
CCGCG,712,enterococcusef_V583__k5,bacteria
CGCGT,809,enterococcusef_V583__k5,bacteria
CCCTG,940,enterococcusef_V583__k5,bacteria
CAGCC,1981,enterococcusef_V583__k5,bacteria
CCCGG,331,enterococcusef_V583__k5,bacteria
CCCCC,585,enterococcusef_V583__k5,bacteria
CCATG,2180,enterococcusef_V583__k5,bacteria
GGGAC,1087,enterococcusef_V583__k5,bacteria
ATCGG,2014,enterococcusef_V583__k5,bacteria
ACGGC,1805,enterococcusef_V583__k5,bacteria
GCCAC,2195,enterococcusef_V583__k5,bacteria
CGAGA,1188,enterococcusef_V583__k5,bacteria
CGGGG,592,enterococcusef_V583__k5,bacteria
GACTG,1737,enterococcusef_V583__k5,bacteria
ACTGC,2176,enterococcusef_V583__k5,bacteria
CATCT,3930,enterococcusef_V583__k5,bacteria
GGTCT,1308,enterococcusef_V583__k5,bacteria
GGGTC,793,enterococcusef_V583__k5,bacteria
GGACT,1424,enterococcusef_V583__k5,bacteria
GCGTC,872,enterococcusef_V583__k5,bacteria
CTCCG,794,enterococcusef_V583__k5,bacteria
CGGTA,1592,enterococcusef_V583__k5,bacteria
TGAGG,1278,enterococcusef_V583__k5,bacteria
CCGTA,1500,enterococcusef_V583__k5,bacteria
CGACT,1754,enterococcusef_V583__k5,bacteria
GGGCC,620,enterococcusef_V583__k5,bacteria
GTCTC,1037,enterococcusef_V583__k5,bacteria
GGGGC,996,enterococcusef_V583__k5,bacteria
CTCCT,2344,enterococcusef_V583__k5,bacteria
CGGAG,741,enterococcusef_V583__k5,bacteria
ATCTA,3186,enterococcusef_V583__k5,bacteria
CTTCC,2642,enterococcusef_V583__k5,bacteria
GGGGG,560,enterococcusef_V583__k5,bacteria
ACCCT,859,enterococcusef_V583__k5,bacteria
GGCCT,872,enterococcusef_V583__k5,bacteria
CTAGG,904,enterococcusef_V583__k5,bacteria
CTGCG,1324,enterococcusef_V583__k5,bacteria
TGGCC,1602,enterococcusef_V583__k5,bacteria
CCCAC,1266,enterococcusef_V583__k5,bacteria
CTCTC,1057,enterococcusef_V583__k5,bacteria
CCTCC,1290,enterococcusef_V583__k5,bacteria
CTCCC,807,enterococcusef_V583__k5,bacteria
GGTGG,10578,klebsiella_genome__k5,bacteria
GTGGT,6833,klebsiella_genome__k5,bacteria
TGGTC,6675,klebsiella_genome__k5,bacteria
GGTCT,4571,klebsiella_genome__k5,bacteria
GTCTG,5908,klebsiella_genome__k5,bacteria
TCTGC,8955,klebsiella_genome__k5,bacteria
CTGCC,10295,klebsiella_genome__k5,bacteria
TGCCT,4131,klebsiella_genome__k5,bacteria
GCCTC,5262,klebsiella_genome__k5,bacteria
CCTCG,5730,klebsiella_genome__k5,bacteria
CTCGC,6841,klebsiella_genome__k5,bacteria
TCGCA,3802,klebsiella_genome__k5,bacteria
CGCAT,6375,klebsiella_genome__k5,bacteria
GCATA,4322,klebsiella_genome__k5,bacteria
CATAA,3831,klebsiella_genome__k5,bacteria
ATAAA,7235,klebsiella_genome__k5,bacteria
TAAAG,5378,klebsiella_genome__k5,bacteria
AAAGC,8463,klebsiella_genome__k5,bacteria
AAGCG,8140,klebsiella_genome__k5,bacteria
AGCGG,11282,klebsiella_genome__k5,bacteria
GCGGT,11093,klebsiella_genome__k5,bacteria
CGGTA,7372,klebsiella_genome__k5,bacteria
GGTAT,5219,klebsiella_genome__k5,bacteria
GTATG,2899,klebsiella_genome__k5,bacteria
TATGA,3084,klebsiella_genome__k5,bacteria
ATGAA,5997,klebsiella_genome__k5,bacteria
TGAAA,7124,klebsiella_genome__k5,bacteria
GAAAA,8918,klebsiella_genome__k5,bacteria
AAAAT,7760,klebsiella_genome__k5,bacteria
AAATG,4831,klebsiella_genome__k5,bacteria
AATGG,5146,klebsiella_genome__k5,bacteria
ATGGA,4346,klebsiella_genome__k5,bacteria
TGGAT,5850,klebsiella_genome__k5,bacteria
GGATT,4299,klebsiella_genome__k5,bacteria
GATTG,4870,klebsiella_genome__k5,bacteria
ATTGA,5136,klebsiella_genome__k5,bacteria
TTGAA,4226,klebsiella_genome__k5,bacteria
TGAAG,6546,klebsiella_genome__k5,bacteria
GAAGC,7720,klebsiella_genome__k5,bacteria
AAGCC,6735,klebsiella_genome__k5,bacteria
AGCCC,5699,klebsiella_genome__k5,bacteria
GCCCG,10257,klebsiella_genome__k5,bacteria
CCCGG,11038,klebsiella_genome__k5,bacteria
CCGGG,10882,klebsiella_genome__k5,bacteria
CGGGC,10221,klebsiella_genome__k5,bacteria
GGGCC,5092,klebsiella_genome__k5,bacteria
GGCCG,11944,klebsiella_genome__k5,bacteria
GCCGT,9906,klebsiella_genome__k5,bacteria
CCGTG,4706,klebsiella_genome__k5,bacteria
CGTGG,6303,klebsiella_genome__k5,bacteria
GTGGA,5145,klebsiella_genome__k5,bacteria
GATTC,3247,klebsiella_genome__k5,bacteria
ATTCT,3545,klebsiella_genome__k5,bacteria
TTCTA,1463,klebsiella_genome__k5,bacteria
TCTAC,2293,klebsiella_genome__k5,bacteria
CTACT,1733,klebsiella_genome__k5,bacteria
TACTC,2312,klebsiella_genome__k5,bacteria
ACTCA,2559,klebsiella_genome__k5,bacteria
CTCAA,4327,klebsiella_genome__k5,bacteria
TCAAC,5651,klebsiella_genome__k5,bacteria
CAACT,2741,klebsiella_genome__k5,bacteria
AACTT,2828,klebsiella_genome__k5,bacteria
ACTTT,4032,klebsiella_genome__k5,bacteria
CTTTC,6314,klebsiella_genome__k5,bacteria
TTTCG,6548,klebsiella_genome__k5,bacteria
TTCGT,3813,klebsiella_genome__k5,bacteria
TCGTC,6488,klebsiella_genome__k5,bacteria
CGTCT,4867,klebsiella_genome__k5,bacteria
GTCTT,3379,klebsiella_genome__k5,bacteria
TCTTT,5951,klebsiella_genome__k5,bacteria
TTCGA,4435,klebsiella_genome__k5,bacteria
TCGAG,4401,klebsiella_genome__k5,bacteria
CGAGA,4123,klebsiella_genome__k5,bacteria
GAGAA,4969,klebsiella_genome__k5,bacteria
AGAAA,5564,klebsiella_genome__k5,bacteria
GAAAG,6093,klebsiella_genome__k5,bacteria
AAAGA,5746,klebsiella_genome__k5,bacteria
AAGAC,3240,klebsiella_genome__k5,bacteria
AGACT,1822,klebsiella_genome__k5,bacteria
GACTC,2191,klebsiella_genome__k5,bacteria
ACTCC,2897,klebsiella_genome__k5,bacteria
CTCCG,5121,klebsiella_genome__k5,bacteria
TCCGG,8568,klebsiella_genome__k5,bacteria
CGGGA,6520,klebsiella_genome__k5,bacteria
GGGAT,5801,klebsiella_genome__k5,bacteria
GGATC,7695,klebsiella_genome__k5,bacteria
GATCC,7428,klebsiella_genome__k5,bacteria
ATCCT,5117,klebsiella_genome__k5,bacteria
TCCTG,7695,klebsiella_genome__k5,bacteria
CCTGA,8300,klebsiella_genome__k5,bacteria
CTGAG,4636,klebsiella_genome__k5,bacteria
TGAGT,2524,klebsiella_genome__k5,bacteria
GAGTA,2334,klebsiella_genome__k5,bacteria
AGTAT,2435,klebsiella_genome__k5,bacteria
GTATT,3920,klebsiella_genome__k5,bacteria
TATTA,3196,klebsiella_genome__k5,bacteria
ATTAA,4593,klebsiella_genome__k5,bacteria
TTAAA,4798,klebsiella_genome__k5,bacteria
TAAAA,5726,klebsiella_genome__k5,bacteria
AAAAA,10522,klebsiella_genome__k5,bacteria
AAAAG,6178,klebsiella_genome__k5,bacteria
AAGAA,4682,klebsiella_genome__k5,bacteria
AGAAG,4510,klebsiella_genome__k5,bacteria
GAAGA,7011,klebsiella_genome__k5,bacteria
AAGAT,4481,klebsiella_genome__k5,bacteria
AGATC,6260,klebsiella_genome__k5,bacteria
GATCT,5977,klebsiella_genome__k5,bacteria
ATCTT,4549,klebsiella_genome__k5,bacteria
CTTTA,5411,klebsiella_genome__k5,bacteria
TTTAT,7125,klebsiella_genome__k5,bacteria
TTATA,2455,klebsiella_genome__k5,bacteria
TATAT,2537,klebsiella_genome__k5,bacteria
ATATA,2570,klebsiella_genome__k5,bacteria
TATAG,2270,klebsiella_genome__k5,bacteria
ATAGA,2702,klebsiella_genome__k5,bacteria
TAGAG,1800,klebsiella_genome__k5,bacteria
AGAGA,3418,klebsiella_genome__k5,bacteria
GAGAT,5079,klebsiella_genome__k5,bacteria
ATCTG,7535,klebsiella_genome__k5,bacteria
TCTGT,3205,klebsiella_genome__k5,bacteria
CTGTT,7076,klebsiella_genome__k5,bacteria
TGTTC,5619,klebsiella_genome__k5,bacteria
GTTCT,3840,klebsiella_genome__k5,bacteria
TCTAT,2499,klebsiella_genome__k5,bacteria
CTATT,2485,klebsiella_genome__k5,bacteria
TATTG,4563,klebsiella_genome__k5,bacteria
ATTGT,3027,klebsiella_genome__k5,bacteria
TTGTG,2668,klebsiella_genome__k5,bacteria
TGTGA,2345,klebsiella_genome__k5,bacteria
GTGAT,6889,klebsiella_genome__k5,bacteria
TGATC,7749,klebsiella_genome__k5,bacteria
ATCTC,4997,klebsiella_genome__k5,bacteria
TCTCT,3319,klebsiella_genome__k5,bacteria
CTCTT,4398,klebsiella_genome__k5,bacteria
TCTTA,1762,klebsiella_genome__k5,bacteria
CTTAT,3067,klebsiella_genome__k5,bacteria
TTATT,5595,klebsiella_genome__k5,bacteria
ATTAG,1434,klebsiella_genome__k5,bacteria
TTAGG,1002,klebsiella_genome__k5,bacteria
TAGGA,705,klebsiella_genome__k5,bacteria
AGGAT,5062,klebsiella_genome__k5,bacteria
GATCG,10047,klebsiella_genome__k5,bacteria
ATCGA,7515,klebsiella_genome__k5,bacteria
TCGAC,6722,klebsiella_genome__k5,bacteria
CGACT,3744,klebsiella_genome__k5,bacteria
ACTCT,2101,klebsiella_genome__k5,bacteria
CTCTC,3156,klebsiella_genome__k5,bacteria
CTTTG,6122,klebsiella_genome__k5,bacteria
TTTGT,4406,klebsiella_genome__k5,bacteria
TGTGG,3775,klebsiella_genome__k5,bacteria
GGATA,5365,klebsiella_genome__k5,bacteria
GATAA,7733,klebsiella_genome__k5,bacteria
ATAAG,3023,klebsiella_genome__k5,bacteria
TAAGT,1478,klebsiella_genome__k5,bacteria
AAGTC,2769,klebsiella_genome__k5,bacteria
AGTCG,3814,klebsiella_genome__k5,bacteria
GTCGG,7365,klebsiella_genome__k5,bacteria
TCGGA,2535,klebsiella_genome__k5,bacteria
CGGAT,7152,klebsiella_genome__k5,bacteria
ATCCG,7055,klebsiella_genome__k5,bacteria
TCCGC,9334,klebsiella_genome__k5,bacteria
CCGCG,13957,klebsiella_genome__k5,bacteria
CGCGA,9481,klebsiella_genome__k5,bacteria
GCGAA,9618,klebsiella_genome__k5,bacteria
CGAAG,7517,klebsiella_genome__k5,bacteria
GAAGT,4293,klebsiella_genome__k5,bacteria
AAGTA,2078,klebsiella_genome__k5,bacteria
AGTAA,2521,klebsiella_genome__k5,bacteria
GTAAG,2554,klebsiella_genome__k5,bacteria
TAAGA,1749,klebsiella_genome__k5,bacteria
GATCA,7945,klebsiella_genome__k5,bacteria
ATCAA,5686,klebsiella_genome__k5,bacteria
TCAAA,5060,klebsiella_genome__k5,bacteria
CAAAA,6617,klebsiella_genome__k5,bacteria
AAGCT,4591,klebsiella_genome__k5,bacteria
AGCTT,4621,klebsiella_genome__k5,bacteria
GCTTA,3838,klebsiella_genome__k5,bacteria
CTTAA,2869,klebsiella_genome__k5,bacteria
TTAAG,2906,klebsiella_genome__k5,bacteria
GAAGG,6340,klebsiella_genome__k5,bacteria
AAGGA,3100,klebsiella_genome__k5,bacteria
ATCAC,7014,klebsiella_genome__k5,bacteria
TCACT,3051,klebsiella_genome__k5,bacteria
CACTA,1895,klebsiella_genome__k5,bacteria
ACTAT,2447,klebsiella_genome__k5,bacteria
CTATC,4456,klebsiella_genome__k5,bacteria
TATCT,3934,klebsiella_genome__k5,bacteria
CTGTG,3607,klebsiella_genome__k5,bacteria
GTGAA,5671,klebsiella_genome__k5,bacteria
TGAAT,4625,klebsiella_genome__k5,bacteria
GAATG,4392,klebsiella_genome__k5,bacteria
AATGA,4739,klebsiella_genome__k5,bacteria
ATGAT,6296,klebsiella_genome__k5,bacteria
ATCGG,7739,klebsiella_genome__k5,bacteria
TCGGT,5899,klebsiella_genome__k5,bacteria
CGGTG,11180,klebsiella_genome__k5,bacteria
GGTGA,10121,klebsiella_genome__k5,bacteria
CCTGG,9907,klebsiella_genome__k5,bacteria
CTGGT,9948,klebsiella_genome__k5,bacteria
GGTCC,2564,klebsiella_genome__k5,bacteria
GTCCG,4482,klebsiella_genome__k5,bacteria
TCCGT,3060,klebsiella_genome__k5,bacteria
CCGTA,3825,klebsiella_genome__k5,bacteria
CGTAT,3111,klebsiella_genome__k5,bacteria
GTATA,1988,klebsiella_genome__k5,bacteria
TATAA,2357,klebsiella_genome__k5,bacteria
TAAGC,3880,klebsiella_genome__k5,bacteria
AGCTG,11677,klebsiella_genome__k5,bacteria
GCTGG,22548,klebsiella_genome__k5,bacteria
CTGGG,7574,klebsiella_genome__k5,bacteria
TGGGA,2897,klebsiella_genome__k5,bacteria
ATCAG,9896,klebsiella_genome__k5,bacteria
TCAGA,4210,klebsiella_genome__k5,bacteria
CAGAA,6345,klebsiella_genome__k5,bacteria
AGAAT,3598,klebsiella_genome__k5,bacteria
AAGGG,3513,klebsiella_genome__k5,bacteria
AGGGT,4263,klebsiella_genome__k5,bacteria
GGGTT,4394,klebsiella_genome__k5,bacteria
GGTTA,4502,klebsiella_genome__k5,bacteria
GTTAT,4384,klebsiella_genome__k5,bacteria
TTATG,3718,klebsiella_genome__k5,bacteria
TATGC,4199,klebsiella_genome__k5,bacteria
ATGCA,4223,klebsiella_genome__k5,bacteria
TGCAC,3974,klebsiella_genome__k5,bacteria
GCACA,3693,klebsiella_genome__k5,bacteria
CACAG,3751,klebsiella_genome__k5,bacteria
ACAGC,8739,klebsiella_genome__k5,bacteria
CAGCT,11872,klebsiella_genome__k5,bacteria
AGCTC,5408,klebsiella_genome__k5,bacteria
GCTCA,6945,klebsiella_genome__k5,bacteria
AAAAC,7323,klebsiella_genome__k5,bacteria
AAACC,6505,klebsiella_genome__k5,bacteria
AACCA,5461,klebsiella_genome__k5,bacteria
ACCAT,5942,klebsiella_genome__k5,bacteria
CCATA,3959,klebsiella_genome__k5,bacteria
CATAC,2992,klebsiella_genome__k5,bacteria
ATACT,2441,klebsiella_genome__k5,bacteria
TACTA,1126,klebsiella_genome__k5,bacteria
ACTAC,2329,klebsiella_genome__k5,bacteria
CTACG,3154,klebsiella_genome__k5,bacteria
TACGG,3784,klebsiella_genome__k5,bacteria
ACGGT,5738,klebsiella_genome__k5,bacteria
CGGTT,6455,klebsiella_genome__k5,bacteria
TATTC,4877,klebsiella_genome__k5,bacteria
TTCTT,4707,klebsiella_genome__k5,bacteria
TTTGG,4206,klebsiella_genome__k5,bacteria
TTGGA,1345,klebsiella_genome__k5,bacteria
ATAAC,4460,klebsiella_genome__k5,bacteria
TAACT,2213,klebsiella_genome__k5,bacteria
AACTA,1590,klebsiella_genome__k5,bacteria
CTACC,3449,klebsiella_genome__k5,bacteria
TACCG,7327,klebsiella_genome__k5,bacteria
ACCGG,9801,klebsiella_genome__k5,bacteria
CCGGT,9545,klebsiella_genome__k5,bacteria
GGTTG,5248,klebsiella_genome__k5,bacteria
GTTGA,5807,klebsiella_genome__k5,bacteria
TTGAT,5624,klebsiella_genome__k5,bacteria
ATCCA,5974,klebsiella_genome__k5,bacteria
TCCAA,1310,klebsiella_genome__k5,bacteria
CCAAG,1861,klebsiella_genome__k5,bacteria
CAAGC,3637,klebsiella_genome__k5,bacteria
GCTTT,8635,klebsiella_genome__k5,bacteria
CTTTT,6265,klebsiella_genome__k5,bacteria
TTTTA,5679,klebsiella_genome__k5,bacteria
TTTAA,4785,klebsiella_genome__k5,bacteria
AAGCA,4234,klebsiella_genome__k5,bacteria
AGCAT,5758,klebsiella_genome__k5,bacteria
GCATG,5621,klebsiella_genome__k5,bacteria
CATGG,5871,klebsiella_genome__k5,bacteria
ATGGT,5974,klebsiella_genome__k5,bacteria
TGGTT,5351,klebsiella_genome__k5,bacteria
TTATC,7774,klebsiella_genome__k5,bacteria
TATCC,5664,klebsiella_genome__k5,bacteria
TCCAC,5227,klebsiella_genome__k5,bacteria
CCACA,4008,klebsiella_genome__k5,bacteria
ACAGA,3251,klebsiella_genome__k5,bacteria
CGGAC,4712,klebsiella_genome__k5,bacteria
GGACG,5139,klebsiella_genome__k5,bacteria
GACGA,6731,klebsiella_genome__k5,bacteria
ACGAT,6307,klebsiella_genome__k5,bacteria
CGATC,9693,klebsiella_genome__k5,bacteria
TTTAC,5241,klebsiella_genome__k5,bacteria
TTACA,2114,klebsiella_genome__k5,bacteria
TACAA,1941,klebsiella_genome__k5,bacteria
ACAAT,3150,klebsiella_genome__k5,bacteria
CAATT,2544,klebsiella_genome__k5,bacteria
AATTC,3299,klebsiella_genome__k5,bacteria
TTCTC,4990,klebsiella_genome__k5,bacteria
TCTCA,2897,klebsiella_genome__k5,bacteria
CTCAG,4462,klebsiella_genome__k5,bacteria
CAGAG,4003,klebsiella_genome__k5,bacteria
AGAGC,4761,klebsiella_genome__k5,bacteria
GAGCA,6449,klebsiella_genome__k5,bacteria
AGCAA,4735,klebsiella_genome__k5,bacteria
GCAAA,7734,klebsiella_genome__k5,bacteria
CAAAT,3457,klebsiella_genome__k5,bacteria
AAATT,4592,klebsiella_genome__k5,bacteria
AATTT,4775,klebsiella_genome__k5,bacteria
ATTTT,7668,klebsiella_genome__k5,bacteria
TTTTT,10655,klebsiella_genome__k5,bacteria
TTTTC,9153,klebsiella_genome__k5,bacteria
TTTCC,7041,klebsiella_genome__k5,bacteria
TTCCA,5855,klebsiella_genome__k5,bacteria
TCCAG,10073,klebsiella_genome__k5,bacteria
CCAGG,10166,klebsiella_genome__k5,bacteria
CAGGA,7654,klebsiella_genome__k5,bacteria
ATCCC,5841,klebsiella_genome__k5,bacteria
TCCCA,2983,klebsiella_genome__k5,bacteria
CCCAG,7940,klebsiella_genome__k5,bacteria
CCAGC,23453,klebsiella_genome__k5,bacteria
CAGCC,12158,klebsiella_genome__k5,bacteria
AGCCA,7361,klebsiella_genome__k5,bacteria
GCCAG,19542,klebsiella_genome__k5,bacteria
CCAGA,7930,klebsiella_genome__k5,bacteria
CAGAT,7945,klebsiella_genome__k5,bacteria
AGATT,3424,klebsiella_genome__k5,bacteria
GATTT,6123,klebsiella_genome__k5,bacteria
ATTTC,5796,klebsiella_genome__k5,bacteria
TTCCG,6702,klebsiella_genome__k5,bacteria
CCGCT,11000,klebsiella_genome__k5,bacteria
CGCTG,22107,klebsiella_genome__k5,bacteria
CTGGA,9486,klebsiella_genome__k5,bacteria
TCCTC,4100,klebsiella_genome__k5,bacteria
CCTCC,4097,klebsiella_genome__k5,bacteria
CCGGA,8641,klebsiella_genome__k5,bacteria
CGGAA,6772,klebsiella_genome__k5,bacteria
GGAAT,3811,klebsiella_genome__k5,bacteria
GAATT,3321,klebsiella_genome__k5,bacteria
TCGTG,3432,klebsiella_genome__k5,bacteria
CGTGT,1896,klebsiella_genome__k5,bacteria
GTGTT,3343,klebsiella_genome__k5,bacteria
GTTCA,5678,klebsiella_genome__k5,bacteria
TTCAA,4428,klebsiella_genome__k5,bacteria
TCAAG,2851,klebsiella_genome__k5,bacteria
CAAGG,3158,klebsiella_genome__k5,bacteria
AGGAC,2544,klebsiella_genome__k5,bacteria
GACGT,4950,klebsiella_genome__k5,bacteria
ACGTT,4667,klebsiella_genome__k5,bacteria
CGTTG,6411,klebsiella_genome__k5,bacteria
TCTTC,7159,klebsiella_genome__k5,bacteria
CTTCA,6833,klebsiella_genome__k5,bacteria
TTCAG,8197,klebsiella_genome__k5,bacteria
TCAGC,14324,klebsiella_genome__k5,bacteria
CAGCG,23018,klebsiella_genome__k5,bacteria
AGCGT,7475,klebsiella_genome__k5,bacteria
GCGTC,9539,klebsiella_genome__k5,bacteria
GTCTC,2933,klebsiella_genome__k5,bacteria
CTCAC,3029,klebsiella_genome__k5,bacteria
TCACC,9963,klebsiella_genome__k5,bacteria
CACCG,11101,klebsiella_genome__k5,bacteria
ACCGA,5765,klebsiella_genome__k5,bacteria
CCGAT,7606,klebsiella_genome__k5,bacteria
TGTTT,5424,klebsiella_genome__k5,bacteria
GTTTT,7397,klebsiella_genome__k5,bacteria
TTTTG,6498,klebsiella_genome__k5,bacteria
TTTGC,7676,klebsiella_genome__k5,bacteria
TTGCC,8695,klebsiella_genome__k5,bacteria
TGCCC,6267,klebsiella_genome__k5,bacteria
GCCCC,5551,klebsiella_genome__k5,bacteria
CCCCG,5942,klebsiella_genome__k5,bacteria
CCCGC,10816,klebsiella_genome__k5,bacteria
CCGCA,8472,klebsiella_genome__k5,bacteria
CGCAG,12869,klebsiella_genome__k5,bacteria
GCAGG,14356,klebsiella_genome__k5,bacteria
CAGGC,13693,klebsiella_genome__k5,bacteria
AGGCC,7637,klebsiella_genome__k5,bacteria
GGCCT,7499,klebsiella_genome__k5,bacteria
GCCTT,6585,klebsiella_genome__k5,bacteria
CCTTC,6472,klebsiella_genome__k5,bacteria
AGCGC,16742,klebsiella_genome__k5,bacteria
GCGCC,21252,klebsiella_genome__k5,bacteria
CGCCG,26521,klebsiella_genome__k5,bacteria
GCCGC,21796,klebsiella_genome__k5,bacteria
CGCTT,8448,klebsiella_genome__k5,bacteria
GCTTC,7719,klebsiella_genome__k5,bacteria
CTTCT,4561,klebsiella_genome__k5,bacteria
TCTAA,949,klebsiella_genome__k5,bacteria
CTAAT,1473,klebsiella_genome__k5,bacteria
TAATT,2970,klebsiella_genome__k5,bacteria
ATTTA,3780,klebsiella_genome__k5,bacteria
TATCG,8504,klebsiella_genome__k5,bacteria
TCGAT,7436,klebsiella_genome__k5,bacteria
ATCGC,12994,klebsiella_genome__k5,bacteria
TCGCG,9737,klebsiella_genome__k5,bacteria
CGCGC,18333,klebsiella_genome__k5,bacteria
CGCAA,5620,klebsiella_genome__k5,bacteria
AAAGG,5444,klebsiella_genome__k5,bacteria
AAGGT,4321,klebsiella_genome__k5,bacteria
AGGTG,5775,klebsiella_genome__k5,bacteria
GGTGT,4502,klebsiella_genome__k5,bacteria
GTGTC,2195,klebsiella_genome__k5,bacteria
TGTCG,6305,klebsiella_genome__k5,bacteria
GTCGT,4268,klebsiella_genome__k5,bacteria
TCGTA,2340,klebsiella_genome__k5,bacteria
ATTCG,3754,klebsiella_genome__k5,bacteria
TTCGC,9727,klebsiella_genome__k5,bacteria
CGCGG,14149,klebsiella_genome__k5,bacteria
GCGGC,22225,klebsiella_genome__k5,bacteria
CGGCT,10039,klebsiella_genome__k5,bacteria
GGCTG,11889,klebsiella_genome__k5,bacteria
GCTGC,18033,klebsiella_genome__k5,bacteria
TGCCG,15091,klebsiella_genome__k5,bacteria
GCCGA,13407,klebsiella_genome__k5,bacteria
TCCCT,3029,klebsiella_genome__k5,bacteria
CCCTA,1129,klebsiella_genome__k5,bacteria
CCTAT,1963,klebsiella_genome__k5,bacteria
CTATA,2145,klebsiella_genome__k5,bacteria
ATAGC,5165,klebsiella_genome__k5,bacteria
TAGCG,5276,klebsiella_genome__k5,bacteria
CGCCA,20118,klebsiella_genome__k5,bacteria
GCCAA,6639,klebsiella_genome__k5,bacteria
CCAAA,4182,klebsiella_genome__k5,bacteria
CAAAG,6083,klebsiella_genome__k5,bacteria
GCGCA,13526,klebsiella_genome__k5,bacteria
CGCAC,5645,klebsiella_genome__k5,bacteria
GCACG,5475,klebsiella_genome__k5,bacteria
CACGG,4855,klebsiella_genome__k5,bacteria
ACGGC,9651,klebsiella_genome__k5,bacteria
CGGCG,26662,klebsiella_genome__k5,bacteria
GGCGG,19526,klebsiella_genome__k5,bacteria
GCGGA,9456,klebsiella_genome__k5,bacteria
GGAAA,7110,klebsiella_genome__k5,bacteria
TCGGC,13164,klebsiella_genome__k5,bacteria
CGGCC,11956,klebsiella_genome__k5,bacteria
GCCTG,13431,klebsiella_genome__k5,bacteria
CCTGC,14050,klebsiella_genome__k5,bacteria
CTGCT,13263,klebsiella_genome__k5,bacteria
TGCTT,4165,klebsiella_genome__k5,bacteria
TCTCC,5898,klebsiella_genome__k5,bacteria
CTCCT,3858,klebsiella_genome__k5,bacteria
CTGCA,10248,klebsiella_genome__k5,bacteria
TGCAG,10301,klebsiella_genome__k5,bacteria
GCAGC,18701,klebsiella_genome__k5,bacteria
GCGCG,18284,klebsiella_genome__k5,bacteria
CGCGT,6720,klebsiella_genome__k5,bacteria
CGTCA,8365,klebsiella_genome__k5,bacteria
GTCAT,5693,klebsiella_genome__k5,bacteria
TCATA,3347,klebsiella_genome__k5,bacteria
CATAG,3112,klebsiella_genome__k5,bacteria
TAGAA,1476,klebsiella_genome__k5,bacteria
AGGGA,3052,klebsiella_genome__k5,bacteria
GGGAA,5089,klebsiella_genome__k5,bacteria
GGAAC,4174,klebsiella_genome__k5,bacteria
GAACC,4124,klebsiella_genome__k5,bacteria
ACCAG,10207,klebsiella_genome__k5,bacteria
CAGGT,7898,klebsiella_genome__k5,bacteria
AGGTT,4204,klebsiella_genome__k5,bacteria
GTTGT,3583,klebsiella_genome__k5,bacteria
TTGTC,4215,klebsiella_genome__k5,bacteria
TCGGG,4159,klebsiella_genome__k5,bacteria
GAACG,5470,klebsiella_genome__k5,bacteria
AACGT,4431,klebsiella_genome__k5,bacteria
ACGTC,4918,klebsiella_genome__k5,bacteria
CGTCG,10237,klebsiella_genome__k5,bacteria
GTCGC,9268,klebsiella_genome__k5,bacteria
TCGCC,17331,klebsiella_genome__k5,bacteria
GCCGG,18448,klebsiella_genome__k5,bacteria
CCGGC,18787,klebsiella_genome__k5,bacteria
GGCGC,20951,klebsiella_genome__k5,bacteria
GCCAT,9990,klebsiella_genome__k5,bacteria
CCATG,5763,klebsiella_genome__k5,bacteria
ATGGG,3917,klebsiella_genome__k5,bacteria
TGGGT,3923,klebsiella_genome__k5,bacteria
GGGTG,6290,klebsiella_genome__k5,bacteria
TGGAA,5624,klebsiella_genome__k5,bacteria
GGAAG,6791,klebsiella_genome__k5,bacteria
AAGAG,4337,klebsiella_genome__k5,bacteria
AGATA,4317,klebsiella_genome__k5,bacteria
ATAAT,4805,klebsiella_genome__k5,bacteria
AATTA,2945,klebsiella_genome__k5,bacteria
TTAAC,4982,klebsiella_genome__k5,bacteria
TAACC,4507,klebsiella_genome__k5,bacteria
CCCTT,3571,klebsiella_genome__k5,bacteria
CCTTG,3140,klebsiella_genome__k5,bacteria
CTTGC,3647,klebsiella_genome__k5,bacteria
TTGCG,5720,klebsiella_genome__k5,bacteria
TGCGC,13247,klebsiella_genome__k5,bacteria
CGCCT,11172,klebsiella_genome__k5,bacteria
GCAGA,9070,klebsiella_genome__k5,bacteria
ATCGT,6321,klebsiella_genome__k5,bacteria
CGTCC,4999,klebsiella_genome__k5,bacteria
GTCCA,3723,klebsiella_genome__k5,bacteria
CCACC,10861,klebsiella_genome__k5,bacteria
CACCA,10705,klebsiella_genome__k5,bacteria
GGACC,2621,klebsiella_genome__k5,bacteria
GACCG,7466,klebsiella_genome__k5,bacteria
ACCGT,5589,klebsiella_genome__k5,bacteria
CGTGC,5482,klebsiella_genome__k5,bacteria
GTGCT,5941,klebsiella_genome__k5,bacteria
TGCTG,17498,klebsiella_genome__k5,bacteria
TTTCA,7504,klebsiella_genome__k5,bacteria
TCAGT,3645,klebsiella_genome__k5,bacteria
CAGTG,3789,klebsiella_genome__k5,bacteria
AGTGC,3070,klebsiella_genome__k5,bacteria
TGCTA,1712,klebsiella_genome__k5,bacteria
GCTAT,5036,klebsiella_genome__k5,bacteria
TAGCC,4149,klebsiella_genome__k5,bacteria
AGCCG,10001,klebsiella_genome__k5,bacteria
GGCTT,6648,klebsiella_genome__k5,bacteria
CTTCC,6800,klebsiella_genome__k5,bacteria
CCGCC,19560,klebsiella_genome__k5,bacteria
AGATG,5184,klebsiella_genome__k5,bacteria
GATGC,9150,klebsiella_genome__k5,bacteria
ATGCT,5619,klebsiella_genome__k5,bacteria
TGCTC,6158,klebsiella_genome__k5,bacteria
GCTCT,4566,klebsiella_genome__k5,bacteria
CTCTG,3979,klebsiella_genome__k5,bacteria
GCTAC,3902,klebsiella_genome__k5,bacteria
CTACA,2090,klebsiella_genome__k5,bacteria
TACAT,2056,klebsiella_genome__k5,bacteria
ACATA,2194,klebsiella_genome__k5,bacteria
CATAT,3887,klebsiella_genome__k5,bacteria
ATATT,5566,klebsiella_genome__k5,bacteria
ATTCC,3724,klebsiella_genome__k5,bacteria
GCACT,3120,klebsiella_genome__k5,bacteria
CACTG,3928,klebsiella_genome__k5,bacteria
ACTGC,5425,klebsiella_genome__k5,bacteria
GCCCA,6942,klebsiella_genome__k5,bacteria
CAGGG,8530,klebsiella_genome__k5,bacteria
GGTGC,8435,klebsiella_genome__k5,bacteria
GCTGA,13957,klebsiella_genome__k5,bacteria
CTGAT,9626,klebsiella_genome__k5,bacteria
TGATA,5063,klebsiella_genome__k5,bacteria
AAGTG,3429,klebsiella_genome__k5,bacteria
AGTGT,1519,klebsiella_genome__k5,bacteria
GTGTA,1852,klebsiella_genome__k5,bacteria
TGTAA,2126,klebsiella_genome__k5,bacteria
GTAAT,3708,klebsiella_genome__k5,bacteria
TAATG,4022,klebsiella_genome__k5,bacteria
AATGT,2877,klebsiella_genome__k5,bacteria
ATGTC,3802,klebsiella_genome__k5,bacteria
TGTCT,2353,klebsiella_genome__k5,bacteria
TGCCA,6433,klebsiella_genome__k5,bacteria
TAGAT,1680,klebsiella_genome__k5,bacteria
CGCCC,11292,klebsiella_genome__k5,bacteria
CGCTC,7104,klebsiella_genome__k5,bacteria
AACTG,5551,klebsiella_genome__k5,bacteria
ACTGT,2174,klebsiella_genome__k5,bacteria
AGAGT,2205,klebsiella_genome__k5,bacteria
GAGTG,2500,klebsiella_genome__k5,bacteria
AGTGG,3915,klebsiella_genome__k5,bacteria
GTGGC,8379,klebsiella_genome__k5,bacteria
TGGCG,19572,klebsiella_genome__k5,bacteria
GGCGT,11239,klebsiella_genome__k5,bacteria
GCGTA,5451,klebsiella_genome__k5,bacteria
TTGTA,1953,klebsiella_genome__k5,bacteria
TGTAC,2576,klebsiella_genome__k5,bacteria
GTACG,3311,klebsiella_genome__k5,bacteria
TACGC,5180,klebsiella_genome__k5,bacteria
ACGCT,7353,klebsiella_genome__k5,bacteria
GCTGT,8633,klebsiella_genome__k5,bacteria
GTGAG,3298,klebsiella_genome__k5,bacteria
TGAGC,6909,klebsiella_genome__k5,bacteria
GAGCG,7030,klebsiella_genome__k5,bacteria
AGCGA,7965,klebsiella_genome__k5,bacteria
GCGAG,6878,klebsiella_genome__k5,bacteria
CGAGC,6484,klebsiella_genome__k5,bacteria
GAGCT,5128,klebsiella_genome__k5,bacteria
ATCTA,1530,klebsiella_genome__k5,bacteria
TACCT,2995,klebsiella_genome__k5,bacteria
ACCTG,7620,klebsiella_genome__k5,bacteria
CCTGT,4825,klebsiella_genome__k5,bacteria
ATGTG,2882,klebsiella_genome__k5,bacteria
GTGGG,4214,klebsiella_genome__k5,bacteria
GATTA,4476,klebsiella_genome__k5,bacteria
GCGAT,12716,klebsiella_genome__k5,bacteria
TCAGG,8340,klebsiella_genome__k5,bacteria
AGGGC,5877,klebsiella_genome__k5,bacteria
GGGCT,5343,klebsiella_genome__k5,bacteria
GCTTG,3690,klebsiella_genome__k5,bacteria
CTTGA,2816,klebsiella_genome__k5,bacteria
TGATG,9789,klebsiella_genome__k5,bacteria
GATGG,9286,klebsiella_genome__k5,bacteria
TGGTG,10390,klebsiella_genome__k5,bacteria
GTGCG,5606,klebsiella_genome__k5,bacteria
CATGA,4893,klebsiella_genome__k5,bacteria
CGGGT,7145,klebsiella_genome__k5,bacteria
GGTTC,4118,klebsiella_genome__k5,bacteria
TTCTG,6325,klebsiella_genome__k5,bacteria
CAGCA,18169,klebsiella_genome__k5,bacteria
AGCAC,6089,klebsiella_genome__k5,bacteria
CACGA,3449,klebsiella_genome__k5,bacteria
GAGTT,2798,klebsiella_genome__k5,bacteria
AGTTT,4061,klebsiella_genome__k5,bacteria
GTTTC,5369,klebsiella_genome__k5,bacteria
TGGAC,3650,klebsiella_genome__k5,bacteria
GGACT,2416,klebsiella_genome__k5,bacteria
GACTG,3976,klebsiella_genome__k5,bacteria
ACTGA,3765,klebsiella_genome__k5,bacteria
CTGAA,7854,klebsiella_genome__k5,bacteria
TTCAT,6273,klebsiella_genome__k5,bacteria
TCATC,9332,klebsiella_genome__k5,bacteria
CATCG,10826,klebsiella_genome__k5,bacteria
CGATT,5159,klebsiella_genome__k5,bacteria
TTGTT,4178,klebsiella_genome__k5,bacteria
GTTTG,5218,klebsiella_genome__k5,bacteria
TCTTG,2161,klebsiella_genome__k5,bacteria
CTTGT,1998,klebsiella_genome__k5,bacteria
TGTTG,4866,klebsiella_genome__k5,bacteria
AGTAC,2670,klebsiella_genome__k5,bacteria
GTACC,3654,klebsiella_genome__k5,bacteria
GCATC,9231,klebsiella_genome__k5,bacteria
CGATG,10690,klebsiella_genome__k5,bacteria
TACAC,1826,klebsiella_genome__k5,bacteria
ACACA,1528,klebsiella_genome__k5,bacteria
CACAT,2956,klebsiella_genome__k5,bacteria
ACATC,4997,klebsiella_genome__k5,bacteria
CATCA,10171,klebsiella_genome__k5,bacteria
CACCT,5610,klebsiella_genome__k5,bacteria
ACCTT,4283,klebsiella_genome__k5,bacteria
CCTTA,2502,klebsiella_genome__k5,bacteria
TTAAT,4654,klebsiella_genome__k5,bacteria
TAATA,3192,klebsiella_genome__k5,bacteria
AATAA,5602,klebsiella_genome__k5,bacteria
CTGTA,3363,klebsiella_genome__k5,bacteria
TGTAG,2128,klebsiella_genome__k5,bacteria
GTAGT,2446,klebsiella_genome__k5,bacteria
TAGTG,1897,klebsiella_genome__k5,bacteria
TGGCC,10811,klebsiella_genome__k5,bacteria
TAGTA,1123,klebsiella_genome__k5,bacteria
AGCCT,4497,klebsiella_genome__k5,bacteria
CTCGG,4946,klebsiella_genome__k5,bacteria
GTGAC,4480,klebsiella_genome__k5,bacteria
TGACC,8133,klebsiella_genome__k5,bacteria
GACCT,4319,klebsiella_genome__k5,bacteria
ACCTC,3822,klebsiella_genome__k5,bacteria
CTCCA,5442,klebsiella_genome__k5,bacteria
CAGAC,6168,klebsiella_genome__k5,bacteria
GACTT,2738,klebsiella_genome__k5,bacteria
AGGCG,11179,klebsiella_genome__k5,bacteria
GCGGG,10957,klebsiella_genome__k5,bacteria
GGGCG,11444,klebsiella_genome__k5,bacteria
GGCGA,17141,klebsiella_genome__k5,bacteria
CGAGG,6026,klebsiella_genome__k5,bacteria
GAGGG,3475,klebsiella_genome__k5,bacteria
CGGAG,5315,klebsiella_genome__k5,bacteria
GGAGG,4037,klebsiella_genome__k5,bacteria
GATAG,4621,klebsiella_genome__k5,bacteria
ATAGT,2545,klebsiella_genome__k5,bacteria
TAGTC,1821,klebsiella_genome__k5,bacteria
AGTCT,1779,klebsiella_genome__k5,bacteria
TTGGC,6798,klebsiella_genome__k5,bacteria
GCGCT,16211,klebsiella_genome__k5,bacteria
AAATA,5105,klebsiella_genome__k5,bacteria
AATGC,5255,klebsiella_genome__k5,bacteria
ATGCC,7955,klebsiella_genome__k5,bacteria
GATGA,8826,klebsiella_genome__k5,bacteria
GCAAC,5315,klebsiella_genome__k5,bacteria
CAACC,5058,klebsiella_genome__k5,bacteria
AACCG,6304,klebsiella_genome__k5,bacteria
CCGAC,7362,klebsiella_genome__k5,bacteria
CGACG,10303,klebsiella_genome__k5,bacteria
CGTAG,3419,klebsiella_genome__k5,bacteria
GTAGC,4184,klebsiella_genome__k5,bacteria
CTTGG,1731,klebsiella_genome__k5,bacteria
TTGGG,1885,klebsiella_genome__k5,bacteria
TGGGG,3960,klebsiella_genome__k5,bacteria
GGGGC,5240,klebsiella_genome__k5,bacteria
CTGAC,8045,klebsiella_genome__k5,bacteria
TGACG,8478,klebsiella_genome__k5,bacteria
GTCAA,4306,klebsiella_genome__k5,bacteria
TCAAT,5185,klebsiella_genome__k5,bacteria
CAATG,4772,klebsiella_genome__k5,bacteria
ATGCG,6501,klebsiella_genome__k5,bacteria
GGTAA,5852,klebsiella_genome__k5,bacteria
GATAC,4355,klebsiella_genome__k5,bacteria
ATACC,5334,klebsiella_genome__k5,bacteria
TACCC,4019,klebsiella_genome__k5,bacteria
ACCCG,6785,klebsiella_genome__k5,bacteria
CATCT,5280,klebsiella_genome__k5,bacteria
GACGC,9623,klebsiella_genome__k5,bacteria
ACGCG,6705,klebsiella_genome__k5,bacteria
CACGT,3278,klebsiella_genome__k5,bacteria
ACGTG,3116,klebsiella_genome__k5,bacteria
CGTGA,4761,klebsiella_genome__k5,bacteria
GTGCC,4977,klebsiella_genome__k5,bacteria
TGAAC,5453,klebsiella_genome__k5,bacteria
GAACT,3919,klebsiella_genome__k5,bacteria
GGCCA,10864,klebsiella_genome__k5,bacteria
CCAGT,6213,klebsiella_genome__k5,bacteria
CAGTT,5780,klebsiella_genome__k5,bacteria
AGTTC,4045,klebsiella_genome__k5,bacteria
GTTCG,5740,klebsiella_genome__k5,bacteria
TTCGG,5706,klebsiella_genome__k5,bacteria
CGGCA,15170,klebsiella_genome__k5,bacteria
GGCAT,7930,klebsiella_genome__k5,bacteria
ATAGG,2132,klebsiella_genome__k5,bacteria
TAGGC,2032,klebsiella_genome__k5,bacteria
GGTAC,3713,klebsiella_genome__k5,bacteria
ACGGG,3747,klebsiella_genome__k5,bacteria
GCGTT,7882,klebsiella_genome__k5,bacteria
GTTGG,4459,klebsiella_genome__k5,bacteria
CCATC,9414,klebsiella_genome__k5,bacteria
CAAGA,2234,klebsiella_genome__k5,bacteria
CGGTC,7268,klebsiella_genome__k5,bacteria
GTCGA,6656,klebsiella_genome__k5,bacteria
TCTGA,4139,klebsiella_genome__k5,bacteria
TCCAT,4384,klebsiella_genome__k5,bacteria
ATATC,6723,klebsiella_genome__k5,bacteria
TTTCT,5539,klebsiella_genome__k5,bacteria
AAGTT,2788,klebsiella_genome__k5,bacteria
TTTGA,4947,klebsiella_genome__k5,bacteria
TTGAG,4425,klebsiella_genome__k5,bacteria
TGAGG,3685,klebsiella_genome__k5,bacteria
CTTAC,2484,klebsiella_genome__k5,bacteria
TTACT,2601,klebsiella_genome__k5,bacteria
TATTT,4930,klebsiella_genome__k5,bacteria
TTTAG,2096,klebsiella_genome__k5,bacteria
TTAGC,3296,klebsiella_genome__k5,bacteria
AAAGT,4079,klebsiella_genome__k5,bacteria
AGTTG,2794,klebsiella_genome__k5,bacteria
CCTTT,5494,klebsiella_genome__k5,bacteria
TGATT,5834,klebsiella_genome__k5,bacteria
ATTAT,4966,klebsiella_genome__k5,bacteria
TGTAT,2302,klebsiella_genome__k5,bacteria
GCCCT,5697,klebsiella_genome__k5,bacteria
CCCTG,8336,klebsiella_genome__k5,bacteria
GTTGC,5470,klebsiella_genome__k5,bacteria
TTGCT,4710,klebsiella_genome__k5,bacteria
TAATC,4456,klebsiella_genome__k5,bacteria
AATCA,5808,klebsiella_genome__k5,bacteria
ATGGC,9881,klebsiella_genome__k5,bacteria
TGGCA,6275,klebsiella_genome__k5,bacteria
GGCAA,8565,klebsiella_genome__k5,bacteria
CAACA,4574,klebsiella_genome__k5,bacteria
AACAG,7250,klebsiella_genome__k5,bacteria
ACAGG,4913,klebsiella_genome__k5,bacteria
ACGCA,4709,klebsiella_genome__k5,bacteria
AGGAG,3726,klebsiella_genome__k5,bacteria
GGAGT,2828,klebsiella_genome__k5,bacteria
GAGTC,2267,klebsiella_genome__k5,bacteria
AGTCA,2803,klebsiella_genome__k5,bacteria
ACCGC,11043,klebsiella_genome__k5,bacteria
AAACA,5501,klebsiella_genome__k5,bacteria
AACAA,4077,klebsiella_genome__k5,bacteria
ACAAC,3412,klebsiella_genome__k5,bacteria
CAACG,6250,klebsiella_genome__k5,bacteria
AACGC,7734,klebsiella_genome__k5,bacteria
ACGCC,10960,klebsiella_genome__k5,bacteria
TCGTT,4741,klebsiella_genome__k5,bacteria
CGTTA,4982,klebsiella_genome__k5,bacteria
GTTAA,5093,klebsiella_genome__k5,bacteria
TAAAT,3778,klebsiella_genome__k5,bacteria
AAATC,6206,klebsiella_genome__k5,bacteria
AATCC,4198,klebsiella_genome__k5,bacteria
CCCAC,4303,klebsiella_genome__k5,bacteria
CCACT,3992,klebsiella_genome__k5,bacteria
CACTT,3453,klebsiella_genome__k5,bacteria
TTCCC,4993,klebsiella_genome__k5,bacteria
TCCCG,6486,klebsiella_genome__k5,bacteria
CCCGT,3611,klebsiella_genome__k5,bacteria
CCGTC,7523,klebsiella_genome__k5,bacteria
GTCAG,7964,klebsiella_genome__k5,bacteria
AGTCC,2425,klebsiella_genome__k5,bacteria
CCAAT,3080,klebsiella_genome__k5,bacteria
CAATC,4874,klebsiella_genome__k5,bacteria
AATCT,3420,klebsiella_genome__k5,bacteria
GCGTG,7188,klebsiella_genome__k5,bacteria
TGGGC,6810,klebsiella_genome__k5,bacteria
GGGAC,2537,klebsiella_genome__k5,bacteria
ACTTG,1201,klebsiella_genome__k5,bacteria
TGTCC,3252,klebsiella_genome__k5,bacteria
CTGCG,12657,klebsiella_genome__k5,bacteria
TGCGA,3837,klebsiella_genome__k5,bacteria
AGGTA,3127,klebsiella_genome__k5,bacteria
GTAAA,5181,klebsiella_genome__k5,bacteria
AGTGA,3111,klebsiella_genome__k5,bacteria
AACAC,3238,klebsiella_genome__k5,bacteria
ACACT,1550,klebsiella_genome__k5,bacteria
CCCGA,4005,klebsiella_genome__k5,bacteria
TCGAA,4292,klebsiella_genome__k5,bacteria
TCATT,4725,klebsiella_genome__k5,bacteria
CATTC,4166,klebsiella_genome__k5,bacteria
TCGCT,7960,klebsiella_genome__k5,bacteria
CTGGC,18898,klebsiella_genome__k5,bacteria
CAAAC,5268,klebsiella_genome__k5,bacteria
AACCC,4370,klebsiella_genome__k5,bacteria
ACCCT,3929,klebsiella_genome__k5,bacteria
GGACA,3267,klebsiella_genome__k5,bacteria
GACAA,4176,klebsiella_genome__k5,bacteria
ACACG,1961,klebsiella_genome__k5,bacteria
ACGAC,4283,klebsiella_genome__k5,bacteria
ACTTC,4483,klebsiella_genome__k5,bacteria
GTACA,2610,klebsiella_genome__k5,bacteria
CACGC,7190,klebsiella_genome__k5,bacteria
ACATG,2761,klebsiella_genome__k5,bacteria
CTTCG,7639,klebsiella_genome__k5,bacteria
AGACC,4665,klebsiella_genome__k5,bacteria
GCCTA,2021,klebsiella_genome__k5,bacteria
CCATT,5155,klebsiella_genome__k5,bacteria
GTCTA,1350,klebsiella_genome__k5,bacteria
CTATG,2859,klebsiella_genome__k5,bacteria
TATGT,2127,klebsiella_genome__k5,bacteria
ATGTT,3993,klebsiella_genome__k5,bacteria
TTGAC,4431,klebsiella_genome__k5,bacteria
GACCA,6870,klebsiella_genome__k5,bacteria
ACTGG,6003,klebsiella_genome__k5,bacteria
GGGAG,3498,klebsiella_genome__k5,bacteria
GGAGC,4969,klebsiella_genome__k5,bacteria
GGGGG,3057,klebsiella_genome__k5,bacteria
GGGGA,4456,klebsiella_genome__k5,bacteria
GGATG,6506,klebsiella_genome__k5,bacteria
GTCAC,4441,klebsiella_genome__k5,bacteria
TCACG,4847,klebsiella_genome__k5,bacteria
GGCAC,4937,klebsiella_genome__k5,bacteria
GCACC,8357,klebsiella_genome__k5,bacteria
CACCC,6117,klebsiella_genome__k5,bacteria
AAGGC,6483,klebsiella_genome__k5,bacteria
AGGCA,4078,klebsiella_genome__k5,bacteria
GAGGC,5242,klebsiella_genome__k5,bacteria
GCCAC,8605,klebsiella_genome__k5,bacteria
CCGAG,5158,klebsiella_genome__k5,bacteria
GGTCA,8143,klebsiella_genome__k5,bacteria
CCGTT,6112,klebsiella_genome__k5,bacteria
CGTTC,5668,klebsiella_genome__k5,bacteria
GTTCC,4192,klebsiella_genome__k5,bacteria
TTCCT,4207,klebsiella_genome__k5,bacteria
GAACA,5619,klebsiella_genome__k5,bacteria
CATTT,4813,klebsiella_genome__k5,bacteria
TTCAC,5683,klebsiella_genome__k5,bacteria
TCACA,2306,klebsiella_genome__k5,bacteria
GAGCC,4516,klebsiella_genome__k5,bacteria
CGCTA,4865,klebsiella_genome__k5,bacteria
AGGTC,4393,klebsiella_genome__k5,bacteria
GGTCG,7201,klebsiella_genome__k5,bacteria
GGCTA,4113,klebsiella_genome__k5,bacteria
ATTGC,5411,klebsiella_genome__k5,bacteria
AATTG,2408,klebsiella_genome__k5,bacteria
ATTGG,3070,klebsiella_genome__k5,bacteria
TTGGT,3438,klebsiella_genome__k5,bacteria
TGGTA,3777,klebsiella_genome__k5,bacteria
GTATC,4260,klebsiella_genome__k5,bacteria
AAACT,4048,klebsiella_genome__k5,bacteria
ACTAG,280,klebsiella_genome__k5,bacteria
CTAGC,577,klebsiella_genome__k5,bacteria
TAGCT,2138,klebsiella_genome__k5,bacteria
GCAAG,3586,klebsiella_genome__k5,bacteria
CCACG,6489,klebsiella_genome__k5,bacteria
TGCGT,4626,klebsiella_genome__k5,bacteria
ATGAC,5493,klebsiella_genome__k5,bacteria
TGACT,2694,klebsiella_genome__k5,bacteria
TGGAG,5198,klebsiella_genome__k5,bacteria
GTACT,2693,klebsiella_genome__k5,bacteria
TACTG,3912,klebsiella_genome__k5,bacteria
GAGGT,3914,klebsiella_genome__k5,bacteria
GGTTT,6535,klebsiella_genome__k5,bacteria
AACGG,6159,klebsiella_genome__k5,bacteria
CGATA,8523,klebsiella_genome__k5,bacteria
GATAT,6559,klebsiella_genome__k5,bacteria
GTGTG,1994,klebsiella_genome__k5,bacteria
GAGGA,4274,klebsiella_genome__k5,bacteria
CTCGA,4245,klebsiella_genome__k5,bacteria
GCTAA,3224,klebsiella_genome__k5,bacteria
CTAAA,2057,klebsiella_genome__k5,bacteria
GAAAC,5392,klebsiella_genome__k5,bacteria
GACTA,1771,klebsiella_genome__k5,bacteria
GCATT,5128,klebsiella_genome__k5,bacteria
CATTG,4803,klebsiella_genome__k5,bacteria
CAGTC,3964,klebsiella_genome__k5,bacteria
TCTCG,3962,klebsiella_genome__k5,bacteria
CTCGT,2599,klebsiella_genome__k5,bacteria
CGTTT,6341,klebsiella_genome__k5,bacteria
GTGCA,4027,klebsiella_genome__k5,bacteria
GCAGT,5332,klebsiella_genome__k5,bacteria
TGCGG,8774,klebsiella_genome__k5,bacteria
TATGG,3815,klebsiella_genome__k5,bacteria
CGAAA,6345,klebsiella_genome__k5,bacteria
GTAAC,3010,klebsiella_genome__k5,bacteria
TAACG,4842,klebsiella_genome__k5,bacteria
AACGA,4556,klebsiella_genome__k5,bacteria
AGCAG,13929,klebsiella_genome__k5,bacteria
TGTCA,3093,klebsiella_genome__k5,bacteria
ATATG,3749,klebsiella_genome__k5,bacteria
CGACA,6316,klebsiella_genome__k5,bacteria
GACAT,3804,klebsiella_genome__k5,bacteria
AAACG,6318,klebsiella_genome__k5,bacteria
TTACG,3811,klebsiella_genome__k5,bacteria
AACTC,2952,klebsiella_genome__k5,bacteria
CTCCC,3612,klebsiella_genome__k5,bacteria
TCCCC,4507,klebsiella_genome__k5,bacteria
CCCCC,3282,klebsiella_genome__k5,bacteria
CCCCA,4205,klebsiella_genome__k5,bacteria
GCAAT,5348,klebsiella_genome__k5,bacteria
CCTCA,3459,klebsiella_genome__k5,bacteria
CTCAT,4042,klebsiella_genome__k5,bacteria
CATCC,6697,klebsiella_genome__k5,bacteria
GGGCA,6269,klebsiella_genome__k5,bacteria
CAATA,4573,klebsiella_genome__k5,bacteria
GGAGA,5903,klebsiella_genome__k5,bacteria
ACCAC,7215,klebsiella_genome__k5,bacteria
ACCCA,4052,klebsiella_genome__k5,bacteria
TTGCA,3079,klebsiella_genome__k5,bacteria
TGCAA,3063,klebsiella_genome__k5,bacteria
TGGCT,7298,klebsiella_genome__k5,bacteria
GGCTC,4586,klebsiella_genome__k5,bacteria
AGGAA,4401,klebsiella_genome__k5,bacteria
ACGGA,3319,klebsiella_genome__k5,bacteria
GCTCC,5141,klebsiella_genome__k5,bacteria
ACTCG,2335,klebsiella_genome__k5,bacteria
CGTAA,3954,klebsiella_genome__k5,bacteria
TACTT,2118,klebsiella_genome__k5,bacteria
GCGAC,9212,klebsiella_genome__k5,bacteria
GACGG,7657,klebsiella_genome__k5,bacteria
AGACA,2349,klebsiella_genome__k5,bacteria
ACAAA,4449,klebsiella_genome__k5,bacteria
CTTAG,1103,klebsiella_genome__k5,bacteria
CCCAT,3975,klebsiella_genome__k5,bacteria
ACGTA,2177,klebsiella_genome__k5,bacteria
GGCCC,5189,klebsiella_genome__k5,bacteria
GTTAC,2884,klebsiella_genome__k5,bacteria
TTACC,5687,klebsiella_genome__k5,bacteria
GGTAG,3697,klebsiella_genome__k5,bacteria
GTAGG,2047,klebsiella_genome__k5,bacteria
TAGGT,1366,klebsiella_genome__k5,bacteria
ATTCA,4566,klebsiella_genome__k5,bacteria
GGCAG,10360,klebsiella_genome__k5,bacteria
GTAGA,2457,klebsiella_genome__k5,bacteria
CGACC,7216,klebsiella_genome__k5,bacteria
GCTCG,6604,klebsiella_genome__k5,bacteria
CGTAC,3309,klebsiella_genome__k5,bacteria
TACCA,3783,klebsiella_genome__k5,bacteria
AGGCT,4556,klebsiella_genome__k5,bacteria
AATCG,5192,klebsiella_genome__k5,bacteria
TATCA,5111,klebsiella_genome__k5,bacteria
ATCAT,6439,klebsiella_genome__k5,bacteria
TAAGG,2475,klebsiella_genome__k5,bacteria
CGGGG,5859,klebsiella_genome__k5,bacteria
GGGGT,3701,klebsiella_genome__k5,bacteria
GGGTA,4205,klebsiella_genome__k5,bacteria
AGGGG,3578,klebsiella_genome__k5,bacteria
ATTTG,3397,klebsiella_genome__k5,bacteria
TAAAC,4389,klebsiella_genome__k5,bacteria
GAGAG,3401,klebsiella_genome__k5,bacteria
GATGT,4907,klebsiella_genome__k5,bacteria
TGTTA,2681,klebsiella_genome__k5,bacteria
CGAAC,5705,klebsiella_genome__k5,bacteria
GAATA,4950,klebsiella_genome__k5,bacteria
AATAT,5625,klebsiella_genome__k5,bacteria
GAAAT,5740,klebsiella_genome__k5,bacteria
AGAAC,3800,klebsiella_genome__k5,bacteria
ACACC,4352,klebsiella_genome__k5,bacteria
AGAGG,3157,klebsiella_genome__k5,bacteria
CCAAC,4245,klebsiella_genome__k5,bacteria
CCCTC,3250,klebsiella_genome__k5,bacteria
CCTCT,3148,klebsiella_genome__k5,bacteria
TGACA,3144,klebsiella_genome__k5,bacteria
ACATT,2754,klebsiella_genome__k5,bacteria
TCATG,5043,klebsiella_genome__k5,bacteria
GTTTA,4377,klebsiella_genome__k5,bacteria
GTCCT,2476,klebsiella_genome__k5,bacteria
TGTGT,1467,klebsiella_genome__k5,bacteria
CACTC,2437,klebsiella_genome__k5,bacteria
CGAAT,3711,klebsiella_genome__k5,bacteria
AGTAG,1890,klebsiella_genome__k5,bacteria
TAGTT,1686,klebsiella_genome__k5,bacteria
CTAAC,1871,klebsiella_genome__k5,bacteria
GTCCC,2559,klebsiella_genome__k5,bacteria
CCCCT,3631,klebsiella_genome__k5,bacteria
AACAT,3890,klebsiella_genome__k5,bacteria
CACAA,2762,klebsiella_genome__k5,bacteria
CCCAA,1964,klebsiella_genome__k5,bacteria
GACAG,4835,klebsiella_genome__k5,bacteria
ATGAG,3756,klebsiella_genome__k5,bacteria
TGTGC,3564,klebsiella_genome__k5,bacteria
CTGTC,4791,klebsiella_genome__k5,bacteria
AATAG,2541,klebsiella_genome__k5,bacteria
TCCGA,2398,klebsiella_genome__k5,bacteria
GAGAC,2992,klebsiella_genome__k5,bacteria
AGACG,5041,klebsiella_genome__k5,bacteria
TAGGG,1252,klebsiella_genome__k5,bacteria
ATTAC,3604,klebsiella_genome__k5,bacteria
TAGAC,1477,klebsiella_genome__k5,bacteria
ATACA,2400,klebsiella_genome__k5,bacteria
TACAG,3391,klebsiella_genome__k5,bacteria
CATGC,5694,klebsiella_genome__k5,bacteria
CAGTA,3981,klebsiella_genome__k5,bacteria
ACAGT,2324,klebsiella_genome__k5,bacteria
AACCT,4059,klebsiella_genome__k5,bacteria
GGGTC,4143,klebsiella_genome__k5,bacteria
ACCAA,3455,klebsiella_genome__k5,bacteria
TCCTT,3169,klebsiella_genome__k5,bacteria
CGAGT,2342,klebsiella_genome__k5,bacteria
CATGT,2730,klebsiella_genome__k5,bacteria
ATGTA,1964,klebsiella_genome__k5,bacteria
ACGAG,2538,klebsiella_genome__k5,bacteria
GTTAG,1956,klebsiella_genome__k5,bacteria
TTAGA,1029,klebsiella_genome__k5,bacteria
GAATC,3082,klebsiella_genome__k5,bacteria
TACGA,2311,klebsiella_genome__k5,bacteria
TGCAT,4239,klebsiella_genome__k5,bacteria
CTAGG,174,klebsiella_genome__k5,bacteria
CACAC,2066,klebsiella_genome__k5,bacteria
ACGAA,3919,klebsiella_genome__k5,bacteria
CTAGT,274,klebsiella_genome__k5,bacteria
TATAC,1994,klebsiella_genome__k5,bacteria
TCTGG,7448,klebsiella_genome__k5,bacteria
AATAC,4052,klebsiella_genome__k5,bacteria
ACCCC,3720,klebsiella_genome__k5,bacteria
CATTA,3980,klebsiella_genome__k5,bacteria
CCTAC,1902,klebsiella_genome__k5,bacteria
ACAAG,1945,klebsiella_genome__k5,bacteria
GACCC,3980,klebsiella_genome__k5,bacteria
TACGT,2219,klebsiella_genome__k5,bacteria
CCGAA,5449,klebsiella_genome__k5,bacteria
AGCTA,2023,klebsiella_genome__k5,bacteria
CCTAA,1001,klebsiella_genome__k5,bacteria
TGAGA,2997,klebsiella_genome__k5,bacteria
GCTAG,551,klebsiella_genome__k5,bacteria
ACTTA,1421,klebsiella_genome__k5,bacteria
ATACG,3218,klebsiella_genome__k5,bacteria
AGTTA,2152,klebsiella_genome__k5,bacteria
TCCTA,694,klebsiella_genome__k5,bacteria
TAACA,2761,klebsiella_genome__k5,bacteria
ACTAA,1326,klebsiella_genome__k5,bacteria
CTAAG,1099,klebsiella_genome__k5,bacteria
CTCTA,1601,klebsiella_genome__k5,bacteria
GACAC,2261,klebsiella_genome__k5,bacteria
CAAGT,1214,klebsiella_genome__k5,bacteria
CCTAG,236,klebsiella_genome__k5,bacteria
TAGCA,1659,klebsiella_genome__k5,bacteria
ACCTA,1258,klebsiella_genome__k5,bacteria
CTAGA,245,klebsiella_genome__k5,bacteria
TCTAG,203,klebsiella_genome__k5,bacteria
TTAGT,1262,klebsiella_genome__k5,bacteria
CATGG,3009,Morganella morganii subsp. morganii KT__k5,bacteria
ATGGC,4717,Morganella morganii subsp. morganii KT__k5,bacteria
TGGCG,6358,Morganella morganii subsp. morganii KT__k5,bacteria
GGCGA,4646,Morganella morganii subsp. morganii KT__k5,bacteria
GCGAC,2431,Morganella morganii subsp. morganii KT__k5,bacteria
CGACG,1712,Morganella morganii subsp. morganii KT__k5,bacteria
GACGG,5373,Morganella morganii subsp. morganii KT__k5,bacteria
ACGGC,6839,Morganella morganii subsp. morganii KT__k5,bacteria
CGGCC,6008,Morganella morganii subsp. morganii KT__k5,bacteria
GGCCA,3589,Morganella morganii subsp. morganii KT__k5,bacteria
GCCAT,4656,Morganella morganii subsp. morganii KT__k5,bacteria
CCATC,4195,Morganella morganii subsp. morganii KT__k5,bacteria
CATCT,3239,Morganella morganii subsp. morganii KT__k5,bacteria
ATCTG,7011,Morganella morganii subsp. morganii KT__k5,bacteria
TCTGC,7416,Morganella morganii subsp. morganii KT__k5,bacteria
CTGCG,6907,Morganella morganii subsp. morganii KT__k5,bacteria
TGCGG,8455,Morganella morganii subsp. morganii KT__k5,bacteria
GCGGC,9843,Morganella morganii subsp. morganii KT__k5,bacteria
CGGCG,10046,Morganella morganii subsp. morganii KT__k5,bacteria
GGCGC,5451,Morganella morganii subsp. morganii KT__k5,bacteria
GCGCA,5546,Morganella morganii subsp. morganii KT__k5,bacteria
CGCAA,3657,Morganella morganii subsp. morganii KT__k5,bacteria
GCAAT,4872,Morganella morganii subsp. morganii KT__k5,bacteria
CAATT,2524,Morganella morganii subsp. morganii KT__k5,bacteria
AATTC,3693,Morganella morganii subsp. morganii KT__k5,bacteria
ATTCA,5586,Morganella morganii subsp. morganii KT__k5,bacteria
TTCAC,5300,Morganella morganii subsp. morganii KT__k5,bacteria
TCACG,4106,Morganella morganii subsp. morganii KT__k5,bacteria
CACGG,4760,Morganella morganii subsp. morganii KT__k5,bacteria
CGGCA,11442,Morganella morganii subsp. morganii KT__k5,bacteria
GGCAT,5336,Morganella morganii subsp. morganii KT__k5,bacteria
GCATT,4770,Morganella morganii subsp. morganii KT__k5,bacteria
CATTG,3750,Morganella morganii subsp. morganii KT__k5,bacteria
ATTGA,4612,Morganella morganii subsp. morganii KT__k5,bacteria
TTGAC,2363,Morganella morganii subsp. morganii KT__k5,bacteria
TGACA,5334,Morganella morganii subsp. morganii KT__k5,bacteria
GACAG,4852,Morganella morganii subsp. morganii KT__k5,bacteria
ACAGT,3532,Morganella morganii subsp. morganii KT__k5,bacteria
CAGTT,5898,Morganella morganii subsp. morganii KT__k5,bacteria
AGTTT,3950,Morganella morganii subsp. morganii KT__k5,bacteria
GTTTT,7738,Morganella morganii subsp. morganii KT__k5,bacteria
TTTTG,5847,Morganella morganii subsp. morganii KT__k5,bacteria
TTTGA,4284,Morganella morganii subsp. morganii KT__k5,bacteria
TTGAT,4856,Morganella morganii subsp. morganii KT__k5,bacteria
TGATG,8322,Morganella morganii subsp. morganii KT__k5,bacteria
GATGC,5818,Morganella morganii subsp. morganii KT__k5,bacteria
ATGCT,3737,Morganella morganii subsp. morganii KT__k5,bacteria
TGCTG,11076,Morganella morganii subsp. morganii KT__k5,bacteria
GCTGA,10176,Morganella morganii subsp. morganii KT__k5,bacteria
CTGAC,7993,Morganella morganii subsp. morganii KT__k5,bacteria
CAGTA,4310,Morganella morganii subsp. morganii KT__k5,bacteria
AGTAT,2463,Morganella morganii subsp. morganii KT__k5,bacteria
GTATC,4099,Morganella morganii subsp. morganii KT__k5,bacteria
TATCG,4741,Morganella morganii subsp. morganii KT__k5,bacteria
ATCGC,4775,Morganella morganii subsp. morganii KT__k5,bacteria
TCGCA,1900,Morganella morganii subsp. morganii KT__k5,bacteria
CGCAT,4187,Morganella morganii subsp. morganii KT__k5,bacteria
TGATA,6640,Morganella morganii subsp. morganii KT__k5,bacteria
GATAA,8357,Morganella morganii subsp. morganii KT__k5,bacteria
ATAAA,8263,Morganella morganii subsp. morganii KT__k5,bacteria
TAAAT,4539,Morganella morganii subsp. morganii KT__k5,bacteria
AAATC,6514,Morganella morganii subsp. morganii KT__k5,bacteria
AATCA,6798,Morganella morganii subsp. morganii KT__k5,bacteria
ATCAT,6025,Morganella morganii subsp. morganii KT__k5,bacteria
TCATA,3644,Morganella morganii subsp. morganii KT__k5,bacteria
CATAC,2752,Morganella morganii subsp. morganii KT__k5,bacteria
ATACA,3008,Morganella morganii subsp. morganii KT__k5,bacteria
TACAA,1616,Morganella morganii subsp. morganii KT__k5,bacteria
ACAAA,4443,Morganella morganii subsp. morganii KT__k5,bacteria
CAAAT,3093,Morganella morganii subsp. morganii KT__k5,bacteria
AAATA,6084,Morganella morganii subsp. morganii KT__k5,bacteria
AATAA,7330,Morganella morganii subsp. morganii KT__k5,bacteria
ATAAT,6751,Morganella morganii subsp. morganii KT__k5,bacteria
TAATA,4600,Morganella morganii subsp. morganii KT__k5,bacteria
AATAT,6334,Morganella morganii subsp. morganii KT__k5,bacteria
ATATC,6357,Morganella morganii subsp. morganii KT__k5,bacteria
ATCGA,2837,Morganella morganii subsp. morganii KT__k5,bacteria
TCGAT,2839,Morganella morganii subsp. morganii KT__k5,bacteria
CGATT,3239,Morganella morganii subsp. morganii KT__k5,bacteria
GATTT,6590,Morganella morganii subsp. morganii KT__k5,bacteria
ATTTT,8598,Morganella morganii subsp. morganii KT__k5,bacteria
TTTTA,6236,Morganella morganii subsp. morganii KT__k5,bacteria
TTTAC,4923,Morganella morganii subsp. morganii KT__k5,bacteria
TTACG,2911,Morganella morganii subsp. morganii KT__k5,bacteria
TACGC,2386,Morganella morganii subsp. morganii KT__k5,bacteria
ACGCC,3904,Morganella morganii subsp. morganii KT__k5,bacteria
CGCCG,10407,Morganella morganii subsp. morganii KT__k5,bacteria
GCCGT,6883,Morganella morganii subsp. morganii KT__k5,bacteria
CCGTA,3828,Morganella morganii subsp. morganii KT__k5,bacteria
CGTAT,2807,Morganella morganii subsp. morganii KT__k5,bacteria
GTATG,2618,Morganella morganii subsp. morganii KT__k5,bacteria
TATGC,3366,Morganella morganii subsp. morganii KT__k5,bacteria
ATGCC,5187,Morganella morganii subsp. morganii KT__k5,bacteria
TGCCC,4025,Morganella morganii subsp. morganii KT__k5,bacteria
GCCCG,5967,Morganella morganii subsp. morganii KT__k5,bacteria
CCCGC,6114,Morganella morganii subsp. morganii KT__k5,bacteria
CCGCC,10371,Morganella morganii subsp. morganii KT__k5,bacteria
CCGTC,5453,Morganella morganii subsp. morganii KT__k5,bacteria
CGTCT,2575,Morganella morganii subsp. morganii KT__k5,bacteria
GTCTG,5307,Morganella morganii subsp. morganii KT__k5,bacteria
TCTGG,4678,Morganella morganii subsp. morganii KT__k5,bacteria
CTGGC,7549,Morganella morganii subsp. morganii KT__k5,bacteria
TGGCA,5286,Morganella morganii subsp. morganii KT__k5,bacteria
GGCAC,5110,Morganella morganii subsp. morganii KT__k5,bacteria
GCACA,4671,Morganella morganii subsp. morganii KT__k5,bacteria
CACAG,4648,Morganella morganii subsp. morganii KT__k5,bacteria
AGTTC,2991,Morganella morganii subsp. morganii KT__k5,bacteria
GTTCA,4519,Morganella morganii subsp. morganii KT__k5,bacteria
TTCAG,8358,Morganella morganii subsp. morganii KT__k5,bacteria
TCAGA,5778,Morganella morganii subsp. morganii KT__k5,bacteria
CAGAC,5539,Morganella morganii subsp. morganii KT__k5,bacteria
AGACA,2872,Morganella morganii subsp. morganii KT__k5,bacteria
ACAGG,4678,Morganella morganii subsp. morganii KT__k5,bacteria
CAGGA,5534,Morganella morganii subsp. morganii KT__k5,bacteria
AGGAG,1347,Morganella morganii subsp. morganii KT__k5,bacteria
GGAGT,1524,Morganella morganii subsp. morganii KT__k5,bacteria
GAGTA,1516,Morganella morganii subsp. morganii KT__k5,bacteria
TGCCG,11439,Morganella morganii subsp. morganii KT__k5,bacteria
GCCGC,9956,Morganella morganii subsp. morganii KT__k5,bacteria
CCGCG,6137,Morganella morganii subsp. morganii KT__k5,bacteria
CGCGA,3344,Morganella morganii subsp. morganii KT__k5,bacteria
GACGA,2022,Morganella morganii subsp. morganii KT__k5,bacteria
ACGAA,1850,Morganella morganii subsp. morganii KT__k5,bacteria
CGAAC,2423,Morganella morganii subsp. morganii KT__k5,bacteria
GAACA,4303,Morganella morganii subsp. morganii KT__k5,bacteria
AACAG,6838,Morganella morganii subsp. morganii KT__k5,bacteria
AGGAT,3629,Morganella morganii subsp. morganii KT__k5,bacteria
GGATG,5639,Morganella morganii subsp. morganii KT__k5,bacteria
GATGA,6629,Morganella morganii subsp. morganii KT__k5,bacteria
ATGAT,5985,Morganella morganii subsp. morganii KT__k5,bacteria
GATGT,4123,Morganella morganii subsp. morganii KT__k5,bacteria
ATGTC,3163,Morganella morganii subsp. morganii KT__k5,bacteria
TGTCA,5209,Morganella morganii subsp. morganii KT__k5,bacteria
GTCAT,4427,Morganella morganii subsp. morganii KT__k5,bacteria
TCATG,3572,Morganella morganii subsp. morganii KT__k5,bacteria
CATGA,3517,Morganella morganii subsp. morganii KT__k5,bacteria
ATGAG,2656,Morganella morganii subsp. morganii KT__k5,bacteria
TGAGT,2546,Morganella morganii subsp. morganii KT__k5,bacteria
GAGTC,1134,Morganella morganii subsp. morganii KT__k5,bacteria
AGTCA,2974,Morganella morganii subsp. morganii KT__k5,bacteria
GTCAG,7799,Morganella morganii subsp. morganii KT__k5,bacteria
TCAGC,10124,Morganella morganii subsp. morganii KT__k5,bacteria
CAGCA,11351,Morganella morganii subsp. morganii KT__k5,bacteria
AGCAA,3244,Morganella morganii subsp. morganii KT__k5,bacteria
CAATC,4390,Morganella morganii subsp. morganii KT__k5,bacteria
AATCT,3210,Morganella morganii subsp. morganii KT__k5,bacteria
TCTGT,4961,Morganella morganii subsp. morganii KT__k5,bacteria
CTGTA,3612,Morganella morganii subsp. morganii KT__k5,bacteria
TGTAC,2201,Morganella morganii subsp. morganii KT__k5,bacteria
GTACC,3288,Morganella morganii subsp. morganii KT__k5,bacteria
TACCT,2237,Morganella morganii subsp. morganii KT__k5,bacteria
ACCTT,2632,Morganella morganii subsp. morganii KT__k5,bacteria
CCTTC,2954,Morganella morganii subsp. morganii KT__k5,bacteria
CTTCA,4024,Morganella morganii subsp. morganii KT__k5,bacteria
CAGCG,9591,Morganella morganii subsp. morganii KT__k5,bacteria
AGCGT,2660,Morganella morganii subsp. morganii KT__k5,bacteria
GCGTT,3741,Morganella morganii subsp. morganii KT__k5,bacteria
CGTTG,2422,Morganella morganii subsp. morganii KT__k5,bacteria
GTTGA,2779,Morganella morganii subsp. morganii KT__k5,bacteria
TTGAA,3194,Morganella morganii subsp. morganii KT__k5,bacteria
TGAAC,4457,Morganella morganii subsp. morganii KT__k5,bacteria
AACAA,3708,Morganella morganii subsp. morganii KT__k5,bacteria
CAAAA,5810,Morganella morganii subsp. morganii KT__k5,bacteria
AAAAC,7682,Morganella morganii subsp. morganii KT__k5,bacteria
AAACC,6170,Morganella morganii subsp. morganii KT__k5,bacteria
AACCG,6690,Morganella morganii subsp. morganii KT__k5,bacteria
ACCGA,4182,Morganella morganii subsp. morganii KT__k5,bacteria
CCGAT,4675,Morganella morganii subsp. morganii KT__k5,bacteria
CGATC,2997,Morganella morganii subsp. morganii KT__k5,bacteria
GATCC,4958,Morganella morganii subsp. morganii KT__k5,bacteria
ATCCG,8919,Morganella morganii subsp. morganii KT__k5,bacteria
TCCGA,1721,Morganella morganii subsp. morganii KT__k5,bacteria
CCGAC,3128,Morganella morganii subsp. morganii KT__k5,bacteria
CGACC,2684,Morganella morganii subsp. morganii KT__k5,bacteria
GACCA,3628,Morganella morganii subsp. morganii KT__k5,bacteria
ACCAT,3839,Morganella morganii subsp. morganii KT__k5,bacteria
CATCG,3691,Morganella morganii subsp. morganii KT__k5,bacteria
TCGAA,1487,Morganella morganii subsp. morganii KT__k5,bacteria
CGAAG,2515,Morganella morganii subsp. morganii KT__k5,bacteria
GAAGA,4339,Morganella morganii subsp. morganii KT__k5,bacteria
AAGAA,4057,Morganella morganii subsp. morganii KT__k5,bacteria
AGAAC,3128,Morganella morganii subsp. morganii KT__k5,bacteria
GAACT,3071,Morganella morganii subsp. morganii KT__k5,bacteria
AACTG,6018,Morganella morganii subsp. morganii KT__k5,bacteria
ACTGG,4960,Morganella morganii subsp. morganii KT__k5,bacteria
CTGGG,3431,Morganella morganii subsp. morganii KT__k5,bacteria
TGGGG,1533,Morganella morganii subsp. morganii KT__k5,bacteria
GGGGA,2606,Morganella morganii subsp. morganii KT__k5,bacteria
GGGAT,4377,Morganella morganii subsp. morganii KT__k5,bacteria
GGATC,4940,Morganella morganii subsp. morganii KT__k5,bacteria
GATCG,2910,Morganella morganii subsp. morganii KT__k5,bacteria
ATCGG,4638,Morganella morganii subsp. morganii KT__k5,bacteria
TCGGC,5178,Morganella morganii subsp. morganii KT__k5,bacteria
GGCCT,2545,Morganella morganii subsp. morganii KT__k5,bacteria
GCCTG,6490,Morganella morganii subsp. morganii KT__k5,bacteria
CCTGA,6558,Morganella morganii subsp. morganii KT__k5,bacteria
CTGAT,9531,Morganella morganii subsp. morganii KT__k5,bacteria
TGATC,5862,Morganella morganii subsp. morganii KT__k5,bacteria
ATCCC,4432,Morganella morganii subsp. morganii KT__k5,bacteria
TCCCG,4999,Morganella morganii subsp. morganii KT__k5,bacteria
CGCCT,3868,Morganella morganii subsp. morganii KT__k5,bacteria
GCCTT,2978,Morganella morganii subsp. morganii KT__k5,bacteria
CTTCC,4329,Morganella morganii subsp. morganii KT__k5,bacteria
TTCCC,3756,Morganella morganii subsp. morganii KT__k5,bacteria
CCCGG,7393,Morganella morganii subsp. morganii KT__k5,bacteria
CCGGC,11845,Morganella morganii subsp. morganii KT__k5,bacteria
GGCAG,7752,Morganella morganii subsp. morganii KT__k5,bacteria
GCAGA,7455,Morganella morganii subsp. morganii KT__k5,bacteria
AGACC,2715,Morganella morganii subsp. morganii KT__k5,bacteria
ACCAA,2760,Morganella morganii subsp. morganii KT__k5,bacteria
CCAAA,2554,Morganella morganii subsp. morganii KT__k5,bacteria
AAAAA,11754,Morganella morganii subsp. morganii KT__k5,bacteria
AACCC,3292,Morganella morganii subsp. morganii KT__k5,bacteria
ACCCG,5081,Morganella morganii subsp. morganii KT__k5,bacteria
GCCGA,5306,Morganella morganii subsp. morganii KT__k5,bacteria
CCGAA,3874,Morganella morganii subsp. morganii KT__k5,bacteria
ACTGT,3572,Morganella morganii subsp. morganii KT__k5,bacteria
CTGTT,6679,Morganella morganii subsp. morganii KT__k5,bacteria
TGTTC,4349,Morganella morganii subsp. morganii KT__k5,bacteria
GTTCT,2934,Morganella morganii subsp. morganii KT__k5,bacteria
TTCTT,3906,Morganella morganii subsp. morganii KT__k5,bacteria
TCTTT,4764,Morganella morganii subsp. morganii KT__k5,bacteria
CTTTG,4077,Morganella morganii subsp. morganii KT__k5,bacteria
TTTGT,4490,Morganella morganii subsp. morganii KT__k5,bacteria
TTGTC,3436,Morganella morganii subsp. morganii KT__k5,bacteria
TGTCT,2748,Morganella morganii subsp. morganii KT__k5,bacteria
CTGGT,5345,Morganella morganii subsp. morganii KT__k5,bacteria
TGGTG,6431,Morganella morganii subsp. morganii KT__k5,bacteria
GGTGT,4366,Morganella morganii subsp. morganii KT__k5,bacteria
GTGTG,3783,Morganella morganii subsp. morganii KT__k5,bacteria
TGTGC,4748,Morganella morganii subsp. morganii KT__k5,bacteria
GTGCC,5263,Morganella morganii subsp. morganii KT__k5,bacteria
CCGCT,6991,Morganella morganii subsp. morganii KT__k5,bacteria
CGCTA,1363,Morganella morganii subsp. morganii KT__k5,bacteria
GCTAA,1096,Morganella morganii subsp. morganii KT__k5,bacteria
CTAAT,1025,Morganella morganii subsp. morganii KT__k5,bacteria
CATTC,3625,Morganella morganii subsp. morganii KT__k5,bacteria
ATTCT,3593,Morganella morganii subsp. morganii KT__k5,bacteria
TTCTC,3025,Morganella morganii subsp. morganii KT__k5,bacteria
TCTCG,1383,Morganella morganii subsp. morganii KT__k5,bacteria
CTCGG,2214,Morganella morganii subsp. morganii KT__k5,bacteria
GGCGT,3826,Morganella morganii subsp. morganii KT__k5,bacteria
GCGTG,3655,Morganella morganii subsp. morganii KT__k5,bacteria
CGTGG,2698,Morganella morganii subsp. morganii KT__k5,bacteria
GTGGT,4696,Morganella morganii subsp. morganii KT__k5,bacteria
TGGTC,3511,Morganella morganii subsp. morganii KT__k5,bacteria
GGTCT,2610,Morganella morganii subsp. morganii KT__k5,bacteria
GTCTA,553,Morganella morganii subsp. morganii KT__k5,bacteria
TCTAC,718,Morganella morganii subsp. morganii KT__k5,bacteria
CTACG,763,Morganella morganii subsp. morganii KT__k5,bacteria
TACGG,3867,Morganella morganii subsp. morganii KT__k5,bacteria
GCGCG,4878,Morganella morganii subsp. morganii KT__k5,bacteria
GCGAT,4815,Morganella morganii subsp. morganii KT__k5,bacteria
GATTA,4318,Morganella morganii subsp. morganii KT__k5,bacteria
ATTAT,6473,Morganella morganii subsp. morganii KT__k5,bacteria
TTATT,7039,Morganella morganii subsp. morganii KT__k5,bacteria
TATTG,4486,Morganella morganii subsp. morganii KT__k5,bacteria
ATTGT,3599,Morganella morganii subsp. morganii KT__k5,bacteria
TTGTG,3226,Morganella morganii subsp. morganii KT__k5,bacteria
TGTGT,2908,Morganella morganii subsp. morganii KT__k5,bacteria
GTGTC,3043,Morganella morganii subsp. morganii KT__k5,bacteria
TGTCG,2975,Morganella morganii subsp. morganii KT__k5,bacteria
GTCGT,1537,Morganella morganii subsp. morganii KT__k5,bacteria
TCGTT,2044,Morganella morganii subsp. morganii KT__k5,bacteria
CGTTC,2947,Morganella morganii subsp. morganii KT__k5,bacteria
GTTCG,2398,Morganella morganii subsp. morganii KT__k5,bacteria
TTCGG,3965,Morganella morganii subsp. morganii KT__k5,bacteria
TCGGG,2690,Morganella morganii subsp. morganii KT__k5,bacteria
CGGGC,5877,Morganella morganii subsp. morganii KT__k5,bacteria
GGGCT,3104,Morganella morganii subsp. morganii KT__k5,bacteria
GGCTG,7587,Morganella morganii subsp. morganii KT__k5,bacteria
GCTGT,6659,Morganella morganii subsp. morganii KT__k5,bacteria
CTGTC,4948,Morganella morganii subsp. morganii KT__k5,bacteria
TGTCC,3658,Morganella morganii subsp. morganii KT__k5,bacteria
GTCCT,1404,Morganella morganii subsp. morganii KT__k5,bacteria
TCCTT,1783,Morganella morganii subsp. morganii KT__k5,bacteria
CTTCT,2607,Morganella morganii subsp. morganii KT__k5,bacteria
CTTTC,4513,Morganella morganii subsp. morganii KT__k5,bacteria
TTTCA,8187,Morganella morganii subsp. morganii KT__k5,bacteria
TCAGT,6854,Morganella morganii subsp. morganii KT__k5,bacteria
CAGTC,3597,Morganella morganii subsp. morganii KT__k5,bacteria
AGTCG,1267,Morganella morganii subsp. morganii KT__k5,bacteria
GTCGG,3088,Morganella morganii subsp. morganii KT__k5,bacteria
TCGGT,4268,Morganella morganii subsp. morganii KT__k5,bacteria
CGGTT,6563,Morganella morganii subsp. morganii KT__k5,bacteria
GGTTT,6188,Morganella morganii subsp. morganii KT__k5,bacteria
TTTAG,1034,Morganella morganii subsp. morganii KT__k5,bacteria
TTAGC,1056,Morganella morganii subsp. morganii KT__k5,bacteria
TAGCG,1358,Morganella morganii subsp. morganii KT__k5,bacteria
AGCGG,6954,Morganella morganii subsp. morganii KT__k5,bacteria
GCAGT,5419,Morganella morganii subsp. morganii KT__k5,bacteria
CAGTG,7030,Morganella morganii subsp. morganii KT__k5,bacteria
AGTGG,2309,Morganella morganii subsp. morganii KT__k5,bacteria
TGGTT,4024,Morganella morganii subsp. morganii KT__k5,bacteria
GGTTG,3246,Morganella morganii subsp. morganii KT__k5,bacteria
GTTGG,1465,Morganella morganii subsp. morganii KT__k5,bacteria
TTGGT,2698,Morganella morganii subsp. morganii KT__k5,bacteria
GTCGC,2359,Morganella morganii subsp. morganii KT__k5,bacteria
TCGCC,4629,Morganella morganii subsp. morganii KT__k5,bacteria
GCCTC,1948,Morganella morganii subsp. morganii KT__k5,bacteria
CCTCC,1465,Morganella morganii subsp. morganii KT__k5,bacteria
CTCCT,1432,Morganella morganii subsp. morganii KT__k5,bacteria
CCTTT,3685,Morganella morganii subsp. morganii KT__k5,bacteria
CTTTA,3840,Morganella morganii subsp. morganii KT__k5,bacteria
TTTAT,7992,Morganella morganii subsp. morganii KT__k5,bacteria
TATTT,6122,Morganella morganii subsp. morganii KT__k5,bacteria
TTAGT,1044,Morganella morganii subsp. morganii KT__k5,bacteria
TAGTG,1329,Morganella morganii subsp. morganii KT__k5,bacteria
GTGGG,1350,Morganella morganii subsp. morganii KT__k5,bacteria
GATCA,5890,Morganella morganii subsp. morganii KT__k5,bacteria
ATCAC,7283,Morganella morganii subsp. morganii KT__k5,bacteria
TCACC,7296,Morganella morganii subsp. morganii KT__k5,bacteria
CACCA,6573,Morganella morganii subsp. morganii KT__k5,bacteria
ACCAG,5603,Morganella morganii subsp. morganii KT__k5,bacteria
CCAGT,5030,Morganella morganii subsp. morganii KT__k5,bacteria
GCCGG,11783,Morganella morganii subsp. morganii KT__k5,bacteria
CCGGT,11432,Morganella morganii subsp. morganii KT__k5,bacteria
CGGTA,7326,Morganella morganii subsp. morganii KT__k5,bacteria
GGTAA,5482,Morganella morganii subsp. morganii KT__k5,bacteria
GTAAA,4786,Morganella morganii subsp. morganii KT__k5,bacteria
TAAAA,6217,Morganella morganii subsp. morganii KT__k5,bacteria
AAAAT,8502,Morganella morganii subsp. morganii KT__k5,bacteria
AATCG,3311,Morganella morganii subsp. morganii KT__k5,bacteria
GGCCG,5952,Morganella morganii subsp. morganii KT__k5,bacteria
CCGGA,9788,Morganella morganii subsp. morganii KT__k5,bacteria
CGGAC,4468,Morganella morganii subsp. morganii KT__k5,bacteria
GGACC,897,Morganella morganii subsp. morganii KT__k5,bacteria
ACCAC,4814,Morganella morganii subsp. morganii KT__k5,bacteria
CCACC,4862,Morganella morganii subsp. morganii KT__k5,bacteria
CACCC,3632,Morganella morganii subsp. morganii KT__k5,bacteria
ACCCT,2236,Morganella morganii subsp. morganii KT__k5,bacteria
CCCTC,1190,Morganella morganii subsp. morganii KT__k5,bacteria
CCTCA,2416,Morganella morganii subsp. morganii KT__k5,bacteria
CTCAC,2611,Morganella morganii subsp. morganii KT__k5,bacteria
CCCTT,1827,Morganella morganii subsp. morganii KT__k5,bacteria
TTTCC,7041,Morganella morganii subsp. morganii KT__k5,bacteria
CGCGC,4966,Morganella morganii subsp. morganii KT__k5,bacteria
GCGCC,5742,Morganella morganii subsp. morganii KT__k5,bacteria
CGCCA,6398,Morganella morganii subsp. morganii KT__k5,bacteria
GCCAG,7640,Morganella morganii subsp. morganii KT__k5,bacteria
CCAGC,8634,Morganella morganii subsp. morganii KT__k5,bacteria
CAGCT,5470,Morganella morganii subsp. morganii KT__k5,bacteria
AGCTT,2096,Morganella morganii subsp. morganii KT__k5,bacteria
GCTTC,3633,Morganella morganii subsp. morganii KT__k5,bacteria
CTTCG,2588,Morganella morganii subsp. morganii KT__k5,bacteria
GGCAA,5799,Morganella morganii subsp. morganii KT__k5,bacteria
GCAAA,5713,Morganella morganii subsp. morganii KT__k5,bacteria
AAAAG,4773,Morganella morganii subsp. morganii KT__k5,bacteria
AAAGC,5355,Morganella morganii subsp. morganii KT__k5,bacteria
AAGCG,3366,Morganella morganii subsp. morganii KT__k5,bacteria
GCGGT,7268,Morganella morganii subsp. morganii KT__k5,bacteria
GTAAT,4425,Morganella morganii subsp. morganii KT__k5,bacteria
TCGCG,3315,Morganella morganii subsp. morganii KT__k5,bacteria
CGGCT,6209,Morganella morganii subsp. morganii KT__k5,bacteria
GGCTT,3788,Morganella morganii subsp. morganii KT__k5,bacteria
GCTTT,5333,Morganella morganii subsp. morganii KT__k5,bacteria
TTTCT,5508,Morganella morganii subsp. morganii KT__k5,bacteria
TTCTG,6828,Morganella morganii subsp. morganii KT__k5,bacteria
CTGCT,7700,Morganella morganii subsp. morganii KT__k5,bacteria
GCTGG,8388,Morganella morganii subsp. morganii KT__k5,bacteria
GTTTA,3797,Morganella morganii subsp. morganii KT__k5,bacteria
TTTAA,4444,Morganella morganii subsp. morganii KT__k5,bacteria
TTAAC,3353,Morganella morganii subsp. morganii KT__k5,bacteria
TAACC,4107,Morganella morganii subsp. morganii KT__k5,bacteria
AACCT,2727,Morganella morganii subsp. morganii KT__k5,bacteria
ACCTG,4835,Morganella morganii subsp. morganii KT__k5,bacteria
GATGG,4294,Morganella morganii subsp. morganii KT__k5,bacteria
ATGGG,1924,Morganella morganii subsp. morganii KT__k5,bacteria
TGGGC,1994,Morganella morganii subsp. morganii KT__k5,bacteria
TGGGA,1533,Morganella morganii subsp. morganii KT__k5,bacteria
GGGAA,3700,Morganella morganii subsp. morganii KT__k5,bacteria
GGAAG,4542,Morganella morganii subsp. morganii KT__k5,bacteria
GAAGC,3711,Morganella morganii subsp. morganii KT__k5,bacteria
CGGTG,8908,Morganella morganii subsp. morganii KT__k5,bacteria
GGTGA,7297,Morganella morganii subsp. morganii KT__k5,bacteria
GTGAA,5186,Morganella morganii subsp. morganii KT__k5,bacteria
TGAAT,5594,Morganella morganii subsp. morganii KT__k5,bacteria
GAATA,4800,Morganella morganii subsp. morganii KT__k5,bacteria
TATCA,6505,Morganella morganii subsp. morganii KT__k5,bacteria
TCATC,6679,Morganella morganii subsp. morganii KT__k5,bacteria
CATCA,8382,Morganella morganii subsp. morganii KT__k5,bacteria
CACCG,8845,Morganella morganii subsp. morganii KT__k5,bacteria
ACCGG,11403,Morganella morganii subsp. morganii KT__k5,bacteria
GCACC,5442,Morganella morganii subsp. morganii KT__k5,bacteria
CCCTG,4884,Morganella morganii subsp. morganii KT__k5,bacteria
TGACC,5941,Morganella morganii subsp. morganii KT__k5,bacteria
GACCC,1984,Morganella morganii subsp. morganii KT__k5,bacteria
CCTGG,3730,Morganella morganii subsp. morganii KT__k5,bacteria
GGCGG,10288,Morganella morganii subsp. morganii KT__k5,bacteria
GCGCT,4951,Morganella morganii subsp. morganii KT__k5,bacteria
CGCTG,9423,Morganella morganii subsp. morganii KT__k5,bacteria
ACCGC,7440,Morganella morganii subsp. morganii KT__k5,bacteria
GGGCA,3922,Morganella morganii subsp. morganii KT__k5,bacteria
GCAGC,8694,Morganella morganii subsp. morganii KT__k5,bacteria
GCGGA,8471,Morganella morganii subsp. morganii KT__k5,bacteria
GGACA,3513,Morganella morganii subsp. morganii KT__k5,bacteria
GACAC,3193,Morganella morganii subsp. morganii KT__k5,bacteria
ACACC,4488,Morganella morganii subsp. morganii KT__k5,bacteria
CACCT,3038,Morganella morganii subsp. morganii KT__k5,bacteria
ATGAC,4234,Morganella morganii subsp. morganii KT__k5,bacteria
GACCG,4560,Morganella morganii subsp. morganii KT__k5,bacteria
GCTAT,2555,Morganella morganii subsp. morganii KT__k5,bacteria
CTATC,2729,Morganella morganii subsp. morganii KT__k5,bacteria
GATAC,4195,Morganella morganii subsp. morganii KT__k5,bacteria
ATACT,2464,Morganella morganii subsp. morganii KT__k5,bacteria
TACTG,4358,Morganella morganii subsp. morganii KT__k5,bacteria
GGACT,1835,Morganella morganii subsp. morganii KT__k5,bacteria
GACTG,3479,Morganella morganii subsp. morganii KT__k5,bacteria
ACTGA,6956,Morganella morganii subsp. morganii KT__k5,bacteria
TGACG,4867,Morganella morganii subsp. morganii KT__k5,bacteria
ACGGT,4361,Morganella morganii subsp. morganii KT__k5,bacteria
GGTGC,5415,Morganella morganii subsp. morganii KT__k5,bacteria
GTGCT,4062,Morganella morganii subsp. morganii KT__k5,bacteria
GGTCA,6013,Morganella morganii subsp. morganii KT__k5,bacteria
GTATT,4616,Morganella morganii subsp. morganii KT__k5,bacteria
TATTC,4861,Morganella morganii subsp. morganii KT__k5,bacteria
CAGAA,6998,Morganella morganii subsp. morganii KT__k5,bacteria
AACAC,3316,Morganella morganii subsp. morganii KT__k5,bacteria
ACCGT,4400,Morganella morganii subsp. morganii KT__k5,bacteria
CCGTT,5518,Morganella morganii subsp. morganii KT__k5,bacteria
CGTTT,4766,Morganella morganii subsp. morganii KT__k5,bacteria
TTTGC,5902,Morganella morganii subsp. morganii KT__k5,bacteria
TTGCT,3389,Morganella morganii subsp. morganii KT__k5,bacteria
ATGCA,4025,Morganella morganii subsp. morganii KT__k5,bacteria
TGCAG,5436,Morganella morganii subsp. morganii KT__k5,bacteria
AGAAA,5527,Morganella morganii subsp. morganii KT__k5,bacteria
GAAAT,6036,Morganella morganii subsp. morganii KT__k5,bacteria
AAATG,4567,Morganella morganii subsp. morganii KT__k5,bacteria
AATGG,3445,Morganella morganii subsp. morganii KT__k5,bacteria
ATGGA,2724,Morganella morganii subsp. morganii KT__k5,bacteria
TGGAT,4528,Morganella morganii subsp. morganii KT__k5,bacteria
CACGC,3682,Morganella morganii subsp. morganii KT__k5,bacteria
ACGCG,2757,Morganella morganii subsp. morganii KT__k5,bacteria
CGCGT,2848,Morganella morganii subsp. morganii KT__k5,bacteria
GCGTA,2392,Morganella morganii subsp. morganii KT__k5,bacteria
TTTTC,8942,Morganella morganii subsp. morganii KT__k5,bacteria
TTTCG,3890,Morganella morganii subsp. morganii KT__k5,bacteria
CGGGG,3841,Morganella morganii subsp. morganii KT__k5,bacteria
GGGGC,2157,Morganella morganii subsp. morganii KT__k5,bacteria
GGGCG,3925,Morganella morganii subsp. morganii KT__k5,bacteria
CGATG,3719,Morganella morganii subsp. morganii KT__k5,bacteria
CCTGT,4752,Morganella morganii subsp. morganii KT__k5,bacteria
TGTTT,5911,Morganella morganii subsp. morganii KT__k5,bacteria
GTTTG,4101,Morganella morganii subsp. morganii KT__k5,bacteria
TCGTC,1973,Morganella morganii subsp. morganii KT__k5,bacteria
CGTCC,2589,Morganella morganii subsp. morganii KT__k5,bacteria
TCCTC,2219,Morganella morganii subsp. morganii KT__k5,bacteria
CCTCT,1649,Morganella morganii subsp. morganii KT__k5,bacteria
CTCTG,3676,Morganella morganii subsp. morganii KT__k5,bacteria
TGGCT,3675,Morganella morganii subsp. morganii KT__k5,bacteria
GCTGC,8395,Morganella morganii subsp. morganii KT__k5,bacteria
TGCTT,3095,Morganella morganii subsp. morganii KT__k5,bacteria
GCTTG,1332,Morganella morganii subsp. morganii KT__k5,bacteria
CTTGC,1419,Morganella morganii subsp. morganii KT__k5,bacteria
TTGCG,3773,Morganella morganii subsp. morganii KT__k5,bacteria
TGCGA,1904,Morganella morganii subsp. morganii KT__k5,bacteria
CCGCA,8315,Morganella morganii subsp. morganii KT__k5,bacteria
CGCAG,6981,Morganella morganii subsp. morganii KT__k5,bacteria
AGACT,1552,Morganella morganii subsp. morganii KT__k5,bacteria
GCAGG,6681,Morganella morganii subsp. morganii KT__k5,bacteria
CAGGC,6570,Morganella morganii subsp. morganii KT__k5,bacteria
AGGCG,3882,Morganella morganii subsp. morganii KT__k5,bacteria
ATCAG,9441,Morganella morganii subsp. morganii KT__k5,bacteria
CAGCC,7733,Morganella morganii subsp. morganii KT__k5,bacteria
AGCCG,6130,Morganella morganii subsp. morganii KT__k5,bacteria
TTCCG,7568,Morganella morganii subsp. morganii KT__k5,bacteria
TCCGG,9741,Morganella morganii subsp. morganii KT__k5,bacteria
GTAAC,3439,Morganella morganii subsp. morganii KT__k5,bacteria
TAACT,2264,Morganella morganii subsp. morganii KT__k5,bacteria
CTGGA,5431,Morganella morganii subsp. morganii KT__k5,bacteria
GTTTC,5179,Morganella morganii subsp. morganii KT__k5,bacteria
TTCCT,3557,Morganella morganii subsp. morganii KT__k5,bacteria
TCCTG,5405,Morganella morganii subsp. morganii KT__k5,bacteria
CCTGC,6574,Morganella morganii subsp. morganii KT__k5,bacteria
CTGCC,7741,Morganella morganii subsp. morganii KT__k5,bacteria
TGCCT,3369,Morganella morganii subsp. morganii KT__k5,bacteria
GTCCA,1504,Morganella morganii subsp. morganii KT__k5,bacteria
TCCAT,2798,Morganella morganii subsp. morganii KT__k5,bacteria
CCATT,3374,Morganella morganii subsp. morganii KT__k5,bacteria
CATTA,4029,Morganella morganii subsp. morganii KT__k5,bacteria
TTATC,8195,Morganella morganii subsp. morganii KT__k5,bacteria
CGGAA,7701,Morganella morganii subsp. morganii KT__k5,bacteria
GGAAC,3519,Morganella morganii subsp. morganii KT__k5,bacteria
GAACC,3197,Morganella morganii subsp. morganii KT__k5,bacteria
CCGGG,7255,Morganella morganii subsp. morganii KT__k5,bacteria
CGGGA,5014,Morganella morganii subsp. morganii KT__k5,bacteria
AGCTG,5532,Morganella morganii subsp. morganii KT__k5,bacteria
GATTG,4249,Morganella morganii subsp. morganii KT__k5,bacteria
ATTGC,4919,Morganella morganii subsp. morganii KT__k5,bacteria
TTGCC,5863,Morganella morganii subsp. morganii KT__k5,bacteria
CAGAT,6894,Morganella morganii subsp. morganii KT__k5,bacteria
AGATT,3196,Morganella morganii subsp. morganii KT__k5,bacteria
ATTAC,4208,Morganella morganii subsp. morganii KT__k5,bacteria
TTACA,2938,Morganella morganii subsp. morganii KT__k5,bacteria
TACAG,3676,Morganella morganii subsp. morganii KT__k5,bacteria
ACAGC,6693,Morganella morganii subsp. morganii KT__k5,bacteria
CCGTG,4748,Morganella morganii subsp. morganii KT__k5,bacteria
CGTGA,3966,Morganella morganii subsp. morganii KT__k5,bacteria
GTGAC,4411,Morganella morganii subsp. morganii KT__k5,bacteria
CCAGA,4808,Morganella morganii subsp. morganii KT__k5,bacteria
CAGAG,3721,Morganella morganii subsp. morganii KT__k5,bacteria
AGAGC,2827,Morganella morganii subsp. morganii KT__k5,bacteria
GAGCC,2445,Morganella morganii subsp. morganii KT__k5,bacteria
AGCCC,3216,Morganella morganii subsp. morganii KT__k5,bacteria
CCCGT,3707,Morganella morganii subsp. morganii KT__k5,bacteria
CTCAT,2757,Morganella morganii subsp. morganii KT__k5,bacteria
CATCC,5635,Morganella morganii subsp. morganii KT__k5,bacteria
TCCCA,1515,Morganella morganii subsp. morganii KT__k5,bacteria
CCCAC,1416,Morganella morganii subsp. morganii KT__k5,bacteria
CCACA,3690,Morganella morganii subsp. morganii KT__k5,bacteria
GGCTC,2505,Morganella morganii subsp. morganii KT__k5,bacteria
GCTCA,4163,Morganella morganii subsp. morganii KT__k5,bacteria
CTCAG,3707,Morganella morganii subsp. morganii KT__k5,bacteria
GGTCG,2619,Morganella morganii subsp. morganii KT__k5,bacteria
GCGGG,6044,Morganella morganii subsp. morganii KT__k5,bacteria
GGGCC,1578,Morganella morganii subsp. morganii KT__k5,bacteria
CGCAC,4087,Morganella morganii subsp. morganii KT__k5,bacteria
GCACT,4031,Morganella morganii subsp. morganii KT__k5,bacteria
CACTG,7099,Morganella morganii subsp. morganii KT__k5,bacteria
ACTGC,5466,Morganella morganii subsp. morganii KT__k5,bacteria
TGTTA,3337,Morganella morganii subsp. morganii KT__k5,bacteria
GTTAC,3513,Morganella morganii subsp. morganii KT__k5,bacteria
TTACT,3031,Morganella morganii subsp. morganii KT__k5,bacteria
TACTT,1626,Morganella morganii subsp. morganii KT__k5,bacteria
ACTTC,2719,Morganella morganii subsp. morganii KT__k5,bacteria
TCTGA,5767,Morganella morganii subsp. morganii KT__k5,bacteria
ATCCT,3453,Morganella morganii subsp. morganii KT__k5,bacteria
GGTAT,5062,Morganella morganii subsp. morganii KT__k5,bacteria
GCAAC,3481,Morganella morganii subsp. morganii KT__k5,bacteria
CAACT,1829,Morganella morganii subsp. morganii KT__k5,bacteria
GATCT,3168,Morganella morganii subsp. morganii KT__k5,bacteria
AAGAG,2509,Morganella morganii subsp. morganii KT__k5,bacteria
AGAGA,2583,Morganella morganii subsp. morganii KT__k5,bacteria
GAGAA,2951,Morganella morganii subsp. morganii KT__k5,bacteria
CCCGA,2734,Morganella morganii subsp. morganii KT__k5,bacteria
CGGTC,4532,Morganella morganii subsp. morganii KT__k5,bacteria
TATCT,4174,Morganella morganii subsp. morganii KT__k5,bacteria
TGGCC,3492,Morganella morganii subsp. morganii KT__k5,bacteria
GGTGG,4808,Morganella morganii subsp. morganii KT__k5,bacteria
GTGGC,4224,Morganella morganii subsp. morganii KT__k5,bacteria
CAGGG,4784,Morganella morganii subsp. morganii KT__k5,bacteria
AGGGA,1916,Morganella morganii subsp. morganii KT__k5,bacteria
GGATT,4993,Morganella morganii subsp. morganii KT__k5,bacteria
GTCAC,4450,Morganella morganii subsp. morganii KT__k5,bacteria
TCACT,4214,Morganella morganii subsp. morganii KT__k5,bacteria
CACTA,1223,Morganella morganii subsp. morganii KT__k5,bacteria
ACTAT,1981,Morganella morganii subsp. morganii KT__k5,bacteria
AGCCT,2408,Morganella morganii subsp. morganii KT__k5,bacteria
CTCTA,773,Morganella morganii subsp. morganii KT__k5,bacteria
TCTAT,1680,Morganella morganii subsp. morganii KT__k5,bacteria
CTATT,1868,Morganella morganii subsp. morganii KT__k5,bacteria
ATTCC,4159,Morganella morganii subsp. morganii KT__k5,bacteria
TCCGC,8304,Morganella morganii subsp. morganii KT__k5,bacteria
AGTCT,1506,Morganella morganii subsp. morganii KT__k5,bacteria
GTCTC,1520,Morganella morganii subsp. morganii KT__k5,bacteria
TCTCA,2474,Morganella morganii subsp. morganii KT__k5,bacteria
CTCAA,2508,Morganella morganii subsp. morganii KT__k5,bacteria
TCAAC,2800,Morganella morganii subsp. morganii KT__k5,bacteria
CAACC,3247,Morganella morganii subsp. morganii KT__k5,bacteria
CTGAG,3611,Morganella morganii subsp. morganii KT__k5,bacteria
TGAGC,4005,Morganella morganii subsp. morganii KT__k5,bacteria
GAGCA,3675,Morganella morganii subsp. morganii KT__k5,bacteria
AGCAT,3773,Morganella morganii subsp. morganii KT__k5,bacteria
GCATG,3260,Morganella morganii subsp. morganii KT__k5,bacteria
GCATC,5860,Morganella morganii subsp. morganii KT__k5,bacteria
ATCAA,4826,Morganella morganii subsp. morganii KT__k5,bacteria
TCAAA,4343,Morganella morganii subsp. morganii KT__k5,bacteria
CAAAC,4111,Morganella morganii subsp. morganii KT__k5,bacteria
AAACT,3838,Morganella morganii subsp. morganii KT__k5,bacteria
AACTC,2025,Morganella morganii subsp. morganii KT__k5,bacteria
ACTCA,2530,Morganella morganii subsp. morganii KT__k5,bacteria
AAACA,6021,Morganella morganii subsp. morganii KT__k5,bacteria
AGCGC,5159,Morganella morganii subsp. morganii KT__k5,bacteria
GTTGC,3528,Morganella morganii subsp. morganii KT__k5,bacteria
TGCTC,3649,Morganella morganii subsp. morganii KT__k5,bacteria
GCTCT,2779,Morganella morganii subsp. morganii KT__k5,bacteria
CTCTT,2484,Morganella morganii subsp. morganii KT__k5,bacteria
TCTTG,1015,Morganella morganii subsp. morganii KT__k5,bacteria
CTTGA,1224,Morganella morganii subsp. morganii KT__k5,bacteria
GTGAT,7192,Morganella morganii subsp. morganii KT__k5,bacteria
TGATT,6740,Morganella morganii subsp. morganii KT__k5,bacteria
ATTTA,4520,Morganella morganii subsp. morganii KT__k5,bacteria
TTATG,4114,Morganella morganii subsp. morganii KT__k5,bacteria
TATGT,2246,Morganella morganii subsp. morganii KT__k5,bacteria
ATGTT,3109,Morganella morganii subsp. morganii KT__k5,bacteria
TTGTT,3707,Morganella morganii subsp. morganii KT__k5,bacteria
ATTTC,5992,Morganella morganii subsp. morganii KT__k5,bacteria
CCTCG,1576,Morganella morganii subsp. morganii KT__k5,bacteria
TTCAT,5439,Morganella morganii subsp. morganii KT__k5,bacteria
TCATT,4753,Morganella morganii subsp. morganii KT__k5,bacteria
GTGTT,3383,Morganella morganii subsp. morganii KT__k5,bacteria
CGGAT,9184,Morganella morganii subsp. morganii KT__k5,bacteria
GTTCC,3524,Morganella morganii subsp. morganii KT__k5,bacteria
CTCGC,1736,Morganella morganii subsp. morganii KT__k5,bacteria
TTTTT,11576,Morganella morganii subsp. morganii KT__k5,bacteria
TACTA,774,Morganella morganii subsp. morganii KT__k5,bacteria
ACTAC,956,Morganella morganii subsp. morganii KT__k5,bacteria
CTACT,616,Morganella morganii subsp. morganii KT__k5,bacteria
CTGCA,5503,Morganella morganii subsp. morganii KT__k5,bacteria
TGCAA,2756,Morganella morganii subsp. morganii KT__k5,bacteria
ACACA,2987,Morganella morganii subsp. morganii KT__k5,bacteria
CACAA,3358,Morganella morganii subsp. morganii KT__k5,bacteria
GGTTA,4075,Morganella morganii subsp. morganii KT__k5,bacteria
TACGA,996,Morganella morganii subsp. morganii KT__k5,bacteria
ACGAC,1581,Morganella morganii subsp. morganii KT__k5,bacteria
GAAGT,2771,Morganella morganii subsp. morganii KT__k5,bacteria
AAGTT,1891,Morganella morganii subsp. morganii KT__k5,bacteria
TTCGC,3256,Morganella morganii subsp. morganii KT__k5,bacteria
TCGCT,2282,Morganella morganii subsp. morganii KT__k5,bacteria
CGCTC,2723,Morganella morganii subsp. morganii KT__k5,bacteria
CGACA,3098,Morganella morganii subsp. morganii KT__k5,bacteria
GGGGT,1971,Morganella morganii subsp. morganii KT__k5,bacteria
GGGTT,3256,Morganella morganii subsp. morganii KT__k5,bacteria
GTTAT,5382,Morganella morganii subsp. morganii KT__k5,bacteria
GACCT,2065,Morganella morganii subsp. morganii KT__k5,bacteria
CTGTG,4705,Morganella morganii subsp. morganii KT__k5,bacteria
GCTCG,1932,Morganella morganii subsp. morganii KT__k5,bacteria
CCAAC,1464,Morganella morganii subsp. morganii KT__k5,bacteria
CAACA,3273,Morganella morganii subsp. morganii KT__k5,bacteria
TATTA,4412,Morganella morganii subsp. morganii KT__k5,bacteria
ATTAA,4849,Morganella morganii subsp. morganii KT__k5,bacteria
TAACG,3339,Morganella morganii subsp. morganii KT__k5,bacteria
AACGG,5532,Morganella morganii subsp. morganii KT__k5,bacteria
ACGGA,4482,Morganella morganii subsp. morganii KT__k5,bacteria
TGCCA,5221,Morganella morganii subsp. morganii KT__k5,bacteria
GCCAC,4293,Morganella morganii subsp. morganii KT__k5,bacteria
TTGAG,2486,Morganella morganii subsp. morganii KT__k5,bacteria
TGAGA,2369,Morganella morganii subsp. morganii KT__k5,bacteria
AGAAT,3595,Morganella morganii subsp. morganii KT__k5,bacteria
GAATT,3610,Morganella morganii subsp. morganii KT__k5,bacteria
TTCCA,4172,Morganella morganii subsp. morganii KT__k5,bacteria
TCCAG,5551,Morganella morganii subsp. morganii KT__k5,bacteria
TCTCC,2677,Morganella morganii subsp. morganii KT__k5,bacteria
GTGAG,2582,Morganella morganii subsp. morganii KT__k5,bacteria
CGTAC,1838,Morganella morganii subsp. morganii KT__k5,bacteria
TACCG,7331,Morganella morganii subsp. morganii KT__k5,bacteria
ACACT,2804,Morganella morganii subsp. morganii KT__k5,bacteria
GGTAC,3352,Morganella morganii subsp. morganii KT__k5,bacteria
GTACG,1857,Morganella morganii subsp. morganii KT__k5,bacteria
CGGAG,3157,Morganella morganii subsp. morganii KT__k5,bacteria
GAGTT,2063,Morganella morganii subsp. morganii KT__k5,bacteria
AGTTA,2247,Morganella morganii subsp. morganii KT__k5,bacteria
GTTAA,3321,Morganella morganii subsp. morganii KT__k5,bacteria
TTAAA,4444,Morganella morganii subsp. morganii KT__k5,bacteria
TAAAC,3814,Morganella morganii subsp. morganii KT__k5,bacteria
AAACG,4659,Morganella morganii subsp. morganii KT__k5,bacteria
ATGTA,1804,Morganella morganii subsp. morganii KT__k5,bacteria
TGTAA,3002,Morganella morganii subsp. morganii KT__k5,bacteria
TAACA,3399,Morganella morganii subsp. morganii KT__k5,bacteria
AACAT,3134,Morganella morganii subsp. morganii KT__k5,bacteria
ACATT,3089,Morganella morganii subsp. morganii KT__k5,bacteria
CGCCC,3973,Morganella morganii subsp. morganii KT__k5,bacteria
TCGTG,1655,Morganella morganii subsp. morganii KT__k5,bacteria
CGCGG,5929,Morganella morganii subsp. morganii KT__k5,bacteria
ATGTG,3453,Morganella morganii subsp. morganii KT__k5,bacteria
TGTGA,3968,Morganella morganii subsp. morganii KT__k5,bacteria
TGGAA,4235,Morganella morganii subsp. morganii KT__k5,bacteria
AAGTG,2872,Morganella morganii subsp. morganii KT__k5,bacteria
AGTGA,4140,Morganella morganii subsp. morganii KT__k5,bacteria
GAATG,3706,Morganella morganii subsp. morganii KT__k5,bacteria
AATGC,4611,Morganella morganii subsp. morganii KT__k5,bacteria
TGCAC,3704,Morganella morganii subsp. morganii KT__k5,bacteria
GATAT,6526,Morganella morganii subsp. morganii KT__k5,bacteria
GCCCT,2562,Morganella morganii subsp. morganii KT__k5,bacteria
AGCAG,8080,Morganella morganii subsp. morganii KT__k5,bacteria
AGATC,3127,Morganella morganii subsp. morganii KT__k5,bacteria
TGCGC,5541,Morganella morganii subsp. morganii KT__k5,bacteria
TTAAT,4827,Morganella morganii subsp. morganii KT__k5,bacteria
TAATG,4089,Morganella morganii subsp. morganii KT__k5,bacteria
AATGT,3142,Morganella morganii subsp. morganii KT__k5,bacteria
TACAC,1921,Morganella morganii subsp. morganii KT__k5,bacteria
GTCAA,2400,Morganella morganii subsp. morganii KT__k5,bacteria
TCAAT,4559,Morganella morganii subsp. morganii KT__k5,bacteria
CAATG,3636,Morganella morganii subsp. morganii KT__k5,bacteria
GGAAA,7073,Morganella morganii subsp. morganii KT__k5,bacteria
GAAAC,5081,Morganella morganii subsp. morganii KT__k5,bacteria
AGTTG,1795,Morganella morganii subsp. morganii KT__k5,bacteria
TTGGG,547,Morganella morganii subsp. morganii KT__k5,bacteria
GAAAA,8930,Morganella morganii subsp. morganii KT__k5,bacteria
CAGGT,4901,Morganella morganii subsp. morganii KT__k5,bacteria
AGGTC,2141,Morganella morganii subsp. morganii KT__k5,bacteria
AAAGG,3628,Morganella morganii subsp. morganii KT__k5,bacteria
AAGGA,1709,Morganella morganii subsp. morganii KT__k5,bacteria
AGGAA,3564,Morganella morganii subsp. morganii KT__k5,bacteria
GGTTC,3088,Morganella morganii subsp. morganii KT__k5,bacteria
GACGC,2676,Morganella morganii subsp. morganii KT__k5,bacteria
ACGCA,3151,Morganella morganii subsp. morganii KT__k5,bacteria
GCACG,2834,Morganella morganii subsp. morganii KT__k5,bacteria
CACGA,1686,Morganella morganii subsp. morganii KT__k5,bacteria
ACGAT,2493,Morganella morganii subsp. morganii KT__k5,bacteria
CGATA,4867,Morganella morganii subsp. morganii KT__k5,bacteria
ATAAC,5497,Morganella morganii subsp. morganii KT__k5,bacteria
GTGGA,3088,Morganella morganii subsp. morganii KT__k5,bacteria
TGGAG,1871,Morganella morganii subsp. morganii KT__k5,bacteria
GGAGG,1425,Morganella morganii subsp. morganii KT__k5,bacteria
GAGGA,2205,Morganella morganii subsp. morganii KT__k5,bacteria
GAAAG,4539,Morganella morganii subsp. morganii KT__k5,bacteria
AAGCA,3136,Morganella morganii subsp. morganii KT__k5,bacteria
CAAAG,4039,Morganella morganii subsp. morganii KT__k5,bacteria
AAAGA,4951,Morganella morganii subsp. morganii KT__k5,bacteria
GAACG,2956,Morganella morganii subsp. morganii KT__k5,bacteria
AACGC,3661,Morganella morganii subsp. morganii KT__k5,bacteria
CACAT,3541,Morganella morganii subsp. morganii KT__k5,bacteria
GAAGG,2922,Morganella morganii subsp. morganii KT__k5,bacteria
AAGGC,3031,Morganella morganii subsp. morganii KT__k5,bacteria
AGGCT,2382,Morganella morganii subsp. morganii KT__k5,bacteria
AGCAC,4077,Morganella morganii subsp. morganii KT__k5,bacteria
GAGTG,2186,Morganella morganii subsp. morganii KT__k5,bacteria
AAATT,5005,Morganella morganii subsp. morganii KT__k5,bacteria
GACAA,3530,Morganella morganii subsp. morganii KT__k5,bacteria
ACAAT,3765,Morganella morganii subsp. morganii KT__k5,bacteria
CTCCG,3123,Morganella morganii subsp. morganii KT__k5,bacteria
AGTCC,1901,Morganella morganii subsp. morganii KT__k5,bacteria
GTCCG,4713,Morganella morganii subsp. morganii KT__k5,bacteria
ACAGA,5111,Morganella morganii subsp. morganii KT__k5,bacteria
AGAGT,1736,Morganella morganii subsp. morganii KT__k5,bacteria
AGTGC,4133,Morganella morganii subsp. morganii KT__k5,bacteria
GTGCG,4187,Morganella morganii subsp. morganii KT__k5,bacteria
GGATA,6146,Morganella morganii subsp. morganii KT__k5,bacteria
GGTCC,998,Morganella morganii subsp. morganii KT__k5,bacteria
GCGTC,2718,Morganella morganii subsp. morganii KT__k5,bacteria
GGGAC,1460,Morganella morganii subsp. morganii KT__k5,bacteria
GACAT,3242,Morganella morganii subsp. morganii KT__k5,bacteria
GACTT,1876,Morganella morganii subsp. morganii KT__k5,bacteria
ACTTT,3337,Morganella morganii subsp. morganii KT__k5,bacteria
TGAAA,8131,Morganella morganii subsp. morganii KT__k5,bacteria
AAGCT,2175,Morganella morganii subsp. morganii KT__k5,bacteria
GCGAA,3342,Morganella morganii subsp. morganii KT__k5,bacteria
CGAAA,3855,Morganella morganii subsp. morganii KT__k5,bacteria
AAGCC,3837,Morganella morganii subsp. morganii KT__k5,bacteria
CGTCA,4880,Morganella morganii subsp. morganii KT__k5,bacteria
GAGCT,2135,Morganella morganii subsp. morganii KT__k5,bacteria
AGCTC,2198,Morganella morganii subsp. morganii KT__k5,bacteria
AATCC,4969,Morganella morganii subsp. morganii KT__k5,bacteria
AGGGC,2501,Morganella morganii subsp. morganii KT__k5,bacteria
GAGAT,2682,Morganella morganii subsp. morganii KT__k5,bacteria
AGATA,4184,Morganella morganii subsp. morganii KT__k5,bacteria
AGACG,2575,Morganella morganii subsp. morganii KT__k5,bacteria
AGCTA,855,Morganella morganii subsp. morganii KT__k5,bacteria
GCTAC,999,Morganella morganii subsp. morganii KT__k5,bacteria
CGCTT,3308,Morganella morganii subsp. morganii KT__k5,bacteria
TAAAG,4008,Morganella morganii subsp. morganii KT__k5,bacteria
AGAAG,2634,Morganella morganii subsp. morganii KT__k5,bacteria
TGTGG,3543,Morganella morganii subsp. morganii KT__k5,bacteria
ACAAC,2988,Morganella morganii subsp. morganii KT__k5,bacteria
GAATC,2898,Morganella morganii subsp. morganii KT__k5,bacteria
GTACA,2255,Morganella morganii subsp. morganii KT__k5,bacteria
AAAGT,3425,Morganella morganii subsp. morganii KT__k5,bacteria
GGTAG,1076,Morganella morganii subsp. morganii KT__k5,bacteria
GTAGC,1082,Morganella morganii subsp. morganii KT__k5,bacteria
TAGCC,1489,Morganella morganii subsp. morganii KT__k5,bacteria
ATACC,5225,Morganella morganii subsp. morganii KT__k5,bacteria
TACCA,2803,Morganella morganii subsp. morganii KT__k5,bacteria
GGAGA,2692,Morganella morganii subsp. morganii KT__k5,bacteria
GAGAC,1533,Morganella morganii subsp. morganii KT__k5,bacteria
AGCCA,3750,Morganella morganii subsp. morganii KT__k5,bacteria
CCACT,2428,Morganella morganii subsp. morganii KT__k5,bacteria
ATGCG,4205,Morganella morganii subsp. morganii KT__k5,bacteria
ACCCA,2301,Morganella morganii subsp. morganii KT__k5,bacteria
CTGAA,8322,Morganella morganii subsp. morganii KT__k5,bacteria
TACAT,1747,Morganella morganii subsp. morganii KT__k5,bacteria
ACATC,4213,Morganella morganii subsp. morganii KT__k5,bacteria
ACCTC,1749,Morganella morganii subsp. morganii KT__k5,bacteria
TTACC,5467,Morganella morganii subsp. morganii KT__k5,bacteria
TACCC,2663,Morganella morganii subsp. morganii KT__k5,bacteria
AGCGA,2338,Morganella morganii subsp. morganii KT__k5,bacteria
CACTC,2313,Morganella morganii subsp. morganii KT__k5,bacteria
GCCCC,2291,Morganella morganii subsp. morganii KT__k5,bacteria
CCCCC,1290,Morganella morganii subsp. morganii KT__k5,bacteria
CCCCG,3901,Morganella morganii subsp. morganii KT__k5,bacteria
GATTC,3011,Morganella morganii subsp. morganii KT__k5,bacteria
GGGGG,1302,Morganella morganii subsp. morganii KT__k5,bacteria
AGTAA,2992,Morganella morganii subsp. morganii KT__k5,bacteria
TTCAA,3219,Morganella morganii subsp. morganii KT__k5,bacteria
CACTT,2842,Morganella morganii subsp. morganii KT__k5,bacteria
ATCTT,3133,Morganella morganii subsp. morganii KT__k5,bacteria
TCTTC,4242,Morganella morganii subsp. morganii KT__k5,bacteria
ATGAA,5531,Morganella morganii subsp. morganii KT__k5,bacteria
TGAAG,4051,Morganella morganii subsp. morganii KT__k5,bacteria
CCAGG,3881,Morganella morganii subsp. morganii KT__k5,bacteria
AAGAT,3237,Morganella morganii subsp. morganii KT__k5,bacteria
AGATG,3184,Morganella morganii subsp. morganii KT__k5,bacteria
GTAGG,480,Morganella morganii subsp. morganii KT__k5,bacteria
TAGGC,748,Morganella morganii subsp. morganii KT__k5,bacteria
AGGCA,3347,Morganella morganii subsp. morganii KT__k5,bacteria
TTCGT,1995,Morganella morganii subsp. morganii KT__k5,bacteria
CGTAA,2937,Morganella morganii subsp. morganii KT__k5,bacteria
AATAC,4615,Morganella morganii subsp. morganii KT__k5,bacteria
CATTT,4582,Morganella morganii subsp. morganii KT__k5,bacteria
ATTTG,3175,Morganella morganii subsp. morganii KT__k5,bacteria
CCGAG,2266,Morganella morganii subsp. morganii KT__k5,bacteria
CGAGA,1309,Morganella morganii subsp. morganii KT__k5,bacteria
TCCGT,4557,Morganella morganii subsp. morganii KT__k5,bacteria
GTAGA,706,Morganella morganii subsp. morganii KT__k5,bacteria
TAGAT,878,Morganella morganii subsp. morganii KT__k5,bacteria
TATCC,5960,Morganella morganii subsp. morganii KT__k5,bacteria
TCCCC,2751,Morganella morganii subsp. morganii KT__k5,bacteria
CCCCT,1485,Morganella morganii subsp. morganii KT__k5,bacteria
ACATG,1931,Morganella morganii subsp. morganii KT__k5,bacteria
ATCCA,4718,Morganella morganii subsp. morganii KT__k5,bacteria
AATTG,2558,Morganella morganii subsp. morganii KT__k5,bacteria
CTCCA,1871,Morganella morganii subsp. morganii KT__k5,bacteria
ATGGT,3919,Morganella morganii subsp. morganii KT__k5,bacteria
TACTC,1476,Morganella morganii subsp. morganii KT__k5,bacteria
ACTCT,1705,Morganella morganii subsp. morganii KT__k5,bacteria
GTAAG,1763,Morganella morganii subsp. morganii KT__k5,bacteria
TAAGC,2101,Morganella morganii subsp. morganii KT__k5,bacteria
CAATA,4606,Morganella morganii subsp. morganii KT__k5,bacteria
ATATT,6358,Morganella morganii subsp. morganii KT__k5,bacteria
GTATA,1922,Morganella morganii subsp. morganii KT__k5,bacteria
TATAA,3184,Morganella morganii subsp. morganii KT__k5,bacteria
TCGAG,1242,Morganella morganii subsp. morganii KT__k5,bacteria
CGAGT,1093,Morganella morganii subsp. morganii KT__k5,bacteria
TTGGC,2321,Morganella morganii subsp. morganii KT__k5,bacteria
CATGT,2018,Morganella morganii subsp. morganii KT__k5,bacteria
TGACT,2859,Morganella morganii subsp. morganii KT__k5,bacteria
AATTT,4991,Morganella morganii subsp. morganii KT__k5,bacteria
TAATT,3853,Morganella morganii subsp. morganii KT__k5,bacteria
GGCCC,1648,Morganella morganii subsp. morganii KT__k5,bacteria
AGGTT,2754,Morganella morganii subsp. morganii KT__k5,bacteria
TTCGA,1512,Morganella morganii subsp. morganii KT__k5,bacteria
TAATC,4486,Morganella morganii subsp. morganii KT__k5,bacteria
CCCCA,1609,Morganella morganii subsp. morganii KT__k5,bacteria
CCCAG,3559,Morganella morganii subsp. morganii KT__k5,bacteria
CTTTT,4689,Morganella morganii subsp. morganii KT__k5,bacteria
GTGTA,1912,Morganella morganii subsp. morganii KT__k5,bacteria
TCAAG,1251,Morganella morganii subsp. morganii KT__k5,bacteria
CAAGC,1347,Morganella morganii subsp. morganii KT__k5,bacteria
CGTGC,2856,Morganella morganii subsp. morganii KT__k5,bacteria
CACAC,3829,Morganella morganii subsp. morganii KT__k5,bacteria
ACTCC,1629,Morganella morganii subsp. morganii KT__k5,bacteria
TGCAT,4015,Morganella morganii subsp. morganii KT__k5,bacteria
TGTAG,893,Morganella morganii subsp. morganii KT__k5,bacteria
CGTGT,2011,Morganella morganii subsp. morganii KT__k5,bacteria
GCTCC,2201,Morganella morganii subsp. morganii KT__k5,bacteria
CTCCC,1546,Morganella morganii subsp. morganii KT__k5,bacteria
GCAAG,1389,Morganella morganii subsp. morganii KT__k5,bacteria
CGGGT,5107,Morganella morganii subsp. morganii KT__k5,bacteria
GGGTG,3550,Morganella morganii subsp. morganii KT__k5,bacteria
GGAAT,4065,Morganella morganii subsp. morganii KT__k5,bacteria
TTCTA,883,Morganella morganii subsp. morganii KT__k5,bacteria
CCATA,2506,Morganella morganii subsp. morganii KT__k5,bacteria
TTGCA,2743,Morganella morganii subsp. morganii KT__k5,bacteria
AACCA,4012,Morganella morganii subsp. morganii KT__k5,bacteria
TTATA,3098,Morganella morganii subsp. morganii KT__k5,bacteria
TATAT,2827,Morganella morganii subsp. morganii KT__k5,bacteria
TTAAG,1639,Morganella morganii subsp. morganii KT__k5,bacteria
TAAGA,1572,Morganella morganii subsp. morganii KT__k5,bacteria
AAGAC,2085,Morganella morganii subsp. morganii KT__k5,bacteria
TCAGG,6549,Morganella morganii subsp. morganii KT__k5,bacteria
AATAG,1811,Morganella morganii subsp. morganii KT__k5,bacteria
ATAGC,2505,Morganella morganii subsp. morganii KT__k5,bacteria
AACTA,1145,Morganella morganii subsp. morganii KT__k5,bacteria
GAGGC,1918,Morganella morganii subsp. morganii KT__k5,bacteria
GGGAG,1532,Morganella morganii subsp. morganii KT__k5,bacteria
GAGAG,1787,Morganella morganii subsp. morganii KT__k5,bacteria
AGTGT,2836,Morganella morganii subsp. morganii KT__k5,bacteria
GCATA,3421,Morganella morganii subsp. morganii KT__k5,bacteria
ACAAG,1017,Morganella morganii subsp. morganii KT__k5,bacteria
GTCTT,2059,Morganella morganii subsp. morganii KT__k5,bacteria
AGGGT,2300,Morganella morganii subsp. morganii KT__k5,bacteria
GGGTC,2056,Morganella morganii subsp. morganii KT__k5,bacteria
CACGT,1424,Morganella morganii subsp. morganii KT__k5,bacteria
ACGTG,1473,Morganella morganii subsp. morganii KT__k5,bacteria
ATAGA,1685,Morganella morganii subsp. morganii KT__k5,bacteria
TAGAG,781,Morganella morganii subsp. morganii KT__k5,bacteria
GCCCA,2042,Morganella morganii subsp. morganii KT__k5,bacteria
AGTAC,2132,Morganella morganii subsp. morganii KT__k5,bacteria
CAACG,2384,Morganella morganii subsp. morganii KT__k5,bacteria
TCACA,4028,Morganella morganii subsp. morganii KT__k5,bacteria
ACACG,1980,Morganella morganii subsp. morganii KT__k5,bacteria
GGACG,2495,Morganella morganii subsp. morganii KT__k5,bacteria
AGAGG,1652,Morganella morganii subsp. morganii KT__k5,bacteria
AGGAC,1309,Morganella morganii subsp. morganii KT__k5,bacteria
CCAAT,1960,Morganella morganii subsp. morganii KT__k5,bacteria
ACCTA,851,Morganella morganii subsp. morganii KT__k5,bacteria
CCTAC,519,Morganella morganii subsp. morganii KT__k5,bacteria
TCCAC,3089,Morganella morganii subsp. morganii KT__k5,bacteria
TAGCA,1012,Morganella morganii subsp. morganii KT__k5,bacteria
CCATG,3139,Morganella morganii subsp. morganii KT__k5,bacteria
CATGC,3359,Morganella morganii subsp. morganii KT__k5,bacteria
CCACG,2632,Morganella morganii subsp. morganii KT__k5,bacteria
AGGCC,2656,Morganella morganii subsp. morganii KT__k5,bacteria
ACGGG,3850,Morganella morganii subsp. morganii KT__k5,bacteria
GTGCA,3640,Morganella morganii subsp. morganii KT__k5,bacteria
GCCAA,2369,Morganella morganii subsp. morganii KT__k5,bacteria
AACGA,1955,Morganella morganii subsp. morganii KT__k5,bacteria
CTTGT,999,Morganella morganii subsp. morganii KT__k5,bacteria
TGTTG,3281,Morganella morganii subsp. morganii KT__k5,bacteria
GTTGT,2972,Morganella morganii subsp. morganii KT__k5,bacteria
AAGTC,1924,Morganella morganii subsp. morganii KT__k5,bacteria
GTCCC,1525,Morganella morganii subsp. morganii KT__k5,bacteria
GATAG,2759,Morganella morganii subsp. morganii KT__k5,bacteria
ACGTT,2206,Morganella morganii subsp. morganii KT__k5,bacteria
CGTTA,3374,Morganella morganii subsp. morganii KT__k5,bacteria
GAGCG,2796,Morganella morganii subsp. morganii KT__k5,bacteria
ATAAG,2660,Morganella morganii subsp. morganii KT__k5,bacteria
AGTAG,597,Morganella morganii subsp. morganii KT__k5,bacteria
GTAGT,1044,Morganella morganii subsp. morganii KT__k5,bacteria
TAGTT,1131,Morganella morganii subsp. morganii KT__k5,bacteria
GTCGA,1480,Morganella morganii subsp. morganii KT__k5,bacteria
CGAGC,1953,Morganella morganii subsp. morganii KT__k5,bacteria
CCCAT,1921,Morganella morganii subsp. morganii KT__k5,bacteria
TCTAA,588,Morganella morganii subsp. morganii KT__k5,bacteria
CTAAG,418,Morganella morganii subsp. morganii KT__k5,bacteria
TAAGG,1447,Morganella morganii subsp. morganii KT__k5,bacteria
AAGGT,2601,Morganella morganii subsp. morganii KT__k5,bacteria
AGGTA,2246,Morganella morganii subsp. morganii KT__k5,bacteria
AATGA,4801,Morganella morganii subsp. morganii KT__k5,bacteria
TAGCT,901,Morganella morganii subsp. morganii KT__k5,bacteria
ATTGG,1913,Morganella morganii subsp. morganii KT__k5,bacteria
CATAG,1563,Morganella morganii subsp. morganii KT__k5,bacteria
CGTCG,1603,Morganella morganii subsp. morganii KT__k5,bacteria
ACCCC,1953,Morganella morganii subsp. morganii KT__k5,bacteria
GTTAG,817,Morganella morganii subsp. morganii KT__k5,bacteria
TTTGG,2523,Morganella morganii subsp. morganii KT__k5,bacteria
GGCTA,1490,Morganella morganii subsp. morganii KT__k5,bacteria
CATAA,4300,Morganella morganii subsp. morganii KT__k5,bacteria
TCTTA,1561,Morganella morganii subsp. morganii KT__k5,bacteria
CTTAT,2599,Morganella morganii subsp. morganii KT__k5,bacteria
ATATG,3361,Morganella morganii subsp. morganii KT__k5,bacteria
TATGG,2536,Morganella morganii subsp. morganii KT__k5,bacteria
TCGGA,1769,Morganella morganii subsp. morganii KT__k5,bacteria
ATCTC,2789,Morganella morganii subsp. morganii KT__k5,bacteria
AAGGG,1754,Morganella morganii subsp. morganii KT__k5,bacteria
GGAGC,2266,Morganella morganii subsp. morganii KT__k5,bacteria
CTCTC,1807,Morganella morganii subsp. morganii KT__k5,bacteria
TCTCT,2607,Morganella morganii subsp. morganii KT__k5,bacteria
ATTCG,1852,Morganella morganii subsp. morganii KT__k5,bacteria
TGAGG,2415,Morganella morganii subsp. morganii KT__k5,bacteria
ACGAG,735,Morganella morganii subsp. morganii KT__k5,bacteria
CGAGG,1532,Morganella morganii subsp. morganii KT__k5,bacteria
GAGGT,1762,Morganella morganii subsp. morganii KT__k5,bacteria
AGGTG,2998,Morganella morganii subsp. morganii KT__k5,bacteria
ACTCG,1085,Morganella morganii subsp. morganii KT__k5,bacteria
ATACG,2807,Morganella morganii subsp. morganii KT__k5,bacteria
CAAGG,1098,Morganella morganii subsp. morganii KT__k5,bacteria
ATCGT,2403,Morganella morganii subsp. morganii KT__k5,bacteria
TGGTA,2692,Morganella morganii subsp. morganii KT__k5,bacteria
CGAAT,1760,Morganella morganii subsp. morganii KT__k5,bacteria
TGCGT,3172,Morganella morganii subsp. morganii KT__k5,bacteria
ACATA,2431,Morganella morganii subsp. morganii KT__k5,bacteria
AGGGG,1360,Morganella morganii subsp. morganii KT__k5,bacteria
ACGCT,2593,Morganella morganii subsp. morganii KT__k5,bacteria
TGGGT,2192,Morganella morganii subsp. morganii KT__k5,bacteria
TTGTA,1691,Morganella morganii subsp. morganii KT__k5,bacteria
CGTAG,746,Morganella morganii subsp. morganii KT__k5,bacteria
TTGGA,894,Morganella morganii subsp. morganii KT__k5,bacteria
TAGAA,878,Morganella morganii subsp. morganii KT__k5,bacteria
ATATA,2998,Morganella morganii subsp. morganii KT__k5,bacteria
TATAC,1942,Morganella morganii subsp. morganii KT__k5,bacteria
GAGGG,1139,Morganella morganii subsp. morganii KT__k5,bacteria
GGGTA,2708,Morganella morganii subsp. morganii KT__k5,bacteria
ATAGT,2020,Morganella morganii subsp. morganii KT__k5,bacteria
TAGTC,993,Morganella morganii subsp. morganii KT__k5,bacteria
ACGTC,1503,Morganella morganii subsp. morganii KT__k5,bacteria
GCTTA,1989,Morganella morganii subsp. morganii KT__k5,bacteria
CTTAA,1649,Morganella morganii subsp. morganii KT__k5,bacteria
CCTTG,1121,Morganella morganii subsp. morganii KT__k5,bacteria
ACTTA,1369,Morganella morganii subsp. morganii KT__k5,bacteria
CTTAC,1703,Morganella morganii subsp. morganii KT__k5,bacteria
TCCCT,1994,Morganella morganii subsp. morganii KT__k5,bacteria
CCCTA,376,Morganella morganii subsp. morganii KT__k5,bacteria
CCTAT,1204,Morganella morganii subsp. morganii KT__k5,bacteria
GACTC,1135,Morganella morganii subsp. morganii KT__k5,bacteria
CTAAC,820,Morganella morganii subsp. morganii KT__k5,bacteria
AACGT,2190,Morganella morganii subsp. morganii KT__k5,bacteria
TGTAT,2923,Morganella morganii subsp. morganii KT__k5,bacteria
CATAT,3387,Morganella morganii subsp. morganii KT__k5,bacteria
CGACT,1187,Morganella morganii subsp. morganii KT__k5,bacteria
AATTA,3750,Morganella morganii subsp. morganii KT__k5,bacteria
GACGT,1578,Morganella morganii subsp. morganii KT__k5,bacteria
ACGTA,1099,Morganella morganii subsp. morganii KT__k5,bacteria
TATGA,3459,Morganella morganii subsp. morganii KT__k5,bacteria
CTATG,1514,Morganella morganii subsp. morganii KT__k5,bacteria
CTCGA,1280,Morganella morganii subsp. morganii KT__k5,bacteria
TCGAC,1541,Morganella morganii subsp. morganii KT__k5,bacteria
TTAGG,556,Morganella morganii subsp. morganii KT__k5,bacteria
TAGGA,401,Morganella morganii subsp. morganii KT__k5,bacteria
TAAGT,1360,Morganella morganii subsp. morganii KT__k5,bacteria
GTACT,2123,Morganella morganii subsp. morganii KT__k5,bacteria
CTATA,1309,Morganella morganii subsp. morganii KT__k5,bacteria
CCCAA,570,Morganella morganii subsp. morganii KT__k5,bacteria
CAAGT,734,Morganella morganii subsp. morganii KT__k5,bacteria
TGCTA,1068,Morganella morganii subsp. morganii KT__k5,bacteria
AACTT,1814,Morganella morganii subsp. morganii KT__k5,bacteria
GCCTA,774,Morganella morganii subsp. morganii KT__k5,bacteria
TCCTA,439,Morganella morganii subsp. morganii KT__k5,bacteria
TACGT,1089,Morganella morganii subsp. morganii KT__k5,bacteria
GACTA,943,Morganella morganii subsp. morganii KT__k5,bacteria
CTACC,1054,Morganella morganii subsp. morganii KT__k5,bacteria
ATCTA,858,Morganella morganii subsp. morganii KT__k5,bacteria
CTACA,759,Morganella morganii subsp. morganii KT__k5,bacteria
TGGAC,1503,Morganella morganii subsp. morganii KT__k5,bacteria
AAGTA,1603,Morganella morganii subsp. morganii KT__k5,bacteria
CCAAG,548,Morganella morganii subsp. morganii KT__k5,bacteria
CTCGT,746,Morganella morganii subsp. morganii KT__k5,bacteria
CCTTA,1460,Morganella morganii subsp. morganii KT__k5,bacteria
TATAG,1374,Morganella morganii subsp. morganii KT__k5,bacteria
TCCAA,827,Morganella morganii subsp. morganii KT__k5,bacteria
TCGTA,1009,Morganella morganii subsp. morganii KT__k5,bacteria
TAGGG,400,Morganella morganii subsp. morganii KT__k5,bacteria
ATAGG,1297,Morganella morganii subsp. morganii KT__k5,bacteria
TAGGT,875,Morganella morganii subsp. morganii KT__k5,bacteria
GCGAG,1644,Morganella morganii subsp. morganii KT__k5,bacteria
ACTTG,733,Morganella morganii subsp. morganii KT__k5,bacteria
CTTGG,559,Morganella morganii subsp. morganii KT__k5,bacteria
TAGAC,557,Morganella morganii subsp. morganii KT__k5,bacteria
ATTAG,980,Morganella morganii subsp. morganii KT__k5,bacteria
TAGTA,755,Morganella morganii subsp. morganii KT__k5,bacteria
ACTAA,1048,Morganella morganii subsp. morganii KT__k5,bacteria
CTTAG,428,Morganella morganii subsp. morganii KT__k5,bacteria
CAAGA,1026,Morganella morganii subsp. morganii KT__k5,bacteria
CTAAA,1085,Morganella morganii subsp. morganii KT__k5,bacteria
TTAGA,603,Morganella morganii subsp. morganii KT__k5,bacteria
CCTAA,616,Morganella morganii subsp. morganii KT__k5,bacteria
GCTAG,126,Morganella morganii subsp. morganii KT__k5,bacteria
CTAGC,117,Morganella morganii subsp. morganii KT__k5,bacteria
CCTAG,101,Morganella morganii subsp. morganii KT__k5,bacteria
TCTAG,81,Morganella morganii subsp. morganii KT__k5,bacteria
CTAGA,100,Morganella morganii subsp. morganii KT__k5,bacteria
ACTAG,100,Morganella morganii subsp. morganii KT__k5,bacteria
CTAGT,100,Morganella morganii subsp. morganii KT__k5,bacteria
CTAGG,91,Morganella morganii subsp. morganii KT__k5,bacteria
TCTGT,3688,proteuspm_HI4320__k5,bacteria
CTGTA,3079,proteuspm_HI4320__k5,bacteria
TGTAA,4604,proteuspm_HI4320__k5,bacteria
GTAAC,3303,proteuspm_HI4320__k5,bacteria
TAACT,5364,proteuspm_HI4320__k5,bacteria
AACTC,3443,proteuspm_HI4320__k5,bacteria
ACTCC,1429,proteuspm_HI4320__k5,bacteria
CTCCC,1417,proteuspm_HI4320__k5,bacteria
TCCCC,2272,proteuspm_HI4320__k5,bacteria
CCCCC,1652,proteuspm_HI4320__k5,bacteria
CCCCT,2135,proteuspm_HI4320__k5,bacteria
CCCTT,2746,proteuspm_HI4320__k5,bacteria
CCTTA,3052,proteuspm_HI4320__k5,bacteria
CTTAT,5893,proteuspm_HI4320__k5,bacteria
TTATT,16947,proteuspm_HI4320__k5,bacteria
TATTA,12767,proteuspm_HI4320__k5,bacteria
ATTAG,7205,proteuspm_HI4320__k5,bacteria
TTAGT,5074,proteuspm_HI4320__k5,bacteria
TAGTA,3177,proteuspm_HI4320__k5,bacteria
AGTAG,2357,proteuspm_HI4320__k5,bacteria
GTAGT,2297,proteuspm_HI4320__k5,bacteria
AGTAA,5848,proteuspm_HI4320__k5,bacteria
GTAAT,6935,proteuspm_HI4320__k5,bacteria
TAATA,12894,proteuspm_HI4320__k5,bacteria
AATAT,12635,proteuspm_HI4320__k5,bacteria
ATATG,4871,proteuspm_HI4320__k5,bacteria
TATGT,3688,proteuspm_HI4320__k5,bacteria
ATGTA,3561,proteuspm_HI4320__k5,bacteria
TGTAT,4143,proteuspm_HI4320__k5,bacteria
GTATA,2819,proteuspm_HI4320__k5,bacteria
TATAC,2725,proteuspm_HI4320__k5,bacteria
ATACT,4083,proteuspm_HI4320__k5,bacteria
TACTA,3045,proteuspm_HI4320__k5,bacteria
ACTAC,2288,proteuspm_HI4320__k5,bacteria
CTACA,2243,proteuspm_HI4320__k5,bacteria
TACAA,4430,proteuspm_HI4320__k5,bacteria
ACAAT,6075,proteuspm_HI4320__k5,bacteria
CAATA,10314,proteuspm_HI4320__k5,bacteria
ATATA,6397,proteuspm_HI4320__k5,bacteria
TATAA,7216,proteuspm_HI4320__k5,bacteria
ATAAG,6003,proteuspm_HI4320__k5,bacteria
TAAGT,4621,proteuspm_HI4320__k5,bacteria
AAGTA,4919,proteuspm_HI4320__k5,bacteria
TAATG,10188,proteuspm_HI4320__k5,bacteria
AATGC,6698,proteuspm_HI4320__k5,bacteria
ATGCT,5013,proteuspm_HI4320__k5,bacteria
TGCTC,3789,proteuspm_HI4320__k5,bacteria
GCTCG,1672,proteuspm_HI4320__k5,bacteria
CTCGA,1658,proteuspm_HI4320__k5,bacteria
TCGAA,1987,proteuspm_HI4320__k5,bacteria
CGAAT,2798,proteuspm_HI4320__k5,bacteria
GAATA,6842,proteuspm_HI4320__k5,bacteria
AATAA,17056,proteuspm_HI4320__k5,bacteria
ATAAA,16006,proteuspm_HI4320__k5,bacteria
TAAAT,12552,proteuspm_HI4320__k5,bacteria
AAATT,11791,proteuspm_HI4320__k5,bacteria
AATTT,11899,proteuspm_HI4320__k5,bacteria
ATTTT,16434,proteuspm_HI4320__k5,bacteria
TTTTA,16002,proteuspm_HI4320__k5,bacteria
TTTAT,15950,proteuspm_HI4320__k5,bacteria
TATTT,15056,proteuspm_HI4320__k5,bacteria
ATTTA,12505,proteuspm_HI4320__k5,bacteria
TTTAA,13110,proteuspm_HI4320__k5,bacteria
TTAAA,13176,proteuspm_HI4320__k5,bacteria
AATTG,7176,proteuspm_HI4320__k5,bacteria
ATTGT,5968,proteuspm_HI4320__k5,bacteria
TTGTA,4378,proteuspm_HI4320__k5,bacteria
TGTAG,2257,proteuspm_HI4320__k5,bacteria
GTAGG,1570,proteuspm_HI4320__k5,bacteria
TAGGT,3601,proteuspm_HI4320__k5,bacteria
AGGTA,4657,proteuspm_HI4320__k5,bacteria
GGTAA,6456,proteuspm_HI4320__k5,bacteria
GTAAA,7783,proteuspm_HI4320__k5,bacteria
ATTGA,8725,proteuspm_HI4320__k5,bacteria
TTGAG,4286,proteuspm_HI4320__k5,bacteria
TGAGG,2204,proteuspm_HI4320__k5,bacteria
GAGGC,1680,proteuspm_HI4320__k5,bacteria
AGGCA,3154,proteuspm_HI4320__k5,bacteria
GGCAA,5339,proteuspm_HI4320__k5,bacteria
GCAAT,6865,proteuspm_HI4320__k5,bacteria
AATAG,8009,proteuspm_HI4320__k5,bacteria
ATAGA,4872,proteuspm_HI4320__k5,bacteria
TAGAA,4695,proteuspm_HI4320__k5,bacteria
AGAAA,8822,proteuspm_HI4320__k5,bacteria
GAAAA,10261,proteuspm_HI4320__k5,bacteria
AAAAG,10152,proteuspm_HI4320__k5,bacteria
AAAGA,8729,proteuspm_HI4320__k5,bacteria
AAGAA,7668,proteuspm_HI4320__k5,bacteria
AAAAA,21094,proteuspm_HI4320__k5,bacteria
AAAAT,16317,proteuspm_HI4320__k5,bacteria
ATTTG,6871,proteuspm_HI4320__k5,bacteria
TTTGA,6794,proteuspm_HI4320__k5,bacteria
TTGAC,3339,proteuspm_HI4320__k5,bacteria
TGACA,3615,proteuspm_HI4320__k5,bacteria
GACAT,2863,proteuspm_HI4320__k5,bacteria
ACATC,4167,proteuspm_HI4320__k5,bacteria
CATCT,4383,proteuspm_HI4320__k5,bacteria
ATCTC,3371,proteuspm_HI4320__k5,bacteria
TCTCT,3988,proteuspm_HI4320__k5,bacteria
CTCTC,2092,proteuspm_HI4320__k5,bacteria
TCTCG,1664,proteuspm_HI4320__k5,bacteria
CTCGC,1824,proteuspm_HI4320__k5,bacteria
TCGCT,3731,proteuspm_HI4320__k5,bacteria
CGCTT,4561,proteuspm_HI4320__k5,bacteria
GCTTT,7340,proteuspm_HI4320__k5,bacteria
CTTTG,4667,proteuspm_HI4320__k5,bacteria
TTTGC,6455,proteuspm_HI4320__k5,bacteria
TTGCT,7669,proteuspm_HI4320__k5,bacteria
TGCTT,6123,proteuspm_HI4320__k5,bacteria
CTTTA,9098,proteuspm_HI4320__k5,bacteria
TTAAC,7235,proteuspm_HI4320__k5,bacteria
TAACC,5023,proteuspm_HI4320__k5,bacteria
AACCA,6424,proteuspm_HI4320__k5,bacteria
ACCAG,3101,proteuspm_HI4320__k5,bacteria
CCAGT,3201,proteuspm_HI4320__k5,bacteria
CAGTA,4009,proteuspm_HI4320__k5,bacteria
AGTAT,4059,proteuspm_HI4320__k5,bacteria
TATAG,3277,proteuspm_HI4320__k5,bacteria
ATAGG,3205,proteuspm_HI4320__k5,bacteria
TAGGG,1966,proteuspm_HI4320__k5,bacteria
AGGGT,1876,proteuspm_HI4320__k5,bacteria
GGGTC,761,proteuspm_HI4320__k5,bacteria
GGTCA,2594,proteuspm_HI4320__k5,bacteria
GTCAA,3313,proteuspm_HI4320__k5,bacteria
TCAAA,6711,proteuspm_HI4320__k5,bacteria
CAAAC,4224,proteuspm_HI4320__k5,bacteria
AAACT,5688,proteuspm_HI4320__k5,bacteria
AACTA,4016,proteuspm_HI4320__k5,bacteria
ACTAA,5149,proteuspm_HI4320__k5,bacteria
CTAAT,7173,proteuspm_HI4320__k5,bacteria
TAATT,11491,proteuspm_HI4320__k5,bacteria
TTTTG,9973,proteuspm_HI4320__k5,bacteria
TGAGA,2992,proteuspm_HI4320__k5,bacteria
GAGAC,1252,proteuspm_HI4320__k5,bacteria
AGACA,2439,proteuspm_HI4320__k5,bacteria
GACAG,2054,proteuspm_HI4320__k5,bacteria
ACAGA,3681,proteuspm_HI4320__k5,bacteria
CAGAC,1818,proteuspm_HI4320__k5,bacteria
ACAGG,3131,proteuspm_HI4320__k5,bacteria
CAGGA,2846,proteuspm_HI4320__k5,bacteria
AGGAT,3242,proteuspm_HI4320__k5,bacteria
GGATT,3772,proteuspm_HI4320__k5,bacteria
GATTG,4605,proteuspm_HI4320__k5,bacteria
TTGTT,8941,proteuspm_HI4320__k5,bacteria
TGTTA,6205,proteuspm_HI4320__k5,bacteria
GTTAT,7384,proteuspm_HI4320__k5,bacteria
TTATG,6573,proteuspm_HI4320__k5,bacteria
TATGC,3679,proteuspm_HI4320__k5,bacteria
ATGCG,3200,proteuspm_HI4320__k5,bacteria
TGCGT,2707,proteuspm_HI4320__k5,bacteria
GCGTA,2657,proteuspm_HI4320__k5,bacteria
CGTAC,1615,proteuspm_HI4320__k5,bacteria
GTACT,2694,proteuspm_HI4320__k5,bacteria
TACTT,4940,proteuspm_HI4320__k5,bacteria
ACTTA,4606,proteuspm_HI4320__k5,bacteria
CTTAC,2830,proteuspm_HI4320__k5,bacteria
TTACA,4499,proteuspm_HI4320__k5,bacteria
TACAG,3096,proteuspm_HI4320__k5,bacteria
ACAGC,3612,proteuspm_HI4320__k5,bacteria
CAGCC,2785,proteuspm_HI4320__k5,bacteria
AGCCC,2086,proteuspm_HI4320__k5,bacteria
GCCCA,2366,proteuspm_HI4320__k5,bacteria
CCCAG,1691,proteuspm_HI4320__k5,bacteria
CAGTG,3438,proteuspm_HI4320__k5,bacteria
AGTGA,4943,proteuspm_HI4320__k5,bacteria
GTGAC,2600,proteuspm_HI4320__k5,bacteria
TGACT,3546,proteuspm_HI4320__k5,bacteria
GACTA,2272,proteuspm_HI4320__k5,bacteria
ACTAT,4649,proteuspm_HI4320__k5,bacteria
CTATG,2529,proteuspm_HI4320__k5,bacteria
TATGA,4731,proteuspm_HI4320__k5,bacteria
ATGAA,7440,proteuspm_HI4320__k5,bacteria
TGAAT,6297,proteuspm_HI4320__k5,bacteria
AATAC,7306,proteuspm_HI4320__k5,bacteria
ATACA,4112,proteuspm_HI4320__k5,bacteria
CAATT,7506,proteuspm_HI4320__k5,bacteria
AATTA,11592,proteuspm_HI4320__k5,bacteria
ATTAT,12223,proteuspm_HI4320__k5,bacteria
ATTAC,6851,proteuspm_HI4320__k5,bacteria
TTACC,6233,proteuspm_HI4320__k5,bacteria
TACCA,4986,proteuspm_HI4320__k5,bacteria
ACCAC,4511,proteuspm_HI4320__k5,bacteria
CCACC,3315,proteuspm_HI4320__k5,bacteria
CACCA,6373,proteuspm_HI4320__k5,bacteria
CACCG,2923,proteuspm_HI4320__k5,bacteria
ACCGG,2176,proteuspm_HI4320__k5,bacteria
CCGGA,1363,proteuspm_HI4320__k5,bacteria
CGGAA,1857,proteuspm_HI4320__k5,bacteria
GGAAT,3486,proteuspm_HI4320__k5,bacteria
GAATT,5087,proteuspm_HI4320__k5,bacteria
TTATA,7161,proteuspm_HI4320__k5,bacteria
TATAT,6328,proteuspm_HI4320__k5,bacteria
ATATT,12689,proteuspm_HI4320__k5,bacteria
TATTG,10288,proteuspm_HI4320__k5,bacteria
ATTGC,6872,proteuspm_HI4320__k5,bacteria
TTGCG,3581,proteuspm_HI4320__k5,bacteria
TGCGG,2678,proteuspm_HI4320__k5,bacteria
GCGGG,1922,proteuspm_HI4320__k5,bacteria
CGGGG,1185,proteuspm_HI4320__k5,bacteria
GGGGC,1775,proteuspm_HI4320__k5,bacteria
GGGCG,1767,proteuspm_HI4320__k5,bacteria
GGCGG,2044,proteuspm_HI4320__k5,bacteria
CGGGC,1165,proteuspm_HI4320__k5,bacteria
GGGCT,2090,proteuspm_HI4320__k5,bacteria
GGCTG,2704,proteuspm_HI4320__k5,bacteria
GCTGT,3574,proteuspm_HI4320__k5,bacteria
CTGTC,2063,proteuspm_HI4320__k5,bacteria
TGTCG,2508,proteuspm_HI4320__k5,bacteria
GTCGC,2089,proteuspm_HI4320__k5,bacteria
TCGCA,2587,proteuspm_HI4320__k5,bacteria
CGCAT,3259,proteuspm_HI4320__k5,bacteria
GCATA,3680,proteuspm_HI4320__k5,bacteria
CATAT,4954,proteuspm_HI4320__k5,bacteria
TAAAA,16073,proteuspm_HI4320__k5,bacteria
AAAAC,9990,proteuspm_HI4320__k5,bacteria
AAACA,8437,proteuspm_HI4320__k5,bacteria
AACAA,9096,proteuspm_HI4320__k5,bacteria
ACAAA,7093,proteuspm_HI4320__k5,bacteria
CAAAA,10126,proteuspm_HI4320__k5,bacteria
AAACG,5260,proteuspm_HI4320__k5,bacteria
AACGA,3875,proteuspm_HI4320__k5,bacteria
ACGAA,2785,proteuspm_HI4320__k5,bacteria
CGAAA,3297,proteuspm_HI4320__k5,bacteria
AAAGC,7317,proteuspm_HI4320__k5,bacteria
AAGCC,4437,proteuspm_HI4320__k5,bacteria
GCCCG,1218,proteuspm_HI4320__k5,bacteria
CCCGC,1958,proteuspm_HI4320__k5,bacteria
CCGCA,2886,proteuspm_HI4320__k5,bacteria
GCATT,7046,proteuspm_HI4320__k5,bacteria
CATTG,5723,proteuspm_HI4320__k5,bacteria
GAGAA,3727,proteuspm_HI4320__k5,bacteria
GAAAT,6720,proteuspm_HI4320__k5,bacteria
AAATG,8020,proteuspm_HI4320__k5,bacteria
GGCTT,4463,proteuspm_HI4320__k5,bacteria
CTTTT,9910,proteuspm_HI4320__k5,bacteria
TTTTT,21222,proteuspm_HI4320__k5,bacteria
TTTGG,5590,proteuspm_HI4320__k5,bacteria
TTGGC,5740,proteuspm_HI4320__k5,bacteria
TGGCG,4270,proteuspm_HI4320__k5,bacteria
GGCGA,3088,proteuspm_HI4320__k5,bacteria
GCGAA,2880,proteuspm_HI4320__k5,bacteria
AAATC,7804,proteuspm_HI4320__k5,bacteria
AATCA,8476,proteuspm_HI4320__k5,bacteria
ATCAG,6226,proteuspm_HI4320__k5,bacteria
TCAGG,3602,proteuspm_HI4320__k5,bacteria
AGGAG,1788,proteuspm_HI4320__k5,bacteria
GGAGA,1791,proteuspm_HI4320__k5,bacteria
GAGAG,2138,proteuspm_HI4320__k5,bacteria
AGAGC,3653,proteuspm_HI4320__k5,bacteria
GAGCT,2249,proteuspm_HI4320__k5,bacteria
AGCTG,2981,proteuspm_HI4320__k5,bacteria
GTATG,2723,proteuspm_HI4320__k5,bacteria
TGCGA,2575,proteuspm_HI4320__k5,bacteria
GCGAG,1901,proteuspm_HI4320__k5,bacteria
CGAGT,1997,proteuspm_HI4320__k5,bacteria
GAGTG,2412,proteuspm_HI4320__k5,bacteria
AGTGT,2852,proteuspm_HI4320__k5,bacteria
GTGTT,4641,proteuspm_HI4320__k5,bacteria
GTTAA,7073,proteuspm_HI4320__k5,bacteria
TTGGG,3210,proteuspm_HI4320__k5,bacteria
TGGGG,2424,proteuspm_HI4320__k5,bacteria
GGGGG,1466,proteuspm_HI4320__k5,bacteria
GGGGA,2129,proteuspm_HI4320__k5,bacteria
GGGAA,2654,proteuspm_HI4320__k5,bacteria
GGAAC,1777,proteuspm_HI4320__k5,bacteria
GAACT,2184,proteuspm_HI4320__k5,bacteria
AACTT,5626,proteuspm_HI4320__k5,bacteria
ACTTC,3324,proteuspm_HI4320__k5,bacteria
CTTCA,5940,proteuspm_HI4320__k5,bacteria
TTCAG,5106,proteuspm_HI4320__k5,bacteria
TCAGT,4195,proteuspm_HI4320__k5,bacteria
CAGTT,4092,proteuspm_HI4320__k5,bacteria
AGTTG,3976,proteuspm_HI4320__k5,bacteria
GTTGC,4593,proteuspm_HI4320__k5,bacteria
TTGCC,5234,proteuspm_HI4320__k5,bacteria
TGCCA,5674,proteuspm_HI4320__k5,bacteria
GCCAA,5664,proteuspm_HI4320__k5,bacteria
CCAAT,6219,proteuspm_HI4320__k5,bacteria
CAATG,5517,proteuspm_HI4320__k5,bacteria
ATGCA,4792,proteuspm_HI4320__k5,bacteria
TGCAG,3675,proteuspm_HI4320__k5,bacteria
GCAGA,3612,proteuspm_HI4320__k5,bacteria
CAGAA,5054,proteuspm_HI4320__k5,bacteria
GAAAG,4411,proteuspm_HI4320__k5,bacteria
AAAGG,5587,proteuspm_HI4320__k5,bacteria
AAGGG,2784,proteuspm_HI4320__k5,bacteria
GGGTG,2186,proteuspm_HI4320__k5,bacteria
GGTGC,3164,proteuspm_HI4320__k5,bacteria
GTGCT,3655,proteuspm_HI4320__k5,bacteria
TGCTG,5773,proteuspm_HI4320__k5,bacteria
GCTGA,5066,proteuspm_HI4320__k5,bacteria
CTGAA,5099,proteuspm_HI4320__k5,bacteria
GAATG,3374,proteuspm_HI4320__k5,bacteria
AATGT,5321,proteuspm_HI4320__k5,bacteria
ATGTT,6090,proteuspm_HI4320__k5,bacteria
TGTTG,7356,proteuspm_HI4320__k5,bacteria
CTGAT,6344,proteuspm_HI4320__k5,bacteria
TGATA,9590,proteuspm_HI4320__k5,bacteria
GATAT,7406,proteuspm_HI4320__k5,bacteria
ATATC,7366,proteuspm_HI4320__k5,bacteria
TATCG,5297,proteuspm_HI4320__k5,bacteria
ATCGC,4420,proteuspm_HI4320__k5,bacteria
CGCTG,2712,proteuspm_HI4320__k5,bacteria
CTGAG,2465,proteuspm_HI4320__k5,bacteria
ACGAG,2067,proteuspm_HI4320__k5,bacteria
CGAGA,1725,proteuspm_HI4320__k5,bacteria
GAGCA,3705,proteuspm_HI4320__k5,bacteria
AGCAG,3843,proteuspm_HI4320__k5,bacteria
GCAGG,2931,proteuspm_HI4320__k5,bacteria
CAGGG,2101,proteuspm_HI4320__k5,bacteria
AGGGA,2095,proteuspm_HI4320__k5,bacteria
GGGAC,851,proteuspm_HI4320__k5,bacteria
GGACA,1694,proteuspm_HI4320__k5,bacteria
GACAA,3609,proteuspm_HI4320__k5,bacteria
ACAAG,4331,proteuspm_HI4320__k5,bacteria
CAAGT,3775,proteuspm_HI4320__k5,bacteria
AAGTC,3051,proteuspm_HI4320__k5,bacteria
AGTCG,1945,proteuspm_HI4320__k5,bacteria
CGCTC,2195,proteuspm_HI4320__k5,bacteria
GCTCT,3703,proteuspm_HI4320__k5,bacteria
CTCTG,2461,proteuspm_HI4320__k5,bacteria
TCTGG,2849,proteuspm_HI4320__k5,bacteria
CTGGT,3114,proteuspm_HI4320__k5,bacteria
TGGTA,5011,proteuspm_HI4320__k5,bacteria
GGTAT,5150,proteuspm_HI4320__k5,bacteria
GTATT,7423,proteuspm_HI4320__k5,bacteria
TTATC,10769,proteuspm_HI4320__k5,bacteria
TATCA,9572,proteuspm_HI4320__k5,bacteria
TCAGC,5159,proteuspm_HI4320__k5,bacteria
CAGCA,5926,proteuspm_HI4320__k5,bacteria
AGCAC,3798,proteuspm_HI4320__k5,bacteria
GCACC,3160,proteuspm_HI4320__k5,bacteria
CACCT,3941,proteuspm_HI4320__k5,bacteria
ACCTG,3399,proteuspm_HI4320__k5,bacteria
CCTGC,2901,proteuspm_HI4320__k5,bacteria
CTGCC,2434,proteuspm_HI4320__k5,bacteria
CCAAG,3226,proteuspm_HI4320__k5,bacteria
CAAGA,4715,proteuspm_HI4320__k5,bacteria
AAGAT,7214,proteuspm_HI4320__k5,bacteria
AGATA,7144,proteuspm_HI4320__k5,bacteria
GATAA,10739,proteuspm_HI4320__k5,bacteria
ATAAC,7650,proteuspm_HI4320__k5,bacteria
TAACG,4640,proteuspm_HI4320__k5,bacteria
TTACT,5785,proteuspm_HI4320__k5,bacteria
ACTTG,3722,proteuspm_HI4320__k5,bacteria
CTTGG,3153,proteuspm_HI4320__k5,bacteria
TTGGT,6765,proteuspm_HI4320__k5,bacteria
TGGTG,6395,proteuspm_HI4320__k5,bacteria
GGTGG,3309,proteuspm_HI4320__k5,bacteria
GTGGC,3110,proteuspm_HI4320__k5,bacteria
TGGCA,5645,proteuspm_HI4320__k5,bacteria
AATGA,7987,proteuspm_HI4320__k5,bacteria
ATGAT,7849,proteuspm_HI4320__k5,bacteria
TGATT,8232,proteuspm_HI4320__k5,bacteria
TTGAA,7197,proteuspm_HI4320__k5,bacteria
TGAAA,8896,proteuspm_HI4320__k5,bacteria
AACGG,3390,proteuspm_HI4320__k5,bacteria
ACGGC,2490,proteuspm_HI4320__k5,bacteria
CGGCA,3034,proteuspm_HI4320__k5,bacteria
GGCAG,2376,proteuspm_HI4320__k5,bacteria
AGAAG,5107,proteuspm_HI4320__k5,bacteria
GAAGG,2945,proteuspm_HI4320__k5,bacteria
AAGGA,3204,proteuspm_HI4320__k5,bacteria
GAAGA,5009,proteuspm_HI4320__k5,bacteria
AGAAC,2716,proteuspm_HI4320__k5,bacteria
GAACC,1913,proteuspm_HI4320__k5,bacteria
AACCT,3977,proteuspm_HI4320__k5,bacteria
ACCTC,1996,proteuspm_HI4320__k5,bacteria
CCTCT,2243,proteuspm_HI4320__k5,bacteria
TCTCA,3041,proteuspm_HI4320__k5,bacteria
CTCAC,2484,proteuspm_HI4320__k5,bacteria
TCACT,5131,proteuspm_HI4320__k5,bacteria
CACTC,2399,proteuspm_HI4320__k5,bacteria
ACTCA,3849,proteuspm_HI4320__k5,bacteria
CTCAA,4242,proteuspm_HI4320__k5,bacteria
TCAAG,4538,proteuspm_HI4320__k5,bacteria
AGTAC,2715,proteuspm_HI4320__k5,bacteria
GTACG,1586,proteuspm_HI4320__k5,bacteria
TACGA,2316,proteuspm_HI4320__k5,bacteria
GAAGC,3599,proteuspm_HI4320__k5,bacteria
AAGCA,5970,proteuspm_HI4320__k5,bacteria
CAGAG,2378,proteuspm_HI4320__k5,bacteria
AGCAA,7584,proteuspm_HI4320__k5,bacteria
GCAAA,6679,proteuspm_HI4320__k5,bacteria
CAAAT,6982,proteuspm_HI4320__k5,bacteria
AATCT,4412,proteuspm_HI4320__k5,bacteria
ATCTT,7060,proteuspm_HI4320__k5,bacteria
TCTTC,5093,proteuspm_HI4320__k5,bacteria
CTTCG,1828,proteuspm_HI4320__k5,bacteria
TTCGC,2821,proteuspm_HI4320__k5,bacteria
CGCTA,3498,proteuspm_HI4320__k5,bacteria
GCTAA,6463,proteuspm_HI4320__k5,bacteria
TAATC,6490,proteuspm_HI4320__k5,bacteria
ATCTA,4416,proteuspm_HI4320__k5,bacteria
TCTAT,4931,proteuspm_HI4320__k5,bacteria
CTATT,7858,proteuspm_HI4320__k5,bacteria
TTGCA,5388,proteuspm_HI4320__k5,bacteria
TGCAA,5348,proteuspm_HI4320__k5,bacteria
GCAAG,3853,proteuspm_HI4320__k5,bacteria
CAAGG,3261,proteuspm_HI4320__k5,bacteria
AAGGT,5212,proteuspm_HI4320__k5,bacteria
AGGTT,3891,proteuspm_HI4320__k5,bacteria
GGTTT,6038,proteuspm_HI4320__k5,bacteria
GTTTA,6960,proteuspm_HI4320__k5,bacteria
TTTAC,7699,proteuspm_HI4320__k5,bacteria
TTACG,4030,proteuspm_HI4320__k5,bacteria
ATCAA,10857,proteuspm_HI4320__k5,bacteria
TCAAC,5449,proteuspm_HI4320__k5,bacteria
CAACC,3732,proteuspm_HI4320__k5,bacteria
CCTGG,839,proteuspm_HI4320__k5,bacteria
TGGTT,6308,proteuspm_HI4320__k5,bacteria
GTTTT,9979,proteuspm_HI4320__k5,bacteria
TTGAT,10724,proteuspm_HI4320__k5,bacteria
GATTA,6446,proteuspm_HI4320__k5,bacteria
ACCAA,6949,proteuspm_HI4320__k5,bacteria
AAGAC,2486,proteuspm_HI4320__k5,bacteria
CAAAG,4846,proteuspm_HI4320__k5,bacteria
AAAGT,6729,proteuspm_HI4320__k5,bacteria
AAGTT,5686,proteuspm_HI4320__k5,bacteria
GTTGA,5473,proteuspm_HI4320__k5,bacteria
TGAGC,3813,proteuspm_HI4320__k5,bacteria
GAGCG,2163,proteuspm_HI4320__k5,bacteria
AGCGT,3188,proteuspm_HI4320__k5,bacteria
GCGTG,1945,proteuspm_HI4320__k5,bacteria
CGTGA,2953,proteuspm_HI4320__k5,bacteria
GTGAG,2469,proteuspm_HI4320__k5,bacteria
TGAGT,3901,proteuspm_HI4320__k5,bacteria
GAGTT,3499,proteuspm_HI4320__k5,bacteria
AGTTT,5690,proteuspm_HI4320__k5,bacteria
GTTTG,4327,proteuspm_HI4320__k5,bacteria
GAGAT,3504,proteuspm_HI4320__k5,bacteria
AGATT,4395,proteuspm_HI4320__k5,bacteria
ATTAA,15019,proteuspm_HI4320__k5,bacteria
TAAAC,7113,proteuspm_HI4320__k5,bacteria
AACAT,6359,proteuspm_HI4320__k5,bacteria
ACATA,3744,proteuspm_HI4320__k5,bacteria
TATCC,4010,proteuspm_HI4320__k5,bacteria
ATCCT,3221,proteuspm_HI4320__k5,bacteria
TCCTG,2880,proteuspm_HI4320__k5,bacteria
CTGCA,3764,proteuspm_HI4320__k5,bacteria
TGCAT,5003,proteuspm_HI4320__k5,bacteria
GCATG,2598,proteuspm_HI4320__k5,bacteria
CATGG,3205,proteuspm_HI4320__k5,bacteria
ATGGT,5825,proteuspm_HI4320__k5,bacteria
GTATC,3410,proteuspm_HI4320__k5,bacteria
TATCT,7082,proteuspm_HI4320__k5,bacteria
TCTCC,1852,proteuspm_HI4320__k5,bacteria
TCCCT,2098,proteuspm_HI4320__k5,bacteria
CCCTA,1897,proteuspm_HI4320__k5,bacteria
CCTAT,3087,proteuspm_HI4320__k5,bacteria
TTAGG,4081,proteuspm_HI4320__k5,bacteria
AGGGC,1986,proteuspm_HI4320__k5,bacteria
GGGCA,2456,proteuspm_HI4320__k5,bacteria
ATGTC,2686,proteuspm_HI4320__k5,bacteria
TGTCC,1582,proteuspm_HI4320__k5,bacteria
GTCCT,1381,proteuspm_HI4320__k5,bacteria
CCTGA,3786,proteuspm_HI4320__k5,bacteria
GATAG,4509,proteuspm_HI4320__k5,bacteria
ATAGC,5511,proteuspm_HI4320__k5,bacteria
TAGCA,4638,proteuspm_HI4320__k5,bacteria
AGCAT,5014,proteuspm_HI4320__k5,bacteria
GCATC,4185,proteuspm_HI4320__k5,bacteria
CATCA,9059,proteuspm_HI4320__k5,bacteria
TCAAT,8956,proteuspm_HI4320__k5,bacteria
GCTGC,2768,proteuspm_HI4320__k5,bacteria
CTGCG,2138,proteuspm_HI4320__k5,bacteria
GCGAT,4262,proteuspm_HI4320__k5,bacteria
CGATG,3004,proteuspm_HI4320__k5,bacteria
GATGA,6264,proteuspm_HI4320__k5,bacteria
GATTT,7563,proteuspm_HI4320__k5,bacteria
TTTGT,6999,proteuspm_HI4320__k5,bacteria
TTGTC,3526,proteuspm_HI4320__k5,bacteria
GTCGT,2406,proteuspm_HI4320__k5,bacteria
TCGTG,2385,proteuspm_HI4320__k5,bacteria
CGTGG,1782,proteuspm_HI4320__k5,bacteria
GTGGT,4581,proteuspm_HI4320__k5,bacteria
GGTGA,5294,proteuspm_HI4320__k5,bacteria
GTGAA,5034,proteuspm_HI4320__k5,bacteria
AAGCT,4658,proteuspm_HI4320__k5,bacteria
AGCTT,4665,proteuspm_HI4320__k5,bacteria
CTTTC,4389,proteuspm_HI4320__k5,bacteria
TTTCG,3231,proteuspm_HI4320__k5,bacteria
TTCGA,1923,proteuspm_HI4320__k5,bacteria
TCGAT,3530,proteuspm_HI4320__k5,bacteria
CGATT,3978,proteuspm_HI4320__k5,bacteria
GCCAT,5651,proteuspm_HI4320__k5,bacteria
CCATT,6975,proteuspm_HI4320__k5,bacteria
CATTA,10493,proteuspm_HI4320__k5,bacteria
TATGG,4598,proteuspm_HI4320__k5,bacteria
ATGGA,4063,proteuspm_HI4320__k5,bacteria
TGGAG,1625,proteuspm_HI4320__k5,bacteria
GGAGT,1524,proteuspm_HI4320__k5,bacteria
GAGTC,1500,proteuspm_HI4320__k5,bacteria
GTCGG,1315,proteuspm_HI4320__k5,bacteria
TCGGT,2639,proteuspm_HI4320__k5,bacteria
CGGTG,2755,proteuspm_HI4320__k5,bacteria
GGTGT,3515,proteuspm_HI4320__k5,bacteria
GTTAC,3167,proteuspm_HI4320__k5,bacteria
CAAGC,4197,proteuspm_HI4320__k5,bacteria
AGCTA,4019,proteuspm_HI4320__k5,bacteria
GCTAG,1597,proteuspm_HI4320__k5,bacteria
CTAGA,1534,proteuspm_HI4320__k5,bacteria
TAGAG,3062,proteuspm_HI4320__k5,bacteria
AGAGG,2180,proteuspm_HI4320__k5,bacteria
GAGGA,1836,proteuspm_HI4320__k5,bacteria
GGATA,4117,proteuspm_HI4320__k5,bacteria
AACGT,4093,proteuspm_HI4320__k5,bacteria
ACGTT,4050,proteuspm_HI4320__k5,bacteria
CGTTA,4489,proteuspm_HI4320__k5,bacteria
TACCG,3418,proteuspm_HI4320__k5,bacteria
ACCGT,2697,proteuspm_HI4320__k5,bacteria
CCGTC,1468,proteuspm_HI4320__k5,bacteria
CGTCA,2773,proteuspm_HI4320__k5,bacteria
GTCAT,3971,proteuspm_HI4320__k5,bacteria
TCATT,8139,proteuspm_HI4320__k5,bacteria
TGATC,5090,proteuspm_HI4320__k5,bacteria
GATCC,2983,proteuspm_HI4320__k5,bacteria
ATCCG,2474,proteuspm_HI4320__k5,bacteria
TCCGG,1408,proteuspm_HI4320__k5,bacteria
CCGGT,2280,proteuspm_HI4320__k5,bacteria
CGGTT,3183,proteuspm_HI4320__k5,bacteria
GGTTA,4784,proteuspm_HI4320__k5,bacteria
CTCCT,1776,proteuspm_HI4320__k5,bacteria
TCCTT,3110,proteuspm_HI4320__k5,bacteria
CCTTG,3346,proteuspm_HI4320__k5,bacteria
CTTGC,3952,proteuspm_HI4320__k5,bacteria
GCTCA,3794,proteuspm_HI4320__k5,bacteria
AGGTC,1545,proteuspm_HI4320__k5,bacteria
GAATC,1777,proteuspm_HI4320__k5,bacteria
AATCG,3998,proteuspm_HI4320__k5,bacteria
ATCGA,3597,proteuspm_HI4320__k5,bacteria
TCGAC,1757,proteuspm_HI4320__k5,bacteria
CGACA,2550,proteuspm_HI4320__k5,bacteria
ACAGT,3057,proteuspm_HI4320__k5,bacteria
AGTGG,3560,proteuspm_HI4320__k5,bacteria
GTGGA,2324,proteuspm_HI4320__k5,bacteria
TGGAT,4545,proteuspm_HI4320__k5,bacteria
TATTC,6806,proteuspm_HI4320__k5,bacteria
ATTCC,3489,proteuspm_HI4320__k5,bacteria
TTCCT,3533,proteuspm_HI4320__k5,bacteria
CAACT,3938,proteuspm_HI4320__k5,bacteria
ACTCG,1984,proteuspm_HI4320__k5,bacteria
TCGCC,3083,proteuspm_HI4320__k5,bacteria
CGCCG,1682,proteuspm_HI4320__k5,bacteria
GCCGT,2482,proteuspm_HI4320__k5,bacteria
CCGTA,2190,proteuspm_HI4320__k5,bacteria
CGTAT,3023,proteuspm_HI4320__k5,bacteria
ATTTC,6780,proteuspm_HI4320__k5,bacteria
TTTCC,4557,proteuspm_HI4320__k5,bacteria
TTCCG,1895,proteuspm_HI4320__k5,bacteria
TCCGC,1901,proteuspm_HI4320__k5,bacteria
CCGCC,2129,proteuspm_HI4320__k5,bacteria
CGCCC,1750,proteuspm_HI4320__k5,bacteria
GCCCT,1913,proteuspm_HI4320__k5,bacteria
CTTAA,5044,proteuspm_HI4320__k5,bacteria
TTAAT,14792,proteuspm_HI4320__k5,bacteria
TCCGA,981,proteuspm_HI4320__k5,bacteria
CCGAA,1777,proteuspm_HI4320__k5,bacteria
AGATC,3274,proteuspm_HI4320__k5,bacteria
GATCA,5002,proteuspm_HI4320__k5,bacteria
ATCAT,8210,proteuspm_HI4320__k5,bacteria
TCATA,4906,proteuspm_HI4320__k5,bacteria
GATCT,3237,proteuspm_HI4320__k5,bacteria
TCTTG,4639,proteuspm_HI4320__k5,bacteria
CTTGA,4554,proteuspm_HI4320__k5,bacteria
TGATG,8658,proteuspm_HI4320__k5,bacteria
GATGG,3989,proteuspm_HI4320__k5,bacteria
ATGGC,5588,proteuspm_HI4320__k5,bacteria
CAGGT,3274,proteuspm_HI4320__k5,bacteria
GTTTC,4028,proteuspm_HI4320__k5,bacteria
TTTCA,9022,proteuspm_HI4320__k5,bacteria
TTCAC,5152,proteuspm_HI4320__k5,bacteria
CACTG,3586,proteuspm_HI4320__k5,bacteria
ACTGC,2949,proteuspm_HI4320__k5,bacteria
TGCCG,2959,proteuspm_HI4320__k5,bacteria
GCCGG,1641,proteuspm_HI4320__k5,bacteria
CGGTA,3583,proteuspm_HI4320__k5,bacteria
ATGAG,3690,proteuspm_HI4320__k5,bacteria
GCTTG,4151,proteuspm_HI4320__k5,bacteria
CTTGT,4199,proteuspm_HI4320__k5,bacteria
TTGTG,5086,proteuspm_HI4320__k5,bacteria
TGTGG,3278,proteuspm_HI4320__k5,bacteria
GGTTC,1840,proteuspm_HI4320__k5,bacteria
GTTCT,2726,proteuspm_HI4320__k5,bacteria
TTCTC,3774,proteuspm_HI4320__k5,bacteria
CTCGG,968,proteuspm_HI4320__k5,bacteria
CGGTC,1103,proteuspm_HI4320__k5,bacteria
GGTCG,1532,proteuspm_HI4320__k5,bacteria
TCGTA,2352,proteuspm_HI4320__k5,bacteria
CGTAA,3951,proteuspm_HI4320__k5,bacteria
AATGG,7093,proteuspm_HI4320__k5,bacteria
TGGCT,5267,proteuspm_HI4320__k5,bacteria
GGCTC,2316,proteuspm_HI4320__k5,bacteria
CTCAG,2357,proteuspm_HI4320__k5,bacteria
TCAGA,3287,proteuspm_HI4320__k5,bacteria
CAGAT,4199,proteuspm_HI4320__k5,bacteria
ATTCA,6391,proteuspm_HI4320__k5,bacteria
AGCCG,2438,proteuspm_HI4320__k5,bacteria
GCCGC,2117,proteuspm_HI4320__k5,bacteria
TTAGC,6412,proteuspm_HI4320__k5,bacteria
TAGCC,3382,proteuspm_HI4320__k5,bacteria
CCGCG,1193,proteuspm_HI4320__k5,bacteria
CGCGT,1604,proteuspm_HI4320__k5,bacteria
CGTGT,1758,proteuspm_HI4320__k5,bacteria
TGTTT,8226,proteuspm_HI4320__k5,bacteria
TACGT,2915,proteuspm_HI4320__k5,bacteria
ACGTG,2228,proteuspm_HI4320__k5,bacteria
CGTGC,1713,proteuspm_HI4320__k5,bacteria
GTGCA,3414,proteuspm_HI4320__k5,bacteria
TGCAC,3332,proteuspm_HI4320__k5,bacteria
GCACA,3167,proteuspm_HI4320__k5,bacteria
CACAA,5235,proteuspm_HI4320__k5,bacteria
GTTGT,4765,proteuspm_HI4320__k5,bacteria
TGTGA,3566,proteuspm_HI4320__k5,bacteria
TTGGA,3049,proteuspm_HI4320__k5,bacteria
TGGAC,1551,proteuspm_HI4320__k5,bacteria
GGACG,1203,proteuspm_HI4320__k5,bacteria
GACGG,1520,proteuspm_HI4320__k5,bacteria
ACGGA,1694,proteuspm_HI4320__k5,bacteria
CGGAT,2310,proteuspm_HI4320__k5,bacteria
GGATG,2373,proteuspm_HI4320__k5,bacteria
GATGT,4042,proteuspm_HI4320__k5,bacteria
TACAC,2507,proteuspm_HI4320__k5,bacteria
ACACC,3502,proteuspm_HI4320__k5,bacteria
CCTGT,3084,proteuspm_HI4320__k5,bacteria
CTGTG,2485,proteuspm_HI4320__k5,bacteria
GTGAT,6653,proteuspm_HI4320__k5,bacteria
ATCCA,4622,proteuspm_HI4320__k5,bacteria
TCCAC,2348,proteuspm_HI4320__k5,bacteria
CCACG,1726,proteuspm_HI4320__k5,bacteria
CACGC,1977,proteuspm_HI4320__k5,bacteria
ACGCC,2630,proteuspm_HI4320__k5,bacteria
CGCCT,2266,proteuspm_HI4320__k5,bacteria
GCCTC,1642,proteuspm_HI4320__k5,bacteria
CCTCG,1206,proteuspm_HI4320__k5,bacteria
CTCGT,2076,proteuspm_HI4320__k5,bacteria
TCGTC,2320,proteuspm_HI4320__k5,bacteria
CGTCC,1232,proteuspm_HI4320__k5,bacteria
GTCCC,804,proteuspm_HI4320__k5,bacteria
TCCCA,2481,proteuspm_HI4320__k5,bacteria
CCAGA,2869,proteuspm_HI4320__k5,bacteria
AGATG,4374,proteuspm_HI4320__k5,bacteria
GATGC,4114,proteuspm_HI4320__k5,bacteria
CACAC,2161,proteuspm_HI4320__k5,bacteria
ACCTA,3548,proteuspm_HI4320__k5,bacteria
AAGGC,3679,proteuspm_HI4320__k5,bacteria
GGCAT,4233,proteuspm_HI4320__k5,bacteria
CATGT,2428,proteuspm_HI4320__k5,bacteria
TCCTA,2005,proteuspm_HI4320__k5,bacteria
CTATC,4416,proteuspm_HI4320__k5,bacteria
AAGAG,5231,proteuspm_HI4320__k5,bacteria
AGGCG,2331,proteuspm_HI4320__k5,bacteria
TGGAA,3824,proteuspm_HI4320__k5,bacteria
ACTTT,6761,proteuspm_HI4320__k5,bacteria
TTTCT,8735,proteuspm_HI4320__k5,bacteria
TTCTT,7637,proteuspm_HI4320__k5,bacteria
TCTTA,4012,proteuspm_HI4320__k5,bacteria
GTGCC,2351,proteuspm_HI4320__k5,bacteria
CCAAA,5695,proteuspm_HI4320__k5,bacteria
AGTCC,1253,proteuspm_HI4320__k5,bacteria
CCTTC,2913,proteuspm_HI4320__k5,bacteria
TTCAT,7873,proteuspm_HI4320__k5,bacteria
TCATC,6917,proteuspm_HI4320__k5,bacteria
CATCC,2687,proteuspm_HI4320__k5,bacteria
ACGCA,2762,proteuspm_HI4320__k5,bacteria
CGCAC,1955,proteuspm_HI4320__k5,bacteria
GCACT,3327,proteuspm_HI4320__k5,bacteria
CACTA,4093,proteuspm_HI4320__k5,bacteria
TTCAA,7242,proteuspm_HI4320__k5,bacteria
AATCC,3963,proteuspm_HI4320__k5,bacteria
ATCCC,3326,proteuspm_HI4320__k5,bacteria
AAATA,14956,proteuspm_HI4320__k5,bacteria
ATACG,2851,proteuspm_HI4320__k5,bacteria
TACGG,2024,proteuspm_HI4320__k5,bacteria
ACGGG,1729,proteuspm_HI4320__k5,bacteria
CAATC,4778,proteuspm_HI4320__k5,bacteria
TCCAG,2257,proteuspm_HI4320__k5,bacteria
CCGGG,955,proteuspm_HI4320__k5,bacteria
CGGGT,2139,proteuspm_HI4320__k5,bacteria
GGGTA,2704,proteuspm_HI4320__k5,bacteria
GGTAC,2255,proteuspm_HI4320__k5,bacteria
AGGTG,3946,proteuspm_HI4320__k5,bacteria
TGGTC,2571,proteuspm_HI4320__k5,bacteria
ATGAC,3927,proteuspm_HI4320__k5,bacteria
GCACG,1772,proteuspm_HI4320__k5,bacteria
GGGAT,3202,proteuspm_HI4320__k5,bacteria
GGATC,3037,proteuspm_HI4320__k5,bacteria
ATCAC,6816,proteuspm_HI4320__k5,bacteria
CTAAC,3247,proteuspm_HI4320__k5,bacteria
ATAAT,12163,proteuspm_HI4320__k5,bacteria
GGGCC,881,proteuspm_HI4320__k5,bacteria
GGCCA,2087,proteuspm_HI4320__k5,bacteria
GCCAG,2959,proteuspm_HI4320__k5,bacteria
CCAGG,932,proteuspm_HI4320__k5,bacteria
TGAAG,5726,proteuspm_HI4320__k5,bacteria
GTGGG,1914,proteuspm_HI4320__k5,bacteria
TGGGT,2941,proteuspm_HI4320__k5,bacteria
GCGGC,2181,proteuspm_HI4320__k5,bacteria
CGGCT,2509,proteuspm_HI4320__k5,bacteria
GTGTC,1703,proteuspm_HI4320__k5,bacteria
TGTCT,2435,proteuspm_HI4320__k5,bacteria
GTCTT,2455,proteuspm_HI4320__k5,bacteria
TCTTT,8586,proteuspm_HI4320__k5,bacteria
TTTTC,10348,proteuspm_HI4320__k5,bacteria
TTCTG,5154,proteuspm_HI4320__k5,bacteria
TCGCG,1753,proteuspm_HI4320__k5,bacteria
AGGAA,3620,proteuspm_HI4320__k5,bacteria
ATCGG,2762,proteuspm_HI4320__k5,bacteria
GGTAG,2094,proteuspm_HI4320__k5,bacteria
TACTC,2778,proteuspm_HI4320__k5,bacteria
ATCTG,4267,proteuspm_HI4320__k5,bacteria
TCTGA,3432,proteuspm_HI4320__k5,bacteria
TAGCT,4011,proteuspm_HI4320__k5,bacteria
TGTGT,2873,proteuspm_HI4320__k5,bacteria
GTGTA,2524,proteuspm_HI4320__k5,bacteria
TGTAC,2538,proteuspm_HI4320__k5,bacteria
GTACC,2236,proteuspm_HI4320__k5,bacteria
ACCGC,3162,proteuspm_HI4320__k5,bacteria
CGCAA,3729,proteuspm_HI4320__k5,bacteria
TTAGA,5039,proteuspm_HI4320__k5,bacteria
AGCGC,3156,proteuspm_HI4320__k5,bacteria
GCGCA,2859,proteuspm_HI4320__k5,bacteria
ACTGT,3156,proteuspm_HI4320__k5,bacteria
TGTCA,3453,proteuspm_HI4320__k5,bacteria
GTCAG,2554,proteuspm_HI4320__k5,bacteria
AGAAT,4499,proteuspm_HI4320__k5,bacteria
AATTC,5208,proteuspm_HI4320__k5,bacteria
ATTCT,4490,proteuspm_HI4320__k5,bacteria
TTCTA,4509,proteuspm_HI4320__k5,bacteria
TCTAG,1512,proteuspm_HI4320__k5,bacteria
AGAGT,2863,proteuspm_HI4320__k5,bacteria
AGTTA,5323,proteuspm_HI4320__k5,bacteria
GGCGT,2638,proteuspm_HI4320__k5,bacteria
TCCGT,1725,proteuspm_HI4320__k5,bacteria
CCGTT,3309,proteuspm_HI4320__k5,bacteria
GTTAG,3177,proteuspm_HI4320__k5,bacteria
TAGAT,4270,proteuspm_HI4320__k5,bacteria
TGAAC,3851,proteuspm_HI4320__k5,bacteria
GAACA,3707,proteuspm_HI4320__k5,bacteria
TGCTA,4619,proteuspm_HI4320__k5,bacteria
GCTAT,5305,proteuspm_HI4320__k5,bacteria
GGTTG,3821,proteuspm_HI4320__k5,bacteria
TGCGC,2820,proteuspm_HI4320__k5,bacteria
CACCC,2121,proteuspm_HI4320__k5,bacteria
ACCCT,1836,proteuspm_HI4320__k5,bacteria
TAAAG,8953,proteuspm_HI4320__k5,bacteria
CCCGT,1711,proteuspm_HI4320__k5,bacteria
CGTTT,5340,proteuspm_HI4320__k5,bacteria
CTTCT,5123,proteuspm_HI4320__k5,bacteria
TCTGC,3685,proteuspm_HI4320__k5,bacteria
CTGCT,3967,proteuspm_HI4320__k5,bacteria
TCGAG,1598,proteuspm_HI4320__k5,bacteria
CGAGG,1195,proteuspm_HI4320__k5,bacteria
AGGCT,2958,proteuspm_HI4320__k5,bacteria
CTCTT,5178,proteuspm_HI4320__k5,bacteria
GAACG,2026,proteuspm_HI4320__k5,bacteria
AACGC,4111,proteuspm_HI4320__k5,bacteria
ACGCT,3130,proteuspm_HI4320__k5,bacteria
CTCTA,2981,proteuspm_HI4320__k5,bacteria
GCAGT,2810,proteuspm_HI4320__k5,bacteria
GCAGC,2692,proteuspm_HI4320__k5,bacteria
CAGCG,2733,proteuspm_HI4320__k5,bacteria
AGCGA,3702,proteuspm_HI4320__k5,bacteria
GCGAC,2036,proteuspm_HI4320__k5,bacteria
CGACG,1467,proteuspm_HI4320__k5,bacteria
GACGA,2274,proteuspm_HI4320__k5,bacteria
GCGGT,3013,proteuspm_HI4320__k5,bacteria
GTGCG,1861,proteuspm_HI4320__k5,bacteria
GCGTT,4039,proteuspm_HI4320__k5,bacteria
GTCAC,2572,proteuspm_HI4320__k5,bacteria
TCACC,5381,proteuspm_HI4320__k5,bacteria
TAACA,6408,proteuspm_HI4320__k5,bacteria
AACAC,4647,proteuspm_HI4320__k5,bacteria
ACACT,2993,proteuspm_HI4320__k5,bacteria
ATCGT,3801,proteuspm_HI4320__k5,bacteria
CGTAG,1471,proteuspm_HI4320__k5,bacteria
GTAGA,2242,proteuspm_HI4320__k5,bacteria
GAAGT,3346,proteuspm_HI4320__k5,bacteria
AGTCT,1838,proteuspm_HI4320__k5,bacteria
GTTGG,3794,proteuspm_HI4320__k5,bacteria
GCGCG,1423,proteuspm_HI4320__k5,bacteria
CGCGC,1459,proteuspm_HI4320__k5,bacteria
GCGCT,3175,proteuspm_HI4320__k5,bacteria
CGAGC,1614,proteuspm_HI4320__k5,bacteria
TCCAT,4134,proteuspm_HI4320__k5,bacteria
CCATC,4009,proteuspm_HI4320__k5,bacteria
CATCG,3149,proteuspm_HI4320__k5,bacteria
CAACA,7403,proteuspm_HI4320__k5,bacteria
GGCTA,3341,proteuspm_HI4320__k5,bacteria
CTAAA,7726,proteuspm_HI4320__k5,bacteria
CGACC,1523,proteuspm_HI4320__k5,bacteria
GACCT,1500,proteuspm_HI4320__k5,bacteria
CCTAC,1461,proteuspm_HI4320__k5,bacteria
CTACG,1370,proteuspm_HI4320__k5,bacteria
TGGGA,2476,proteuspm_HI4320__k5,bacteria
TCACG,2893,proteuspm_HI4320__k5,bacteria
CACGT,2143,proteuspm_HI4320__k5,bacteria
TTTAG,7806,proteuspm_HI4320__k5,bacteria
ATTGG,6227,proteuspm_HI4320__k5,bacteria
GCAAC,4603,proteuspm_HI4320__k5,bacteria
AAGCG,4607,proteuspm_HI4320__k5,bacteria
GCTAC,2112,proteuspm_HI4320__k5,bacteria
CAGCT,3025,proteuspm_HI4320__k5,bacteria
GAGCC,2278,proteuspm_HI4320__k5,bacteria
AGCCT,3024,proteuspm_HI4320__k5,bacteria
GCCTT,3712,proteuspm_HI4320__k5,bacteria
CCTTT,5377,proteuspm_HI4320__k5,bacteria
TAGTC,2351,proteuspm_HI4320__k5,bacteria
AGTCA,3590,proteuspm_HI4320__k5,bacteria
GCTTA,4515,proteuspm_HI4320__k5,bacteria
ATTCG,2707,proteuspm_HI4320__k5,bacteria
CTTAG,2418,proteuspm_HI4320__k5,bacteria
GAGTA,2874,proteuspm_HI4320__k5,bacteria
CCACT,3480,proteuspm_HI4320__k5,bacteria
CACTT,4853,proteuspm_HI4320__k5,bacteria
CTTCC,2245,proteuspm_HI4320__k5,bacteria
TCCTC,1916,proteuspm_HI4320__k5,bacteria
CCTCA,2246,proteuspm_HI4320__k5,bacteria
CACAG,2478,proteuspm_HI4320__k5,bacteria
TACGC,2582,proteuspm_HI4320__k5,bacteria
CGCCA,4367,proteuspm_HI4320__k5,bacteria
CGTTG,3472,proteuspm_HI4320__k5,bacteria
GCCTA,2173,proteuspm_HI4320__k5,bacteria
CCTAA,4144,proteuspm_HI4320__k5,bacteria
AGCCA,5334,proteuspm_HI4320__k5,bacteria
ACGAT,3641,proteuspm_HI4320__k5,bacteria
GTCGA,1694,proteuspm_HI4320__k5,bacteria
AGCGG,2956,proteuspm_HI4320__k5,bacteria
GCGGA,1774,proteuspm_HI4320__k5,bacteria
GGAAG,2218,proteuspm_HI4320__k5,bacteria
ACGTC,1738,proteuspm_HI4320__k5,bacteria
CGTCG,1519,proteuspm_HI4320__k5,bacteria
GACAC,1772,proteuspm_HI4320__k5,bacteria
GGGTT,3101,proteuspm_HI4320__k5,bacteria
TACCT,4645,proteuspm_HI4320__k5,bacteria
CTGTT,5875,proteuspm_HI4320__k5,bacteria
GCTGG,2762,proteuspm_HI4320__k5,bacteria
CTGGC,2794,proteuspm_HI4320__k5,bacteria
ACTCT,2778,proteuspm_HI4320__k5,bacteria
GGAAA,4474,proteuspm_HI4320__k5,bacteria
GTCTG,1771,proteuspm_HI4320__k5,bacteria
TCCAA,3104,proteuspm_HI4320__k5,bacteria
AGAGA,4113,proteuspm_HI4320__k5,bacteria
TCGGG,1278,proteuspm_HI4320__k5,bacteria
CGGGA,1395,proteuspm_HI4320__k5,bacteria
ACGTA,2861,proteuspm_HI4320__k5,bacteria
AACTG,4089,proteuspm_HI4320__k5,bacteria
GCCTG,2279,proteuspm_HI4320__k5,bacteria
CCTAG,931,proteuspm_HI4320__k5,bacteria
CTAGC,1537,proteuspm_HI4320__k5,bacteria
AGCTC,2278,proteuspm_HI4320__k5,bacteria
CTCAT,3847,proteuspm_HI4320__k5,bacteria
CATTT,8072,proteuspm_HI4320__k5,bacteria
ATAGT,4810,proteuspm_HI4320__k5,bacteria
GTACA,2607,proteuspm_HI4320__k5,bacteria
AAACC,6039,proteuspm_HI4320__k5,bacteria
AACCG,3239,proteuspm_HI4320__k5,bacteria
CCGCT,2930,proteuspm_HI4320__k5,bacteria
CGAAG,1848,proteuspm_HI4320__k5,bacteria
CCCAA,3116,proteuspm_HI4320__k5,bacteria
ATGTG,3142,proteuspm_HI4320__k5,bacteria
ATGCC,4191,proteuspm_HI4320__k5,bacteria
TGGCC,2050,proteuspm_HI4320__k5,bacteria
GGCCG,1030,proteuspm_HI4320__k5,bacteria
CGATC,1957,proteuspm_HI4320__k5,bacteria
TCTAC,2162,proteuspm_HI4320__k5,bacteria
CTACT,2280,proteuspm_HI4320__k5,bacteria
TAGTT,4006,proteuspm_HI4320__k5,bacteria
CTGGG,1576,proteuspm_HI4320__k5,bacteria
GGGGT,1796,proteuspm_HI4320__k5,bacteria
TCATG,3939,proteuspm_HI4320__k5,bacteria
TAGGA,2140,proteuspm_HI4320__k5,bacteria
CCGGC,1727,proteuspm_HI4320__k5,bacteria
CGGCG,1647,proteuspm_HI4320__k5,bacteria
GCGTC,1496,proteuspm_HI4320__k5,bacteria
GGAGC,1315,proteuspm_HI4320__k5,bacteria
CGCAG,2151,proteuspm_HI4320__k5,bacteria
GGCGC,2245,proteuspm_HI4320__k5,bacteria
TCACA,3619,proteuspm_HI4320__k5,bacteria
ACCTT,5120,proteuspm_HI4320__k5,bacteria
CTAAG,2528,proteuspm_HI4320__k5,bacteria
TAAGC,4559,proteuspm_HI4320__k5,bacteria
GGGAG,1388,proteuspm_HI4320__k5,bacteria
GTCTC,1308,proteuspm_HI4320__k5,bacteria
ACATG,2531,proteuspm_HI4320__k5,bacteria
CATGC,2705,proteuspm_HI4320__k5,bacteria
GCCGA,1869,proteuspm_HI4320__k5,bacteria
CCGAT,2679,proteuspm_HI4320__k5,bacteria
CGATA,5173,proteuspm_HI4320__k5,bacteria
GTTCA,4020,proteuspm_HI4320__k5,bacteria
AAGTG,4815,proteuspm_HI4320__k5,bacteria
AGTGC,3278,proteuspm_HI4320__k5,bacteria
TCGTT,3992,proteuspm_HI4320__k5,bacteria
ACCAT,5777,proteuspm_HI4320__k5,bacteria
TAGTG,3968,proteuspm_HI4320__k5,bacteria
GCCAC,3188,proteuspm_HI4320__k5,bacteria
ATGGG,3409,proteuspm_HI4320__k5,bacteria
CTGGA,2109,proteuspm_HI4320__k5,bacteria
AGGCC,1428,proteuspm_HI4320__k5,bacteria
GTGTG,2130,proteuspm_HI4320__k5,bacteria
TGTGC,3126,proteuspm_HI4320__k5,bacteria
GCGCC,2223,proteuspm_HI4320__k5,bacteria
CCATG,3194,proteuspm_HI4320__k5,bacteria
ACAAC,4871,proteuspm_HI4320__k5,bacteria
ACGAC,2293,proteuspm_HI4320__k5,bacteria
ACATT,5428,proteuspm_HI4320__k5,bacteria
TGACG,2798,proteuspm_HI4320__k5,bacteria
CAACG,3543,proteuspm_HI4320__k5,bacteria
GGCAC,2341,proteuspm_HI4320__k5,bacteria
CCTCC,1146,proteuspm_HI4320__k5,bacteria
CATAC,2770,proteuspm_HI4320__k5,bacteria
ACACA,2871,proteuspm_HI4320__k5,bacteria
CGAAC,1486,proteuspm_HI4320__k5,bacteria
GCTCC,1409,proteuspm_HI4320__k5,bacteria
CCCTG,2052,proteuspm_HI4320__k5,bacteria
CAGGC,2375,proteuspm_HI4320__k5,bacteria
CCAAC,3693,proteuspm_HI4320__k5,bacteria
TACTG,4079,proteuspm_HI4320__k5,bacteria
ACTGA,4302,proteuspm_HI4320__k5,bacteria
GATTC,1763,proteuspm_HI4320__k5,bacteria
TGCCC,2464,proteuspm_HI4320__k5,bacteria
CACAT,3220,proteuspm_HI4320__k5,bacteria
GATAC,3370,proteuspm_HI4320__k5,bacteria
GTAAG,2838,proteuspm_HI4320__k5,bacteria
AACAG,5853,proteuspm_HI4320__k5,bacteria
AGGAC,1376,proteuspm_HI4320__k5,bacteria
GGACT,1171,proteuspm_HI4320__k5,bacteria
GACTC,1420,proteuspm_HI4320__k5,bacteria
TTCCC,2759,proteuspm_HI4320__k5,bacteria
AGACT,1883,proteuspm_HI4320__k5,bacteria
GACTT,2994,proteuspm_HI4320__k5,bacteria
TGCCT,3113,proteuspm_HI4320__k5,bacteria
TAGAC,1660,proteuspm_HI4320__k5,bacteria
ACACG,1721,proteuspm_HI4320__k5,bacteria
GTAGC,2070,proteuspm_HI4320__k5,bacteria
TTAAG,5043,proteuspm_HI4320__k5,bacteria
TTCCA,3868,proteuspm_HI4320__k5,bacteria
CACGG,1671,proteuspm_HI4320__k5,bacteria
CGGAC,754,proteuspm_HI4320__k5,bacteria
GGACC,464,proteuspm_HI4320__k5,bacteria
GACCG,1144,proteuspm_HI4320__k5,bacteria
ACCGA,2689,proteuspm_HI4320__k5,bacteria
CCGAC,1336,proteuspm_HI4320__k5,bacteria
GACGC,1472,proteuspm_HI4320__k5,bacteria
CGCGG,1212,proteuspm_HI4320__k5,bacteria
TGACC,2585,proteuspm_HI4320__k5,bacteria
GACCA,2555,proteuspm_HI4320__k5,bacteria
CCAGC,3006,proteuspm_HI4320__k5,bacteria
CTATA,3169,proteuspm_HI4320__k5,bacteria
GTCCA,1633,proteuspm_HI4320__k5,bacteria
CCACA,3437,proteuspm_HI4320__k5,bacteria
CCCAT,3424,proteuspm_HI4320__k5,bacteria
AGGGG,2091,proteuspm_HI4320__k5,bacteria
TCGGC,1852,proteuspm_HI4320__k5,bacteria
ACTGG,3143,proteuspm_HI4320__k5,bacteria
ATACC,5125,proteuspm_HI4320__k5,bacteria
CGTTC,2089,proteuspm_HI4320__k5,bacteria
GTTCC,1764,proteuspm_HI4320__k5,bacteria
TCGGA,1005,proteuspm_HI4320__k5,bacteria
GGCCT,1403,proteuspm_HI4320__k5,bacteria
GAAAC,4097,proteuspm_HI4320__k5,bacteria
CGTCT,1498,proteuspm_HI4320__k5,bacteria
GTCTA,1617,proteuspm_HI4320__k5,bacteria
TACAT,3428,proteuspm_HI4320__k5,bacteria
TAAGA,4146,proteuspm_HI4320__k5,bacteria
TACCC,2675,proteuspm_HI4320__k5,bacteria
ACCCA,2799,proteuspm_HI4320__k5,bacteria
TAAGG,3086,proteuspm_HI4320__k5,bacteria
ACTAG,1340,proteuspm_HI4320__k5,bacteria
CTAGT,1321,proteuspm_HI4320__k5,bacteria
GAGGT,1952,proteuspm_HI4320__k5,bacteria
CATAG,2603,proteuspm_HI4320__k5,bacteria
AGACG,1524,proteuspm_HI4320__k5,bacteria
GACGT,1726,proteuspm_HI4320__k5,bacteria
TCTAA,4918,proteuspm_HI4320__k5,bacteria
CTCCA,1720,proteuspm_HI4320__k5,bacteria
CCATA,4808,proteuspm_HI4320__k5,bacteria
CATTC,3300,proteuspm_HI4320__k5,bacteria
TGGGC,2268,proteuspm_HI4320__k5,bacteria
GCTTC,3806,proteuspm_HI4320__k5,bacteria
GGAGG,1086,proteuspm_HI4320__k5,bacteria
GAGGG,1197,proteuspm_HI4320__k5,bacteria
TAGGC,2137,proteuspm_HI4320__k5,bacteria
CATAA,6811,proteuspm_HI4320__k5,bacteria
AACCC,3067,proteuspm_HI4320__k5,bacteria
GACTG,1796,proteuspm_HI4320__k5,bacteria
CATGA,3924,proteuspm_HI4320__k5,bacteria
CCGTG,1648,proteuspm_HI4320__k5,bacteria
CGACT,1882,proteuspm_HI4320__k5,bacteria
TTCGT,2766,proteuspm_HI4320__k5,bacteria
CACGA,2321,proteuspm_HI4320__k5,bacteria
CTGAC,2678,proteuspm_HI4320__k5,bacteria
CCCTC,1287,proteuspm_HI4320__k5,bacteria
AGACC,1370,proteuspm_HI4320__k5,bacteria
CAGTC,1724,proteuspm_HI4320__k5,bacteria
TAGCG,3499,proteuspm_HI4320__k5,bacteria
CTACC,2130,proteuspm_HI4320__k5,bacteria
TTCGG,1729,proteuspm_HI4320__k5,bacteria
ACCCC,1905,proteuspm_HI4320__k5,bacteria
CTCCG,923,proteuspm_HI4320__k5,bacteria
ACGGT,2692,proteuspm_HI4320__k5,bacteria
TGTTC,3760,proteuspm_HI4320__k5,bacteria
ACCCG,2066,proteuspm_HI4320__k5,bacteria
CCCCA,2496,proteuspm_HI4320__k5,bacteria
CCCAC,1911,proteuspm_HI4320__k5,bacteria
CTAGG,988,proteuspm_HI4320__k5,bacteria
CCGAG,965,proteuspm_HI4320__k5,bacteria
GACCC,743,proteuspm_HI4320__k5,bacteria
AGTTC,2294,proteuspm_HI4320__k5,bacteria
CGCGA,1714,proteuspm_HI4320__k5,bacteria
GATCG,2136,proteuspm_HI4320__k5,bacteria
TCCCG,1455,proteuspm_HI4320__k5,bacteria
CCCCG,1248,proteuspm_HI4320__k5,bacteria
CCCGA,1218,proteuspm_HI4320__k5,bacteria
GGCCC,899,proteuspm_HI4320__k5,bacteria
CCCGG,1100,proteuspm_HI4320__k5,bacteria
ACGCG,1620,proteuspm_HI4320__k5,bacteria
CGGCC,1060,proteuspm_HI4320__k5,bacteria
GTTCG,1473,proteuspm_HI4320__k5,bacteria
GGTCT,1380,proteuspm_HI4320__k5,bacteria
CGGAG,915,proteuspm_HI4320__k5,bacteria
GGTCC,474,proteuspm_HI4320__k5,bacteria
GTCCG,723,proteuspm_HI4320__k5,bacteria
GCCCC,1702,proteuspm_HI4320__k5,bacteria
TTTAA,307,Pseudomonas aeruginosa PAO1__k5,bacteria
TTAAA,298,Pseudomonas aeruginosa PAO1__k5,bacteria
TAAAG,524,Pseudomonas aeruginosa PAO1__k5,bacteria
AAAGA,1260,Pseudomonas aeruginosa PAO1__k5,bacteria
AAGAG,2454,Pseudomonas aeruginosa PAO1__k5,bacteria
AGAGA,1227,Pseudomonas aeruginosa PAO1__k5,bacteria
GAGAC,3292,Pseudomonas aeruginosa PAO1__k5,bacteria
AGACC,6594,Pseudomonas aeruginosa PAO1__k5,bacteria
GACCG,10766,Pseudomonas aeruginosa PAO1__k5,bacteria
ACCGG,10814,Pseudomonas aeruginosa PAO1__k5,bacteria
CCGGC,35794,Pseudomonas aeruginosa PAO1__k5,bacteria
CGGCG,48896,Pseudomonas aeruginosa PAO1__k5,bacteria
GGCGA,28000,Pseudomonas aeruginosa PAO1__k5,bacteria
GCGAT,12052,Pseudomonas aeruginosa PAO1__k5,bacteria
CGATT,2761,Pseudomonas aeruginosa PAO1__k5,bacteria
GATTC,2560,Pseudomonas aeruginosa PAO1__k5,bacteria
ATTCT,1267,Pseudomonas aeruginosa PAO1__k5,bacteria
TTCTA,1313,Pseudomonas aeruginosa PAO1__k5,bacteria
TCTAG,399,Pseudomonas aeruginosa PAO1__k5,bacteria
CTAGT,241,Pseudomonas aeruginosa PAO1__k5,bacteria
TAGTG,1007,Pseudomonas aeruginosa PAO1__k5,bacteria
AGTGA,1360,Pseudomonas aeruginosa PAO1__k5,bacteria
GTGAA,3761,Pseudomonas aeruginosa PAO1__k5,bacteria
TGAAA,2496,Pseudomonas aeruginosa PAO1__k5,bacteria
GAAAT,3773,Pseudomonas aeruginosa PAO1__k5,bacteria
AAATC,2326,Pseudomonas aeruginosa PAO1__k5,bacteria
AATCG,2975,Pseudomonas aeruginosa PAO1__k5,bacteria
ATCGA,9673,Pseudomonas aeruginosa PAO1__k5,bacteria
TCGAA,8707,Pseudomonas aeruginosa PAO1__k5,bacteria
CGAAC,12341,Pseudomonas aeruginosa PAO1__k5,bacteria
GAACG,8228,Pseudomonas aeruginosa PAO1__k5,bacteria
AACGG,6168,Pseudomonas aeruginosa PAO1__k5,bacteria
ACGGG,3810,Pseudomonas aeruginosa PAO1__k5,bacteria
CGGGC,15475,Pseudomonas aeruginosa PAO1__k5,bacteria
GGGCA,8871,Pseudomonas aeruginosa PAO1__k5,bacteria
GGCAG,13910,Pseudomonas aeruginosa PAO1__k5,bacteria
GCAGG,22893,Pseudomonas aeruginosa PAO1__k5,bacteria
CAGGT,14529,Pseudomonas aeruginosa PAO1__k5,bacteria
AGGTC,10717,Pseudomonas aeruginosa PAO1__k5,bacteria
GGTCA,9250,Pseudomonas aeruginosa PAO1__k5,bacteria
GTCAA,2828,Pseudomonas aeruginosa PAO1__k5,bacteria
TCAAT,1478,Pseudomonas aeruginosa PAO1__k5,bacteria
CAATT,1609,Pseudomonas aeruginosa PAO1__k5,bacteria
AATTT,832,Pseudomonas aeruginosa PAO1__k5,bacteria
ATTTC,3636,Pseudomonas aeruginosa PAO1__k5,bacteria
TTTCC,6282,Pseudomonas aeruginosa PAO1__k5,bacteria
TTCCA,7381,Pseudomonas aeruginosa PAO1__k5,bacteria
TCCAA,1698,Pseudomonas aeruginosa PAO1__k5,bacteria
CCAAC,6050,Pseudomonas aeruginosa PAO1__k5,bacteria
CAACC,7731,Pseudomonas aeruginosa PAO1__k5,bacteria
AACCA,3684,Pseudomonas aeruginosa PAO1__k5,bacteria
ACCAG,14614,Pseudomonas aeruginosa PAO1__k5,bacteria
CCAGC,28592,Pseudomonas aeruginosa PAO1__k5,bacteria
CAGCG,26108,Pseudomonas aeruginosa PAO1__k5,bacteria
AGCGA,7944,Pseudomonas aeruginosa PAO1__k5,bacteria
CGATG,14413,Pseudomonas aeruginosa PAO1__k5,bacteria
GATGA,6682,Pseudomonas aeruginosa PAO1__k5,bacteria
ATGAC,3424,Pseudomonas aeruginosa PAO1__k5,bacteria
TGACG,4842,Pseudomonas aeruginosa PAO1__k5,bacteria
GACGT,5568,Pseudomonas aeruginosa PAO1__k5,bacteria
ACGTA,1893,Pseudomonas aeruginosa PAO1__k5,bacteria
CGTAA,769,Pseudomonas aeruginosa PAO1__k5,bacteria
GTAAT,856,Pseudomonas aeruginosa PAO1__k5,bacteria
TAATA,307,Pseudomonas aeruginosa PAO1__k5,bacteria
AATAG,1062,Pseudomonas aeruginosa PAO1__k5,bacteria
ATAGA,1415,Pseudomonas aeruginosa PAO1__k5,bacteria
TAGAT,1222,Pseudomonas aeruginosa PAO1__k5,bacteria
AGATA,1125,Pseudomonas aeruginosa PAO1__k5,bacteria
GATAG,2481,Pseudomonas aeruginosa PAO1__k5,bacteria
GATAC,2553,Pseudomonas aeruginosa PAO1__k5,bacteria
ATACA,918,Pseudomonas aeruginosa PAO1__k5,bacteria
TACAA,1600,Pseudomonas aeruginosa PAO1__k5,bacteria
ACAAG,3744,Pseudomonas aeruginosa PAO1__k5,bacteria
CAAGG,9267,Pseudomonas aeruginosa PAO1__k5,bacteria
AAGGA,4403,Pseudomonas aeruginosa PAO1__k5,bacteria
AGGAA,7496,Pseudomonas aeruginosa PAO1__k5,bacteria
GGAAG,9340,Pseudomonas aeruginosa PAO1__k5,bacteria
GAAGT,5968,Pseudomonas aeruginosa PAO1__k5,bacteria
AAGTC,3473,Pseudomonas aeruginosa PAO1__k5,bacteria
AGTCA,1203,Pseudomonas aeruginosa PAO1__k5,bacteria
GTCAT,3518,Pseudomonas aeruginosa PAO1__k5,bacteria
TCATT,1304,Pseudomonas aeruginosa PAO1__k5,bacteria
CATTT,1648,Pseudomonas aeruginosa PAO1__k5,bacteria
ATTTT,986,Pseudomonas aeruginosa PAO1__k5,bacteria
TTTTT,1904,Pseudomonas aeruginosa PAO1__k5,bacteria
TTTTC,3367,Pseudomonas aeruginosa PAO1__k5,bacteria
TTTCT,2309,Pseudomonas aeruginosa PAO1__k5,bacteria
TTCTT,4219,Pseudomonas aeruginosa PAO1__k5,bacteria
TCTTT,1247,Pseudomonas aeruginosa PAO1__k5,bacteria
CTTTT,1979,Pseudomonas aeruginosa PAO1__k5,bacteria
TTTTA,531,Pseudomonas aeruginosa PAO1__k5,bacteria
AAAGG,2193,Pseudomonas aeruginosa PAO1__k5,bacteria
AGGAT,4875,Pseudomonas aeruginosa PAO1__k5,bacteria
GGATA,2749,Pseudomonas aeruginosa PAO1__k5,bacteria
TAGAA,1383,Pseudomonas aeruginosa PAO1__k5,bacteria
AGAAA,2431,Pseudomonas aeruginosa PAO1__k5,bacteria
GAAAC,4985,Pseudomonas aeruginosa PAO1__k5,bacteria
AAACG,2599,Pseudomonas aeruginosa PAO1__k5,bacteria
ACGGT,4923,Pseudomonas aeruginosa PAO1__k5,bacteria
CGGTT,5539,Pseudomonas aeruginosa PAO1__k5,bacteria
GGTTA,887,Pseudomonas aeruginosa PAO1__k5,bacteria
GTTAA,291,Pseudomonas aeruginosa PAO1__k5,bacteria
TTAAT,264,Pseudomonas aeruginosa PAO1__k5,bacteria
TAATG,602,Pseudomonas aeruginosa PAO1__k5,bacteria
AATGC,2857,Pseudomonas aeruginosa PAO1__k5,bacteria
ATGCT,4771,Pseudomonas aeruginosa PAO1__k5,bacteria
TGCTC,12045,Pseudomonas aeruginosa PAO1__k5,bacteria
GCTCT,4901,Pseudomonas aeruginosa PAO1__k5,bacteria
CTCTT,2689,Pseudomonas aeruginosa PAO1__k5,bacteria
TCTTG,3386,Pseudomonas aeruginosa PAO1__k5,bacteria
CTTGG,4846,Pseudomonas aeruginosa PAO1__k5,bacteria
TTGGG,1944,Pseudomonas aeruginosa PAO1__k5,bacteria
TGGGA,3012,Pseudomonas aeruginosa PAO1__k5,bacteria
GGGAC,3730,Pseudomonas aeruginosa PAO1__k5,bacteria
GGACG,9035,Pseudomonas aeruginosa PAO1__k5,bacteria
GACGG,9029,Pseudomonas aeruginosa PAO1__k5,bacteria
ACGGC,13582,Pseudomonas aeruginosa PAO1__k5,bacteria
GGCGC,36941,Pseudomonas aeruginosa PAO1__k5,bacteria
GCGCT,20547,Pseudomonas aeruginosa PAO1__k5,bacteria
CGCTT,7184,Pseudomonas aeruginosa PAO1__k5,bacteria
GCTTT,3223,Pseudomonas aeruginosa PAO1__k5,bacteria
TTCTG,3727,Pseudomonas aeruginosa PAO1__k5,bacteria
TCTGT,1288,Pseudomonas aeruginosa PAO1__k5,bacteria
CTGTG,2629,Pseudomonas aeruginosa PAO1__k5,bacteria
TGTGC,3507,Pseudomonas aeruginosa PAO1__k5,bacteria
GTGCA,5526,Pseudomonas aeruginosa PAO1__k5,bacteria
TGCAT,3326,Pseudomonas aeruginosa PAO1__k5,bacteria
GCATA,1778,Pseudomonas aeruginosa PAO1__k5,bacteria
CATAA,514,Pseudomonas aeruginosa PAO1__k5,bacteria
ATAAC,964,Pseudomonas aeruginosa PAO1__k5,bacteria
TAACT,334,Pseudomonas aeruginosa PAO1__k5,bacteria
AACTC,3815,Pseudomonas aeruginosa PAO1__k5,bacteria
ACTCG,4851,Pseudomonas aeruginosa PAO1__k5,bacteria
CTCGA,13240,Pseudomonas aeruginosa PAO1__k5,bacteria
TCGAT,9450,Pseudomonas aeruginosa PAO1__k5,bacteria
ATGAA,4399,Pseudomonas aeruginosa PAO1__k5,bacteria
TGAAG,7258,Pseudomonas aeruginosa PAO1__k5,bacteria
GAAGC,11578,Pseudomonas aeruginosa PAO1__k5,bacteria
AAGCC,7949,Pseudomonas aeruginosa PAO1__k5,bacteria
AGCCC,7521,Pseudomonas aeruginosa PAO1__k5,bacteria
GCCCA,11642,Pseudomonas aeruginosa PAO1__k5,bacteria
CCCAG,12359,Pseudomonas aeruginosa PAO1__k5,bacteria
CAGCA,18890,Pseudomonas aeruginosa PAO1__k5,bacteria
AGCAA,4852,Pseudomonas aeruginosa PAO1__k5,bacteria
GCAAT,3389,Pseudomonas aeruginosa PAO1__k5,bacteria
AATTG,1535,Pseudomonas aeruginosa PAO1__k5,bacteria
ATTGC,3286,Pseudomonas aeruginosa PAO1__k5,bacteria
TTGCG,6869,Pseudomonas aeruginosa PAO1__k5,bacteria
TGCGT,3704,Pseudomonas aeruginosa PAO1__k5,bacteria
GCGTG,8573,Pseudomonas aeruginosa PAO1__k5,bacteria
CGTGT,1888,Pseudomonas aeruginosa PAO1__k5,bacteria
GTGTT,3084,Pseudomonas aeruginosa PAO1__k5,bacteria
TGTTT,1135,Pseudomonas aeruginosa PAO1__k5,bacteria
GTTTC,4545,Pseudomonas aeruginosa PAO1__k5,bacteria
TTCTC,4685,Pseudomonas aeruginosa PAO1__k5,bacteria
TCTCC,5591,Pseudomonas aeruginosa PAO1__k5,bacteria
CTCCG,6686,Pseudomonas aeruginosa PAO1__k5,bacteria
TCCGG,10067,Pseudomonas aeruginosa PAO1__k5,bacteria
CGGCA,22746,Pseudomonas aeruginosa PAO1__k5,bacteria
CAGGC,26166,Pseudomonas aeruginosa PAO1__k5,bacteria
AGGCA,4696,Pseudomonas aeruginosa PAO1__k5,bacteria
GGCAA,8857,Pseudomonas aeruginosa PAO1__k5,bacteria
GCAAA,1869,Pseudomonas aeruginosa PAO1__k5,bacteria
CAAAA,863,Pseudomonas aeruginosa PAO1__k5,bacteria
AAAAG,1911,Pseudomonas aeruginosa PAO1__k5,bacteria
AAGGT,4476,Pseudomonas aeruginosa PAO1__k5,bacteria
AGGTT,4048,Pseudomonas aeruginosa PAO1__k5,bacteria
GGTTG,7105,Pseudomonas aeruginosa PAO1__k5,bacteria
GTTGT,3986,Pseudomonas aeruginosa PAO1__k5,bacteria
TTGTC,3946,Pseudomonas aeruginosa PAO1__k5,bacteria
TGTCG,8506,Pseudomonas aeruginosa PAO1__k5,bacteria
GTCGA,15860,Pseudomonas aeruginosa PAO1__k5,bacteria
TCGAG,12816,Pseudomonas aeruginosa PAO1__k5,bacteria
CGAGA,7223,Pseudomonas aeruginosa PAO1__k5,bacteria
GAGAA,4534,Pseudomonas aeruginosa PAO1__k5,bacteria
AGAAC,5112,Pseudomonas aeruginosa PAO1__k5,bacteria
GAACC,5798,Pseudomonas aeruginosa PAO1__k5,bacteria
AACCG,5814,Pseudomonas aeruginosa PAO1__k5,bacteria
CCGGT,10686,Pseudomonas aeruginosa PAO1__k5,bacteria
CGGTG,15717,Pseudomonas aeruginosa PAO1__k5,bacteria
GGTGT,5317,Pseudomonas aeruginosa PAO1__k5,bacteria
GTGTC,2758,Pseudomonas aeruginosa PAO1__k5,bacteria
CGAGG,17891,Pseudomonas aeruginosa PAO1__k5,bacteria
GAGGC,9396,Pseudomonas aeruginosa PAO1__k5,bacteria
AGGCT,6170,Pseudomonas aeruginosa PAO1__k5,bacteria
GGCTG,15001,Pseudomonas aeruginosa PAO1__k5,bacteria
GCTGT,8357,Pseudomonas aeruginosa PAO1__k5,bacteria
CTGTT,6675,Pseudomonas aeruginosa PAO1__k5,bacteria
TTCCT,7252,Pseudomonas aeruginosa PAO1__k5,bacteria
TCCTT,4413,Pseudomonas aeruginosa PAO1__k5,bacteria
CCTTC,11023,Pseudomonas aeruginosa PAO1__k5,bacteria
CTTCC,9514,Pseudomonas aeruginosa PAO1__k5,bacteria
TCCTG,9383,Pseudomonas aeruginosa PAO1__k5,bacteria
CCTGA,7477,Pseudomonas aeruginosa PAO1__k5,bacteria
CTGAG,3743,Pseudomonas aeruginosa PAO1__k5,bacteria
TGAGC,6126,Pseudomonas aeruginosa PAO1__k5,bacteria
GAGCG,11151,Pseudomonas aeruginosa PAO1__k5,bacteria
GCGAA,11572,Pseudomonas aeruginosa PAO1__k5,bacteria
CGAAG,14624,Pseudomonas aeruginosa PAO1__k5,bacteria
AGCCT,6282,Pseudomonas aeruginosa PAO1__k5,bacteria
GCCTG,25138,Pseudomonas aeruginosa PAO1__k5,bacteria
CCTGG,26382,Pseudomonas aeruginosa PAO1__k5,bacteria
CTGGG,11680,Pseudomonas aeruginosa PAO1__k5,bacteria
TGGGG,3563,Pseudomonas aeruginosa PAO1__k5,bacteria
GGGGA,3278,Pseudomonas aeruginosa PAO1__k5,bacteria
GGGAT,3997,Pseudomonas aeruginosa PAO1__k5,bacteria
GGATG,7499,Pseudomonas aeruginosa PAO1__k5,bacteria
TGAAC,5632,Pseudomonas aeruginosa PAO1__k5,bacteria
AACGA,4095,Pseudomonas aeruginosa PAO1__k5,bacteria
ACGAG,5015,Pseudomonas aeruginosa PAO1__k5,bacteria
GAGAT,4396,Pseudomonas aeruginosa PAO1__k5,bacteria
AGATG,3953,Pseudomonas aeruginosa PAO1__k5,bacteria
GATGG,9264,Pseudomonas aeruginosa PAO1__k5,bacteria
ATGGT,4196,Pseudomonas aeruginosa PAO1__k5,bacteria
TGGTT,3282,Pseudomonas aeruginosa PAO1__k5,bacteria
GTTAT,946,Pseudomonas aeruginosa PAO1__k5,bacteria
TTATC,971,Pseudomonas aeruginosa PAO1__k5,bacteria
TATCC,2764,Pseudomonas aeruginosa PAO1__k5,bacteria
ATCCA,5290,Pseudomonas aeruginosa PAO1__k5,bacteria
TCCAC,6614,Pseudomonas aeruginosa PAO1__k5,bacteria
CCACA,3179,Pseudomonas aeruginosa PAO1__k5,bacteria
CACAG,2964,Pseudomonas aeruginosa PAO1__k5,bacteria
ACAGC,8820,Pseudomonas aeruginosa PAO1__k5,bacteria
AGCGG,13592,Pseudomonas aeruginosa PAO1__k5,bacteria
GCGGT,14358,Pseudomonas aeruginosa PAO1__k5,bacteria
GGTTT,3267,Pseudomonas aeruginosa PAO1__k5,bacteria
GTTTT,1790,Pseudomonas aeruginosa PAO1__k5,bacteria
CACAC,1683,Pseudomonas aeruginosa PAO1__k5,bacteria
ACACG,2212,Pseudomonas aeruginosa PAO1__k5,bacteria
CACGG,7057,Pseudomonas aeruginosa PAO1__k5,bacteria
CGGCT,14326,Pseudomonas aeruginosa PAO1__k5,bacteria
GTGCG,7820,Pseudomonas aeruginosa PAO1__k5,bacteria
TGCGC,19710,Pseudomonas aeruginosa PAO1__k5,bacteria
GCGCA,19953,Pseudomonas aeruginosa PAO1__k5,bacteria
CGCAG,16018,Pseudomonas aeruginosa PAO1__k5,bacteria
CAGGG,13948,Pseudomonas aeruginosa PAO1__k5,bacteria
AGGGA,2887,Pseudomonas aeruginosa PAO1__k5,bacteria
GATGT,5355,Pseudomonas aeruginosa PAO1__k5,bacteria
ATGTA,1606,Pseudomonas aeruginosa PAO1__k5,bacteria
TGTAC,2658,Pseudomonas aeruginosa PAO1__k5,bacteria
GTACC,4420,Pseudomonas aeruginosa PAO1__k5,bacteria
TACCC,2955,Pseudomonas aeruginosa PAO1__k5,bacteria
ACCCC,4643,Pseudomonas aeruginosa PAO1__k5,bacteria
CCCCC,2883,Pseudomonas aeruginosa PAO1__k5,bacteria
CCCCT,3431,Pseudomonas aeruginosa PAO1__k5,bacteria
CCCTT,4263,Pseudomonas aeruginosa PAO1__k5,bacteria
CTTCA,7550,Pseudomonas aeruginosa PAO1__k5,bacteria
TTCAA,2954,Pseudomonas aeruginosa PAO1__k5,bacteria
TCAAA,695,Pseudomonas aeruginosa PAO1__k5,bacteria
CAAAG,1368,Pseudomonas aeruginosa PAO1__k5,bacteria
AAAGC,3428,Pseudomonas aeruginosa PAO1__k5,bacteria
AAGCA,3093,Pseudomonas aeruginosa PAO1__k5,bacteria
GCAAG,8333,Pseudomonas aeruginosa PAO1__k5,bacteria
AAGGG,3889,Pseudomonas aeruginosa PAO1__k5,bacteria
AGGGT,5907,Pseudomonas aeruginosa PAO1__k5,bacteria
GGGTT,3828,Pseudomonas aeruginosa PAO1__k5,bacteria
CACAA,1721,Pseudomonas aeruginosa PAO1__k5,bacteria
ACAAA,790,Pseudomonas aeruginosa PAO1__k5,bacteria
AAAGT,907,Pseudomonas aeruginosa PAO1__k5,bacteria
AGTCC,3884,Pseudomonas aeruginosa PAO1__k5,bacteria
GTCCA,7174,Pseudomonas aeruginosa PAO1__k5,bacteria
TCCAG,15683,Pseudomonas aeruginosa PAO1__k5,bacteria
CCAGG,27549,Pseudomonas aeruginosa PAO1__k5,bacteria
CAGGA,9748,Pseudomonas aeruginosa PAO1__k5,bacteria
AGGAC,6847,Pseudomonas aeruginosa PAO1__k5,bacteria
GACGA,11608,Pseudomonas aeruginosa PAO1__k5,bacteria
ACGAC,7109,Pseudomonas aeruginosa PAO1__k5,bacteria
CGACC,18671,Pseudomonas aeruginosa PAO1__k5,bacteria
ACCGT,4964,Pseudomonas aeruginosa PAO1__k5,bacteria
CCGTC,8987,Pseudomonas aeruginosa PAO1__k5,bacteria
CGTCC,9177,Pseudomonas aeruginosa PAO1__k5,bacteria
GTCCG,7676,Pseudomonas aeruginosa PAO1__k5,bacteria
TCCGT,2790,Pseudomonas aeruginosa PAO1__k5,bacteria
CGTCG,19545,Pseudomonas aeruginosa PAO1__k5,bacteria
GTCGG,13935,Pseudomonas aeruginosa PAO1__k5,bacteria
TCGGC,30247,Pseudomonas aeruginosa PAO1__k5,bacteria
CGGCC,29330,Pseudomonas aeruginosa PAO1__k5,bacteria
GGCCT,18033,Pseudomonas aeruginosa PAO1__k5,bacteria
CCTGC,23562,Pseudomonas aeruginosa PAO1__k5,bacteria
CTGCC,13635,Pseudomonas aeruginosa PAO1__k5,bacteria
TGCCT,4411,Pseudomonas aeruginosa PAO1__k5,bacteria
CTGCT,16756,Pseudomonas aeruginosa PAO1__k5,bacteria
TGCTT,3213,Pseudomonas aeruginosa PAO1__k5,bacteria
TTTAT,618,Pseudomonas aeruginosa PAO1__k5,bacteria
TTATT,650,Pseudomonas aeruginosa PAO1__k5,bacteria
TATTA,324,Pseudomonas aeruginosa PAO1__k5,bacteria
ATTAA,291,Pseudomonas aeruginosa PAO1__k5,bacteria
TTAAG,280,Pseudomonas aeruginosa PAO1__k5,bacteria
TAAGG,594,Pseudomonas aeruginosa PAO1__k5,bacteria
GGTCT,6275,Pseudomonas aeruginosa PAO1__k5,bacteria
GTCTT,3475,Pseudomonas aeruginosa PAO1__k5,bacteria
CTTGA,5186,Pseudomonas aeruginosa PAO1__k5,bacteria
TTGAT,3253,Pseudomonas aeruginosa PAO1__k5,bacteria
TGATT,1151,Pseudomonas aeruginosa PAO1__k5,bacteria
GATTT,2216,Pseudomonas aeruginosa PAO1__k5,bacteria
ATTTG,654,Pseudomonas aeruginosa PAO1__k5,bacteria
TTTGC,1686,Pseudomonas aeruginosa PAO1__k5,bacteria
TTGCT,4502,Pseudomonas aeruginosa PAO1__k5,bacteria
GCTTG,7436,Pseudomonas aeruginosa PAO1__k5,bacteria
GGGGC,6363,Pseudomonas aeruginosa PAO1__k5,bacteria
GGGCC,11215,Pseudomonas aeruginosa PAO1__k5,bacteria
GCCTC,10377,Pseudomonas aeruginosa PAO1__k5,bacteria
CCTCA,3619,Pseudomonas aeruginosa PAO1__k5,bacteria
CTCAG,3929,Pseudomonas aeruginosa PAO1__k5,bacteria
TCAGC,11970,Pseudomonas aeruginosa PAO1__k5,bacteria
AGCGC,21511,Pseudomonas aeruginosa PAO1__k5,bacteria
CGCAT,6732,Pseudomonas aeruginosa PAO1__k5,bacteria
GCATC,11285,Pseudomonas aeruginosa PAO1__k5,bacteria
CATCG,14740,Pseudomonas aeruginosa PAO1__k5,bacteria
ATCGG,9045,Pseudomonas aeruginosa PAO1__k5,bacteria
GGCAT,9636,Pseudomonas aeruginosa PAO1__k5,bacteria
GCATG,8554,Pseudomonas aeruginosa PAO1__k5,bacteria
CATGT,3638,Pseudomonas aeruginosa PAO1__k5,bacteria
ATGTG,1995,Pseudomonas aeruginosa PAO1__k5,bacteria
TGTGG,2743,Pseudomonas aeruginosa PAO1__k5,bacteria
GTGGA,6189,Pseudomonas aeruginosa PAO1__k5,bacteria
TGGAT,4839,Pseudomonas aeruginosa PAO1__k5,bacteria
GATAA,1029,Pseudomonas aeruginosa PAO1__k5,bacteria
ATAAG,543,Pseudomonas aeruginosa PAO1__k5,bacteria
TAAGT,261,Pseudomonas aeruginosa PAO1__k5,bacteria
GGCCC,11393,Pseudomonas aeruginosa PAO1__k5,bacteria
GCCCG,16185,Pseudomonas aeruginosa PAO1__k5,bacteria
CCCGT,3807,Pseudomonas aeruginosa PAO1__k5,bacteria
GGCTA,3429,Pseudomonas aeruginosa PAO1__k5,bacteria
GCTAC,5772,Pseudomonas aeruginosa PAO1__k5,bacteria
CTACA,3123,Pseudomonas aeruginosa PAO1__k5,bacteria
ACAAT,947,Pseudomonas aeruginosa PAO1__k5,bacteria
CAATA,1214,Pseudomonas aeruginosa PAO1__k5,bacteria
ATAGG,1765,Pseudomonas aeruginosa PAO1__k5,bacteria
TAGGC,3261,Pseudomonas aeruginosa PAO1__k5,bacteria
AGGCG,19246,Pseudomonas aeruginosa PAO1__k5,bacteria
GCTTA,633,Pseudomonas aeruginosa PAO1__k5,bacteria
CTTAT,527,Pseudomonas aeruginosa PAO1__k5,bacteria
TATTT,937,Pseudomonas aeruginosa PAO1__k5,bacteria
TTTCG,4307,Pseudomonas aeruginosa PAO1__k5,bacteria
TTCGT,5532,Pseudomonas aeruginosa PAO1__k5,bacteria
TCGTT,4051,Pseudomonas aeruginosa PAO1__k5,bacteria
CGTTG,8439,Pseudomonas aeruginosa PAO1__k5,bacteria
TTGTG,1543,Pseudomonas aeruginosa PAO1__k5,bacteria
GTGCC,8550,Pseudomonas aeruginosa PAO1__k5,bacteria
TGCCG,21429,Pseudomonas aeruginosa PAO1__k5,bacteria
GCCGC,36735,Pseudomonas aeruginosa PAO1__k5,bacteria
CCGCC,31102,Pseudomonas aeruginosa PAO1__k5,bacteria
CGCCT,19776,Pseudomonas aeruginosa PAO1__k5,bacteria
GCCTT,9923,Pseudomonas aeruginosa PAO1__k5,bacteria
CCTTT,2236,Pseudomonas aeruginosa PAO1__k5,bacteria
CTTTC,3817,Pseudomonas aeruginosa PAO1__k5,bacteria
CCAAT,1835,Pseudomonas aeruginosa PAO1__k5,bacteria
CAATC,2301,Pseudomonas aeruginosa PAO1__k5,bacteria
AATCT,1089,Pseudomonas aeruginosa PAO1__k5,bacteria
ATCTT,3132,Pseudomonas aeruginosa PAO1__k5,bacteria
CTTTG,1256,Pseudomonas aeruginosa PAO1__k5,bacteria
TTTGG,769,Pseudomonas aeruginosa PAO1__k5,bacteria
GGGGG,2506,Pseudomonas aeruginosa PAO1__k5,bacteria
GATAT,2118,Pseudomonas aeruginosa PAO1__k5,bacteria
ATATC,2094,Pseudomonas aeruginosa PAO1__k5,bacteria
ATCCG,7724,Pseudomonas aeruginosa PAO1__k5,bacteria
CCGTG,6719,Pseudomonas aeruginosa PAO1__k5,bacteria
TGTCC,5679,Pseudomonas aeruginosa PAO1__k5,bacteria
CGTGG,8687,Pseudomonas aeruginosa PAO1__k5,bacteria
TGGAA,7342,Pseudomonas aeruginosa PAO1__k5,bacteria
GGAAC,7729,Pseudomonas aeruginosa PAO1__k5,bacteria
GAACT,7444,Pseudomonas aeruginosa PAO1__k5,bacteria
AACTT,1873,Pseudomonas aeruginosa PAO1__k5,bacteria
ACTTT,907,Pseudomonas aeruginosa PAO1__k5,bacteria
TTGGC,6949,Pseudomonas aeruginosa PAO1__k5,bacteria
TGGCA,5037,Pseudomonas aeruginosa PAO1__k5,bacteria
GCAGC,21247,Pseudomonas aeruginosa PAO1__k5,bacteria
AGCAG,16609,Pseudomonas aeruginosa PAO1__k5,bacteria
GCAGT,5747,Pseudomonas aeruginosa PAO1__k5,bacteria
CAGTG,3263,Pseudomonas aeruginosa PAO1__k5,bacteria
AGTGC,3222,Pseudomonas aeruginosa PAO1__k5,bacteria
GGATC,8515,Pseudomonas aeruginosa PAO1__k5,bacteria
GATCT,6694,Pseudomonas aeruginosa PAO1__k5,bacteria
TCTTC,8578,Pseudomonas aeruginosa PAO1__k5,bacteria
CTTCT,5463,Pseudomonas aeruginosa PAO1__k5,bacteria
TCCGC,12919,Pseudomonas aeruginosa PAO1__k5,bacteria
CCGCG,24971,Pseudomonas aeruginosa PAO1__k5,bacteria
CGCGA,14850,Pseudomonas aeruginosa PAO1__k5,bacteria
ATGAG,2144,Pseudomonas aeruginosa PAO1__k5,bacteria
GAGCT,5704,Pseudomonas aeruginosa PAO1__k5,bacteria
AGCTG,8948,Pseudomonas aeruginosa PAO1__k5,bacteria
GCTGC,20697,Pseudomonas aeruginosa PAO1__k5,bacteria
GCCGT,13093,Pseudomonas aeruginosa PAO1__k5,bacteria
GTCCC,3826,Pseudomonas aeruginosa PAO1__k5,bacteria
TCCCA,3147,Pseudomonas aeruginosa PAO1__k5,bacteria
CCCAA,2096,Pseudomonas aeruginosa PAO1__k5,bacteria
CAACA,4637,Pseudomonas aeruginosa PAO1__k5,bacteria
AACAA,2604,Pseudomonas aeruginosa PAO1__k5,bacteria
AATTC,2153,Pseudomonas aeruginosa PAO1__k5,bacteria
ATTCA,1518,Pseudomonas aeruginosa PAO1__k5,bacteria
TCAAC,5583,Pseudomonas aeruginosa PAO1__k5,bacteria
AACAC,3476,Pseudomonas aeruginosa PAO1__k5,bacteria
ACACC,5831,Pseudomonas aeruginosa PAO1__k5,bacteria
CACCT,8586,Pseudomonas aeruginosa PAO1__k5,bacteria
ACCTG,14488,Pseudomonas aeruginosa PAO1__k5,bacteria
CTGGA,14733,Pseudomonas aeruginosa PAO1__k5,bacteria
GATCC,8510,Pseudomonas aeruginosa PAO1__k5,bacteria
TCCCT,2829,Pseudomonas aeruginosa PAO1__k5,bacteria
CCTTG,9527,Pseudomonas aeruginosa PAO1__k5,bacteria
CTTGC,8437,Pseudomonas aeruginosa PAO1__k5,bacteria
TTGCA,3711,Pseudomonas aeruginosa PAO1__k5,bacteria
TGCAG,10389,Pseudomonas aeruginosa PAO1__k5,bacteria
GGTCG,18541,Pseudomonas aeruginosa PAO1__k5,bacteria
AGCCG,14596,Pseudomonas aeruginosa PAO1__k5,bacteria
GCCGA,29754,Pseudomonas aeruginosa PAO1__k5,bacteria
CCGAA,8944,Pseudomonas aeruginosa PAO1__k5,bacteria
GAAGG,10341,Pseudomonas aeruginosa PAO1__k5,bacteria
AAGGC,9627,Pseudomonas aeruginosa PAO1__k5,bacteria
GCGAC,16354,Pseudomonas aeruginosa PAO1__k5,bacteria
CGACG,19934,Pseudomonas aeruginosa PAO1__k5,bacteria
ACGAA,5854,Pseudomonas aeruginosa PAO1__k5,bacteria
CGAAT,3614,Pseudomonas aeruginosa PAO1__k5,bacteria
GAATT,2086,Pseudomonas aeruginosa PAO1__k5,bacteria
GTGTG,1478,Pseudomonas aeruginosa PAO1__k5,bacteria
TGTGT,680,Pseudomonas aeruginosa PAO1__k5,bacteria
GTGTA,1322,Pseudomonas aeruginosa PAO1__k5,bacteria
TGTAT,794,Pseudomonas aeruginosa PAO1__k5,bacteria
GTATG,1062,Pseudomonas aeruginosa PAO1__k5,bacteria
TATGC,1554,Pseudomonas aeruginosa PAO1__k5,bacteria
ATGCA,3489,Pseudomonas aeruginosa PAO1__k5,bacteria
TGCAC,5836,Pseudomonas aeruginosa PAO1__k5,bacteria
GCACC,14602,Pseudomonas aeruginosa PAO1__k5,bacteria
CACCC,9221,Pseudomonas aeruginosa PAO1__k5,bacteria
ACCCA,4394,Pseudomonas aeruginosa PAO1__k5,bacteria
CCGTT,5630,Pseudomonas aeruginosa PAO1__k5,bacteria
CGTTT,2280,Pseudomonas aeruginosa PAO1__k5,bacteria
TCGTC,11403,Pseudomonas aeruginosa PAO1__k5,bacteria
GTCCT,6766,Pseudomonas aeruginosa PAO1__k5,bacteria
TCCTC,9690,Pseudomonas aeruginosa PAO1__k5,bacteria
CCTCG,19449,Pseudomonas aeruginosa PAO1__k5,bacteria
GATTG,2212,Pseudomonas aeruginosa PAO1__k5,bacteria
ATTGG,1756,Pseudomonas aeruginosa PAO1__k5,bacteria
TGGGT,4171,Pseudomonas aeruginosa PAO1__k5,bacteria
GGGTG,8597,Pseudomonas aeruginosa PAO1__k5,bacteria
GGTGA,10170,Pseudomonas aeruginosa PAO1__k5,bacteria
AAATA,1077,Pseudomonas aeruginosa PAO1__k5,bacteria
AATAC,1999,Pseudomonas aeruginosa PAO1__k5,bacteria
ATACC,3058,Pseudomonas aeruginosa PAO1__k5,bacteria
TACCT,3895,Pseudomonas aeruginosa PAO1__k5,bacteria
ACCTC,6772,Pseudomonas aeruginosa PAO1__k5,bacteria
CTCGG,15551,Pseudomonas aeruginosa PAO1__k5,bacteria
TCGGT,7408,Pseudomonas aeruginosa PAO1__k5,bacteria
CGGTC,10611,Pseudomonas aeruginosa PAO1__k5,bacteria
GGCTT,7644,Pseudomonas aeruginosa PAO1__k5,bacteria
GCTTC,11213,Pseudomonas aeruginosa PAO1__k5,bacteria
TCTGG,5527,Pseudomonas aeruginosa PAO1__k5,bacteria
AACTG,7967,Pseudomonas aeruginosa PAO1__k5,bacteria
ACTGC,5875,Pseudomonas aeruginosa PAO1__k5,bacteria
GCTCG,18128,Pseudomonas aeruginosa PAO1__k5,bacteria
AACGC,8218,Pseudomonas aeruginosa PAO1__k5,bacteria
ACGCG,7496,Pseudomonas aeruginosa PAO1__k5,bacteria
CGCGG,24333,Pseudomonas aeruginosa PAO1__k5,bacteria
GCGGC,35675,Pseudomonas aeruginosa PAO1__k5,bacteria
GCGAG,14410,Pseudomonas aeruginosa PAO1__k5,bacteria
GAGGG,5357,Pseudomonas aeruginosa PAO1__k5,bacteria
GGGTC,8396,Pseudomonas aeruginosa PAO1__k5,bacteria
GTCAG,5965,Pseudomonas aeruginosa PAO1__k5,bacteria
TCAGT,2250,Pseudomonas aeruginosa PAO1__k5,bacteria
CAGTT,7808,Pseudomonas aeruginosa PAO1__k5,bacteria
AGTTG,5551,Pseudomonas aeruginosa PAO1__k5,bacteria
GTTGC,10246,Pseudomonas aeruginosa PAO1__k5,bacteria
TTGCC,8573,Pseudomonas aeruginosa PAO1__k5,bacteria
TGCCC,9192,Pseudomonas aeruginosa PAO1__k5,bacteria
CCCGC,15395,Pseudomonas aeruginosa PAO1__k5,bacteria
CGCGC,31868,Pseudomonas aeruginosa PAO1__k5,bacteria
CCTTA,604,Pseudomonas aeruginosa PAO1__k5,bacteria
CAAGC,7213,Pseudomonas aeruginosa PAO1__k5,bacteria
AAGCG,7311,Pseudomonas aeruginosa PAO1__k5,bacteria
AGCGT,5184,Pseudomonas aeruginosa PAO1__k5,bacteria
GCGTA,4121,Pseudomonas aeruginosa PAO1__k5,bacteria
CGTAG,6218,Pseudomonas aeruginosa PAO1__k5,bacteria
GTAGC,5980,Pseudomonas aeruginosa PAO1__k5,bacteria
TAGCC,3687,Pseudomonas aeruginosa PAO1__k5,bacteria
CCGTA,3318,Pseudomonas aeruginosa PAO1__k5,bacteria
CGTAC,3617,Pseudomonas aeruginosa PAO1__k5,bacteria
GTACG,3658,Pseudomonas aeruginosa PAO1__k5,bacteria
TACGC,4300,Pseudomonas aeruginosa PAO1__k5,bacteria
ACGCC,16102,Pseudomonas aeruginosa PAO1__k5,bacteria
CGCCG,49838,Pseudomonas aeruginosa PAO1__k5,bacteria
GCGCG,31015,Pseudomonas aeruginosa PAO1__k5,bacteria
GCGCC,38515,Pseudomonas aeruginosa PAO1__k5,bacteria
CGCCA,24524,Pseudomonas aeruginosa PAO1__k5,bacteria
GCCAT,10221,Pseudomonas aeruginosa PAO1__k5,bacteria
CCATC,9773,Pseudomonas aeruginosa PAO1__k5,bacteria
ATCGT,4647,Pseudomonas aeruginosa PAO1__k5,bacteria
CCCAT,3911,Pseudomonas aeruginosa PAO1__k5,bacteria
ATCGC,12078,Pseudomonas aeruginosa PAO1__k5,bacteria
TCGCA,3686,Pseudomonas aeruginosa PAO1__k5,bacteria
GCAGA,7039,Pseudomonas aeruginosa PAO1__k5,bacteria
CAGAC,4171,Pseudomonas aeruginosa PAO1__k5,bacteria
GACCC,8456,Pseudomonas aeruginosa PAO1__k5,bacteria
CCCAC,4853,Pseudomonas aeruginosa PAO1__k5,bacteria
CCACG,9666,Pseudomonas aeruginosa PAO1__k5,bacteria
CACGT,4093,Pseudomonas aeruginosa PAO1__k5,bacteria
ACGTG,3793,Pseudomonas aeruginosa PAO1__k5,bacteria
GTGGC,10742,Pseudomonas aeruginosa PAO1__k5,bacteria
TGGCT,6429,Pseudomonas aeruginosa PAO1__k5,bacteria
GGCTC,7515,Pseudomonas aeruginosa PAO1__k5,bacteria
GCTCC,8219,Pseudomonas aeruginosa PAO1__k5,bacteria
CTCCC,3825,Pseudomonas aeruginosa PAO1__k5,bacteria
TCCCC,3745,Pseudomonas aeruginosa PAO1__k5,bacteria
CCCCG,8067,Pseudomonas aeruginosa PAO1__k5,bacteria
CCTCC,6894,Pseudomonas aeruginosa PAO1__k5,bacteria
GCCGG,35012,Pseudomonas aeruginosa PAO1__k5,bacteria
GCCAG,27561,Pseudomonas aeruginosa PAO1__k5,bacteria
CCAGT,8142,Pseudomonas aeruginosa PAO1__k5,bacteria
CAGCC,16249,Pseudomonas aeruginosa PAO1__k5,bacteria
CGGTA,5508,Pseudomonas aeruginosa PAO1__k5,bacteria
GGTAT,3059,Pseudomonas aeruginosa PAO1__k5,bacteria
GTATC,2469,Pseudomonas aeruginosa PAO1__k5,bacteria
TATCG,3241,Pseudomonas aeruginosa PAO1__k5,bacteria
GGCCG,28731,Pseudomonas aeruginosa PAO1__k5,bacteria
CGCCC,20608,Pseudomonas aeruginosa PAO1__k5,bacteria
GTGGT,7444,Pseudomonas aeruginosa PAO1__k5,bacteria
TGGTA,3004,Pseudomonas aeruginosa PAO1__k5,bacteria
GGTAG,6346,Pseudomonas aeruginosa PAO1__k5,bacteria
GTAGT,3384,Pseudomonas aeruginosa PAO1__k5,bacteria
TGCCA,5072,Pseudomonas aeruginosa PAO1__k5,bacteria
GCCAC,12195,Pseudomonas aeruginosa PAO1__k5,bacteria
CGTGA,3179,Pseudomonas aeruginosa PAO1__k5,bacteria
GAAGA,8513,Pseudomonas aeruginosa PAO1__k5,bacteria
AGAGC,4952,Pseudomonas aeruginosa PAO1__k5,bacteria
GTGAC,3878,Pseudomonas aeruginosa PAO1__k5,bacteria
CGAGC,17583,Pseudomonas aeruginosa PAO1__k5,bacteria
CGATC,14647,Pseudomonas aeruginosa PAO1__k5,bacteria
ATCCC,4221,Pseudomonas aeruginosa PAO1__k5,bacteria
CCCTA,1475,Pseudomonas aeruginosa PAO1__k5,bacteria
CCTAC,4317,Pseudomonas aeruginosa PAO1__k5,bacteria
CTACG,5826,Pseudomonas aeruginosa PAO1__k5,bacteria
TACGA,2727,Pseudomonas aeruginosa PAO1__k5,bacteria
GAGCC,7686,Pseudomonas aeruginosa PAO1__k5,bacteria
CCGGA,10038,Pseudomonas aeruginosa PAO1__k5,bacteria
CGGAA,7351,Pseudomonas aeruginosa PAO1__k5,bacteria
AAGAA,4197,Pseudomonas aeruginosa PAO1__k5,bacteria
AACCC,4258,Pseudomonas aeruginosa PAO1__k5,bacteria
AGCAT,4848,Pseudomonas aeruginosa PAO1__k5,bacteria
CCGCT,13540,Pseudomonas aeruginosa PAO1__k5,bacteria
CGCTG,24757,Pseudomonas aeruginosa PAO1__k5,bacteria
GCTGG,25885,Pseudomonas aeruginosa PAO1__k5,bacteria
CTGGC,25658,Pseudomonas aeruginosa PAO1__k5,bacteria
TGGCC,19541,Pseudomonas aeruginosa PAO1__k5,bacteria
CCATG,8749,Pseudomonas aeruginosa PAO1__k5,bacteria
CATGC,8808,Pseudomonas aeruginosa PAO1__k5,bacteria
ATGCC,9346,Pseudomonas aeruginosa PAO1__k5,bacteria
TGGAG,7461,Pseudomonas aeruginosa PAO1__k5,bacteria
GGAGC,7473,Pseudomonas aeruginosa PAO1__k5,bacteria
GAGCA,11593,Pseudomonas aeruginosa PAO1__k5,bacteria
CTGCG,15883,Pseudomonas aeruginosa PAO1__k5,bacteria
TGCGG,10223,Pseudomonas aeruginosa PAO1__k5,bacteria
GGTGC,13535,Pseudomonas aeruginosa PAO1__k5,bacteria
CGCAC,8712,Pseudomonas aeruginosa PAO1__k5,bacteria
CACCG,16725,Pseudomonas aeruginosa PAO1__k5,bacteria
ACCGA,7709,Pseudomonas aeruginosa PAO1__k5,bacteria
CCGAG,14915,Pseudomonas aeruginosa PAO1__k5,bacteria
CGCAA,7106,Pseudomonas aeruginosa PAO1__k5,bacteria
GCAAC,11133,Pseudomonas aeruginosa PAO1__k5,bacteria
CAACG,9094,Pseudomonas aeruginosa PAO1__k5,bacteria
AACGT,2421,Pseudomonas aeruginosa PAO1__k5,bacteria
ACGTC,5813,Pseudomonas aeruginosa PAO1__k5,bacteria
AGGTG,7827,Pseudomonas aeruginosa PAO1__k5,bacteria
GCTGA,11486,Pseudomonas aeruginosa PAO1__k5,bacteria
CTGAA,5501,Pseudomonas aeruginosa PAO1__k5,bacteria
AGCAC,8137,Pseudomonas aeruginosa PAO1__k5,bacteria
GCACA,3803,Pseudomonas aeruginosa PAO1__k5,bacteria
CACCA,11705,Pseudomonas aeruginosa PAO1__k5,bacteria
CAGCT,9382,Pseudomonas aeruginosa PAO1__k5,bacteria
AGCTA,1333,Pseudomonas aeruginosa PAO1__k5,bacteria
GCTAT,2133,Pseudomonas aeruginosa PAO1__k5,bacteria
CTATC,2302,Pseudomonas aeruginosa PAO1__k5,bacteria
TATCT,998,Pseudomonas aeruginosa PAO1__k5,bacteria
ATCTC,4535,Pseudomonas aeruginosa PAO1__k5,bacteria
TCTCA,1028,Pseudomonas aeruginosa PAO1__k5,bacteria
CTCAA,3479,Pseudomonas aeruginosa PAO1__k5,bacteria
ACCTT,4791,Pseudomonas aeruginosa PAO1__k5,bacteria
TTCAC,4024,Pseudomonas aeruginosa PAO1__k5,bacteria
TCACC,10673,Pseudomonas aeruginosa PAO1__k5,bacteria
CTTCG,14461,Pseudomonas aeruginosa PAO1__k5,bacteria
TTCGA,8444,Pseudomonas aeruginosa PAO1__k5,bacteria
ACTTC,6174,Pseudomonas aeruginosa PAO1__k5,bacteria
AGGGC,12817,Pseudomonas aeruginosa PAO1__k5,bacteria
CAAGT,1949,Pseudomonas aeruginosa PAO1__k5,bacteria
GTTGG,5603,Pseudomonas aeruginosa PAO1__k5,bacteria
GGTGG,13784,Pseudomonas aeruginosa PAO1__k5,bacteria
TGGCG,22090,Pseudomonas aeruginosa PAO1__k5,bacteria
GGCGG,29128,Pseudomonas aeruginosa PAO1__k5,bacteria
GCGGA,12555,Pseudomonas aeruginosa PAO1__k5,bacteria
CGGAC,7797,Pseudomonas aeruginosa PAO1__k5,bacteria
GGACA,5800,Pseudomonas aeruginosa PAO1__k5,bacteria
GACAA,3886,Pseudomonas aeruginosa PAO1__k5,bacteria
ACAAC,4330,Pseudomonas aeruginosa PAO1__k5,bacteria
AACCT,4232,Pseudomonas aeruginosa PAO1__k5,bacteria
TCAAG,4785,Pseudomonas aeruginosa PAO1__k5,bacteria
GCACG,9672,Pseudomonas aeruginosa PAO1__k5,bacteria
ACCCG,9679,Pseudomonas aeruginosa PAO1__k5,bacteria
TGTTC,8916,Pseudomonas aeruginosa PAO1__k5,bacteria
GTTCC,7266,Pseudomonas aeruginosa PAO1__k5,bacteria
CCTCT,3023,Pseudomonas aeruginosa PAO1__k5,bacteria
CTCTA,1848,Pseudomonas aeruginosa PAO1__k5,bacteria
TCTAC,3776,Pseudomonas aeruginosa PAO1__k5,bacteria
TACGG,3068,Pseudomonas aeruginosa PAO1__k5,bacteria
GGCGT,15017,Pseudomonas aeruginosa PAO1__k5,bacteria
GCGTC,11042,Pseudomonas aeruginosa PAO1__k5,bacteria
GTCTG,3873,Pseudomonas aeruginosa PAO1__k5,bacteria
TGGGC,10949,Pseudomonas aeruginosa PAO1__k5,bacteria
CAAGA,3244,Pseudomonas aeruginosa PAO1__k5,bacteria
AAGAC,3622,Pseudomonas aeruginosa PAO1__k5,bacteria
CCACC,15131,Pseudomonas aeruginosa PAO1__k5,bacteria
CTGAT,7330,Pseudomonas aeruginosa PAO1__k5,bacteria
TGATG,6482,Pseudomonas aeruginosa PAO1__k5,bacteria
GATGC,11046,Pseudomonas aeruginosa PAO1__k5,bacteria
ATGCG,6659,Pseudomonas aeruginosa PAO1__k5,bacteria
GTGGG,4264,Pseudomonas aeruginosa PAO1__k5,bacteria
ACCAC,8004,Pseudomonas aeruginosa PAO1__k5,bacteria
TGCTG,17719,Pseudomonas aeruginosa PAO1__k5,bacteria
AGAAG,5178,Pseudomonas aeruginosa PAO1__k5,bacteria
CCCGA,6230,Pseudomonas aeruginosa PAO1__k5,bacteria
GCCAA,7058,Pseudomonas aeruginosa PAO1__k5,bacteria
CCAAG,4811,Pseudomonas aeruginosa PAO1__k5,bacteria
TGGTC,11044,Pseudomonas aeruginosa PAO1__k5,bacteria
GTCTA,1471,Pseudomonas aeruginosa PAO1__k5,bacteria
CTACC,6289,Pseudomonas aeruginosa PAO1__k5,bacteria
CTGCA,10734,Pseudomonas aeruginosa PAO1__k5,bacteria
GCATT,2925,Pseudomonas aeruginosa PAO1__k5,bacteria
CATTC,2949,Pseudomonas aeruginosa PAO1__k5,bacteria
ATTCG,3558,Pseudomonas aeruginosa PAO1__k5,bacteria
TTCGG,8615,Pseudomonas aeruginosa PAO1__k5,bacteria
TCGGA,3605,Pseudomonas aeruginosa PAO1__k5,bacteria
ACGTT,2378,Pseudomonas aeruginosa PAO1__k5,bacteria
GTCGC,16131,Pseudomonas aeruginosa PAO1__k5,bacteria
TCGCG,14767,Pseudomonas aeruginosa PAO1__k5,bacteria
GACAT,4552,Pseudomonas aeruginosa PAO1__k5,bacteria
ACATG,3696,Pseudomonas aeruginosa PAO1__k5,bacteria
CATGG,8493,Pseudomonas aeruginosa PAO1__k5,bacteria
TGGTG,10665,Pseudomonas aeruginosa PAO1__k5,bacteria
AGGCC,18338,Pseudomonas aeruginosa PAO1__k5,bacteria
AGCTC,6101,Pseudomonas aeruginosa PAO1__k5,bacteria
GCTCA,6279,Pseudomonas aeruginosa PAO1__k5,bacteria
CATCA,6743,Pseudomonas aeruginosa PAO1__k5,bacteria
ATCAA,3280,Pseudomonas aeruginosa PAO1__k5,bacteria
TACCG,5363,Pseudomonas aeruginosa PAO1__k5,bacteria
ACCGC,15181,Pseudomonas aeruginosa PAO1__k5,bacteria
CGCTC,11866,Pseudomonas aeruginosa PAO1__k5,bacteria
TGGAC,6800,Pseudomonas aeruginosa PAO1__k5,bacteria
GACGC,11383,Pseudomonas aeruginosa PAO1__k5,bacteria
ACGCA,4312,Pseudomonas aeruginosa PAO1__k5,bacteria
GCACT,3555,Pseudomonas aeruginosa PAO1__k5,bacteria
CACTG,3484,Pseudomonas aeruginosa PAO1__k5,bacteria
ACTGT,1473,Pseudomonas aeruginosa PAO1__k5,bacteria
TGTTG,4285,Pseudomonas aeruginosa PAO1__k5,bacteria
GTTGA,5545,Pseudomonas aeruginosa PAO1__k5,bacteria
TGATC,11123,Pseudomonas aeruginosa PAO1__k5,bacteria
GATCG,14487,Pseudomonas aeruginosa PAO1__k5,bacteria
TCGAC,16244,Pseudomonas aeruginosa PAO1__k5,bacteria
CGACA,9022,Pseudomonas aeruginosa PAO1__k5,bacteria
ACATC,5556,Pseudomonas aeruginosa PAO1__k5,bacteria
CATCC,8081,Pseudomonas aeruginosa PAO1__k5,bacteria
AGTTC,7065,Pseudomonas aeruginosa PAO1__k5,bacteria
GTTCT,4905,Pseudomonas aeruginosa PAO1__k5,bacteria
TTCGC,11231,Pseudomonas aeruginosa PAO1__k5,bacteria
TCGCC,29027,Pseudomonas aeruginosa PAO1__k5,bacteria
GTAAG,630,Pseudomonas aeruginosa PAO1__k5,bacteria
AGGAG,4918,Pseudomonas aeruginosa PAO1__k5,bacteria
GGAGG,6059,Pseudomonas aeruginosa PAO1__k5,bacteria
GAGGA,9139,Pseudomonas aeruginosa PAO1__k5,bacteria
GGAGT,3192,Pseudomonas aeruginosa PAO1__k5,bacteria
GAGTT,3526,Pseudomonas aeruginosa PAO1__k5,bacteria
CAATG,2525,Pseudomonas aeruginosa PAO1__k5,bacteria
GCCCT,13741,Pseudomonas aeruginosa PAO1__k5,bacteria
TCTCG,7295,Pseudomonas aeruginosa PAO1__k5,bacteria
GGCCA,20267,Pseudomonas aeruginosa PAO1__k5,bacteria
GTGAT,5486,Pseudomonas aeruginosa PAO1__k5,bacteria
ATCCT,4914,Pseudomonas aeruginosa PAO1__k5,bacteria
CTCAC,2570,Pseudomonas aeruginosa PAO1__k5,bacteria
CGCTA,3461,Pseudomonas aeruginosa PAO1__k5,bacteria
TCCGA,3351,Pseudomonas aeruginosa PAO1__k5,bacteria
GGAAA,6743,Pseudomonas aeruginosa PAO1__k5,bacteria
AATCC,2794,Pseudomonas aeruginosa PAO1__k5,bacteria
TCCCG,6791,Pseudomonas aeruginosa PAO1__k5,bacteria
CTGAC,5862,Pseudomonas aeruginosa PAO1__k5,bacteria
ACTGG,8137,Pseudomonas aeruginosa PAO1__k5,bacteria
AAACC,3493,Pseudomonas aeruginosa PAO1__k5,bacteria
CCCGG,15289,Pseudomonas aeruginosa PAO1__k5,bacteria
CCGGG,14664,Pseudomonas aeruginosa PAO1__k5,bacteria
CGGGT,9205,Pseudomonas aeruginosa PAO1__k5,bacteria
AAGAT,3017,Pseudomonas aeruginosa PAO1__k5,bacteria
AGATC,6712,Pseudomonas aeruginosa PAO1__k5,bacteria
CCGCA,10617,Pseudomonas aeruginosa PAO1__k5,bacteria
CACGA,4367,Pseudomonas aeruginosa PAO1__k5,bacteria
ACGAT,4819,Pseudomonas aeruginosa PAO1__k5,bacteria
TTCAT,4412,Pseudomonas aeruginosa PAO1__k5,bacteria
TCATC,7023,Pseudomonas aeruginosa PAO1__k5,bacteria
CGTTC,7795,Pseudomonas aeruginosa PAO1__k5,bacteria
CGTGC,9359,Pseudomonas aeruginosa PAO1__k5,bacteria
GCGGG,14688,Pseudomonas aeruginosa PAO1__k5,bacteria
CCACT,3690,Pseudomonas aeruginosa PAO1__k5,bacteria
CACTC,2416,Pseudomonas aeruginosa PAO1__k5,bacteria
CTCGC,15681,Pseudomonas aeruginosa PAO1__k5,bacteria
CACTT,2570,Pseudomonas aeruginosa PAO1__k5,bacteria
TCATG,4854,Pseudomonas aeruginosa PAO1__k5,bacteria
ATGGG,3807,Pseudomonas aeruginosa PAO1__k5,bacteria
CCGAT,8964,Pseudomonas aeruginosa PAO1__k5,bacteria
GATCA,11306,Pseudomonas aeruginosa PAO1__k5,bacteria
ATCAC,5732,Pseudomonas aeruginosa PAO1__k5,bacteria
ACCAT,4288,Pseudomonas aeruginosa PAO1__k5,bacteria
CGAGT,4459,Pseudomonas aeruginosa PAO1__k5,bacteria
GAGTC,2703,Pseudomonas aeruginosa PAO1__k5,bacteria
AGTCG,6189,Pseudomonas aeruginosa PAO1__k5,bacteria
TCGCT,7641,Pseudomonas aeruginosa PAO1__k5,bacteria
GGACC,6631,Pseudomonas aeruginosa PAO1__k5,bacteria
GACCT,10699,Pseudomonas aeruginosa PAO1__k5,bacteria
CCTGT,5879,Pseudomonas aeruginosa PAO1__k5,bacteria
TTCAG,5692,Pseudomonas aeruginosa PAO1__k5,bacteria
TCAGG,7738,Pseudomonas aeruginosa PAO1__k5,bacteria
AAGCT,4473,Pseudomonas aeruginosa PAO1__k5,bacteria
CTGGT,13860,Pseudomonas aeruginosa PAO1__k5,bacteria
AACAT,2445,Pseudomonas aeruginosa PAO1__k5,bacteria
GAGTA,1561,Pseudomonas aeruginosa PAO1__k5,bacteria
AGTAC,3015,Pseudomonas aeruginosa PAO1__k5,bacteria
GTACT,3071,Pseudomonas aeruginosa PAO1__k5,bacteria
TACTA,790,Pseudomonas aeruginosa PAO1__k5,bacteria
ACTAC,3396,Pseudomonas aeruginosa PAO1__k5,bacteria
ATCTG,4103,Pseudomonas aeruginosa PAO1__k5,bacteria
GCGTT,7367,Pseudomonas aeruginosa PAO1__k5,bacteria
GTTCG,11496,Pseudomonas aeruginosa PAO1__k5,bacteria
ATGGC,9748,Pseudomonas aeruginosa PAO1__k5,bacteria
CTCTC,2707,Pseudomonas aeruginosa PAO1__k5,bacteria
CTCCA,8255,Pseudomonas aeruginosa PAO1__k5,bacteria
TGACC,9196,Pseudomonas aeruginosa PAO1__k5,bacteria
GACCA,11171,Pseudomonas aeruginosa PAO1__k5,bacteria
ACCAA,2628,Pseudomonas aeruginosa PAO1__k5,bacteria
CGGAG,6381,Pseudomonas aeruginosa PAO1__k5,bacteria
GGAGA,5346,Pseudomonas aeruginosa PAO1__k5,bacteria
TCGGG,5886,Pseudomonas aeruginosa PAO1__k5,bacteria
CGGGA,6923,Pseudomonas aeruginosa PAO1__k5,bacteria
TCACA,815,Pseudomonas aeruginosa PAO1__k5,bacteria
CACGC,9549,Pseudomonas aeruginosa PAO1__k5,bacteria
CTGTC,5261,Pseudomonas aeruginosa PAO1__k5,bacteria
GTCGT,6855,Pseudomonas aeruginosa PAO1__k5,bacteria
TCGTA,2803,Pseudomonas aeruginosa PAO1__k5,bacteria
TAAGA,273,Pseudomonas aeruginosa PAO1__k5,bacteria
CAACT,5634,Pseudomonas aeruginosa PAO1__k5,bacteria
ACTTA,283,Pseudomonas aeruginosa PAO1__k5,bacteria
CTTAG,348,Pseudomonas aeruginosa PAO1__k5,bacteria
TTAGG,265,Pseudomonas aeruginosa PAO1__k5,bacteria
TAGGG,1429,Pseudomonas aeruginosa PAO1__k5,bacteria
GGGAA,5063,Pseudomonas aeruginosa PAO1__k5,bacteria
GGAAT,3440,Pseudomonas aeruginosa PAO1__k5,bacteria
GAATC,2832,Pseudomonas aeruginosa PAO1__k5,bacteria
CCGAC,14221,Pseudomonas aeruginosa PAO1__k5,bacteria
CGGAT,7676,Pseudomonas aeruginosa PAO1__k5,bacteria
GGACT,3708,Pseudomonas aeruginosa PAO1__k5,bacteria
GACTA,1941,Pseudomonas aeruginosa PAO1__k5,bacteria
ACCCT,6174,Pseudomonas aeruginosa PAO1__k5,bacteria
CCCTG,14291,Pseudomonas aeruginosa PAO1__k5,bacteria
TGACA,1070,Pseudomonas aeruginosa PAO1__k5,bacteria
ACTAG,273,Pseudomonas aeruginosa PAO1__k5,bacteria
CTAGA,414,Pseudomonas aeruginosa PAO1__k5,bacteria
TAGAC,1596,Pseudomonas aeruginosa PAO1__k5,bacteria
TTTCA,2467,Pseudomonas aeruginosa PAO1__k5,bacteria
CCATT,2637,Pseudomonas aeruginosa PAO1__k5,bacteria
TTGAA,3096,Pseudomonas aeruginosa PAO1__k5,bacteria
TGCAA,3909,Pseudomonas aeruginosa PAO1__k5,bacteria
TCGTG,4028,Pseudomonas aeruginosa PAO1__k5,bacteria
CCAGA,5934,Pseudomonas aeruginosa PAO1__k5,bacteria
AGACA,1184,Pseudomonas aeruginosa PAO1__k5,bacteria
ACATT,840,Pseudomonas aeruginosa PAO1__k5,bacteria
CATTG,2516,Pseudomonas aeruginosa PAO1__k5,bacteria
GGTTC,5438,Pseudomonas aeruginosa PAO1__k5,bacteria
TCTCT,1274,Pseudomonas aeruginosa PAO1__k5,bacteria
GGCAC,8947,Pseudomonas aeruginosa PAO1__k5,bacteria
TTGGT,2495,Pseudomonas aeruginosa PAO1__k5,bacteria
CGCGT,7198,Pseudomonas aeruginosa PAO1__k5,bacteria
GGTAC,4534,Pseudomonas aeruginosa PAO1__k5,bacteria
TACTG,2310,Pseudomonas aeruginosa PAO1__k5,bacteria
ATGGA,3934,Pseudomonas aeruginosa PAO1__k5,bacteria
CATCT,4073,Pseudomonas aeruginosa PAO1__k5,bacteria
TCTGC,6874,Pseudomonas aeruginosa PAO1__k5,bacteria
GTGCT,7727,Pseudomonas aeruginosa PAO1__k5,bacteria
CAGAA,3891,Pseudomonas aeruginosa PAO1__k5,bacteria
AAACT,1167,Pseudomonas aeruginosa PAO1__k5,bacteria
GGGCG,18854,Pseudomonas aeruginosa PAO1__k5,bacteria
TTCCC,4640,Pseudomonas aeruginosa PAO1__k5,bacteria
CCCCA,4036,Pseudomonas aeruginosa PAO1__k5,bacteria
GTAGA,3949,Pseudomonas aeruginosa PAO1__k5,bacteria
TAGAG,1837,Pseudomonas aeruginosa PAO1__k5,bacteria
AGAGG,2849,Pseudomonas aeruginosa PAO1__k5,bacteria
GGTCC,6702,Pseudomonas aeruginosa PAO1__k5,bacteria
CAGAG,3263,Pseudomonas aeruginosa PAO1__k5,bacteria
AGCTT,4464,Pseudomonas aeruginosa PAO1__k5,bacteria
CGTTA,912,Pseudomonas aeruginosa PAO1__k5,bacteria
GTTAC,995,Pseudomonas aeruginosa PAO1__k5,bacteria
TTACT,505,Pseudomonas aeruginosa PAO1__k5,bacteria
AAGTG,2333,Pseudomonas aeruginosa PAO1__k5,bacteria
CGACT,6301,Pseudomonas aeruginosa PAO1__k5,bacteria
GACTG,4092,Pseudomonas aeruginosa PAO1__k5,bacteria
CAGAT,4224,Pseudomonas aeruginosa PAO1__k5,bacteria
CTCGT,5251,Pseudomonas aeruginosa PAO1__k5,bacteria
CGTCT,3685,Pseudomonas aeruginosa PAO1__k5,bacteria
CCATA,1366,Pseudomonas aeruginosa PAO1__k5,bacteria
CATAT,791,Pseudomonas aeruginosa PAO1__k5,bacteria
TCACT,1388,Pseudomonas aeruginosa PAO1__k5,bacteria
AAGTT,1834,Pseudomonas aeruginosa PAO1__k5,bacteria
AAGTA,1445,Pseudomonas aeruginosa PAO1__k5,bacteria
GTTTG,1120,Pseudomonas aeruginosa PAO1__k5,bacteria
GAAAA,3425,Pseudomonas aeruginosa PAO1__k5,bacteria
AAAAT,1001,Pseudomonas aeruginosa PAO1__k5,bacteria
GAACA,9344,Pseudomonas aeruginosa PAO1__k5,bacteria
GTACA,2675,Pseudomonas aeruginosa PAO1__k5,bacteria
CGTCA,4838,Pseudomonas aeruginosa PAO1__k5,bacteria
AGTTA,358,Pseudomonas aeruginosa PAO1__k5,bacteria
TTACC,1420,Pseudomonas aeruginosa PAO1__k5,bacteria
TGTGA,715,Pseudomonas aeruginosa PAO1__k5,bacteria
TTCCG,7041,Pseudomonas aeruginosa PAO1__k5,bacteria
ATTCC,3252,Pseudomonas aeruginosa PAO1__k5,bacteria
AACAG,7001,Pseudomonas aeruginosa PAO1__k5,bacteria
AATGA,1293,Pseudomonas aeruginosa PAO1__k5,bacteria
GCCTA,3064,Pseudomonas aeruginosa PAO1__k5,bacteria
CCTAT,1608,Pseudomonas aeruginosa PAO1__k5,bacteria
CTATG,1747,Pseudomonas aeruginosa PAO1__k5,bacteria
TATGT,608,Pseudomonas aeruginosa PAO1__k5,bacteria
ATGTC,4346,Pseudomonas aeruginosa PAO1__k5,bacteria
TCTAA,244,Pseudomonas aeruginosa PAO1__k5,bacteria
CTAAA,285,Pseudomonas aeruginosa PAO1__k5,bacteria
TAAAC,358,Pseudomonas aeruginosa PAO1__k5,bacteria
AAACA,1183,Pseudomonas aeruginosa PAO1__k5,bacteria
ACATA,677,Pseudomonas aeruginosa PAO1__k5,bacteria
CATAC,1165,Pseudomonas aeruginosa PAO1__k5,bacteria
ATACT,749,Pseudomonas aeruginosa PAO1__k5,bacteria
ACTGA,2368,Pseudomonas aeruginosa PAO1__k5,bacteria
TGAAT,1371,Pseudomonas aeruginosa PAO1__k5,bacteria
GAATG,2822,Pseudomonas aeruginosa PAO1__k5,bacteria
AATGT,844,Pseudomonas aeruginosa PAO1__k5,bacteria
GTCAC,4066,Pseudomonas aeruginosa PAO1__k5,bacteria
CCCTC,6146,Pseudomonas aeruginosa PAO1__k5,bacteria
AGCCA,7172,Pseudomonas aeruginosa PAO1__k5,bacteria
GTTCA,5547,Pseudomonas aeruginosa PAO1__k5,bacteria
CAGTA,2457,Pseudomonas aeruginosa PAO1__k5,bacteria
AGTAT,706,Pseudomonas aeruginosa PAO1__k5,bacteria
TATGA,608,Pseudomonas aeruginosa PAO1__k5,bacteria
TGAGG,3332,Pseudomonas aeruginosa PAO1__k5,bacteria
CGTAT,1531,Pseudomonas aeruginosa PAO1__k5,bacteria
GTATT,1906,Pseudomonas aeruginosa PAO1__k5,bacteria
TATTC,1933,Pseudomonas aeruginosa PAO1__k5,bacteria
ATGTT,2498,Pseudomonas aeruginosa PAO1__k5,bacteria
GGATT,2624,Pseudomonas aeruginosa PAO1__k5,bacteria
GTGAG,2299,Pseudomonas aeruginosa PAO1__k5,bacteria
GAGTG,2161,Pseudomonas aeruginosa PAO1__k5,bacteria
ACTCT,1137,Pseudomonas aeruginosa PAO1__k5,bacteria
GACAG,5527,Pseudomonas aeruginosa PAO1__k5,bacteria
GGGAG,3310,Pseudomonas aeruginosa PAO1__k5,bacteria
ACAGT,1511,Pseudomonas aeruginosa PAO1__k5,bacteria
AGTGT,757,Pseudomonas aeruginosa PAO1__k5,bacteria
ACTCC,3432,Pseudomonas aeruginosa PAO1__k5,bacteria
CTCCT,5370,Pseudomonas aeruginosa PAO1__k5,bacteria
GGTAA,1445,Pseudomonas aeruginosa PAO1__k5,bacteria
GTAAA,553,Pseudomonas aeruginosa PAO1__k5,bacteria
ATTGA,1477,Pseudomonas aeruginosa PAO1__k5,bacteria
TTGAG,3472,Pseudomonas aeruginosa PAO1__k5,bacteria
TGAGA,980,Pseudomonas aeruginosa PAO1__k5,bacteria
CTATA,785,Pseudomonas aeruginosa PAO1__k5,bacteria
TATAT,500,Pseudomonas aeruginosa PAO1__k5,bacteria
ACACT,891,Pseudomonas aeruginosa PAO1__k5,bacteria
TTAGC,480,Pseudomonas aeruginosa PAO1__k5,bacteria
TAGCT,1287,Pseudomonas aeruginosa PAO1__k5,bacteria
CTACT,2023,Pseudomonas aeruginosa PAO1__k5,bacteria
GAGGT,6239,Pseudomonas aeruginosa PAO1__k5,bacteria
ATACG,1632,Pseudomonas aeruginosa PAO1__k5,bacteria
TCATA,659,Pseudomonas aeruginosa PAO1__k5,bacteria
TAACG,981,Pseudomonas aeruginosa PAO1__k5,bacteria
AGATT,1069,Pseudomonas aeruginosa PAO1__k5,bacteria
TCTGA,1105,Pseudomonas aeruginosa PAO1__k5,bacteria
AATGG,2587,Pseudomonas aeruginosa PAO1__k5,bacteria
AGGTA,4031,Pseudomonas aeruginosa PAO1__k5,bacteria
AACTA,924,Pseudomonas aeruginosa PAO1__k5,bacteria
ACTAT,823,Pseudomonas aeruginosa PAO1__k5,bacteria
CTATT,1027,Pseudomonas aeruginosa PAO1__k5,bacteria
TATTG,1197,Pseudomonas aeruginosa PAO1__k5,bacteria
GAAAG,3985,Pseudomonas aeruginosa PAO1__k5,bacteria
AGACG,3777,Pseudomonas aeruginosa PAO1__k5,bacteria
ACGGA,3007,Pseudomonas aeruginosa PAO1__k5,bacteria
TCCAT,4105,Pseudomonas aeruginosa PAO1__k5,bacteria
AGTCT,1080,Pseudomonas aeruginosa PAO1__k5,bacteria
GTCTC,3261,Pseudomonas aeruginosa PAO1__k5,bacteria
TCAGA,1116,Pseudomonas aeruginosa PAO1__k5,bacteria
CATGA,4914,Pseudomonas aeruginosa PAO1__k5,bacteria
GACTC,2804,Pseudomonas aeruginosa PAO1__k5,bacteria
AGGGG,3012,Pseudomonas aeruginosa PAO1__k5,bacteria
GGGCT,6664,Pseudomonas aeruginosa PAO1__k5,bacteria
GCCCC,7146,Pseudomonas aeruginosa PAO1__k5,bacteria
TACAT,1569,Pseudomonas aeruginosa PAO1__k5,bacteria
GACAC,3111,Pseudomonas aeruginosa PAO1__k5,bacteria
CACAT,2203,Pseudomonas aeruginosa PAO1__k5,bacteria
CGAAA,4498,Pseudomonas aeruginosa PAO1__k5,bacteria
AATCA,1227,Pseudomonas aeruginosa PAO1__k5,bacteria
ATCAG,7488,Pseudomonas aeruginosa PAO1__k5,bacteria
TGAGT,1220,Pseudomonas aeruginosa PAO1__k5,bacteria
GGGGT,4379,Pseudomonas aeruginosa PAO1__k5,bacteria
ATCAT,3609,Pseudomonas aeruginosa PAO1__k5,bacteria
ACCTA,1361,Pseudomonas aeruginosa PAO1__k5,bacteria
ACAGG,6211,Pseudomonas aeruginosa PAO1__k5,bacteria
TACCA,2974,Pseudomonas aeruginosa PAO1__k5,bacteria
AGTGG,3425,Pseudomonas aeruginosa PAO1__k5,bacteria
CTCTG,3091,Pseudomonas aeruginosa PAO1__k5,bacteria
GTAAC,1050,Pseudomonas aeruginosa PAO1__k5,bacteria
TAACC,966,Pseudomonas aeruginosa PAO1__k5,bacteria
AGACT,1126,Pseudomonas aeruginosa PAO1__k5,bacteria
TACTT,1510,Pseudomonas aeruginosa PAO1__k5,bacteria
GACTT,3441,Pseudomonas aeruginosa PAO1__k5,bacteria
AGAAT,1284,Pseudomonas aeruginosa PAO1__k5,bacteria
ATGAT,3530,Pseudomonas aeruginosa PAO1__k5,bacteria
CAAAC,1203,Pseudomonas aeruginosa PAO1__k5,bacteria
CTGTA,2432,Pseudomonas aeruginosa PAO1__k5,bacteria
TGACT,1143,Pseudomonas aeruginosa PAO1__k5,bacteria
ACGCT,5540,Pseudomonas aeruginosa PAO1__k5,bacteria
GAATA,1969,Pseudomonas aeruginosa PAO1__k5,bacteria
TTGAC,3087,Pseudomonas aeruginosa PAO1__k5,bacteria
ATCTA,1084,Pseudomonas aeruginosa PAO1__k5,bacteria
TTGTA,1623,Pseudomonas aeruginosa PAO1__k5,bacteria
AGAGT,1080,Pseudomonas aeruginosa PAO1__k5,bacteria
CAGTC,4122,Pseudomonas aeruginosa PAO1__k5,bacteria
CGGGG,7445,Pseudomonas aeruginosa PAO1__k5,bacteria
GCTAA,417,Pseudomonas aeruginosa PAO1__k5,bacteria
CTAAC,301,Pseudomonas aeruginosa PAO1__k5,bacteria
TTGGA,1586,Pseudomonas aeruginosa PAO1__k5,bacteria
TACGT,1795,Pseudomonas aeruginosa PAO1__k5,bacteria
CGATA,3464,Pseudomonas aeruginosa PAO1__k5,bacteria
CTCAT,2301,Pseudomonas aeruginosa PAO1__k5,bacteria
TTTTG,857,Pseudomonas aeruginosa PAO1__k5,bacteria
TACTC,1738,Pseudomonas aeruginosa PAO1__k5,bacteria
AAAAC,1896,Pseudomonas aeruginosa PAO1__k5,bacteria
TATGG,1341,Pseudomonas aeruginosa PAO1__k5,bacteria
TCACG,3516,Pseudomonas aeruginosa PAO1__k5,bacteria
GTTTA,332,Pseudomonas aeruginosa PAO1__k5,bacteria
TTTAG,278,Pseudomonas aeruginosa PAO1__k5,bacteria
GGGTA,2841,Pseudomonas aeruginosa PAO1__k5,bacteria
ACTTG,2030,Pseudomonas aeruginosa PAO1__k5,bacteria
GAGAG,2554,Pseudomonas aeruginosa PAO1__k5,bacteria
TAGCG,3661,Pseudomonas aeruginosa PAO1__k5,bacteria
TAAAA,520,Pseudomonas aeruginosa PAO1__k5,bacteria
CTTAC,668,Pseudomonas aeruginosa PAO1__k5,bacteria
AGTAA,476,Pseudomonas aeruginosa PAO1__k5,bacteria
AATAT,781,Pseudomonas aeruginosa PAO1__k5,bacteria
TATCA,833,Pseudomonas aeruginosa PAO1__k5,bacteria
TACAC,1438,Pseudomonas aeruginosa PAO1__k5,bacteria
CTTTA,561,Pseudomonas aeruginosa PAO1__k5,bacteria
TTTAC,579,Pseudomonas aeruginosa PAO1__k5,bacteria
ACAGA,1460,Pseudomonas aeruginosa PAO1__k5,bacteria
ATAGC,2327,Pseudomonas aeruginosa PAO1__k5,bacteria
TGTAA,399,Pseudomonas aeruginosa PAO1__k5,bacteria
TAATC,626,Pseudomonas aeruginosa PAO1__k5,bacteria
AATAA,725,Pseudomonas aeruginosa PAO1__k5,bacteria
ATAAT,521,Pseudomonas aeruginosa PAO1__k5,bacteria
TGTCT,1040,Pseudomonas aeruginosa PAO1__k5,bacteria
TGCGA,3594,Pseudomonas aeruginosa PAO1__k5,bacteria
TAAGC,607,Pseudomonas aeruginosa PAO1__k5,bacteria
AAAAA,2050,Pseudomonas aeruginosa PAO1__k5,bacteria
CTTGT,3910,Pseudomonas aeruginosa PAO1__k5,bacteria
TACAG,2510,Pseudomonas aeruginosa PAO1__k5,bacteria
TGTAG,3132,Pseudomonas aeruginosa PAO1__k5,bacteria
CATAG,2010,Pseudomonas aeruginosa PAO1__k5,bacteria
ATAGT,857,Pseudomonas aeruginosa PAO1__k5,bacteria
TAGTC,2058,Pseudomonas aeruginosa PAO1__k5,bacteria
ATATT,808,Pseudomonas aeruginosa PAO1__k5,bacteria
TTTGT,732,Pseudomonas aeruginosa PAO1__k5,bacteria
TTGTT,2457,Pseudomonas aeruginosa PAO1__k5,bacteria
GTAGG,4341,Pseudomonas aeruginosa PAO1__k5,bacteria
TAGTA,692,Pseudomonas aeruginosa PAO1__k5,bacteria
AGTAG,1958,Pseudomonas aeruginosa PAO1__k5,bacteria
TATAC,640,Pseudomonas aeruginosa PAO1__k5,bacteria
CACTA,1054,Pseudomonas aeruginosa PAO1__k5,bacteria
ATTGT,941,Pseudomonas aeruginosa PAO1__k5,bacteria
CTAGG,544,Pseudomonas aeruginosa PAO1__k5,bacteria
TAGGT,1379,Pseudomonas aeruginosa PAO1__k5,bacteria
TAGCA,870,Pseudomonas aeruginosa PAO1__k5,bacteria
TAGTT,911,Pseudomonas aeruginosa PAO1__k5,bacteria
AAATT,825,Pseudomonas aeruginosa PAO1__k5,bacteria
GTATA,653,Pseudomonas aeruginosa PAO1__k5,bacteria
TTATG,535,Pseudomonas aeruginosa PAO1__k5,bacteria
GATTA,617,Pseudomonas aeruginosa PAO1__k5,bacteria
ATTAC,858,Pseudomonas aeruginosa PAO1__k5,bacteria
TGCTA,779,Pseudomonas aeruginosa PAO1__k5,bacteria
TTACG,774,Pseudomonas aeruginosa PAO1__k5,bacteria
GCTAG,680,Pseudomonas aeruginosa PAO1__k5,bacteria
CTAGC,718,Pseudomonas aeruginosa PAO1__k5,bacteria
CATTA,593,Pseudomonas aeruginosa PAO1__k5,bacteria
ACTCA,1353,Pseudomonas aeruginosa PAO1__k5,bacteria
TCTAT,1297,Pseudomonas aeruginosa PAO1__k5,bacteria
TCCTA,816,Pseudomonas aeruginosa PAO1__k5,bacteria
TGTCA,1086,Pseudomonas aeruginosa PAO1__k5,bacteria
TTACA,401,Pseudomonas aeruginosa PAO1__k5,bacteria
AAATG,1632,Pseudomonas aeruginosa PAO1__k5,bacteria
TAGGA,846,Pseudomonas aeruginosa PAO1__k5,bacteria
TTTGA,700,Pseudomonas aeruginosa PAO1__k5,bacteria
ATATG,767,Pseudomonas aeruginosa PAO1__k5,bacteria
AGTTT,1105,Pseudomonas aeruginosa PAO1__k5,bacteria
CTAAG,282,Pseudomonas aeruginosa PAO1__k5,bacteria
TGATA,843,Pseudomonas aeruginosa PAO1__k5,bacteria
ATAAA,648,Pseudomonas aeruginosa PAO1__k5,bacteria
CAAAT,704,Pseudomonas aeruginosa PAO1__k5,bacteria
CCTAG,565,Pseudomonas aeruginosa PAO1__k5,bacteria
GTTAG,303,Pseudomonas aeruginosa PAO1__k5,bacteria
TATAG,811,Pseudomonas aeruginosa PAO1__k5,bacteria
CTAAT,236,Pseudomonas aeruginosa PAO1__k5,bacteria
CCAAA,784,Pseudomonas aeruginosa PAO1__k5,bacteria
TGTTA,378,Pseudomonas aeruginosa PAO1__k5,bacteria
CTTAA,281,Pseudomonas aeruginosa PAO1__k5,bacteria
TTAAC,328,Pseudomonas aeruginosa PAO1__k5,bacteria
TAACA,362,Pseudomonas aeruginosa PAO1__k5,bacteria
TAATT,342,Pseudomonas aeruginosa PAO1__k5,bacteria
ATATA,521,Pseudomonas aeruginosa PAO1__k5,bacteria
TTATA,400,Pseudomonas aeruginosa PAO1__k5,bacteria
ACTAA,217,Pseudomonas aeruginosa PAO1__k5,bacteria
TATAA,408,Pseudomonas aeruginosa PAO1__k5,bacteria
ATTAT,465,Pseudomonas aeruginosa PAO1__k5,bacteria
ATTTA,357,Pseudomonas aeruginosa PAO1__k5,bacteria
AATTA,342,Pseudomonas aeruginosa PAO1__k5,bacteria
ATTAG,262,Pseudomonas aeruginosa PAO1__k5,bacteria
TTAGA,260,Pseudomonas aeruginosa PAO1__k5,bacteria
TAAAT,382,Pseudomonas aeruginosa PAO1__k5,bacteria
ACACA,774,Pseudomonas aeruginosa PAO1__k5,bacteria
TTAGT,186,Pseudomonas aeruginosa PAO1__k5,bacteria
TCTTA,304,Pseudomonas aeruginosa PAO1__k5,bacteria
CCTAA,226,Pseudomonas aeruginosa PAO1__k5,bacteria
TTACC,4017,Serratia marcescens__k5,bacteria
TACCC,2873,Serratia marcescens__k5,bacteria
ACCCA,3419,Serratia marcescens__k5,bacteria
CCCAG,6663,Serratia marcescens__k5,bacteria
CCAGC,20065,Serratia marcescens__k5,bacteria
CAGCG,22714,Serratia marcescens__k5,bacteria
AGCGT,7214,Serratia marcescens__k5,bacteria
GCGTG,9040,Serratia marcescens__k5,bacteria
CGTGA,4947,Serratia marcescens__k5,bacteria
GTGAT,6797,Serratia marcescens__k5,bacteria
TGATC,9724,Serratia marcescens__k5,bacteria
GATCC,6953,Serratia marcescens__k5,bacteria
ATCCA,4936,Serratia marcescens__k5,bacteria
TCCAC,4478,Serratia marcescens__k5,bacteria
CCACT,3021,Serratia marcescens__k5,bacteria
CACTA,1343,Serratia marcescens__k5,bacteria
ACTAG,231,Serratia marcescens__k5,bacteria
CTAGT,258,Serratia marcescens__k5,bacteria
TAGTA,709,Serratia marcescens__k5,bacteria
AGTAA,1731,Serratia marcescens__k5,bacteria
GTAAA,3445,Serratia marcescens__k5,bacteria
TAAAT,2390,Serratia marcescens__k5,bacteria
AAATC,5407,Serratia marcescens__k5,bacteria
AATCG,4575,Serratia marcescens__k5,bacteria
ATCGG,9038,Serratia marcescens__k5,bacteria
TCGGC,16885,Serratia marcescens__k5,bacteria
CGGCT,9940,Serratia marcescens__k5,bacteria
GGCTT,5739,Serratia marcescens__k5,bacteria
GCTTT,6085,Serratia marcescens__k5,bacteria
CTTTA,3027,Serratia marcescens__k5,bacteria
TTTAA,2548,Serratia marcescens__k5,bacteria
TTAAG,1470,Serratia marcescens__k5,bacteria
TAAGT,857,Serratia marcescens__k5,bacteria
AAGTT,2229,Serratia marcescens__k5,bacteria
AGTTG,3392,Serratia marcescens__k5,bacteria
GTTGT,3629,Serratia marcescens__k5,bacteria
TTGTT,3857,Serratia marcescens__k5,bacteria
TGTTT,4090,Serratia marcescens__k5,bacteria
GTTTT,6265,Serratia marcescens__k5,bacteria
TTTTT,7604,Serratia marcescens__k5,bacteria
TTTTG,4992,Serratia marcescens__k5,bacteria
TTTGT,3036,Serratia marcescens__k5,bacteria
TGTTC,7182,Serratia marcescens__k5,bacteria
GTTCT,3507,Serratia marcescens__k5,bacteria
TTCTG,4332,Serratia marcescens__k5,bacteria
TCTGT,2305,Serratia marcescens__k5,bacteria
CTGTC,4247,Serratia marcescens__k5,bacteria
TGTCG,6418,Serratia marcescens__k5,bacteria
GTCGT,3858,Serratia marcescens__k5,bacteria
TCGTT,4267,Serratia marcescens__k5,bacteria
CGTTT,6067,Serratia marcescens__k5,bacteria
TTTGC,6497,Serratia marcescens__k5,bacteria
TTGCT,4925,Serratia marcescens__k5,bacteria
TGCTT,3005,Serratia marcescens__k5,bacteria
CTTTT,4117,Serratia marcescens__k5,bacteria
TTTTC,6802,Serratia marcescens__k5,bacteria
TTTCA,6201,Serratia marcescens__k5,bacteria
TTCAC,5348,Serratia marcescens__k5,bacteria
TCACC,9801,Serratia marcescens__k5,bacteria
CACCT,5866,Serratia marcescens__k5,bacteria
ACCTC,2830,Serratia marcescens__k5,bacteria
CCTCC,2573,Serratia marcescens__k5,bacteria
CTCCG,3803,Serratia marcescens__k5,bacteria
TCCGA,2348,Serratia marcescens__k5,bacteria
CCGAT,8620,Serratia marcescens__k5,bacteria
CGATA,5880,Serratia marcescens__k5,bacteria
GATAT,4346,Serratia marcescens__k5,bacteria
ATATC,4261,Serratia marcescens__k5,bacteria
TATCG,5971,Serratia marcescens__k5,bacteria
ATCGC,13096,Serratia marcescens__k5,bacteria
TCGCG,8822,Serratia marcescens__k5,bacteria
CGCGC,22341,Serratia marcescens__k5,bacteria
GCGCA,15703,Serratia marcescens__k5,bacteria
CGCAA,6125,Serratia marcescens__k5,bacteria
GCAAT,4412,Serratia marcescens__k5,bacteria
CAATG,3636,Serratia marcescens__k5,bacteria
AATGT,2032,Serratia marcescens__k5,bacteria
ATGTC,3428,Serratia marcescens__k5,bacteria
GTCGC,7963,Serratia marcescens__k5,bacteria
TCGCC,16327,Serratia marcescens__k5,bacteria
CGCCG,32694,Serratia marcescens__k5,bacteria
GCCGC,25941,Serratia marcescens__k5,bacteria
CCGCT,10154,Serratia marcescens__k5,bacteria
CGCTG,22949,Serratia marcescens__k5,bacteria
GCTGA,13695,Serratia marcescens__k5,bacteria
CTGAA,6945,Serratia marcescens__k5,bacteria
TGAAC,6024,Serratia marcescens__k5,bacteria
GAACG,6430,Serratia marcescens__k5,bacteria
AACGG,6516,Serratia marcescens__k5,bacteria
ACGGA,2216,Serratia marcescens__k5,bacteria
CGGAA,5708,Serratia marcescens__k5,bacteria
GGAAA,5857,Serratia marcescens__k5,bacteria
GAAAA,7132,Serratia marcescens__k5,bacteria
AAAAT,5381,Serratia marcescens__k5,bacteria
AAATA,3565,Serratia marcescens__k5,bacteria
AATAA,3625,Serratia marcescens__k5,bacteria
ATAAG,1995,Serratia marcescens__k5,bacteria
TAAGC,2186,Serratia marcescens__k5,bacteria
AAGCA,3168,Serratia marcescens__k5,bacteria
AGCAA,5135,Serratia marcescens__k5,bacteria
GCAAA,6738,Serratia marcescens__k5,bacteria
CAAAA,5170,Serratia marcescens__k5,bacteria
AAAAA,7785,Serratia marcescens__k5,bacteria
AAAAG,4292,Serratia marcescens__k5,bacteria
AAAGA,4006,Serratia marcescens__k5,bacteria
AAGAA,4521,Serratia marcescens__k5,bacteria
AGAAA,4476,Serratia marcescens__k5,bacteria
GAAAT,5072,Serratia marcescens__k5,bacteria
AATAG,1910,Serratia marcescens__k5,bacteria
ATAGT,1450,Serratia marcescens__k5,bacteria
TAGTT,1148,Serratia marcescens__k5,bacteria
AGTTT,2885,Serratia marcescens__k5,bacteria
GTTTG,4828,Serratia marcescens__k5,bacteria
TTTGA,3743,Serratia marcescens__k5,bacteria
TTGAC,3718,Serratia marcescens__k5,bacteria
TGACT,1729,Serratia marcescens__k5,bacteria
GACTT,2237,Serratia marcescens__k5,bacteria
ACTTG,1353,Serratia marcescens__k5,bacteria
CTTGG,2716,Serratia marcescens__k5,bacteria
TTGGG,2635,Serratia marcescens__k5,bacteria
TGGGA,2200,Serratia marcescens__k5,bacteria
GGGAT,3697,Serratia marcescens__k5,bacteria
GGATA,3597,Serratia marcescens__k5,bacteria
GATAG,3143,Serratia marcescens__k5,bacteria
ATAGC,3293,Serratia marcescens__k5,bacteria
TAGCG,3184,Serratia marcescens__k5,bacteria
AGCGA,6608,Serratia marcescens__k5,bacteria
GCGAT,12951,Serratia marcescens__k5,bacteria
CGATT,4427,Serratia marcescens__k5,bacteria
GATTG,3867,Serratia marcescens__k5,bacteria
ATTGC,4260,Serratia marcescens__k5,bacteria
TTAAC,2729,Serratia marcescens__k5,bacteria
TAACC,3098,Serratia marcescens__k5,bacteria
AACCA,4063,Serratia marcescens__k5,bacteria
ACCAA,3827,Serratia marcescens__k5,bacteria
CCAAT,3360,Serratia marcescens__k5,bacteria
CAATA,3403,Serratia marcescens__k5,bacteria
ATAGA,1832,Serratia marcescens__k5,bacteria
TAGAG,1190,Serratia marcescens__k5,bacteria
AGAGG,1874,Serratia marcescens__k5,bacteria
GAGGG,1919,Serratia marcescens__k5,bacteria
AGGGG,2386,Serratia marcescens__k5,bacteria
GGGGA,2589,Serratia marcescens__k5,bacteria
GGGAC,1234,Serratia marcescens__k5,bacteria
GGACA,3130,Serratia marcescens__k5,bacteria
GACAG,4277,Serratia marcescens__k5,bacteria
ACAGA,2347,Serratia marcescens__k5,bacteria
CAGAG,2435,Serratia marcescens__k5,bacteria
AGAGT,1408,Serratia marcescens__k5,bacteria
GAGTA,1510,Serratia marcescens__k5,bacteria
AGTAT,1469,Serratia marcescens__k5,bacteria
GTATT,3309,Serratia marcescens__k5,bacteria
TATTT,3711,Serratia marcescens__k5,bacteria
ATTTC,5022,Serratia marcescens__k5,bacteria
TTCAT,5054,Serratia marcescens__k5,bacteria
TCATG,4545,Serratia marcescens__k5,bacteria
CATGA,4566,Serratia marcescens__k5,bacteria
ATGAG,2730,Serratia marcescens__k5,bacteria
TGAGA,1926,Serratia marcescens__k5,bacteria
GAGAC,1778,Serratia marcescens__k5,bacteria
AGACA,1892,Serratia marcescens__k5,bacteria
CAGAC,3775,Serratia marcescens__k5,bacteria
GACAA,3938,Serratia marcescens__k5,bacteria
ACAAC,3891,Serratia marcescens__k5,bacteria
CAACA,6716,Serratia marcescens__k5,bacteria
AACAT,3630,Serratia marcescens__k5,bacteria
ACATG,3034,Serratia marcescens__k5,bacteria
CATGC,6325,Serratia marcescens__k5,bacteria
ATGCG,6950,Serratia marcescens__k5,bacteria
TGCGC,15680,Serratia marcescens__k5,bacteria
GCAAC,7349,Serratia marcescens__k5,bacteria
ACATC,4750,Serratia marcescens__k5,bacteria
CATCA,9486,Serratia marcescens__k5,bacteria
ATCAG,9024,Serratia marcescens__k5,bacteria
TCAGC,13438,Serratia marcescens__k5,bacteria
CAGCC,11933,Serratia marcescens__k5,bacteria
AGCCT,3950,Serratia marcescens__k5,bacteria
GCCTG,13258,Serratia marcescens__k5,bacteria
CCTGA,7212,Serratia marcescens__k5,bacteria
TGAAA,6470,Serratia marcescens__k5,bacteria
AAAAC,6396,Serratia marcescens__k5,bacteria
AAACC,6222,Serratia marcescens__k5,bacteria
ACCAC,6546,Serratia marcescens__k5,bacteria
CCACA,3501,Serratia marcescens__k5,bacteria
CACAA,2115,Serratia marcescens__k5,bacteria
ACAAT,2028,Serratia marcescens__k5,bacteria
CAATT,2427,Serratia marcescens__k5,bacteria
AATTA,1895,Serratia marcescens__k5,bacteria
ATTAT,2780,Serratia marcescens__k5,bacteria
TTATT,3581,Serratia marcescens__k5,bacteria
TATTA,1711,Serratia marcescens__k5,bacteria
ATTAC,2598,Serratia marcescens__k5,bacteria
TACCA,2660,Serratia marcescens__k5,bacteria
CCACC,10684,Serratia marcescens__k5,bacteria
CACCA,11592,Serratia marcescens__k5,bacteria
CACCG,13221,Serratia marcescens__k5,bacteria
ACCGA,6286,Serratia marcescens__k5,bacteria
GATAC,3197,Serratia marcescens__k5,bacteria
ATACC,3817,Serratia marcescens__k5,bacteria
CACAG,3502,Serratia marcescens__k5,bacteria
ACAGG,4723,Serratia marcescens__k5,bacteria
CAGGT,7518,Serratia marcescens__k5,bacteria
AGGTA,2571,Serratia marcescens__k5,bacteria
GGTAA,3938,Serratia marcescens__k5,bacteria
GTAAC,2356,Serratia marcescens__k5,bacteria
TAACG,3401,Serratia marcescens__k5,bacteria
ACGGG,2906,Serratia marcescens__k5,bacteria
CGGGG,3827,Serratia marcescens__k5,bacteria
GGGGC,4603,Serratia marcescens__k5,bacteria
GGGCG,10570,Serratia marcescens__k5,bacteria
GGCGG,21515,Serratia marcescens__k5,bacteria
GCGGG,8532,Serratia marcescens__k5,bacteria
CGGGC,9582,Serratia marcescens__k5,bacteria
GGGCT,4831,Serratia marcescens__k5,bacteria
GGCTG,11705,Serratia marcescens__k5,bacteria
CTGAC,6563,Serratia marcescens__k5,bacteria
TGACG,7843,Serratia marcescens__k5,bacteria
GACGC,9225,Serratia marcescens__k5,bacteria
ACGCG,7503,Serratia marcescens__k5,bacteria
CGCAC,7346,Serratia marcescens__k5,bacteria
GCACA,3719,Serratia marcescens__k5,bacteria
CAGGA,6458,Serratia marcescens__k5,bacteria
AGGAA,4068,Serratia marcescens__k5,bacteria
GAAAC,5342,Serratia marcescens__k5,bacteria
AAACA,4189,Serratia marcescens__k5,bacteria
AACAC,4122,Serratia marcescens__k5,bacteria
ACACA,1258,Serratia marcescens__k5,bacteria
CAGAA,4327,Serratia marcescens__k5,bacteria
AAAGC,6156,Serratia marcescens__k5,bacteria
AAGCC,5848,Serratia marcescens__k5,bacteria
AGCCC,4981,Serratia marcescens__k5,bacteria
GCCCG,9665,Serratia marcescens__k5,bacteria
CCCGC,8696,Serratia marcescens__k5,bacteria
CCGCA,9644,Serratia marcescens__k5,bacteria
GCACC,10522,Serratia marcescens__k5,bacteria
ACCTA,1237,Serratia marcescens__k5,bacteria
CCTAA,817,Serratia marcescens__k5,bacteria
CTAAT,816,Serratia marcescens__k5,bacteria
TAATC,2600,Serratia marcescens__k5,bacteria
AATCA,4034,Serratia marcescens__k5,bacteria
TCAGT,2660,Serratia marcescens__k5,bacteria
CAGTG,3263,Serratia marcescens__k5,bacteria
AGTGC,3012,Serratia marcescens__k5,bacteria
GTGCG,7493,Serratia marcescens__k5,bacteria
TGCGG,9390,Serratia marcescens__k5,bacteria
TTTCG,5548,Serratia marcescens__k5,bacteria
TTCGG,6805,Serratia marcescens__k5,bacteria
GCTTA,2153,Serratia marcescens__k5,bacteria
CTTAA,1392,Serratia marcescens__k5,bacteria
TTAAA,2615,Serratia marcescens__k5,bacteria
AAATT,3268,Serratia marcescens__k5,bacteria
AATTC,2985,Serratia marcescens__k5,bacteria
ATTCG,3479,Serratia marcescens__k5,bacteria
TCGGA,2281,Serratia marcescens__k5,bacteria
CGGAG,3843,Serratia marcescens__k5,bacteria
GGAGA,3643,Serratia marcescens__k5,bacteria
GAGAG,1862,Serratia marcescens__k5,bacteria
AGAGA,2202,Serratia marcescens__k5,bacteria
GAGAT,3953,Serratia marcescens__k5,bacteria
AGATG,3978,Serratia marcescens__k5,bacteria
GATGA,7309,Serratia marcescens__k5,bacteria
ATGAC,3945,Serratia marcescens__k5,bacteria
TGACA,2097,Serratia marcescens__k5,bacteria
GACAC,2164,Serratia marcescens__k5,bacteria
CACAT,2475,Serratia marcescens__k5,bacteria
TGCGA,3428,Serratia marcescens__k5,bacteria
GCGAG,5795,Serratia marcescens__k5,bacteria
CGAGT,2439,Serratia marcescens__k5,bacteria
GAGTG,1917,Serratia marcescens__k5,bacteria
GTGCT,6126,Serratia marcescens__k5,bacteria
TGCTG,17836,Serratia marcescens__k5,bacteria
AATTT,3160,Serratia marcescens__k5,bacteria
ATTTG,3367,Serratia marcescens__k5,bacteria
TTTGG,4252,Serratia marcescens__k5,bacteria
TTGGC,8523,Serratia marcescens__k5,bacteria
TGGCG,20723,Serratia marcescens__k5,bacteria
GCGGA,7795,Serratia marcescens__k5,bacteria
GGAAC,4274,Serratia marcescens__k5,bacteria
GAACC,3718,Serratia marcescens__k5,bacteria
AACCT,3748,Serratia marcescens__k5,bacteria
CCTCG,4414,Serratia marcescens__k5,bacteria
CTCGG,5529,Serratia marcescens__k5,bacteria
TCGGT,6229,Serratia marcescens__k5,bacteria
CGGTA,5416,Serratia marcescens__k5,bacteria
GGTAG,3209,Serratia marcescens__k5,bacteria
GTAGC,2992,Serratia marcescens__k5,bacteria
GCGAA,8600,Serratia marcescens__k5,bacteria
CGAAT,3592,Serratia marcescens__k5,bacteria
GAATG,3810,Serratia marcescens__k5,bacteria
AATGC,4773,Serratia marcescens__k5,bacteria
AACGT,4098,Serratia marcescens__k5,bacteria
ACGTT,4002,Serratia marcescens__k5,bacteria
TTTCT,4218,Serratia marcescens__k5,bacteria
TCTGC,6552,Serratia marcescens__k5,bacteria
CTGCG,12731,Serratia marcescens__k5,bacteria
GCGCG,22283,Serratia marcescens__k5,bacteria
CGCGT,7475,Serratia marcescens__k5,bacteria
GCGTC,9235,Serratia marcescens__k5,bacteria
CGTCG,11457,Serratia marcescens__k5,bacteria
GCCGA,16547,Serratia marcescens__k5,bacteria
CCGAC,7889,Serratia marcescens__k5,bacteria
CGACA,6720,Serratia marcescens__k5,bacteria
GACAT,3460,Serratia marcescens__k5,bacteria
ATCAT,5349,Serratia marcescens__k5,bacteria
CATGG,4857,Serratia marcescens__k5,bacteria
ATGGA,3153,Serratia marcescens__k5,bacteria
TGGAG,4078,Serratia marcescens__k5,bacteria
AACGC,9770,Serratia marcescens__k5,bacteria
CGTCA,7955,Serratia marcescens__k5,bacteria
GTCAG,6435,Serratia marcescens__k5,bacteria
TCAGG,6991,Serratia marcescens__k5,bacteria
CAGGG,5901,Serratia marcescens__k5,bacteria
AGGGA,1769,Serratia marcescens__k5,bacteria
TAGCC,2943,Serratia marcescens__k5,bacteria
AGCCA,5628,Serratia marcescens__k5,bacteria
GCCAC,9111,Serratia marcescens__k5,bacteria
CCACG,6620,Serratia marcescens__k5,bacteria
CACGG,4797,Serratia marcescens__k5,bacteria
ACGGT,5101,Serratia marcescens__k5,bacteria
CGGTC,6051,Serratia marcescens__k5,bacteria
GGTCT,2778,Serratia marcescens__k5,bacteria
GTCTT,2982,Serratia marcescens__k5,bacteria
TCTTG,2899,Serratia marcescens__k5,bacteria
CTTGT,2288,Serratia marcescens__k5,bacteria
TTGTC,3595,Serratia marcescens__k5,bacteria
TGTCC,3099,Serratia marcescens__k5,bacteria
GTCCG,3415,Serratia marcescens__k5,bacteria
TCCGC,7848,Serratia marcescens__k5,bacteria
CCGCC,21474,Serratia marcescens__k5,bacteria
CGCCC,10686,Serratia marcescens__k5,bacteria
GCCCC,4809,Serratia marcescens__k5,bacteria
CCCCC,2395,Serratia marcescens__k5,bacteria
CCCCG,4028,Serratia marcescens__k5,bacteria
CAAAG,4427,Serratia marcescens__k5,bacteria
AAGAT,3803,Serratia marcescens__k5,bacteria
AGATC,6945,Serratia marcescens__k5,bacteria
GATCA,9784,Serratia marcescens__k5,bacteria
ATCAC,6773,Serratia marcescens__k5,bacteria
CCAAC,7267,Serratia marcescens__k5,bacteria
CAACC,6187,Serratia marcescens__k5,bacteria
ACCAT,4480,Serratia marcescens__k5,bacteria
CCATC,7708,Serratia marcescens__k5,bacteria
CATCT,3972,Serratia marcescens__k5,bacteria
ATCTG,7021,Serratia marcescens__k5,bacteria
TCTGG,5786,Serratia marcescens__k5,bacteria
CTGGT,8112,Serratia marcescens__k5,bacteria
TGGTG,11055,Serratia marcescens__k5,bacteria
GGTGG,10340,Serratia marcescens__k5,bacteria
GTGGC,9179,Serratia marcescens__k5,bacteria
GGCGA,16794,Serratia marcescens__k5,bacteria
CGATG,10907,Serratia marcescens__k5,bacteria
ATGAT,5198,Serratia marcescens__k5,bacteria
GATCG,14670,Serratia marcescens__k5,bacteria
ATCGA,8308,Serratia marcescens__k5,bacteria
TCGAC,6848,Serratia marcescens__k5,bacteria
ACAAG,2635,Serratia marcescens__k5,bacteria
CAAGA,3117,Serratia marcescens__k5,bacteria
AAGAC,3112,Serratia marcescens__k5,bacteria
AGACG,3872,Serratia marcescens__k5,bacteria
GACGG,7018,Serratia marcescens__k5,bacteria
CGGTG,12806,Serratia marcescens__k5,bacteria
CGGGT,5687,Serratia marcescens__k5,bacteria
GGGTC,2050,Serratia marcescens__k5,bacteria
GGTCA,6536,Serratia marcescens__k5,bacteria
AGGAC,1752,Serratia marcescens__k5,bacteria
ACATT,2127,Serratia marcescens__k5,bacteria
CATTC,3969,Serratia marcescens__k5,bacteria
ATTCT,2557,Serratia marcescens__k5,bacteria
CTGCC,9336,Serratia marcescens__k5,bacteria
TGCCG,17246,Serratia marcescens__k5,bacteria
CCGAA,6834,Serratia marcescens__k5,bacteria
GAATA,3191,Serratia marcescens__k5,bacteria
AATAT,2950,Serratia marcescens__k5,bacteria
TATCA,3418,Serratia marcescens__k5,bacteria
GCGAC,8341,Serratia marcescens__k5,bacteria
CGACG,11685,Serratia marcescens__k5,bacteria
ACGCC,13113,Serratia marcescens__k5,bacteria
CCGAG,5751,Serratia marcescens__k5,bacteria
CGAGC,7325,Serratia marcescens__k5,bacteria
GAGCG,6680,Serratia marcescens__k5,bacteria
AGCGG,9918,Serratia marcescens__k5,bacteria
CGGAT,5772,Serratia marcescens__k5,bacteria
GGATC,6947,Serratia marcescens__k5,bacteria
GATCT,6653,Serratia marcescens__k5,bacteria
ATCTT,3584,Serratia marcescens__k5,bacteria
TCTTT,3888,Serratia marcescens__k5,bacteria
CTTTG,4341,Serratia marcescens__k5,bacteria
TTGCC,8201,Serratia marcescens__k5,bacteria
CGATC,14444,Serratia marcescens__k5,bacteria
CTGCT,11541,Serratia marcescens__k5,bacteria
CTGAG,3834,Serratia marcescens__k5,bacteria
TGAGC,5950,Serratia marcescens__k5,bacteria
GCGGC,26102,Serratia marcescens__k5,bacteria
CGGCC,15799,Serratia marcescens__k5,bacteria
GGCCT,7237,Serratia marcescens__k5,bacteria
CCTGG,8493,Serratia marcescens__k5,bacteria
CTGGC,15647,Serratia marcescens__k5,bacteria
GGCGC,24516,Serratia marcescens__k5,bacteria
CGCAG,12833,Serratia marcescens__k5,bacteria
GCAGG,12765,Serratia marcescens__k5,bacteria
CAGGC,13093,Serratia marcescens__k5,bacteria
AGGCG,11269,Serratia marcescens__k5,bacteria
GCGCT,15991,Serratia marcescens__k5,bacteria
GCTGC,19805,Serratia marcescens__k5,bacteria
GCCGG,22028,Serratia marcescens__k5,bacteria
CCGGG,7484,Serratia marcescens__k5,bacteria
TTGAA,4579,Serratia marcescens__k5,bacteria
TGAAT,3498,Serratia marcescens__k5,bacteria
AATAC,3314,Serratia marcescens__k5,bacteria
ATACG,2451,Serratia marcescens__k5,bacteria
TACGA,1968,Serratia marcescens__k5,bacteria
ACGAT,5942,Serratia marcescens__k5,bacteria
CGCCT,11220,Serratia marcescens__k5,bacteria
GAAAG,4966,Serratia marcescens__k5,bacteria
AAAGG,3820,Serratia marcescens__k5,bacteria
AAGGC,6908,Serratia marcescens__k5,bacteria
GGCGT,12756,Serratia marcescens__k5,bacteria
CGTGG,6804,Serratia marcescens__k5,bacteria
GTGGT,6350,Serratia marcescens__k5,bacteria
TGGTC,4823,Serratia marcescens__k5,bacteria
GGTCG,5521,Serratia marcescens__k5,bacteria
GTCGA,6716,Serratia marcescens__k5,bacteria
TCGAT,8145,Serratia marcescens__k5,bacteria
AGGAG,2176,Serratia marcescens__k5,bacteria
GGAGT,1957,Serratia marcescens__k5,bacteria
GAGTT,2612,Serratia marcescens__k5,bacteria
AGTTC,3976,Serratia marcescens__k5,bacteria
GTTCG,7368,Serratia marcescens__k5,bacteria
TTCGC,8522,Serratia marcescens__k5,bacteria
CAACT,3477,Serratia marcescens__k5,bacteria
AACTC,2602,Serratia marcescens__k5,bacteria
ACTCA,1710,Serratia marcescens__k5,bacteria
CTCAA,3063,Serratia marcescens__k5,bacteria
TCAAG,2894,Serratia marcescens__k5,bacteria
CAAGC,4592,Serratia marcescens__k5,bacteria
AGCAG,11558,Serratia marcescens__k5,bacteria
AGGTG,6098,Serratia marcescens__k5,bacteria
GGTGC,10535,Serratia marcescens__k5,bacteria
CTGCA,10271,Serratia marcescens__k5,bacteria
TGCAC,5060,Serratia marcescens__k5,bacteria
GCACG,7659,Serratia marcescens__k5,bacteria
ACGGC,11326,Serratia marcescens__k5,bacteria
CGGCG,33019,Serratia marcescens__k5,bacteria
CGTCT,3807,Serratia marcescens__k5,bacteria
GTCTC,1759,Serratia marcescens__k5,bacteria
TCTCG,3659,Serratia marcescens__k5,bacteria
CTCGC,5620,Serratia marcescens__k5,bacteria
TCGCT,6484,Serratia marcescens__k5,bacteria
GCTGT,9927,Serratia marcescens__k5,bacteria
CTGTT,7990,Serratia marcescens__k5,bacteria
TGTTG,6466,Serratia marcescens__k5,bacteria
GTTGG,6975,Serratia marcescens__k5,bacteria
TGGGG,3602,Serratia marcescens__k5,bacteria
GGGCA,6108,Serratia marcescens__k5,bacteria
GGCAG,9396,Serratia marcescens__k5,bacteria
GCAGT,4843,Serratia marcescens__k5,bacteria
GTGCC,6320,Serratia marcescens__k5,bacteria
TGCCC,6175,Serratia marcescens__k5,bacteria
CCCGG,7551,Serratia marcescens__k5,bacteria
CCGGA,6467,Serratia marcescens__k5,bacteria
CGGAC,3436,Serratia marcescens__k5,bacteria
ACAGC,9964,Serratia marcescens__k5,bacteria
GTGAA,5293,Serratia marcescens__k5,bacteria
CGCGG,12930,Serratia marcescens__k5,bacteria
TCATC,7286,Serratia marcescens__k5,bacteria
CCGCG,12995,Serratia marcescens__k5,bacteria
CGAAA,5709,Serratia marcescens__k5,bacteria
AAACT,3011,Serratia marcescens__k5,bacteria
ACTCT,1393,Serratia marcescens__k5,bacteria
CTCTC,1905,Serratia marcescens__k5,bacteria
TCTCC,3593,Serratia marcescens__k5,bacteria
CTCCA,4097,Serratia marcescens__k5,bacteria
TCCAT,3065,Serratia marcescens__k5,bacteria
CATCG,11148,Serratia marcescens__k5,bacteria
CGCCA,20938,Serratia marcescens__k5,bacteria
GCCAT,8066,Serratia marcescens__k5,bacteria
TGGAA,5823,Serratia marcescens__k5,bacteria
GGAAG,5984,Serratia marcescens__k5,bacteria
GAAGG,5812,Serratia marcescens__k5,bacteria
AAGGG,3002,Serratia marcescens__k5,bacteria
GGGGT,2623,Serratia marcescens__k5,bacteria
GGGTG,5598,Serratia marcescens__k5,bacteria
GGTGT,5135,Serratia marcescens__k5,bacteria
GTGTT,4064,Serratia marcescens__k5,bacteria
GTTCC,4413,Serratia marcescens__k5,bacteria
TTCCG,5797,Serratia marcescens__k5,bacteria
GCGCC,24624,Serratia marcescens__k5,bacteria
GCCAA,8966,Serratia marcescens__k5,bacteria
CCAAG,2874,Serratia marcescens__k5,bacteria
CAAGG,4397,Serratia marcescens__k5,bacteria
AGGGC,4849,Serratia marcescens__k5,bacteria
GGCTA,2811,Serratia marcescens__k5,bacteria
GCTAT,3253,Serratia marcescens__k5,bacteria
CTATC,3254,Serratia marcescens__k5,bacteria
TATCC,3474,Serratia marcescens__k5,bacteria
ATCCG,6012,Serratia marcescens__k5,bacteria
TCCGG,6514,Serratia marcescens__k5,bacteria
CCGGT,8867,Serratia marcescens__k5,bacteria
GTCAC,4123,Serratia marcescens__k5,bacteria
TCACG,4857,Serratia marcescens__k5,bacteria
GGTGA,9547,Serratia marcescens__k5,bacteria
ATCAA,5576,Serratia marcescens__k5,bacteria
TCAAC,6633,Serratia marcescens__k5,bacteria
AACCC,4151,Serratia marcescens__k5,bacteria
ACCCG,5867,Serratia marcescens__k5,bacteria
GTGGA,4609,Serratia marcescens__k5,bacteria
GAGAA,3980,Serratia marcescens__k5,bacteria
AGAAG,3672,Serratia marcescens__k5,bacteria
GAAGC,7184,Serratia marcescens__k5,bacteria
AAGCT,3876,Serratia marcescens__k5,bacteria
AGCTG,11010,Serratia marcescens__k5,bacteria
GCTGG,20073,Serratia marcescens__k5,bacteria
GGGCC,4401,Serratia marcescens__k5,bacteria
GGCCA,10558,Serratia marcescens__k5,bacteria
ACTAC,2093,Serratia marcescens__k5,bacteria
CTACC,3221,Serratia marcescens__k5,bacteria
TACCT,2619,Serratia marcescens__k5,bacteria
ACCTG,7466,Serratia marcescens__k5,bacteria
CTGGA,8303,Serratia marcescens__k5,bacteria
GAGTC,1461,Serratia marcescens__k5,bacteria
AGTCT,1253,Serratia marcescens__k5,bacteria
GTCTA,1082,Serratia marcescens__k5,bacteria
TCTAC,2120,Serratia marcescens__k5,bacteria
TACCG,5526,Serratia marcescens__k5,bacteria
ACCGT,5229,Serratia marcescens__k5,bacteria
CCGTG,4995,Serratia marcescens__k5,bacteria
TGGAC,3506,Serratia marcescens__k5,bacteria
AGTCC,1548,Serratia marcescens__k5,bacteria
GTCCA,3490,Serratia marcescens__k5,bacteria
CACGC,9040,Serratia marcescens__k5,bacteria
ACGCT,7144,Serratia marcescens__k5,bacteria
CGCAT,7083,Serratia marcescens__k5,bacteria
GCATC,9587,Serratia marcescens__k5,bacteria
GCAGC,19756,Serratia marcescens__k5,bacteria
ATCCC,3696,Serratia marcescens__k5,bacteria
TCCCG,3573,Serratia marcescens__k5,bacteria
CCGGC,22215,Serratia marcescens__k5,bacteria
GGCCG,15728,Serratia marcescens__k5,bacteria
CGACC,5600,Serratia marcescens__k5,bacteria
GACCA,4804,Serratia marcescens__k5,bacteria
ATCGT,5922,Serratia marcescens__k5,bacteria
TCGTG,3700,Serratia marcescens__k5,bacteria
CGTGC,7707,Serratia marcescens__k5,bacteria
CTGAT,9090,Serratia marcescens__k5,bacteria
TGATG,9286,Serratia marcescens__k5,bacteria
GATGG,7557,Serratia marcescens__k5,bacteria
ATGGC,8090,Serratia marcescens__k5,bacteria
TGGCC,10618,Serratia marcescens__k5,bacteria
CGGTT,7248,Serratia marcescens__k5,bacteria
GGTTT,6022,Serratia marcescens__k5,bacteria
GTTTC,5166,Serratia marcescens__k5,bacteria
ACCGC,11782,Serratia marcescens__k5,bacteria
AACGA,4352,Serratia marcescens__k5,bacteria
ACGAC,4048,Serratia marcescens__k5,bacteria
GAGCT,4271,Serratia marcescens__k5,bacteria
AGCTA,1414,Serratia marcescens__k5,bacteria
GCTAG,559,Serratia marcescens__k5,bacteria
TAGTG,1265,Serratia marcescens__k5,bacteria
AGTGG,3186,Serratia marcescens__k5,bacteria
TGGGC,6876,Serratia marcescens__k5,bacteria
CAACG,8760,Serratia marcescens__k5,bacteria
GGCTC,3766,Serratia marcescens__k5,bacteria
GCTCC,3696,Serratia marcescens__k5,bacteria
GATTA,2676,Serratia marcescens__k5,bacteria
TATTC,3272,Serratia marcescens__k5,bacteria
ATTCC,2998,Serratia marcescens__k5,bacteria
GCGGT,11324,Serratia marcescens__k5,bacteria
CCTGC,12800,Serratia marcescens__k5,bacteria
TGCCT,3664,Serratia marcescens__k5,bacteria
CGACT,3121,Serratia marcescens__k5,bacteria
GACTG,2425,Serratia marcescens__k5,bacteria
ACTGT,1822,Serratia marcescens__k5,bacteria
GTTGC,7216,Serratia marcescens__k5,bacteria
TTGCG,5908,Serratia marcescens__k5,bacteria
AATCT,2353,Serratia marcescens__k5,bacteria
GGACC,981,Serratia marcescens__k5,bacteria
GACCG,6227,Serratia marcescens__k5,bacteria
GACGT,4915,Serratia marcescens__k5,bacteria
ACGTC,4948,Serratia marcescens__k5,bacteria
CGTGT,2362,Serratia marcescens__k5,bacteria
GTGTA,1697,Serratia marcescens__k5,bacteria
TGTAT,1916,Serratia marcescens__k5,bacteria
GTATA,1314,Serratia marcescens__k5,bacteria
TATAC,1278,Serratia marcescens__k5,bacteria
ACGCA,4472,Serratia marcescens__k5,bacteria
CCGTA,3277,Serratia marcescens__k5,bacteria
CGTAC,2693,Serratia marcescens__k5,bacteria
GTACC,2623,Serratia marcescens__k5,bacteria
ACCGG,8940,Serratia marcescens__k5,bacteria
GGACT,1522,Serratia marcescens__k5,bacteria
GACTC,1499,Serratia marcescens__k5,bacteria
ACTCC,1979,Serratia marcescens__k5,bacteria
TCCAG,8188,Serratia marcescens__k5,bacteria
CCAGG,8491,Serratia marcescens__k5,bacteria
AGGCT,3893,Serratia marcescens__k5,bacteria
GATGT,4573,Serratia marcescens__k5,bacteria
TCGTA,1807,Serratia marcescens__k5,bacteria
ACCAG,8266,Serratia marcescens__k5,bacteria
GGAGG,2599,Serratia marcescens__k5,bacteria
GAGGC,3954,Serratia marcescens__k5,bacteria
GGAGC,3731,Serratia marcescens__k5,bacteria
AGCTC,4273,Serratia marcescens__k5,bacteria
GCTCT,3026,Serratia marcescens__k5,bacteria
CTCCT,2171,Serratia marcescens__k5,bacteria
TCCTA,663,Serratia marcescens__k5,bacteria
CCTAC,2061,Serratia marcescens__k5,bacteria
CTACT,1239,Serratia marcescens__k5,bacteria
TACTT,1424,Serratia marcescens__k5,bacteria
ACTTC,4238,Serratia marcescens__k5,bacteria
CTTCG,8043,Serratia marcescens__k5,bacteria
CCAAA,4400,Serratia marcescens__k5,bacteria
AAAGT,2803,Serratia marcescens__k5,bacteria
AAGTG,3438,Serratia marcescens__k5,bacteria
TGCAT,3648,Serratia marcescens__k5,bacteria
CATCC,4725,Serratia marcescens__k5,bacteria
ATCCT,4072,Serratia marcescens__k5,bacteria
TCCTC,2726,Serratia marcescens__k5,bacteria
TCGCA,3568,Serratia marcescens__k5,bacteria
GCCCA,6948,Serratia marcescens__k5,bacteria
CCAGT,4569,Serratia marcescens__k5,bacteria
CAGTT,5586,Serratia marcescens__k5,bacteria
TTCCA,5539,Serratia marcescens__k5,bacteria
TCCAA,2331,Serratia marcescens__k5,bacteria
CAAAT,3436,Serratia marcescens__k5,bacteria
AATCC,3564,Serratia marcescens__k5,bacteria
TCCCT,1725,Serratia marcescens__k5,bacteria
CCCTT,2939,Serratia marcescens__k5,bacteria
CCTTG,4145,Serratia marcescens__k5,bacteria
CTTGC,4882,Serratia marcescens__k5,bacteria
TGATT,4040,Serratia marcescens__k5,bacteria
ATTAA,2433,Serratia marcescens__k5,bacteria
TAAAA,3767,Serratia marcescens__k5,bacteria
ACACC,5240,Serratia marcescens__k5,bacteria
CCTCT,1955,Serratia marcescens__k5,bacteria
CTCTA,1138,Serratia marcescens__k5,bacteria
TCTAA,623,Serratia marcescens__k5,bacteria
CTAAC,1138,Serratia marcescens__k5,bacteria
GCAAG,5138,Serratia marcescens__k5,bacteria
CGGCA,17770,Serratia marcescens__k5,bacteria
GGCAC,6318,Serratia marcescens__k5,bacteria
TAAAG,3100,Serratia marcescens__k5,bacteria
CAGCA,17810,Serratia marcescens__k5,bacteria
AGCAC,6188,Serratia marcescens__k5,bacteria
CGCGA,8857,Serratia marcescens__k5,bacteria
GATGC,9361,Serratia marcescens__k5,bacteria
ATGCC,8004,Serratia marcescens__k5,bacteria
GTCAA,3793,Serratia marcescens__k5,bacteria
TCAAA,3795,Serratia marcescens__k5,bacteria
AGGCA,3722,Serratia marcescens__k5,bacteria
GGCAT,8131,Serratia marcescens__k5,bacteria
GAACA,7220,Serratia marcescens__k5,bacteria
AACAA,3957,Serratia marcescens__k5,bacteria
GGCCC,4548,Serratia marcescens__k5,bacteria
GCATG,6247,Serratia marcescens__k5,bacteria
ATGAA,5186,Serratia marcescens__k5,bacteria
ATGGT,4294,Serratia marcescens__k5,bacteria
GTCGG,7875,Serratia marcescens__k5,bacteria
GCCGT,11217,Serratia marcescens__k5,bacteria
GCATT,4902,Serratia marcescens__k5,bacteria
CATTT,3909,Serratia marcescens__k5,bacteria
CACCC,5568,Serratia marcescens__k5,bacteria
CCCAA,2777,Serratia marcescens__k5,bacteria
CAATC,4011,Serratia marcescens__k5,bacteria
CTCTT,3100,Serratia marcescens__k5,bacteria
TCTTC,6117,Serratia marcescens__k5,bacteria
CTTCC,5745,Serratia marcescens__k5,bacteria
ATACA,1968,Serratia marcescens__k5,bacteria
TACAG,2953,Serratia marcescens__k5,bacteria
AGCAT,4639,Serratia marcescens__k5,bacteria
CAGCT,10766,Serratia marcescens__k5,bacteria
AGCTT,3676,Serratia marcescens__k5,bacteria
GCTTC,6892,Serratia marcescens__k5,bacteria
CTTCT,3526,Serratia marcescens__k5,bacteria
TGCGT,4584,Serratia marcescens__k5,bacteria
AGGGT,2808,Serratia marcescens__k5,bacteria
GAACT,3841,Serratia marcescens__k5,bacteria
AACTG,5549,Serratia marcescens__k5,bacteria
ACTGC,4722,Serratia marcescens__k5,bacteria
TGCAG,10206,Serratia marcescens__k5,bacteria
AGCGC,16064,Serratia marcescens__k5,bacteria
GAAGA,6547,Serratia marcescens__k5,bacteria
AAGAG,3311,Serratia marcescens__k5,bacteria
GAGGA,2704,Serratia marcescens__k5,bacteria
TTCTA,1350,Serratia marcescens__k5,bacteria
TCTAT,1856,Serratia marcescens__k5,bacteria
TATCT,2626,Serratia marcescens__k5,bacteria
GTTGA,6398,Serratia marcescens__k5,bacteria
TGGAT,5007,Serratia marcescens__k5,bacteria
GGACG,4295,Serratia marcescens__k5,bacteria
GTCAT,3989,Serratia marcescens__k5,bacteria
ATCTC,3715,Serratia marcescens__k5,bacteria
GTGAC,4002,Serratia marcescens__k5,bacteria
ACCCT,2778,Serratia marcescens__k5,bacteria
CCCTG,5924,Serratia marcescens__k5,bacteria
TGGCA,4741,Serratia marcescens__k5,bacteria
CGCTT,7060,Serratia marcescens__k5,bacteria
TTCTT,4288,Serratia marcescens__k5,bacteria
TTCTC,3838,Serratia marcescens__k5,bacteria
TCAAT,3677,Serratia marcescens__k5,bacteria
TCGTC,6280,Serratia marcescens__k5,bacteria
CGCTA,3318,Serratia marcescens__k5,bacteria
GCGTT,9450,Serratia marcescens__k5,bacteria
CGTTC,6364,Serratia marcescens__k5,bacteria
GTTCA,6049,Serratia marcescens__k5,bacteria
TTCAA,4567,Serratia marcescens__k5,bacteria
AATGA,3208,Serratia marcescens__k5,bacteria
GATTC,2491,Serratia marcescens__k5,bacteria
CCAGA,5749,Serratia marcescens__k5,bacteria
CAGAT,7064,Serratia marcescens__k5,bacteria
ATGCT,4626,Serratia marcescens__k5,bacteria
TCGAA,5169,Serratia marcescens__k5,bacteria
CGAAG,8213,Serratia marcescens__k5,bacteria
GAAGT,4337,Serratia marcescens__k5,bacteria
AGTGT,1264,Serratia marcescens__k5,bacteria
TTCGT,3943,Serratia marcescens__k5,bacteria
TCGAG,4214,Serratia marcescens__k5,bacteria
GAGCA,5469,Serratia marcescens__k5,bacteria
CAAGT,1435,Serratia marcescens__k5,bacteria
AAGTC,2194,Serratia marcescens__k5,bacteria
GCCAG,15757,Serratia marcescens__k5,bacteria
AGCCG,10065,Serratia marcescens__k5,bacteria
TGGCT,5357,Serratia marcescens__k5,bacteria
TGAAG,6011,Serratia marcescens__k5,bacteria
ACATA,1371,Serratia marcescens__k5,bacteria
CATAT,2040,Serratia marcescens__k5,bacteria
GTGTG,2045,Serratia marcescens__k5,bacteria
TGTGC,3702,Serratia marcescens__k5,bacteria
ACTCG,2399,Serratia marcescens__k5,bacteria
TGACC,6559,Serratia marcescens__k5,bacteria
ACGTG,4085,Serratia marcescens__k5,bacteria
GTGCA,5017,Serratia marcescens__k5,bacteria
GACGA,6537,Serratia marcescens__k5,bacteria
ACGAG,2334,Serratia marcescens__k5,bacteria
GAGCC,3900,Serratia marcescens__k5,bacteria
CCGTT,6565,Serratia marcescens__k5,bacteria
AAGGA,2331,Serratia marcescens__k5,bacteria
GTATC,3010,Serratia marcescens__k5,bacteria
CTGTA,2929,Serratia marcescens__k5,bacteria
TGTAC,2546,Serratia marcescens__k5,bacteria
TACGT,1720,Serratia marcescens__k5,bacteria
TTCCT,4084,Serratia marcescens__k5,bacteria
TCCTG,6433,Serratia marcescens__k5,bacteria
TTTCC,5726,Serratia marcescens__k5,bacteria
CACGT,3958,Serratia marcescens__k5,bacteria
CGAAC,7309,Serratia marcescens__k5,bacteria
ACAAA,3126,Serratia marcescens__k5,bacteria
AGGCC,7253,Serratia marcescens__k5,bacteria
CTCGT,2331,Serratia marcescens__k5,bacteria
AACTA,1220,Serratia marcescens__k5,bacteria
ACTAT,1652,Serratia marcescens__k5,bacteria
CTATT,2040,Serratia marcescens__k5,bacteria
TTATC,4964,Serratia marcescens__k5,bacteria
GGTTC,3815,Serratia marcescens__k5,bacteria
CTATG,2062,Serratia marcescens__k5,bacteria
TATGA,1976,Serratia marcescens__k5,bacteria
GTCTG,3850,Serratia marcescens__k5,bacteria
ATTGA,3646,Serratia marcescens__k5,bacteria
TTGAG,3004,Serratia marcescens__k5,bacteria
AGAAC,3602,Serratia marcescens__k5,bacteria
TGCAA,3881,Serratia marcescens__k5,bacteria
CCTGT,4576,Serratia marcescens__k5,bacteria
GTCCT,1717,Serratia marcescens__k5,bacteria
TCCTT,2222,Serratia marcescens__k5,bacteria
CCTTT,3643,Serratia marcescens__k5,bacteria
TTTAT,4668,Serratia marcescens__k5,bacteria
GGCAA,8496,Serratia marcescens__k5,bacteria
ACGAA,4220,Serratia marcescens__k5,bacteria
GGATG,4629,Serratia marcescens__k5,bacteria
GACCC,2101,Serratia marcescens__k5,bacteria
GCTAC,3095,Serratia marcescens__k5,bacteria
CTACA,1883,Serratia marcescens__k5,bacteria
TACAC,1704,Serratia marcescens__k5,bacteria
AACCG,7263,Serratia marcescens__k5,bacteria
GACCT,2878,Serratia marcescens__k5,bacteria
GGTAT,3619,Serratia marcescens__k5,bacteria
GTATG,1935,Serratia marcescens__k5,bacteria
TATGG,2316,Serratia marcescens__k5,bacteria
CGAGG,4528,Serratia marcescens__k5,bacteria
GGTTA,3067,Serratia marcescens__k5,bacteria
GTTAC,2427,Serratia marcescens__k5,bacteria
TTACA,1650,Serratia marcescens__k5,bacteria
TACAA,1670,Serratia marcescens__k5,bacteria
CAAAC,5026,Serratia marcescens__k5,bacteria
ACTGG,4424,Serratia marcescens__k5,bacteria
ACTGA,2645,Serratia marcescens__k5,bacteria
GAGGT,2909,Serratia marcescens__k5,bacteria
AGGTT,3652,Serratia marcescens__k5,bacteria
GGTTG,6006,Serratia marcescens__k5,bacteria
TGAGG,2485,Serratia marcescens__k5,bacteria
CCGTC,6899,Serratia marcescens__k5,bacteria
CGTCC,4143,Serratia marcescens__k5,bacteria
CCTTC,5845,Serratia marcescens__k5,bacteria
TTCGA,5168,Serratia marcescens__k5,bacteria
TCGGG,3852,Serratia marcescens__k5,bacteria
ATGTG,2493,Serratia marcescens__k5,bacteria
TGTGG,3425,Serratia marcescens__k5,bacteria
GATAA,4931,Serratia marcescens__k5,bacteria
ATAAA,4734,Serratia marcescens__k5,bacteria
AGAAT,2473,Serratia marcescens__k5,bacteria
GAATT,3010,Serratia marcescens__k5,bacteria
AAGGT,3589,Serratia marcescens__k5,bacteria
TATGT,1414,Serratia marcescens__k5,bacteria
TCCGT,2317,Serratia marcescens__k5,bacteria
CGTTG,8354,Serratia marcescens__k5,bacteria
TTGTA,1561,Serratia marcescens__k5,bacteria
TATAA,1676,Serratia marcescens__k5,bacteria
AGTGA,2421,Serratia marcescens__k5,bacteria
CGAGA,3802,Serratia marcescens__k5,bacteria
GCCTT,6692,Serratia marcescens__k5,bacteria
CTACG,3026,Serratia marcescens__k5,bacteria
TACGG,3219,Serratia marcescens__k5,bacteria
TGTGA,1666,Serratia marcescens__k5,bacteria
CACAC,2121,Serratia marcescens__k5,bacteria
ACACT,1267,Serratia marcescens__k5,bacteria
CACTG,3259,Serratia marcescens__k5,bacteria
TGTCA,2113,Serratia marcescens__k5,bacteria
GGGAG,1833,Serratia marcescens__k5,bacteria
GTTTA,2805,Serratia marcescens__k5,bacteria
TTAAT,2318,Serratia marcescens__k5,bacteria
TAATA,1640,Serratia marcescens__k5,bacteria
ATATG,1989,Serratia marcescens__k5,bacteria
TGGTT,3998,Serratia marcescens__k5,bacteria
GTTAA,2759,Serratia marcescens__k5,bacteria
TAAGG,1801,Serratia marcescens__k5,bacteria
TATGC,2807,Serratia marcescens__k5,bacteria
ATGCA,3686,Serratia marcescens__k5,bacteria
GCCTC,3910,Serratia marcescens__k5,bacteria
CTCGA,4184,Serratia marcescens__k5,bacteria
TGTGT,1240,Serratia marcescens__k5,bacteria
CTGGG,6714,Serratia marcescens__k5,bacteria
AAACG,6145,Serratia marcescens__k5,bacteria
TCACT,2365,Serratia marcescens__k5,bacteria
CACTT,3172,Serratia marcescens__k5,bacteria
ACTTT,2572,Serratia marcescens__k5,bacteria
TTGCA,3821,Serratia marcescens__k5,bacteria
GCAGA,6629,Serratia marcescens__k5,bacteria
TGCCA,4776,Serratia marcescens__k5,bacteria
TTGGA,2349,Serratia marcescens__k5,bacteria
TGGGT,3298,Serratia marcescens__k5,bacteria
GGGTT,4012,Serratia marcescens__k5,bacteria
AAATG,4039,Serratia marcescens__k5,bacteria
TGCTC,5295,Serratia marcescens__k5,bacteria
GCTCG,7192,Serratia marcescens__k5,bacteria
ATGGG,3010,Serratia marcescens__k5,bacteria
CATTA,2392,Serratia marcescens__k5,bacteria
TTACG,2866,Serratia marcescens__k5,bacteria
CCATG,4983,Serratia marcescens__k5,bacteria
TGCTA,1082,Serratia marcescens__k5,bacteria
ATTGG,3260,Serratia marcescens__k5,bacteria
CTGTG,3464,Serratia marcescens__k5,bacteria
GTGGG,3617,Serratia marcescens__k5,bacteria
GCCTA,2211,Serratia marcescens__k5,bacteria
CCTAT,1964,Serratia marcescens__k5,bacteria
GTGTC,2195,Serratia marcescens__k5,bacteria
AAGCG,7226,Serratia marcescens__k5,bacteria
CCATT,3650,Serratia marcescens__k5,bacteria
ATTTT,5181,Serratia marcescens__k5,bacteria
TTTTA,3769,Serratia marcescens__k5,bacteria
TTTAC,3511,Serratia marcescens__k5,bacteria
AGGAT,4148,Serratia marcescens__k5,bacteria
GGATT,3451,Serratia marcescens__k5,bacteria
ATTGT,2091,Serratia marcescens__k5,bacteria
ATTCA,3683,Serratia marcescens__k5,bacteria
CCTCA,2520,Serratia marcescens__k5,bacteria
CTCAG,3764,Serratia marcescens__k5,bacteria
TAATG,2345,Serratia marcescens__k5,bacteria
CCCGA,3913,Serratia marcescens__k5,bacteria
TCATA,1957,Serratia marcescens__k5,bacteria
ATATT,3039,Serratia marcescens__k5,bacteria
ATACT,1382,Serratia marcescens__k5,bacteria
TACTG,2380,Serratia marcescens__k5,bacteria
CGCTC,6446,Serratia marcescens__k5,bacteria
GACTA,1361,Serratia marcescens__k5,bacteria
ATAAC,3167,Serratia marcescens__k5,bacteria
GTACA,2543,Serratia marcescens__k5,bacteria
ACCTT,3578,Serratia marcescens__k5,bacteria
CCTTA,1798,Serratia marcescens__k5,bacteria
TCACA,1735,Serratia marcescens__k5,bacteria
AGGTC,2898,Serratia marcescens__k5,bacteria
TTCCC,3462,Serratia marcescens__k5,bacteria
GATTT,5228,Serratia marcescens__k5,bacteria
GCGTA,4304,Serratia marcescens__k5,bacteria
TGAGT,1696,Serratia marcescens__k5,bacteria
AGACT,1150,Serratia marcescens__k5,bacteria
TTATG,2527,Serratia marcescens__k5,bacteria
ACACG,2346,Serratia marcescens__k5,bacteria
CATAC,1829,Serratia marcescens__k5,bacteria
GCTTG,4350,Serratia marcescens__k5,bacteria
TGTTA,1673,Serratia marcescens__k5,bacteria
TTACT,1771,Serratia marcescens__k5,bacteria
TACTA,772,Serratia marcescens__k5,bacteria
TCATT,3235,Serratia marcescens__k5,bacteria
AACTT,2165,Serratia marcescens__k5,bacteria
TCTGA,2880,Serratia marcescens__k5,bacteria
AGTCG,3016,Serratia marcescens__k5,bacteria
CTTCA,5778,Serratia marcescens__k5,bacteria
AGAGC,3314,Serratia marcescens__k5,bacteria
CGTAA,2812,Serratia marcescens__k5,bacteria
GTAAG,1798,Serratia marcescens__k5,bacteria
AGACC,2870,Serratia marcescens__k5,bacteria
GGGAA,3472,Serratia marcescens__k5,bacteria
CTATA,1369,Serratia marcescens__k5,bacteria
TATAT,1457,Serratia marcescens__k5,bacteria
TCTCA,1876,Serratia marcescens__k5,bacteria
TCAGA,2876,Serratia marcescens__k5,bacteria
CATTG,3644,Serratia marcescens__k5,bacteria
GGTAC,2553,Serratia marcescens__k5,bacteria
CGTAG,2975,Serratia marcescens__k5,bacteria
GTAGA,2169,Serratia marcescens__k5,bacteria
TAGAA,1395,Serratia marcescens__k5,bacteria
GCACT,3012,Serratia marcescens__k5,bacteria
CACTC,1891,Serratia marcescens__k5,bacteria
TTCAG,6742,Serratia marcescens__k5,bacteria
GCTAA,1718,Serratia marcescens__k5,bacteria
CTAAA,1266,Serratia marcescens__k5,bacteria
TACGC,4197,Serratia marcescens__k5,bacteria
TTGAT,5347,Serratia marcescens__k5,bacteria
TGATA,3382,Serratia marcescens__k5,bacteria
GCTCA,5866,Serratia marcescens__k5,bacteria
CTCAT,2631,Serratia marcescens__k5,bacteria
CTTTC,4703,Serratia marcescens__k5,bacteria
GTACT,1673,Serratia marcescens__k5,bacteria
CTTGA,2861,Serratia marcescens__k5,bacteria
TACTC,1489,Serratia marcescens__k5,bacteria
GCCCT,4968,Serratia marcescens__k5,bacteria
CCCCA,3649,Serratia marcescens__k5,bacteria
CCCAT,2996,Serratia marcescens__k5,bacteria
GTACG,2761,Serratia marcescens__k5,bacteria
CCATA,2266,Serratia marcescens__k5,bacteria
TGTAA,1611,Serratia marcescens__k5,bacteria
TAAAC,2803,Serratia marcescens__k5,bacteria
GGGTA,2756,Serratia marcescens__k5,bacteria
GTAAT,2493,Serratia marcescens__k5,bacteria
ATAAT,2764,Serratia marcescens__k5,bacteria
TGTAG,1773,Serratia marcescens__k5,bacteria
TAGCA,1073,Serratia marcescens__k5,bacteria
CGGGA,3678,Serratia marcescens__k5,bacteria
GGTCC,987,Serratia marcescens__k5,bacteria
ATAGG,1955,Serratia marcescens__k5,bacteria
TAGGC,2182,Serratia marcescens__k5,bacteria
CGTAT,2564,Serratia marcescens__k5,bacteria
TTGGT,3696,Serratia marcescens__k5,bacteria
GTCCC,1155,Serratia marcescens__k5,bacteria
TCCCA,2111,Serratia marcescens__k5,bacteria
CCCAC,3691,Serratia marcescens__k5,bacteria
TGGTA,2576,Serratia marcescens__k5,bacteria
GTAGT,2039,Serratia marcescens__k5,bacteria
TAGTC,1323,Serratia marcescens__k5,bacteria
TTGTG,2031,Serratia marcescens__k5,bacteria
GCATA,2765,Serratia marcescens__k5,bacteria
CATAG,2062,Serratia marcescens__k5,bacteria
ACCCC,2629,Serratia marcescens__k5,bacteria
CATAA,2428,Serratia marcescens__k5,bacteria
AACAG,8100,Serratia marcescens__k5,bacteria
AGTCA,1736,Serratia marcescens__k5,bacteria
CATGT,3061,Serratia marcescens__k5,bacteria
ATGTT,3500,Serratia marcescens__k5,bacteria
GTTAT,3251,Serratia marcescens__k5,bacteria
GTAGG,1985,Serratia marcescens__k5,bacteria
AATGG,3817,Serratia marcescens__k5,bacteria
ATGTA,1659,Serratia marcescens__k5,bacteria
CGTTA,3499,Serratia marcescens__k5,bacteria
GTGAG,2489,Serratia marcescens__k5,bacteria
TATTG,3275,Serratia marcescens__k5,bacteria
AAGTA,1571,Serratia marcescens__k5,bacteria
AGTAG,1228,Serratia marcescens__k5,bacteria
TAGAT,1205,Serratia marcescens__k5,bacteria
AGATA,2758,Serratia marcescens__k5,bacteria
TTATA,1639,Serratia marcescens__k5,bacteria
CCCTC,1996,Serratia marcescens__k5,bacteria
TCTTA,1050,Serratia marcescens__k5,bacteria
CTTAT,2012,Serratia marcescens__k5,bacteria
CTTAG,665,Serratia marcescens__k5,bacteria
TTAGC,1817,Serratia marcescens__k5,bacteria
TAGCT,1460,Serratia marcescens__k5,bacteria
GGAAT,2956,Serratia marcescens__k5,bacteria
GAATC,2508,Serratia marcescens__k5,bacteria
CAGTC,2575,Serratia marcescens__k5,bacteria
TAAGA,1077,Serratia marcescens__k5,bacteria
AGATT,2344,Serratia marcescens__k5,bacteria
ATTAG,863,Serratia marcescens__k5,bacteria
AATTG,2471,Serratia marcescens__k5,bacteria
ATTTA,2438,Serratia marcescens__k5,bacteria
TAACA,1684,Serratia marcescens__k5,bacteria
TAATT,1806,Serratia marcescens__k5,bacteria
TAACT,1207,Serratia marcescens__k5,bacteria
ACAGT,1798,Serratia marcescens__k5,bacteria
TGTCT,1835,Serratia marcescens__k5,bacteria
CTTAC,1767,Serratia marcescens__k5,bacteria
CACGA,3687,Serratia marcescens__k5,bacteria
CAGTA,2446,Serratia marcescens__k5,bacteria
AGTAC,1808,Serratia marcescens__k5,bacteria
TAGAC,1119,Serratia marcescens__k5,bacteria
CTCCC,1770,Serratia marcescens__k5,bacteria
GGGGG,2245,Serratia marcescens__k5,bacteria
CCCGT,2973,Serratia marcescens__k5,bacteria
ACGTA,1656,Serratia marcescens__k5,bacteria
TCCCC,2674,Serratia marcescens__k5,bacteria
TATAG,1415,Serratia marcescens__k5,bacteria
CCCTA,1047,Serratia marcescens__k5,bacteria
CTCAC,2514,Serratia marcescens__k5,bacteria
TCTCT,2089,Serratia marcescens__k5,bacteria
CTCTG,2320,Serratia marcescens__k5,bacteria
ATATA,1504,Serratia marcescens__k5,bacteria
CCCCT,2435,Serratia marcescens__k5,bacteria
GTTAG,1124,Serratia marcescens__k5,bacteria
TAGGT,1203,Serratia marcescens__k5,bacteria
TTTAG,1312,Serratia marcescens__k5,bacteria
TTAGT,698,Serratia marcescens__k5,bacteria
TTAGA,641,Serratia marcescens__k5,bacteria
CTAAG,658,Serratia marcescens__k5,bacteria
TACAT,1717,Serratia marcescens__k5,bacteria
AGTTA,1322,Serratia marcescens__k5,bacteria
ACTTA,835,Serratia marcescens__k5,bacteria
ACTAA,720,Serratia marcescens__k5,bacteria
ATCTA,1284,Serratia marcescens__k5,bacteria
TAGGG,990,Serratia marcescens__k5,bacteria
CTAGC,558,Serratia marcescens__k5,bacteria
TTAGG,808,Serratia marcescens__k5,bacteria
CCTAG,316,Serratia marcescens__k5,bacteria
CTAGG,278,Serratia marcescens__k5,bacteria
TAGGA,651,Serratia marcescens__k5,bacteria
TCTAG,255,Serratia marcescens__k5,bacteria
CTAGA,267,Serratia marcescens__k5,bacteria
GCATT,4141,Staphylococcus saprophyticus ATCC 15305__k5,bacteria
CATTT,8089,Staphylococcus saprophyticus ATCC 15305__k5,bacteria
ATTTA,11657,Staphylococcus saprophyticus ATCC 15305__k5,bacteria
TTTAC,5221,Staphylococcus saprophyticus ATCC 15305__k5,bacteria
TTACT,4073,Staphylococcus saprophyticus ATCC 15305__k5,bacteria
TACTA,2929,Staphylococcus saprophyticus ATCC 15305__k5,bacteria
ACTAT,3107,Staphylococcus saprophyticus ATCC 15305__k5,bacteria
CTATG,1885,Staphylococcus saprophyticus ATCC 15305__k5,bacteria
TATGT,3677,Staphylococcus saprophyticus ATCC 15305__k5,bacteria
ATGTT,5310,Staphylococcus saprophyticus ATCC 15305__k5,bacteria
TGTTT,6339,Staphylococcus saprophyticus ATCC 15305__k5,bacteria
GTTTC,3263,Staphylococcus saprophyticus ATCC 15305__k5,bacteria
TTTCA,7994,Staphylococcus saprophyticus ATCC 15305__k5,bacteria
TTCAC,3458,Staphylococcus saprophyticus ATCC 15305__k5,bacteria
TCACT,2920,Staphylococcus saprophyticus ATCC 15305__k5,bacteria
CACTC,971,Staphylococcus saprophyticus ATCC 15305__k5,bacteria
ACTCC,558,Staphylococcus saprophyticus ATCC 15305__k5,bacteria
CTCCA,1131,Staphylococcus saprophyticus ATCC 15305__k5,bacteria
TCCAA,2881,Staphylococcus saprophyticus ATCC 15305__k5,bacteria
CCAAA,3265,Staphylococcus saprophyticus ATCC 15305__k5,bacteria
CAAAA,6790,Staphylococcus saprophyticus ATCC 15305__k5,bacteria
AAAAG,6909,Staphylococcus saprophyticus ATCC 15305__k5,bacteria
AAAGT,5526,Staphylococcus saprophyticus ATCC 15305__k5,bacteria
AAGTG,3438,Staphylococcus saprophyticus ATCC 15305__k5,bacteria
AGTGC,1493,Staphylococcus saprophyticus ATCC 15305__k5,bacteria
GTGCT,1962,Staphylococcus saprophyticus ATCC 15305__k5,bacteria
TGCTT,4429,Staphylococcus saprophyticus ATCC 15305__k5,bacteria
GCTTC,2611,Staphylococcus saprophyticus ATCC 15305__k5,bacteria
CTTCT,4034,Staphylococcus saprophyticus ATCC 15305__k5,bacteria
TTCTG,3244,Staphylococcus saprophyticus ATCC 15305__k5,bacteria
TCTGT,2330,Staphylococcus saprophyticus ATCC 15305__k5,bacteria
CTGTC,1023,Staphylococcus saprophyticus ATCC 15305__k5,bacteria
TGTCT,2229,Staphylococcus saprophyticus ATCC 15305__k5,bacteria
GTCTA,1573,Staphylococcus saprophyticus ATCC 15305__k5,bacteria
TCTAT,3901,Staphylococcus saprophyticus ATCC 15305__k5,bacteria
TATGC,2668,Staphylococcus saprophyticus ATCC 15305__k5,bacteria
ATGCA,3772,Staphylococcus saprophyticus ATCC 15305__k5,bacteria
TGCAG,2448,Staphylococcus saprophyticus ATCC 15305__k5,bacteria
GCAGA,1796,Staphylococcus saprophyticus ATCC 15305__k5,bacteria
CAGAT,2676,Staphylococcus saprophyticus ATCC 15305__k5,bacteria
AGATA,5032,Staphylococcus saprophyticus ATCC 15305__k5,bacteria
GATAC,2607,Staphylococcus saprophyticus ATCC 15305__k5,bacteria
ATACT,3560,Staphylococcus saprophyticus ATCC 15305__k5,bacteria
TACTC,1189,Staphylococcus saprophyticus ATCC 15305__k5,bacteria
CTCCC,405,Staphylococcus saprophyticus ATCC 15305__k5,bacteria
TCCCC,506,Staphylococcus saprophyticus ATCC 15305__k5,bacteria
CCCCT,499,Staphylococcus saprophyticus ATCC 15305__k5,bacteria
CCCTT,940,Staphylococcus saprophyticus ATCC 15305__k5,bacteria
CCTTT,2991,Staphylococcus saprophyticus ATCC 15305__k5,bacteria
CTTTT,6682,Staphylococcus saprophyticus ATCC 15305__k5,bacteria
TTTTG,6452,Staphylococcus saprophyticus ATCC 15305__k5,bacteria
TTTGC,3296,Staphylococcus saprophyticus ATCC 15305__k5,bacteria
TTGCA,3969,Staphylococcus saprophyticus ATCC 15305__k5,bacteria
GCAGC,1466,Staphylococcus saprophyticus ATCC 15305__k5,bacteria
CAGCA,2717,Staphylococcus saprophyticus ATCC 15305__k5,bacteria
AGCAC,1972,Staphylococcus saprophyticus ATCC 15305__k5,bacteria
GCACC,1673,Staphylococcus saprophyticus ATCC 15305__k5,bacteria
CACCC,768,Staphylococcus saprophyticus ATCC 15305__k5,bacteria
ACCCC,453,Staphylococcus saprophyticus ATCC 15305__k5,bacteria
CCCTG,424,Staphylococcus saprophyticus ATCC 15305__k5,bacteria
CCTGC,914,Staphylococcus saprophyticus ATCC 15305__k5,bacteria
CTGCA,2328,Staphylococcus saprophyticus ATCC 15305__k5,bacteria
TGCAT,3726,Staphylococcus saprophyticus ATCC 15305__k5,bacteria
TTTAT,11547,Staphylococcus saprophyticus ATCC 15305__k5,bacteria
TTATC,5712,Staphylococcus saprophyticus ATCC 15305__k5,bacteria
TATCC,1921,Staphylococcus saprophyticus ATCC 15305__k5,bacteria
ATCCA,3227,Staphylococcus saprophyticus ATCC 15305__k5,bacteria
TCCAT,3010,Staphylococcus saprophyticus ATCC 15305__k5,bacteria
CCATT,4211,Staphylococcus saprophyticus ATCC 15305__k5,bacteria
ATTTT,13150,Staphylococcus saprophyticus ATCC 15305__k5,bacteria
TTTGT,5929,Staphylococcus saprophyticus ATCC 15305__k5,bacteria
TTGTG,2827,Staphylococcus saprophyticus ATCC 15305__k5,bacteria
TGTGT,2132,Staphylococcus saprophyticus ATCC 15305__k5,bacteria
GTGTT,2837,Staphylococcus saprophyticus ATCC 15305__k5,bacteria
TGTTA,4646,Staphylococcus saprophyticus ATCC 15305__k5,bacteria
GTTAT,4422,Staphylococcus saprophyticus ATCC 15305__k5,bacteria
TTATA,7910,Staphylococcus saprophyticus ATCC 15305__k5,bacteria
TATAC,3327,Staphylococcus saprophyticus ATCC 15305__k5,bacteria
ATACA,4752,Staphylococcus saprophyticus ATCC 15305__k5,bacteria
TACAT,4238,Staphylococcus saprophyticus ATCC 15305__k5,bacteria
ACATT,5091,Staphylococcus saprophyticus ATCC 15305__k5,bacteria
TTTTT,13371,Staphylococcus saprophyticus ATCC 15305__k5,bacteria
TTTTC,6766,Staphylococcus saprophyticus ATCC 15305__k5,bacteria
TTCAT,7413,Staphylococcus saprophyticus ATCC 15305__k5,bacteria
TCATA,5135,Staphylococcus saprophyticus ATCC 15305__k5,bacteria
CATAC,2389,Staphylococcus saprophyticus ATCC 15305__k5,bacteria
TACAA,5453,Staphylococcus saprophyticus ATCC 15305__k5,bacteria
ACAAT,5907,Staphylococcus saprophyticus ATCC 15305__k5,bacteria
CAATC,3380,Staphylococcus saprophyticus ATCC 15305__k5,bacteria
AATCT,4130,Staphylococcus saprophyticus ATCC 15305__k5,bacteria
ATCTT,5374,Staphylococcus saprophyticus ATCC 15305__k5,bacteria
TCTTT,6412,Staphylococcus saprophyticus ATCC 15305__k5,bacteria
CTTTA,6668,Staphylococcus saprophyticus ATCC 15305__k5,bacteria
TATAA,7759,Staphylococcus saprophyticus ATCC 15305__k5,bacteria
ATAAA,11714,Staphylococcus saprophyticus ATCC 15305__k5,bacteria
TAAAT,11573,Staphylococcus saprophyticus ATCC 15305__k5,bacteria
AAATT,11256,Staphylococcus saprophyticus ATCC 15305__k5,bacteria
AATTA,9832,Staphylococcus saprophyticus ATCC 15305__k5,bacteria
ATTAT,10141,Staphylococcus saprophyticus ATCC 15305__k5,bacteria
TTATT,11182,Staphylococcus saprophyticus ATCC 15305__k5,bacteria
TATTT,11656,Staphylococcus saprophyticus ATCC 15305__k5,bacteria
ATTTC,6143,Staphylococcus saprophyticus ATCC 15305__k5,bacteria
TTTCC,2196,Staphylococcus saprophyticus ATCC 15305__k5,bacteria
TTCCC,978,Staphylococcus saprophyticus ATCC 15305__k5,bacteria
TCCCA,1154,Staphylococcus saprophyticus ATCC 15305__k5,bacteria
CCCAA,1238,Staphylococcus saprophyticus ATCC 15305__k5,bacteria
CAAAC,3033,Staphylococcus saprophyticus ATCC 15305__k5,bacteria
AAACC,3089,Staphylococcus saprophyticus ATCC 15305__k5,bacteria
AACCC,958,Staphylococcus saprophyticus ATCC 15305__k5,bacteria
ACCCA,1315,Staphylococcus saprophyticus ATCC 15305__k5,bacteria
CCCAC,563,Staphylococcus saprophyticus ATCC 15305__k5,bacteria
CCACA,1347,Staphylococcus saprophyticus ATCC 15305__k5,bacteria
CACAA,3014,Staphylococcus saprophyticus ATCC 15305__k5,bacteria
ACAAA,6105,Staphylococcus saprophyticus ATCC 15305__k5,bacteria
AAACA,6570,Staphylococcus saprophyticus ATCC 15305__k5,bacteria
AACAC,2819,Staphylococcus saprophyticus ATCC 15305__k5,bacteria
ACACC,2106,Staphylococcus saprophyticus ATCC 15305__k5,bacteria
CACCT,2569,Staphylococcus saprophyticus ATCC 15305__k5,bacteria
ACCTT,3112,Staphylococcus saprophyticus ATCC 15305__k5,bacteria
CCTTA,1443,Staphylococcus saprophyticus ATCC 15305__k5,bacteria
CTTAA,3349,Staphylococcus saprophyticus ATCC 15305__k5,bacteria
TTAAA,12663,Staphylococcus saprophyticus ATCC 15305__k5,bacteria
TAAAA,11850,Staphylococcus saprophyticus ATCC 15305__k5,bacteria
AAAAT,13119,Staphylococcus saprophyticus ATCC 15305__k5,bacteria
AATTT,11398,Staphylococcus saprophyticus ATCC 15305__k5,bacteria
ATTTG,6677,Staphylococcus saprophyticus ATCC 15305__k5,bacteria
TTTGG,3322,Staphylococcus saprophyticus ATCC 15305__k5,bacteria
TTGGT,4271,Staphylococcus saprophyticus ATCC 15305__k5,bacteria
TGGTA,3700,Staphylococcus saprophyticus ATCC 15305__k5,bacteria
GGTAT,3157,Staphylococcus saprophyticus ATCC 15305__k5,bacteria
GTATA,3328,Staphylococcus saprophyticus ATCC 15305__k5,bacteria
TACTG,2434,Staphylococcus saprophyticus ATCC 15305__k5,bacteria
ACTGT,2082,Staphylococcus saprophyticus ATCC 15305__k5,bacteria
CTATT,3937,Staphylococcus saprophyticus ATCC 15305__k5,bacteria
TATTG,5973,Staphylococcus saprophyticus ATCC 15305__k5,bacteria
ATTGC,4132,Staphylococcus saprophyticus ATCC 15305__k5,bacteria
TTGCT,3947,Staphylococcus saprophyticus ATCC 15305__k5,bacteria
TGCTC,1178,Staphylococcus saprophyticus ATCC 15305__k5,bacteria
GCTCA,1288,Staphylococcus saprophyticus ATCC 15305__k5,bacteria
CTCAA,2027,Staphylococcus saprophyticus ATCC 15305__k5,bacteria
TCAAA,6600,Staphylococcus saprophyticus ATCC 15305__k5,bacteria
CAAAG,2962,Staphylococcus saprophyticus ATCC 15305__k5,bacteria
AAGTT,4725,Staphylococcus saprophyticus ATCC 15305__k5,bacteria
AGTTA,3741,Staphylococcus saprophyticus ATCC 15305__k5,bacteria
TCCAC,1270,Staphylococcus saprophyticus ATCC 15305__k5,bacteria
CCACT,1307,Staphylococcus saprophyticus ATCC 15305__k5,bacteria
CACTT,3124,Staphylococcus saprophyticus ATCC 15305__k5,bacteria
ACTTA,3727,Staphylococcus saprophyticus ATCC 15305__k5,bacteria
CTTAT,3535,Staphylococcus saprophyticus ATCC 15305__k5,bacteria
TACAC,2285,Staphylococcus saprophyticus ATCC 15305__k5,bacteria
ACACA,2218,Staphylococcus saprophyticus ATCC 15305__k5,bacteria
ACAAC,3082,Staphylococcus saprophyticus ATCC 15305__k5,bacteria
CAACG,1779,Staphylococcus saprophyticus ATCC 15305__k5,bacteria
AACGC,1836,Staphylococcus saprophyticus ATCC 15305__k5,bacteria
ACGCT,1368,Staphylococcus saprophyticus ATCC 15305__k5,bacteria
CGCTA,1294,Staphylococcus saprophyticus ATCC 15305__k5,bacteria
GCTAT,2396,Staphylococcus saprophyticus ATCC 15305__k5,bacteria
CTATA,3275,Staphylococcus saprophyticus ATCC 15305__k5,bacteria
ATACC,2888,Staphylococcus saprophyticus ATCC 15305__k5,bacteria
TACCT,2965,Staphylococcus saprophyticus ATCC 15305__k5,bacteria
ACCTC,983,Staphylococcus saprophyticus ATCC 15305__k5,bacteria
CCTCA,965,Staphylococcus saprophyticus ATCC 15305__k5,bacteria
CAAAT,6506,Staphylococcus saprophyticus ATCC 15305__k5,bacteria
TGTGG,1404,Staphylococcus saprophyticus ATCC 15305__k5,bacteria
GTGGA,1354,Staphylococcus saprophyticus ATCC 15305__k5,bacteria
TGGAT,3261,Staphylococcus saprophyticus ATCC 15305__k5,bacteria
GGATA,2025,Staphylococcus saprophyticus ATCC 15305__k5,bacteria
GATAA,5992,Staphylococcus saprophyticus ATCC 15305__k5,bacteria
ATAAG,3642,Staphylococcus saprophyticus ATCC 15305__k5,bacteria
TAAGT,3944,Staphylococcus saprophyticus ATCC 15305__k5,bacteria
AAGTA,5057,Staphylococcus saprophyticus ATCC 15305__k5,bacteria
AGTAT,3555,Staphylococcus saprophyticus ATCC 15305__k5,bacteria
ATAAT,9929,Staphylococcus saprophyticus ATCC 15305__k5,bacteria
TAATG,6690,Staphylococcus saprophyticus ATCC 15305__k5,bacteria
AATGT,5097,Staphylococcus saprophyticus ATCC 15305__k5,bacteria
TATTC,3979,Staphylococcus saprophyticus ATCC 15305__k5,bacteria
ATTCA,6027,Staphylococcus saprophyticus ATCC 15305__k5,bacteria
TCACA,2325,Staphylococcus saprophyticus ATCC 15305__k5,bacteria
CACAG,1006,Staphylococcus saprophyticus ATCC 15305__k5,bacteria
ACAGA,2247,Staphylococcus saprophyticus ATCC 15305__k5,bacteria
CAGAG,822,Staphylococcus saprophyticus ATCC 15305__k5,bacteria
AGAGT,1133,Staphylococcus saprophyticus ATCC 15305__k5,bacteria
GAGTT,1364,Staphylococcus saprophyticus ATCC 15305__k5,bacteria
AGTTC,1740,Staphylococcus saprophyticus ATCC 15305__k5,bacteria
GTTCC,1058,Staphylococcus saprophyticus ATCC 15305__k5,bacteria
TTCCT,1708,Staphylococcus saprophyticus ATCC 15305__k5,bacteria
TCCTC,885,Staphylococcus saprophyticus ATCC 15305__k5,bacteria
CTCAG,784,Staphylococcus saprophyticus ATCC 15305__k5,bacteria
TCAGC,1769,Staphylococcus saprophyticus ATCC 15305__k5,bacteria
AGCAT,3184,Staphylococcus saprophyticus ATCC 15305__k5,bacteria
TTTAA,12684,Staphylococcus saprophyticus ATCC 15305__k5,bacteria
TTAAG,3432,Staphylococcus saprophyticus ATCC 15305__k5,bacteria
TAAGA,2880,Staphylococcus saprophyticus ATCC 15305__k5,bacteria
AAGAA,6772,Staphylococcus saprophyticus ATCC 15305__k5,bacteria
AGAAC,2495,Staphylococcus saprophyticus ATCC 15305__k5,bacteria
GAACA,2878,Staphylococcus saprophyticus ATCC 15305__k5,bacteria
AACAT,5330,Staphylococcus saprophyticus ATCC 15305__k5,bacteria
ACATA,3746,Staphylococcus saprophyticus ATCC 15305__k5,bacteria
CATAT,5289,Staphylococcus saprophyticus ATCC 15305__k5,bacteria
ATATT,10649,Staphylococcus saprophyticus ATCC 15305__k5,bacteria
CACAC,1175,Staphylococcus saprophyticus ATCC 15305__k5,bacteria
CCCAT,1434,Staphylococcus saprophyticus ATCC 15305__k5,bacteria
TTTGA,6525,Staphylococcus saprophyticus ATCC 15305__k5,bacteria
TTGAC,2134,Staphylococcus saprophyticus ATCC 15305__k5,bacteria
TGACA,2439,Staphylococcus saprophyticus ATCC 15305__k5,bacteria
GACAG,1037,Staphylococcus saprophyticus ATCC 15305__k5,bacteria
AGAGG,1015,Staphylococcus saprophyticus ATCC 15305__k5,bacteria
GAGGT,1042,Staphylococcus saprophyticus ATCC 15305__k5,bacteria
AGGTT,2253,Staphylococcus saprophyticus ATCC 15305__k5,bacteria
GGTTG,1438,Staphylococcus saprophyticus ATCC 15305__k5,bacteria
GTTGT,3152,Staphylococcus saprophyticus ATCC 15305__k5,bacteria
TTGTT,7184,Staphylococcus saprophyticus ATCC 15305__k5,bacteria
TGTTG,4245,Staphylococcus saprophyticus ATCC 15305__k5,bacteria
GTTAA,4646,Staphylococcus saprophyticus ATCC 15305__k5,bacteria
AAAAA,13420,Staphylococcus saprophyticus ATCC 15305__k5,bacteria
TAATT,9920,Staphylococcus saprophyticus ATCC 15305__k5,bacteria
AATTG,7140,Staphylococcus saprophyticus ATCC 15305__k5,bacteria
ATTGT,5665,Staphylococcus saprophyticus ATCC 15305__k5,bacteria
GTGTG,1256,Staphylococcus saprophyticus ATCC 15305__k5,bacteria
TTATG,4841,Staphylococcus saprophyticus ATCC 15305__k5,bacteria
ATGTA,4178,Staphylococcus saprophyticus ATCC 15305__k5,bacteria
TGTAG,2520,Staphylococcus saprophyticus ATCC 15305__k5,bacteria
GTAGA,2273,Staphylococcus saprophyticus ATCC 15305__k5,bacteria
TAGAT,4199,Staphylococcus saprophyticus ATCC 15305__k5,bacteria
GATAT,5128,Staphylococcus saprophyticus ATCC 15305__k5,bacteria
ATTGA,6727,Staphylococcus saprophyticus ATCC 15305__k5,bacteria
TTGAT,7161,Staphylococcus saprophyticus ATCC 15305__k5,bacteria
TGATT,7157,Staphylococcus saprophyticus ATCC 15305__k5,bacteria
GATTG,3352,Staphylococcus saprophyticus ATCC 15305__k5,bacteria
TGCTA,2987,Staphylococcus saprophyticus ATCC 15305__k5,bacteria
GCTAC,1468,Staphylococcus saprophyticus ATCC 15305__k5,bacteria
CTACA,2507,Staphylococcus saprophyticus ATCC 15305__k5,bacteria
TACAG,2394,Staphylococcus saprophyticus ATCC 15305__k5,bacteria
ACAGG,1341,Staphylococcus saprophyticus ATCC 15305__k5,bacteria
CAGGG,466,Staphylococcus saprophyticus ATCC 15305__k5,bacteria
AGGGT,811,Staphylococcus saprophyticus ATCC 15305__k5,bacteria
GGGTT,1024,Staphylococcus saprophyticus ATCC 15305__k5,bacteria
GGTTT,3075,Staphylococcus saprophyticus ATCC 15305__k5,bacteria
GTTTA,4842,Staphylococcus saprophyticus ATCC 15305__k5,bacteria
ATTAA,11175,Staphylococcus saprophyticus ATCC 15305__k5,bacteria
TTAAT,11299,Staphylococcus saprophyticus ATCC 15305__k5,bacteria
TAATA,9501,Staphylococcus saprophyticus ATCC 15305__k5,bacteria
AATAA,11122,Staphylococcus saprophyticus ATCC 15305__k5,bacteria
CAATA,6035,Staphylococcus saprophyticus ATCC 15305__k5,bacteria
AAAGC,4180,Staphylococcus saprophyticus ATCC 15305__k5,bacteria
AAGCC,1523,Staphylococcus saprophyticus ATCC 15305__k5,bacteria
AGCCT,940,Staphylococcus saprophyticus ATCC 15305__k5,bacteria
GCCTG,730,Staphylococcus saprophyticus ATCC 15305__k5,bacteria
CCTGT,1246,Staphylococcus saprophyticus ATCC 15305__k5,bacteria
CTGTG,1082,Staphylococcus saprophyticus ATCC 15305__k5,bacteria
GTGTA,2124,Staphylococcus saprophyticus ATCC 15305__k5,bacteria
TGTAT,4647,Staphylococcus saprophyticus ATCC 15305__k5,bacteria
AAATC,6555,Staphylococcus saprophyticus ATCC 15305__k5,bacteria
AATCA,7300,Staphylococcus saprophyticus ATCC 15305__k5,bacteria
ATCAC,3016,Staphylococcus saprophyticus ATCC 15305__k5,bacteria
ACAGT,1992,Staphylococcus saprophyticus ATCC 15305__k5,bacteria
CAGTT,2756,Staphylococcus saprophyticus ATCC 15305__k5,bacteria
GTTAG,1679,Staphylococcus saprophyticus ATCC 15305__k5,bacteria
TTAGG,2457,Staphylococcus saprophyticus ATCC 15305__k5,bacteria
TAGGT,2731,Staphylococcus saprophyticus ATCC 15305__k5,bacteria
AGGTA,3091,Staphylococcus saprophyticus ATCC 15305__k5,bacteria
GGTAA,3065,Staphylococcus saprophyticus ATCC 15305__k5,bacteria
GTAAT,4668,Staphylococcus saprophyticus ATCC 15305__k5,bacteria
AATAG,4066,Staphylococcus saprophyticus ATCC 15305__k5,bacteria
ATAGT,3200,Staphylococcus saprophyticus ATCC 15305__k5,bacteria
TAGTT,3203,Staphylococcus saprophyticus ATCC 15305__k5,bacteria
CACTG,1271,Staphylococcus saprophyticus ATCC 15305__k5,bacteria
ACTGA,2344,Staphylococcus saprophyticus ATCC 15305__k5,bacteria
CTGAT,2523,Staphylococcus saprophyticus ATCC 15305__k5,bacteria
TGTGC,1753,Staphylococcus saprophyticus ATCC 15305__k5,bacteria
GTGCG,775,Staphylococcus saprophyticus ATCC 15305__k5,bacteria
TGCGT,1440,Staphylococcus saprophyticus ATCC 15305__k5,bacteria
GCGTA,1228,Staphylococcus saprophyticus ATCC 15305__k5,bacteria
CGTAA,2098,Staphylococcus saprophyticus ATCC 15305__k5,bacteria
GTAAC,2242,Staphylococcus saprophyticus ATCC 15305__k5,bacteria
TAACT,3714,Staphylococcus saprophyticus ATCC 15305__k5,bacteria
AACTT,4758,Staphylococcus saprophyticus ATCC 15305__k5,bacteria
ACTTG,2953,Staphylococcus saprophyticus ATCC 15305__k5,bacteria
CTTGT,3154,Staphylococcus saprophyticus ATCC 15305__k5,bacteria
TATCA,6016,Staphylococcus saprophyticus ATCC 15305__k5,bacteria
ATCAA,7131,Staphylococcus saprophyticus ATCC 15305__k5,bacteria
TCAAC,3243,Staphylococcus saprophyticus ATCC 15305__k5,bacteria
CAACA,4239,Staphylococcus saprophyticus ATCC 15305__k5,bacteria
AACAG,2759,Staphylococcus saprophyticus ATCC 15305__k5,bacteria
ACAGC,1616,Staphylococcus saprophyticus ATCC 15305__k5,bacteria
CAGCC,631,Staphylococcus saprophyticus ATCC 15305__k5,bacteria
TGTGA,2312,Staphylococcus saprophyticus ATCC 15305__k5,bacteria
GTGAT,3072,Staphylococcus saprophyticus ATCC 15305__k5,bacteria
GATTC,2390,Staphylococcus saprophyticus ATCC 15305__k5,bacteria
ATTCT,3796,Staphylococcus saprophyticus ATCC 15305__k5,bacteria
TTCTT,6721,Staphylococcus saprophyticus ATCC 15305__k5,bacteria
TTTTA,11918,Staphylococcus saprophyticus ATCC 15305__k5,bacteria
TTGTA,5312,Staphylococcus saprophyticus ATCC 15305__k5,bacteria
TGTAC,2424,Staphylococcus saprophyticus ATCC 15305__k5,bacteria
GTACC,1536,Staphylococcus saprophyticus ATCC 15305__k5,bacteria
ACCTG,1970,Staphylococcus saprophyticus ATCC 15305__k5,bacteria
CTGTT,2780,Staphylococcus saprophyticus ATCC 15305__k5,bacteria
GTTTT,5304,Staphylococcus saprophyticus ATCC 15305__k5,bacteria
ATAAC,4262,Staphylococcus saprophyticus ATCC 15305__k5,bacteria
ACTTT,5441,Staphylococcus saprophyticus ATCC 15305__k5,bacteria
TTACG,2157,Staphylococcus saprophyticus ATCC 15305__k5,bacteria
TACGA,2108,Staphylococcus saprophyticus ATCC 15305__k5,bacteria
ACGAA,2166,Staphylococcus saprophyticus ATCC 15305__k5,bacteria
CGAAA,2003,Staphylococcus saprophyticus ATCC 15305__k5,bacteria
GAAAG,2938,Staphylococcus saprophyticus ATCC 15305__k5,bacteria
AGTTG,2757,Staphylococcus saprophyticus ATCC 15305__k5,bacteria
GTTGG,1827,Staphylococcus saprophyticus ATCC 15305__k5,bacteria
TTGGA,2961,Staphylococcus saprophyticus ATCC 15305__k5,bacteria
TGGAG,1151,Staphylococcus saprophyticus ATCC 15305__k5,bacteria
GGAGT,565,Staphylococcus saprophyticus ATCC 15305__k5,bacteria
AGTTT,3810,Staphylococcus saprophyticus ATCC 15305__k5,bacteria
GTTTG,3015,Staphylococcus saprophyticus ATCC 15305__k5,bacteria
TATTA,9578,Staphylococcus saprophyticus ATCC 15305__k5,bacteria
ATGTC,2348,Staphylococcus saprophyticus ATCC 15305__k5,bacteria
TGTCA,2416,Staphylococcus saprophyticus ATCC 15305__k5,bacteria
GTCAG,921,Staphylococcus saprophyticus ATCC 15305__k5,bacteria
TCAGA,2110,Staphylococcus saprophyticus ATCC 15305__k5,bacteria
CAGAA,3157,Staphylococcus saprophyticus ATCC 15305__k5,bacteria
AACAA,7283,Staphylococcus saprophyticus ATCC 15305__k5,bacteria
ACAAG,3330,Staphylococcus saprophyticus ATCC 15305__k5,bacteria
CAAGA,2747,Staphylococcus saprophyticus ATCC 15305__k5,bacteria
AGAAA,6666,Staphylococcus saprophyticus ATCC 15305__k5,bacteria
GAAAT,6123,Staphylococcus saprophyticus ATCC 15305__k5,bacteria
TTGGG,1291,Staphylococcus saprophyticus ATCC 15305__k5,bacteria
TGGGA,1262,Staphylococcus saprophyticus ATCC 15305__k5,bacteria
GGGAA,1071,Staphylococcus saprophyticus ATCC 15305__k5,bacteria
GGAAA,2380,Staphylococcus saprophyticus ATCC 15305__k5,bacteria
GAAAA,6886,Staphylococcus saprophyticus ATCC 15305__k5,bacteria
GTTCT,2495,Staphylococcus saprophyticus ATCC 15305__k5,bacteria
TTCTA,4890,Staphylococcus saprophyticus ATCC 15305__k5,bacteria
TCTAA,4752,Staphylococcus saprophyticus ATCC 15305__k5,bacteria
CTAAC,1638,Staphylococcus saprophyticus ATCC 15305__k5,bacteria
TAACC,2031,Staphylococcus saprophyticus ATCC 15305__k5,bacteria
AACCT,2194,Staphylococcus saprophyticus ATCC 15305__k5,bacteria
CCTTG,1264,Staphylococcus saprophyticus ATCC 15305__k5,bacteria
CTTGG,1534,Staphylococcus saprophyticus ATCC 15305__k5,bacteria
TTGGC,1879,Staphylococcus saprophyticus ATCC 15305__k5,bacteria
TGGCT,1632,Staphylococcus saprophyticus ATCC 15305__k5,bacteria
GGCTC,540,Staphylococcus saprophyticus ATCC 15305__k5,bacteria
TCAAG,2602,Staphylococcus saprophyticus ATCC 15305__k5,bacteria
AGTAA,4137,Staphylococcus saprophyticus ATCC 15305__k5,bacteria
GTAAG,1768,Staphylococcus saprophyticus ATCC 15305__k5,bacteria
AGTAG,2193,Staphylococcus saprophyticus ATCC 15305__k5,bacteria
GTAGT,1819,Staphylococcus saprophyticus ATCC 15305__k5,bacteria
TAGTG,2053,Staphylococcus saprophyticus ATCC 15305__k5,bacteria
GTGCA,2155,Staphylococcus saprophyticus ATCC 15305__k5,bacteria
TGCAA,3949,Staphylococcus saprophyticus ATCC 15305__k5,bacteria
GCAAG,1632,Staphylococcus saprophyticus ATCC 15305__k5,bacteria
CAAGC,1916,Staphylococcus saprophyticus ATCC 15305__k5,bacteria
AAGCT,2648,Staphylococcus saprophyticus ATCC 15305__k5,bacteria
AGCTA,2477,Staphylococcus saprophyticus ATCC 15305__k5,bacteria
CTACC,1113,Staphylococcus saprophyticus ATCC 15305__k5,bacteria
TACCA,3688,Staphylococcus saprophyticus ATCC 15305__k5,bacteria
ACCAA,4278,Staphylococcus saprophyticus ATCC 15305__k5,bacteria
TTTCT,6524,Staphylococcus saprophyticus ATCC 15305__k5,bacteria
TCTTA,2910,Staphylococcus saprophyticus ATCC 15305__k5,bacteria
TAAAG,6735,Staphylococcus saprophyticus ATCC 15305__k5,bacteria
AAAGA,6658,Staphylococcus saprophyticus ATCC 15305__k5,bacteria
AAGAT,5511,Staphylococcus saprophyticus ATCC 15305__k5,bacteria
TAAAC,4967,Staphylococcus saprophyticus ATCC 15305__k5,bacteria
AAACT,3850,Staphylococcus saprophyticus ATCC 15305__k5,bacteria
AACTG,2781,Staphylococcus saprophyticus ATCC 15305__k5,bacteria
ACTGC,1673,Staphylococcus saprophyticus ATCC 15305__k5,bacteria
AGAAT,3860,Staphylococcus saprophyticus ATCC 15305__k5,bacteria
GAATG,2509,Staphylococcus saprophyticus ATCC 15305__k5,bacteria
AATGA,7592,Staphylococcus saprophyticus ATCC 15305__k5,bacteria
ATGAG,2050,Staphylococcus saprophyticus ATCC 15305__k5,bacteria
TGAGC,1244,Staphylococcus saprophyticus ATCC 15305__k5,bacteria
GAGCA,1223,Staphylococcus saprophyticus ATCC 15305__k5,bacteria
AGCAA,4075,Staphylococcus saprophyticus ATCC 15305__k5,bacteria
AAGCG,2024,Staphylococcus saprophyticus ATCC 15305__k5,bacteria
AGCGA,1679,Staphylococcus saprophyticus ATCC 15305__k5,bacteria
GCGAT,1769,Staphylococcus saprophyticus ATCC 15305__k5,bacteria
CGATT,2856,Staphylococcus saprophyticus ATCC 15305__k5,bacteria
GTTAC,2231,Staphylococcus saprophyticus ATCC 15305__k5,bacteria
TGATG,4657,Staphylococcus saprophyticus ATCC 15305__k5,bacteria
GATGA,4427,Staphylococcus saprophyticus ATCC 15305__k5,bacteria
ATGAC,2975,Staphylococcus saprophyticus ATCC 15305__k5,bacteria
TGACG,1352,Staphylococcus saprophyticus ATCC 15305__k5,bacteria
GACGA,1219,Staphylococcus saprophyticus ATCC 15305__k5,bacteria
ACGAT,2977,Staphylococcus saprophyticus ATCC 15305__k5,bacteria
GATTT,6484,Staphylococcus saprophyticus ATCC 15305__k5,bacteria
GTTGC,2138,Staphylococcus saprophyticus ATCC 15305__k5,bacteria
GCTAA,3040,Staphylococcus saprophyticus ATCC 15305__k5,bacteria
CTAAT,4707,Staphylococcus saprophyticus ATCC 15305__k5,bacteria
ATTGG,3719,Staphylococcus saprophyticus ATCC 15305__k5,bacteria
TGGTT,3799,Staphylococcus saprophyticus ATCC 15305__k5,bacteria
GGTTA,2164,Staphylococcus saprophyticus ATCC 15305__k5,bacteria
AGATG,3871,Staphylococcus saprophyticus ATCC 15305__k5,bacteria
ATGAA,7449,Staphylococcus saprophyticus ATCC 15305__k5,bacteria
TGAAT,5928,Staphylococcus saprophyticus ATCC 15305__k5,bacteria
GAATT,4892,Staphylococcus saprophyticus ATCC 15305__k5,bacteria
ATTAC,4856,Staphylococcus saprophyticus ATCC 15305__k5,bacteria
TACGC,1294,Staphylococcus saprophyticus ATCC 15305__k5,bacteria
ACGCA,1545,Staphylococcus saprophyticus ATCC 15305__k5,bacteria
CGCAG,688,Staphylococcus saprophyticus ATCC 15305__k5,bacteria
AGCTG,1881,Staphylococcus saprophyticus ATCC 15305__k5,bacteria
GCTGC,1456,Staphylococcus saprophyticus ATCC 15305__k5,bacteria
CTGCT,2033,Staphylococcus saprophyticus ATCC 15305__k5,bacteria
GCTTT,4101,Staphylococcus saprophyticus ATCC 15305__k5,bacteria
TATAT,7889,Staphylococcus saprophyticus ATCC 15305__k5,bacteria
ATATG,5265,Staphylococcus saprophyticus ATCC 15305__k5,bacteria
TATGA,4986,Staphylococcus saprophyticus ATCC 15305__k5,bacteria
TGAAG,4605,Staphylococcus saprophyticus ATCC 15305__k5,bacteria
GAAGC,2404,Staphylococcus saprophyticus ATCC 15305__k5,bacteria
AAGCA,4353,Staphylococcus saprophyticus ATCC 15305__k5,bacteria
GCAAT,4158,Staphylococcus saprophyticus ATCC 15305__k5,bacteria
CAATT,7137,Staphylococcus saprophyticus ATCC 15305__k5,bacteria
TGGTC,1518,Staphylococcus saprophyticus ATCC 15305__k5,bacteria
GGTCA,1291,Staphylococcus saprophyticus ATCC 15305__k5,bacteria
GTCAT,3163,Staphylococcus saprophyticus ATCC 15305__k5,bacteria
TCATG,2772,Staphylococcus saprophyticus ATCC 15305__k5,bacteria
CATGA,2746,Staphylococcus saprophyticus ATCC 15305__k5,bacteria
TGAGA,1741,Staphylococcus saprophyticus ATCC 15305__k5,bacteria
GAGAT,1738,Staphylococcus saprophyticus ATCC 15305__k5,bacteria
GATAG,2093,Staphylococcus saprophyticus ATCC 15305__k5,bacteria
ATAGC,2419,Staphylococcus saprophyticus ATCC 15305__k5,bacteria
TAGCA,3021,Staphylococcus saprophyticus ATCC 15305__k5,bacteria
CACCA,3119,Staphylococcus saprophyticus ATCC 15305__k5,bacteria
ACCAG,2010,Staphylococcus saprophyticus ATCC 15305__k5,bacteria
CCAGT,1509,Staphylococcus saprophyticus ATCC 15305__k5,bacteria
CAGTC,1048,Staphylococcus saprophyticus ATCC 15305__k5,bacteria
AGTCT,1318,Staphylococcus saprophyticus ATCC 15305__k5,bacteria
GTCTT,2205,Staphylococcus saprophyticus ATCC 15305__k5,bacteria
CTGAA,3290,Staphylococcus saprophyticus ATCC 15305__k5,bacteria
GAAGA,3944,Staphylococcus saprophyticus ATCC 15305__k5,bacteria
AGAAG,3980,Staphylococcus saprophyticus ATCC 15305__k5,bacteria
AAGAG,1805,Staphylococcus saprophyticus ATCC 15305__k5,bacteria
AGAGC,1017,Staphylococcus saprophyticus ATCC 15305__k5,bacteria
GAGCT,788,Staphylococcus saprophyticus ATCC 15305__k5,bacteria
CTAAA,5698,Staphylococcus saprophyticus ATCC 15305__k5,bacteria
AGCTT,2707,Staphylococcus saprophyticus ATCC 15305__k5,bacteria
GCTTA,2047,Staphylococcus saprophyticus ATCC 15305__k5,bacteria
CTTAC,1765,Staphylococcus saprophyticus ATCC 15305__k5,bacteria
TTACA,4690,Staphylococcus saprophyticus ATCC 15305__k5,bacteria
CAAGT,3040,Staphylococcus saprophyticus ATCC 15305__k5,bacteria
AGTGA,3119,Staphylococcus saprophyticus ATCC 15305__k5,bacteria
GTGAG,999,Staphylococcus saprophyticus ATCC 15305__k5,bacteria
GCAAA,3321,Staphylococcus saprophyticus ATCC 15305__k5,bacteria
CAACC,1454,Staphylococcus saprophyticus ATCC 15305__k5,bacteria
AACCA,3785,Staphylococcus saprophyticus ATCC 15305__k5,bacteria
CCAGA,1442,Staphylococcus saprophyticus ATCC 15305__k5,bacteria
CCAGC,1160,Staphylococcus saprophyticus ATCC 15305__k5,bacteria
AGCCA,1687,Staphylococcus saprophyticus ATCC 15305__k5,bacteria
GCCAA,1856,Staphylococcus saprophyticus ATCC 15305__k5,bacteria
ATACG,2419,Staphylococcus saprophyticus ATCC 15305__k5,bacteria
ACGCC,920,Staphylococcus saprophyticus ATCC 15305__k5,bacteria
CGCCA,1254,Staphylococcus saprophyticus ATCC 15305__k5,bacteria
GCCAG,777,Staphylococcus saprophyticus ATCC 15305__k5,bacteria
CCAGG,657,Staphylococcus saprophyticus ATCC 15305__k5,bacteria
CAGGC,702,Staphylococcus saprophyticus ATCC 15305__k5,bacteria
AGGCG,953,Staphylococcus saprophyticus ATCC 15305__k5,bacteria
GGCGT,952,Staphylococcus saprophyticus ATCC 15305__k5,bacteria
GCGTT,1805,Staphylococcus saprophyticus ATCC 15305__k5,bacteria
CGTTG,1809,Staphylococcus saprophyticus ATCC 15305__k5,bacteria
GTTGA,3132,Staphylococcus saprophyticus ATCC 15305__k5,bacteria
GCTGT,1632,Staphylococcus saprophyticus ATCC 15305__k5,bacteria
TCATT,7662,Staphylococcus saprophyticus ATCC 15305__k5,bacteria
CATTG,3778,Staphylococcus saprophyticus ATCC 15305__k5,bacteria
TGGCG,1333,Staphylococcus saprophyticus ATCC 15305__k5,bacteria
GGCGG,532,Staphylococcus saprophyticus ATCC 15305__k5,bacteria
GCGGT,800,Staphylococcus saprophyticus ATCC 15305__k5,bacteria
CGGTG,902,Staphylococcus saprophyticus ATCC 15305__k5,bacteria
GGTGA,2110,Staphylococcus saprophyticus ATCC 15305__k5,bacteria
GTGAA,3435,Staphylococcus saprophyticus ATCC 15305__k5,bacteria
TGAAC,3103,Staphylococcus saprophyticus ATCC 15305__k5,bacteria
GTTCA,3161,Staphylococcus saprophyticus ATCC 15305__k5,bacteria
TTCAA,7795,Staphylococcus saprophyticus ATCC 15305__k5,bacteria
TCAAT,6584,Staphylococcus saprophyticus ATCC 15305__k5,bacteria
AATAC,5296,Staphylococcus saprophyticus ATCC 15305__k5,bacteria
CACAT,2450,Staphylococcus saprophyticus ATCC 15305__k5,bacteria
CATAA,4674,Staphylococcus saprophyticus ATCC 15305__k5,bacteria
TACGT,2202,Staphylococcus saprophyticus ATCC 15305__k5,bacteria
ACGTT,3008,Staphylococcus saprophyticus ATCC 15305__k5,bacteria
CGTTT,3200,Staphylococcus saprophyticus ATCC 15305__k5,bacteria
TTGAA,7570,Staphylococcus saprophyticus ATCC 15305__k5,bacteria
TGAAA,8108,Staphylococcus saprophyticus ATCC 15305__k5,bacteria
GAAAC,3210,Staphylococcus saprophyticus ATCC 15305__k5,bacteria
TTGTC,2577,Staphylococcus saprophyticus ATCC 15305__k5,bacteria
TGGAC,1363,Staphylococcus saprophyticus ATCC 15305__k5,bacteria
GGACC,606,Staphylococcus saprophyticus ATCC 15305__k5,bacteria
GACCA,1509,Staphylococcus saprophyticus ATCC 15305__k5,bacteria
CAGGT,2056,Staphylococcus saprophyticus ATCC 15305__k5,bacteria
ATAGA,3980,Staphylococcus saprophyticus ATCC 15305__k5,bacteria
AGATT,4094,Staphylococcus saprophyticus ATCC 15305__k5,bacteria
ATTCC,1976,Staphylococcus saprophyticus ATCC 15305__k5,bacteria
TCCCT,767,Staphylococcus saprophyticus ATCC 15305__k5,bacteria
CCCTC,427,Staphylococcus saprophyticus ATCC 15305__k5,bacteria
CTCAT,2166,Staphylococcus saprophyticus ATCC 15305__k5,bacteria
CATGC,1573,Staphylococcus saprophyticus ATCC 15305__k5,bacteria
ATGCT,3247,Staphylococcus saprophyticus ATCC 15305__k5,bacteria
TGCTG,2595,Staphylococcus saprophyticus ATCC 15305__k5,bacteria
AAGTC,2081,Staphylococcus saprophyticus ATCC 15305__k5,bacteria
TCTTG,2783,Staphylococcus saprophyticus ATCC 15305__k5,bacteria
CTTGC,1578,Staphylococcus saprophyticus ATCC 15305__k5,bacteria
GCAGT,1768,Staphylococcus saprophyticus ATCC 15305__k5,bacteria
CAGTG,1273,Staphylococcus saprophyticus ATCC 15305__k5,bacteria
AGTGG,1432,Staphylococcus saprophyticus ATCC 15305__k5,bacteria
GTGGC,1056,Staphylococcus saprophyticus ATCC 15305__k5,bacteria
TGGCA,2307,Staphylococcus saprophyticus ATCC 15305__k5,bacteria
GGCAG,812,Staphylococcus saprophyticus ATCC 15305__k5,bacteria
CAGCT,1883,Staphylococcus saprophyticus ATCC 15305__k5,bacteria
AGCGT,1350,Staphylococcus saprophyticus ATCC 15305__k5,bacteria
CGTAT,2349,Staphylococcus saprophyticus ATCC 15305__k5,bacteria
TAATC,4492,Staphylococcus saprophyticus ATCC 15305__k5,bacteria
AATCC,2613,Staphylococcus saprophyticus ATCC 15305__k5,bacteria
CATTA,6766,Staphylococcus saprophyticus ATCC 15305__k5,bacteria
TATGG,2974,Staphylococcus saprophyticus ATCC 15305__k5,bacteria
ATGGT,3923,Staphylococcus saprophyticus ATCC 15305__k5,bacteria
TGGTG,3222,Staphylococcus saprophyticus ATCC 15305__k5,bacteria
GGTGG,1510,Staphylococcus saprophyticus ATCC 15305__k5,bacteria
GTGGT,1955,Staphylococcus saprophyticus ATCC 15305__k5,bacteria
GGTGT,2190,Staphylococcus saprophyticus ATCC 15305__k5,bacteria
TTTAG,5633,Staphylococcus saprophyticus ATCC 15305__k5,bacteria
AAGAC,2141,Staphylococcus saprophyticus ATCC 15305__k5,bacteria
AGACC,933,Staphylococcus saprophyticus ATCC 15305__k5,bacteria
GACCC,425,Staphylococcus saprophyticus ATCC 15305__k5,bacteria
CCATC,1940,Staphylococcus saprophyticus ATCC 15305__k5,bacteria
CATCT,3784,Staphylococcus saprophyticus ATCC 15305__k5,bacteria
ATCTA,4227,Staphylococcus saprophyticus ATCC 15305__k5,bacteria
AATGC,3960,Staphylococcus saprophyticus ATCC 15305__k5,bacteria
GCATG,1577,Staphylococcus saprophyticus ATCC 15305__k5,bacteria
ATGCG,1592,Staphylococcus saprophyticus ATCC 15305__k5,bacteria
TGCGA,1360,Staphylococcus saprophyticus ATCC 15305__k5,bacteria
GTATT,5418,Staphylococcus saprophyticus ATCC 15305__k5,bacteria
TAACA,4504,Staphylococcus saprophyticus ATCC 15305__k5,bacteria
TCCAG,1412,Staphylococcus saprophyticus ATCC 15305__k5,bacteria
CAGAC,940,Staphylococcus saprophyticus ATCC 15305__k5,bacteria
AGACG,1058,Staphylococcus saprophyticus ATCC 15305__k5,bacteria
GACGC,708,Staphylococcus saprophyticus ATCC 15305__k5,bacteria
ACGTC,1211,Staphylococcus saprophyticus ATCC 15305__k5,bacteria
CGTCT,1134,Staphylococcus saprophyticus ATCC 15305__k5,bacteria
TCTAG,1400,Staphylococcus saprophyticus ATCC 15305__k5,bacteria
CTAGT,1219,Staphylococcus saprophyticus ATCC 15305__k5,bacteria
AAATG,7999,Staphylococcus saprophyticus ATCC 15305__k5,bacteria
ATTCG,1877,Staphylococcus saprophyticus ATCC 15305__k5,bacteria
TTCGT,2186,Staphylococcus saprophyticus ATCC 15305__k5,bacteria
TCGTG,1141,Staphylococcus saprophyticus ATCC 15305__k5,bacteria
CGTGA,1213,Staphylococcus saprophyticus ATCC 15305__k5,bacteria
TGATA,6092,Staphylococcus saprophyticus ATCC 15305__k5,bacteria
AAAAC,5498,Staphylococcus saprophyticus ATCC 15305__k5,bacteria
GAACG,1440,Staphylococcus saprophyticus ATCC 15305__k5,bacteria
AACGT,2867,Staphylococcus saprophyticus ATCC 15305__k5,bacteria
TAGGG,780,Staphylococcus saprophyticus ATCC 15305__k5,bacteria
AGGGA,887,Staphylococcus saprophyticus ATCC 15305__k5,bacteria
AAATA,11511,Staphylococcus saprophyticus ATCC 15305__k5,bacteria
TACCG,1195,Staphylococcus saprophyticus ATCC 15305__k5,bacteria
ACCGT,1277,Staphylococcus saprophyticus ATCC 15305__k5,bacteria
CCGTA,916,Staphylococcus saprophyticus ATCC 15305__k5,bacteria
AATAT,10485,Staphylococcus saprophyticus ATCC 15305__k5,bacteria
ATATC,5054,Staphylococcus saprophyticus ATCC 15305__k5,bacteria
TATCG,2606,Staphylococcus saprophyticus ATCC 15305__k5,bacteria
ATCGA,2048,Staphylococcus saprophyticus ATCC 15305__k5,bacteria
TCGAC,775,Staphylococcus saprophyticus ATCC 15305__k5,bacteria
CGACG,581,Staphylococcus saprophyticus ATCC 15305__k5,bacteria
GACGT,1128,Staphylococcus saprophyticus ATCC 15305__k5,bacteria
ATGAT,7277,Staphylococcus saprophyticus ATCC 15305__k5,bacteria
AACTC,1467,Staphylococcus saprophyticus ATCC 15305__k5,bacteria
ACTCA,1909,Staphylococcus saprophyticus ATCC 15305__k5,bacteria
TTCCA,2917,Staphylococcus saprophyticus ATCC 15305__k5,bacteria
CCATA,2862,Staphylococcus saprophyticus ATCC 15305__k5,bacteria
ACATC,2890,Staphylococcus saprophyticus ATCC 15305__k5,bacteria
CATCA,4621,Staphylococcus saprophyticus ATCC 15305__k5,bacteria
TAAGC,2048,Staphylococcus saprophyticus ATCC 15305__k5,bacteria
TGTAA,4428,Staphylococcus saprophyticus ATCC 15305__k5,bacteria
TGATC,2127,Staphylococcus saprophyticus ATCC 15305__k5,bacteria
GATCG,695,Staphylococcus saprophyticus ATCC 15305__k5,bacteria
CGACC,516,Staphylococcus saprophyticus ATCC 15305__k5,bacteria
GACCT,949,Staphylococcus saprophyticus ATCC 15305__k5,bacteria
CCTCC,653,Staphylococcus saprophyticus ATCC 15305__k5,bacteria
AACTA,3115,Staphylococcus saprophyticus ATCC 15305__k5,bacteria
ACTAG,1207,Staphylococcus saprophyticus ATCC 15305__k5,bacteria
CTAGA,1373,Staphylococcus saprophyticus ATCC 15305__k5,bacteria
TAGAA,4919,Staphylococcus saprophyticus ATCC 15305__k5,bacteria
AGATC,1127,Staphylococcus saprophyticus ATCC 15305__k5,bacteria
ATCGT,2976,Staphylococcus saprophyticus ATCC 15305__k5,bacteria
TCGTT,2885,Staphylococcus saprophyticus ATCC 15305__k5,bacteria
CGTTC,1464,Staphylococcus saprophyticus ATCC 15305__k5,bacteria
TCACG,1260,Staphylococcus saprophyticus ATCC 15305__k5,bacteria
CACGT,1823,Staphylococcus saprophyticus ATCC 15305__k5,bacteria
TTTCG,2125,Staphylococcus saprophyticus ATCC 15305__k5,bacteria
TTCGA,1729,Staphylococcus saprophyticus ATCC 15305__k5,bacteria
TCGAA,1745,Staphylococcus saprophyticus ATCC 15305__k5,bacteria
CGAAT,1982,Staphylococcus saprophyticus ATCC 15305__k5,bacteria
AATGG,4280,Staphylococcus saprophyticus ATCC 15305__k5,bacteria
ATGGG,1569,Staphylococcus saprophyticus ATCC 15305__k5,bacteria
TGGGG,677,Staphylococcus saprophyticus ATCC 15305__k5,bacteria
GGGGA,586,Staphylococcus saprophyticus ATCC 15305__k5,bacteria
GGGAT,1022,Staphylococcus saprophyticus ATCC 15305__k5,bacteria
GGATT,2771,Staphylococcus saprophyticus ATCC 15305__k5,bacteria
GATTA,4652,Staphylococcus saprophyticus ATCC 15305__k5,bacteria
AATCG,2906,Staphylococcus saprophyticus ATCC 15305__k5,bacteria
TCGTA,2130,Staphylococcus saprophyticus ATCC 15305__k5,bacteria
CGTAG,945,Staphylococcus saprophyticus ATCC 15305__k5,bacteria
CGCCG,354,Staphylococcus saprophyticus ATCC 15305__k5,bacteria
GCCGC,397,Staphylococcus saprophyticus ATCC 15305__k5,bacteria
CCGCC,503,Staphylococcus saprophyticus ATCC 15305__k5,bacteria
CGCCT,947,Staphylococcus saprophyticus ATCC 15305__k5,bacteria
CCTGA,1297,Staphylococcus saprophyticus ATCC 15305__k5,bacteria
ATGGC,2298,Staphylococcus saprophyticus ATCC 15305__k5,bacteria
GGCGA,813,Staphylococcus saprophyticus ATCC 15305__k5,bacteria
GCGAA,1289,Staphylococcus saprophyticus ATCC 15305__k5,bacteria
CGAAG,1155,Staphylococcus saprophyticus ATCC 15305__k5,bacteria
TTAAC,4460,Staphylococcus saprophyticus ATCC 15305__k5,bacteria
CATTC,2472,Staphylococcus saprophyticus ATCC 15305__k5,bacteria
CCAAC,1887,Staphylococcus saprophyticus ATCC 15305__k5,bacteria
CAACT,2858,Staphylococcus saprophyticus ATCC 15305__k5,bacteria
CTGAG,808,Staphylococcus saprophyticus ATCC 15305__k5,bacteria
TGAGG,964,Staphylococcus saprophyticus ATCC 15305__k5,bacteria
GAGGC,562,Staphylococcus saprophyticus ATCC 15305__k5,bacteria
GGCGC,703,Staphylococcus saprophyticus ATCC 15305__k5,bacteria
GCGCT,1058,Staphylococcus saprophyticus ATCC 15305__k5,bacteria
CGCTT,1987,Staphylococcus saprophyticus ATCC 15305__k5,bacteria
TACTT,4938,Staphylococcus saprophyticus ATCC 15305__k5,bacteria
CATCG,1643,Staphylococcus saprophyticus ATCC 15305__k5,bacteria
ATCGC,1793,Staphylococcus saprophyticus ATCC 15305__k5,bacteria
TCGCT,1598,Staphylococcus saprophyticus ATCC 15305__k5,bacteria
AATTC,4835,Staphylococcus saprophyticus ATCC 15305__k5,bacteria
TTCAG,3337,Staphylococcus saprophyticus ATCC 15305__k5,bacteria
TCAGT,2341,Staphylococcus saprophyticus ATCC 15305__k5,bacteria
GAACT,1699,Staphylococcus saprophyticus ATCC 15305__k5,bacteria
CTTGA,2563,Staphylococcus saprophyticus ATCC 15305__k5,bacteria
GAAGG,1786,Staphylococcus saprophyticus ATCC 15305__k5,bacteria
AAGGT,3111,Staphylococcus saprophyticus ATCC 15305__k5,bacteria
AGGTG,2681,Staphylococcus saprophyticus ATCC 15305__k5,bacteria
GGTGC,1699,Staphylococcus saprophyticus ATCC 15305__k5,bacteria
ACACG,1300,Staphylococcus saprophyticus ATCC 15305__k5,bacteria
ACGTG,1648,Staphylococcus saprophyticus ATCC 15305__k5,bacteria
CGTGT,1216,Staphylococcus saprophyticus ATCC 15305__k5,bacteria
GTGTC,1131,Staphylococcus saprophyticus ATCC 15305__k5,bacteria
CTTAG,1478,Staphylococcus saprophyticus ATCC 15305__k5,bacteria
TTAGC,3068,Staphylococcus saprophyticus ATCC 15305__k5,bacteria
GGGAC,517,Staphylococcus saprophyticus ATCC 15305__k5,bacteria
GGACA,1171,Staphylococcus saprophyticus ATCC 15305__k5,bacteria
GACAA,2674,Staphylococcus saprophyticus ATCC 15305__k5,bacteria
ACGAC,1361,Staphylococcus saprophyticus ATCC 15305__k5,bacteria
CGACT,914,Staphylococcus saprophyticus ATCC 15305__k5,bacteria
GACTG,1001,Staphylococcus saprophyticus ATCC 15305__k5,bacteria
TGAGT,1990,Staphylococcus saprophyticus ATCC 15305__k5,bacteria
GCTGA,1739,Staphylococcus saprophyticus ATCC 15305__k5,bacteria
GCACT,1427,Staphylococcus saprophyticus ATCC 15305__k5,bacteria
ACCTA,2612,Staphylococcus saprophyticus ATCC 15305__k5,bacteria
CCTAA,2465,Staphylococcus saprophyticus ATCC 15305__k5,bacteria
CACGA,1159,Staphylococcus saprophyticus ATCC 15305__k5,bacteria
CGATA,2671,Staphylococcus saprophyticus ATCC 15305__k5,bacteria
CAGTA,2533,Staphylococcus saprophyticus ATCC 15305__k5,bacteria
TATAG,3360,Staphylococcus saprophyticus ATCC 15305__k5,bacteria
AGTGT,1810,Staphylococcus saprophyticus ATCC 15305__k5,bacteria
TAGCG,1324,Staphylococcus saprophyticus ATCC 15305__k5,bacteria
AGCGC,1072,Staphylococcus saprophyticus ATCC 15305__k5,bacteria
AAACG,3199,Staphylococcus saprophyticus ATCC 15305__k5,bacteria
AACGA,2906,Staphylococcus saprophyticus ATCC 15305__k5,bacteria
CGAAC,884,Staphylococcus saprophyticus ATCC 15305__k5,bacteria
ATCCG,906,Staphylococcus saprophyticus ATCC 15305__k5,bacteria
TCCGC,537,Staphylococcus saprophyticus ATCC 15305__k5,bacteria
CCGCG,188,Staphylococcus saprophyticus ATCC 15305__k5,bacteria
CGCGT,703,Staphylococcus saprophyticus ATCC 15305__k5,bacteria
GCGTC,711,Staphylococcus saprophyticus ATCC 15305__k5,bacteria
CGTCA,1404,Staphylococcus saprophyticus ATCC 15305__k5,bacteria
GTCAA,2076,Staphylococcus saprophyticus ATCC 15305__k5,bacteria
CAATG,3731,Staphylococcus saprophyticus ATCC 15305__k5,bacteria
GTACT,1882,Staphylococcus saprophyticus ATCC 15305__k5,bacteria
AACCG,1133,Staphylococcus saprophyticus ATCC 15305__k5,bacteria
ACCGA,1142,Staphylococcus saprophyticus ATCC 15305__k5,bacteria
CCGAT,1080,Staphylococcus saprophyticus ATCC 15305__k5,bacteria
TTACC,3153,Staphylococcus saprophyticus ATCC 15305__k5,bacteria
CGGTC,458,Staphylococcus saprophyticus ATCC 15305__k5,bacteria
GGTCG,518,Staphylococcus saprophyticus ATCC 15305__k5,bacteria
GTCGT,1352,Staphylococcus saprophyticus ATCC 15305__k5,bacteria
GATCA,2058,Staphylococcus saprophyticus ATCC 15305__k5,bacteria
ATCAT,7286,Staphylococcus saprophyticus ATCC 15305__k5,bacteria
AACGG,1162,Staphylococcus saprophyticus ATCC 15305__k5,bacteria
ACGGT,1240,Staphylococcus saprophyticus ATCC 15305__k5,bacteria
CGGTT,1149,Staphylococcus saprophyticus ATCC 15305__k5,bacteria
TGCAC,2101,Staphylococcus saprophyticus ATCC 15305__k5,bacteria
GCACA,1755,Staphylococcus saprophyticus ATCC 15305__k5,bacteria
ACATG,2507,Staphylococcus saprophyticus ATCC 15305__k5,bacteria
ATATA,7823,Staphylococcus saprophyticus ATCC 15305__k5,bacteria
GATCC,930,Staphylococcus saprophyticus ATCC 15305__k5,bacteria
GAAGT,2791,Staphylococcus saprophyticus ATCC 15305__k5,bacteria
TTAGA,4585,Staphylococcus saprophyticus ATCC 15305__k5,bacteria
CCAAT,3634,Staphylococcus saprophyticus ATCC 15305__k5,bacteria
CTGTA,2405,Staphylococcus saprophyticus ATCC 15305__k5,bacteria
GAATA,3922,Staphylococcus saprophyticus ATCC 15305__k5,bacteria
GTAGG,1176,Staphylococcus saprophyticus ATCC 15305__k5,bacteria
TTGAG,2082,Staphylococcus saprophyticus ATCC 15305__k5,bacteria
GAGGA,962,Staphylococcus saprophyticus ATCC 15305__k5,bacteria
AGGAA,1777,Staphylococcus saprophyticus ATCC 15305__k5,bacteria
GGAAT,2075,Staphylococcus saprophyticus ATCC 15305__k5,bacteria
TAGAG,1629,Staphylococcus saprophyticus ATCC 15305__k5,bacteria
CGTTA,2427,Staphylococcus saprophyticus ATCC 15305__k5,bacteria
AGTCA,2277,Staphylococcus saprophyticus ATCC 15305__k5,bacteria
GTCAC,1228,Staphylococcus saprophyticus ATCC 15305__k5,bacteria
TGTTC,2881,Staphylococcus saprophyticus ATCC 15305__k5,bacteria
CACTA,2038,Staphylococcus saprophyticus ATCC 15305__k5,bacteria
ACTAA,3301,Staphylococcus saprophyticus ATCC 15305__k5,bacteria
ATCCC,898,Staphylococcus saprophyticus ATCC 15305__k5,bacteria
CCCTA,688,Staphylococcus saprophyticus ATCC 15305__k5,bacteria
AGCCC,491,Staphylococcus saprophyticus ATCC 15305__k5,bacteria
GCCCT,460,Staphylococcus saprophyticus ATCC 15305__k5,bacteria
CCTAC,1033,Staphylococcus saprophyticus ATCC 15305__k5,bacteria
CTACT,1975,Staphylococcus saprophyticus ATCC 15305__k5,bacteria
ACTAC,1793,Staphylococcus saprophyticus ATCC 15305__k5,bacteria
CCTAT,1669,Staphylococcus saprophyticus ATCC 15305__k5,bacteria
ACTGG,1388,Staphylococcus saprophyticus ATCC 15305__k5,bacteria
CTGGA,1349,Staphylococcus saprophyticus ATCC 15305__k5,bacteria
TGGAA,2989,Staphylococcus saprophyticus ATCC 15305__k5,bacteria
GGAAG,1185,Staphylococcus saprophyticus ATCC 15305__k5,bacteria
AAGGA,2070,Staphylococcus saprophyticus ATCC 15305__k5,bacteria
AGGAG,1102,Staphylococcus saprophyticus ATCC 15305__k5,bacteria
GATGG,2065,Staphylococcus saprophyticus ATCC 15305__k5,bacteria
ATGGA,3100,Staphylococcus saprophyticus ATCC 15305__k5,bacteria
AGAGA,1808,Staphylococcus saprophyticus ATCC 15305__k5,bacteria
GACAC,1095,Staphylococcus saprophyticus ATCC 15305__k5,bacteria
ACACT,1750,Staphylococcus saprophyticus ATCC 15305__k5,bacteria
TAAGG,1485,Staphylococcus saprophyticus ATCC 15305__k5,bacteria
AAGGC,1528,Staphylococcus saprophyticus ATCC 15305__k5,bacteria
AGGCC,400,Staphylococcus saprophyticus ATCC 15305__k5,bacteria
GGCCA,702,Staphylococcus saprophyticus ATCC 15305__k5,bacteria
GCCAT,2265,Staphylococcus saprophyticus ATCC 15305__k5,bacteria
ATCTC,1739,Staphylococcus saprophyticus ATCC 15305__k5,bacteria
TCTCA,1698,Staphylococcus saprophyticus ATCC 15305__k5,bacteria
CTCAC,883,Staphylococcus saprophyticus ATCC 15305__k5,bacteria
TCACC,2080,Staphylococcus saprophyticus ATCC 15305__k5,bacteria
CCAAG,1467,Staphylococcus saprophyticus ATCC 15305__k5,bacteria
CTATC,1976,Staphylococcus saprophyticus ATCC 15305__k5,bacteria
TATCT,4847,Staphylococcus saprophyticus ATCC 15305__k5,bacteria
CTGGT,2090,Staphylococcus saprophyticus ATCC 15305__k5,bacteria
GTATC,2648,Staphylococcus saprophyticus ATCC 15305__k5,bacteria
GGTTC,1548,Staphylococcus saprophyticus ATCC 15305__k5,bacteria
TCTGA,2176,Staphylococcus saprophyticus ATCC 15305__k5,bacteria
TCCTA,1535,Staphylococcus saprophyticus ATCC 15305__k5,bacteria
AGTCG,904,Staphylococcus saprophyticus ATCC 15305__k5,bacteria
GTCGA,805,Staphylococcus saprophyticus ATCC 15305__k5,bacteria
TCGAT,2068,Staphylococcus saprophyticus ATCC 15305__k5,bacteria
CGATG,1677,Staphylococcus saprophyticus ATCC 15305__k5,bacteria
ACCGG,464,Staphylococcus saprophyticus ATCC 15305__k5,bacteria
CCGGA,336,Staphylococcus saprophyticus ATCC 15305__k5,bacteria
CGGAT,903,Staphylococcus saprophyticus ATCC 15305__k5,bacteria
GGATC,897,Staphylococcus saprophyticus ATCC 15305__k5,bacteria
ATCAG,2562,Staphylococcus saprophyticus ATCC 15305__k5,bacteria
CGTGC,896,Staphylococcus saprophyticus ATCC 15305__k5,bacteria
CTTCC,1167,Staphylococcus saprophyticus ATCC 15305__k5,bacteria
TCCTG,1061,Staphylococcus saprophyticus ATCC 15305__k5,bacteria
CCTGG,728,Staphylococcus saprophyticus ATCC 15305__k5,bacteria
TCTTC,3990,Staphylococcus saprophyticus ATCC 15305__k5,bacteria
CTTCG,1171,Staphylococcus saprophyticus ATCC 15305__k5,bacteria
TAGAC,1464,Staphylococcus saprophyticus ATCC 15305__k5,bacteria
AGACA,2148,Staphylococcus saprophyticus ATCC 15305__k5,bacteria
GACAT,2216,Staphylococcus saprophyticus ATCC 15305__k5,bacteria
GTAAA,5050,Staphylococcus saprophyticus ATCC 15305__k5,bacteria
CTTTC,2667,Staphylococcus saprophyticus ATCC 15305__k5,bacteria
TCTAC,2183,Staphylococcus saprophyticus ATCC 15305__k5,bacteria
ATCTG,2579,Staphylococcus saprophyticus ATCC 15305__k5,bacteria
TCTGG,1473,Staphylococcus saprophyticus ATCC 15305__k5,bacteria
CCCAG,569,Staphylococcus saprophyticus ATCC 15305__k5,bacteria
TACCC,842,Staphylococcus saprophyticus ATCC 15305__k5,bacteria
ACCCG,472,Staphylococcus saprophyticus ATCC 15305__k5,bacteria
CCCGT,377,Staphylococcus saprophyticus ATCC 15305__k5,bacteria
CCGTT,1202,Staphylococcus saprophyticus ATCC 15305__k5,bacteria
TTGCC,1623,Staphylococcus saprophyticus ATCC 15305__k5,bacteria
TGCCA,2280,Staphylococcus saprophyticus ATCC 15305__k5,bacteria
GCCAC,1025,Staphylococcus saprophyticus ATCC 15305__k5,bacteria
TTCTC,1994,Staphylococcus saprophyticus ATCC 15305__k5,bacteria
TCTCG,659,Staphylococcus saprophyticus ATCC 15305__k5,bacteria
CTCGT,867,Staphylococcus saprophyticus ATCC 15305__k5,bacteria
GATGC,2182,Staphylococcus saprophyticus ATCC 15305__k5,bacteria
CGATC,690,Staphylococcus saprophyticus ATCC 15305__k5,bacteria
TCGCA,1408,Staphylococcus saprophyticus ATCC 15305__k5,bacteria
CGCAC,812,Staphylococcus saprophyticus ATCC 15305__k5,bacteria
AGACT,1233,Staphylococcus saprophyticus ATCC 15305__k5,bacteria
GACTA,1326,Staphylococcus saprophyticus ATCC 15305__k5,bacteria
TTCGC,1285,Staphylococcus saprophyticus ATCC 15305__k5,bacteria
TGTCC,1109,Staphylococcus saprophyticus ATCC 15305__k5,bacteria
GTCCA,1298,Staphylococcus saprophyticus ATCC 15305__k5,bacteria
CCACC,1464,Staphylococcus saprophyticus ATCC 15305__k5,bacteria
CACGC,741,Staphylococcus saprophyticus ATCC 15305__k5,bacteria
CGCCC,343,Staphylococcus saprophyticus ATCC 15305__k5,bacteria
GCCCA,722,Staphylococcus saprophyticus ATCC 15305__k5,bacteria
AGTAC,1918,Staphylococcus saprophyticus ATCC 15305__k5,bacteria
CTGGC,710,Staphylococcus saprophyticus ATCC 15305__k5,bacteria
GGCTT,1465,Staphylococcus saprophyticus ATCC 15305__k5,bacteria
CTGAC,935,Staphylococcus saprophyticus ATCC 15305__k5,bacteria
TGACT,2214,Staphylococcus saprophyticus ATCC 15305__k5,bacteria
GACTC,688,Staphylococcus saprophyticus ATCC 15305__k5,bacteria
CACCG,867,Staphylococcus saprophyticus ATCC 15305__k5,bacteria
ACCGC,771,Staphylococcus saprophyticus ATCC 15305__k5,bacteria
CCGCT,706,Staphylococcus saprophyticus ATCC 15305__k5,bacteria
GCTTG,1829,Staphylococcus saprophyticus ATCC 15305__k5,bacteria
GGCTG,676,Staphylococcus saprophyticus ATCC 15305__k5,bacteria
AAAGG,3180,Staphylococcus saprophyticus ATCC 15305__k5,bacteria
GGTAG,1112,Staphylococcus saprophyticus ATCC 15305__k5,bacteria
GTAGC,1502,Staphylococcus saprophyticus ATCC 15305__k5,bacteria
ATTAG,4656,Staphylococcus saprophyticus ATCC 15305__k5,bacteria
TCATC,4459,Staphylococcus saprophyticus ATCC 15305__k5,bacteria
CTTTG,2928,Staphylococcus saprophyticus ATCC 15305__k5,bacteria
CTTCA,4821,Staphylococcus saprophyticus ATCC 15305__k5,bacteria
GTGGG,620,Staphylococcus saprophyticus ATCC 15305__k5,bacteria
TGGGT,1294,Staphylococcus saprophyticus ATCC 15305__k5,bacteria
GGGTA,910,Staphylococcus saprophyticus ATCC 15305__k5,bacteria
TAACG,2353,Staphylococcus saprophyticus ATCC 15305__k5,bacteria
ACGTA,2153,Staphylococcus saprophyticus ATCC 15305__k5,bacteria
AGGTC,915,Staphylococcus saprophyticus ATCC 15305__k5,bacteria
ATCCT,1856,Staphylococcus saprophyticus ATCC 15305__k5,bacteria
GAGAA,2153,Staphylococcus saprophyticus ATCC 15305__k5,bacteria
TAGGA,1554,Staphylococcus saprophyticus ATCC 15305__k5,bacteria
ATGCC,1772,Staphylococcus saprophyticus ATCC 15305__k5,bacteria
GCATC,2182,Staphylococcus saprophyticus ATCC 15305__k5,bacteria
GCACG,985,Staphylococcus saprophyticus ATCC 15305__k5,bacteria
GCGGC,433,Staphylococcus saprophyticus ATCC 15305__k5,bacteria
CGGCA,735,Staphylococcus saprophyticus ATCC 15305__k5,bacteria
GGCAA,1648,Staphylococcus saprophyticus ATCC 15305__k5,bacteria
GTACA,2421,Staphylococcus saprophyticus ATCC 15305__k5,bacteria
GGTAC,1562,Staphylococcus saprophyticus ATCC 15305__k5,bacteria
GTACG,1100,Staphylococcus saprophyticus ATCC 15305__k5,bacteria
TACGG,954,Staphylococcus saprophyticus ATCC 15305__k5,bacteria
CGGTA,1195,Staphylococcus saprophyticus ATCC 15305__k5,bacteria
GATGT,2982,Staphylococcus saprophyticus ATCC 15305__k5,bacteria
GCAAC,2118,Staphylococcus saprophyticus ATCC 15305__k5,bacteria
GGATG,1451,Staphylococcus saprophyticus ATCC 15305__k5,bacteria
TTCGG,892,Staphylococcus saprophyticus ATCC 15305__k5,bacteria
TCGGT,1206,Staphylococcus saprophyticus ATCC 15305__k5,bacteria
ACCAT,3854,Staphylococcus saprophyticus ATCC 15305__k5,bacteria
CGCAA,1557,Staphylococcus saprophyticus ATCC 15305__k5,bacteria
CAGGA,1159,Staphylococcus saprophyticus ATCC 15305__k5,bacteria
GGAAC,1031,Staphylococcus saprophyticus ATCC 15305__k5,bacteria
GCCTT,1453,Staphylococcus saprophyticus ATCC 15305__k5,bacteria
TTAGT,3336,Staphylococcus saprophyticus ATCC 15305__k5,bacteria
GAGTC,785,Staphylococcus saprophyticus ATCC 15305__k5,bacteria
GTCTG,1026,Staphylococcus saprophyticus ATCC 15305__k5,bacteria
AGCAG,2083,Staphylococcus saprophyticus ATCC 15305__k5,bacteria
CTAAG,1515,Staphylococcus saprophyticus ATCC 15305__k5,bacteria
AAGGG,1070,Staphylococcus saprophyticus ATCC 15305__k5,bacteria
AGGGC,496,Staphylococcus saprophyticus ATCC 15305__k5,bacteria
GGGCA,702,Staphylococcus saprophyticus ATCC 15305__k5,bacteria
AGGGG,580,Staphylococcus saprophyticus ATCC 15305__k5,bacteria
AGCTC,758,Staphylococcus saprophyticus ATCC 15305__k5,bacteria
GCTCT,970,Staphylococcus saprophyticus ATCC 15305__k5,bacteria
CTCTA,1546,Staphylococcus saprophyticus ATCC 15305__k5,bacteria
TAGTC,1353,Staphylococcus saprophyticus ATCC 15305__k5,bacteria
AGTCC,768,Staphylococcus saprophyticus ATCC 15305__k5,bacteria
GTCCG,366,Staphylococcus saprophyticus ATCC 15305__k5,bacteria
TCCGT,854,Staphylococcus saprophyticus ATCC 15305__k5,bacteria
TGCCC,601,Staphylococcus saprophyticus ATCC 15305__k5,bacteria
TTCCG,794,Staphylococcus saprophyticus ATCC 15305__k5,bacteria
CCGCA,602,Staphylococcus saprophyticus ATCC 15305__k5,bacteria
GAGTG,1090,Staphylococcus saprophyticus ATCC 15305__k5,bacteria
GGAGA,1184,Staphylococcus saprophyticus ATCC 15305__k5,bacteria
GAGAC,827,Staphylococcus saprophyticus ATCC 15305__k5,bacteria
GAATC,2522,Staphylococcus saprophyticus ATCC 15305__k5,bacteria
GCGGA,553,Staphylococcus saprophyticus ATCC 15305__k5,bacteria
CGGAC,375,Staphylococcus saprophyticus ATCC 15305__k5,bacteria
GAGCG,652,Staphylococcus saprophyticus ATCC 15305__k5,bacteria
GCGTG,701,Staphylococcus saprophyticus ATCC 15305__k5,bacteria
ACGCG,746,Staphylococcus saprophyticus ATCC 15305__k5,bacteria
CGTCG,580,Staphylococcus saprophyticus ATCC 15305__k5,bacteria
GTCGC,679,Staphylococcus saprophyticus ATCC 15305__k5,bacteria
TCGCG,435,Staphylococcus saprophyticus ATCC 15305__k5,bacteria
CGCGG,239,Staphylococcus saprophyticus ATCC 15305__k5,bacteria
TCGAG,541,Staphylococcus saprophyticus ATCC 15305__k5,bacteria
CGAGA,702,Staphylococcus saprophyticus ATCC 15305__k5,bacteria
GTCGG,491,Staphylococcus saprophyticus ATCC 15305__k5,bacteria
CAAGG,1328,Staphylococcus saprophyticus ATCC 15305__k5,bacteria
TCCTT,1936,Staphylococcus saprophyticus ATCC 15305__k5,bacteria
CATCC,1423,Staphylococcus saprophyticus ATCC 15305__k5,bacteria
TCCCG,295,Staphylococcus saprophyticus ATCC 15305__k5,bacteria
CCCGA,290,Staphylococcus saprophyticus ATCC 15305__k5,bacteria
CTAGC,876,Staphylococcus saprophyticus ATCC 15305__k5,bacteria
TAGCT,2504,Staphylococcus saprophyticus ATCC 15305__k5,bacteria
GCGAC,702,Staphylococcus saprophyticus ATCC 15305__k5,bacteria
GAGGG,458,Staphylococcus saprophyticus ATCC 15305__k5,bacteria
GGGTG,704,Staphylococcus saprophyticus ATCC 15305__k5,bacteria
GTGAC,1248,Staphylococcus saprophyticus ATCC 15305__k5,bacteria
TGACC,1287,Staphylococcus saprophyticus ATCC 15305__k5,bacteria
TGCCT,1465,Staphylococcus saprophyticus ATCC 15305__k5,bacteria
TGGGC,782,Staphylococcus saprophyticus ATCC 15305__k5,bacteria
GGCAC,955,Staphylococcus saprophyticus ATCC 15305__k5,bacteria
TTGCG,1605,Staphylococcus saprophyticus ATCC 15305__k5,bacteria
TGCGC,1183,Staphylococcus saprophyticus ATCC 15305__k5,bacteria
GCGCC,696,Staphylococcus saprophyticus ATCC 15305__k5,bacteria
AGGAT,1958,Staphylococcus saprophyticus ATCC 15305__k5,bacteria
CCATG,1550,Staphylococcus saprophyticus ATCC 15305__k5,bacteria
CTGGG,535,Staphylococcus saprophyticus ATCC 15305__k5,bacteria
CCTAG,622,Staphylococcus saprophyticus ATCC 15305__k5,bacteria
TAGTA,2965,Staphylococcus saprophyticus ATCC 15305__k5,bacteria
ACGAG,888,Staphylococcus saprophyticus ATCC 15305__k5,bacteria
CGAGG,323,Staphylococcus saprophyticus ATCC 15305__k5,bacteria
ACGGA,865,Staphylococcus saprophyticus ATCC 15305__k5,bacteria
ATGTG,2436,Staphylococcus saprophyticus ATCC 15305__k5,bacteria
GGACG,582,Staphylococcus saprophyticus ATCC 15305__k5,bacteria
CGCTC,679,Staphylococcus saprophyticus ATCC 15305__k5,bacteria
GACTT,2150,Staphylococcus saprophyticus ATCC 15305__k5,bacteria
GCTCG,444,Staphylococcus saprophyticus ATCC 15305__k5,bacteria
CTCGC,463,Staphylococcus saprophyticus ATCC 15305__k5,bacteria
ACTCG,752,Staphylococcus saprophyticus ATCC 15305__k5,bacteria
CGCTG,770,Staphylococcus saprophyticus ATCC 15305__k5,bacteria
GAGTA,1248,Staphylococcus saprophyticus ATCC 15305__k5,bacteria
GCTAG,857,Staphylococcus saprophyticus ATCC 15305__k5,bacteria
CTACG,882,Staphylococcus saprophyticus ATCC 15305__k5,bacteria
CGACA,1264,Staphylococcus saprophyticus ATCC 15305__k5,bacteria
GACGG,518,Staphylococcus saprophyticus ATCC 15305__k5,bacteria
CGCAT,1714,Staphylococcus saprophyticus ATCC 15305__k5,bacteria
TCAGG,1384,Staphylococcus saprophyticus ATCC 15305__k5,bacteria
GGGCG,373,Staphylococcus saprophyticus ATCC 15305__k5,bacteria
CACGG,521,Staphylococcus saprophyticus ATCC 15305__k5,bacteria
CGGAA,834,Staphylococcus saprophyticus ATCC 15305__k5,bacteria
GCTGG,1095,Staphylococcus saprophyticus ATCC 15305__k5,bacteria
GGTCT,967,Staphylococcus saprophyticus ATCC 15305__k5,bacteria
AGCGG,679,Staphylococcus saprophyticus ATCC 15305__k5,bacteria
GTATG,2314,Staphylococcus saprophyticus ATCC 15305__k5,bacteria
ACTTC,2849,Staphylococcus saprophyticus ATCC 15305__k5,bacteria
TGTCG,1325,Staphylococcus saprophyticus ATCC 15305__k5,bacteria
GCAGG,1001,Staphylococcus saprophyticus ATCC 15305__k5,bacteria
TGCCG,735,Staphylococcus saprophyticus ATCC 15305__k5,bacteria
GCCGA,559,Staphylococcus saprophyticus ATCC 15305__k5,bacteria
CCGAC,437,Staphylococcus saprophyticus ATCC 15305__k5,bacteria
TGGCC,671,Staphylococcus saprophyticus ATCC 15305__k5,bacteria
GGCCG,200,Staphylococcus saprophyticus ATCC 15305__k5,bacteria
GCCGT,637,Staphylococcus saprophyticus ATCC 15305__k5,bacteria
CCGTG,474,Staphylococcus saprophyticus ATCC 15305__k5,bacteria
CGTGG,639,Staphylococcus saprophyticus ATCC 15305__k5,bacteria
GGCAT,1802,Staphylococcus saprophyticus ATCC 15305__k5,bacteria
CGTCC,582,Staphylococcus saprophyticus ATCC 15305__k5,bacteria
GTCCT,916,Staphylococcus saprophyticus ATCC 15305__k5,bacteria
CGGCG,341,Staphylococcus saprophyticus ATCC 15305__k5,bacteria
CATGG,1571,Staphylococcus saprophyticus ATCC 15305__k5,bacteria
GATCT,1158,Staphylococcus saprophyticus ATCC 15305__k5,bacteria
GACCG,459,Staphylococcus saprophyticus ATCC 15305__k5,bacteria
CGTAC,1035,Staphylococcus saprophyticus ATCC 15305__k5,bacteria
GAGAG,717,Staphylococcus saprophyticus ATCC 15305__k5,bacteria
GTTCG,919,Staphylococcus saprophyticus ATCC 15305__k5,bacteria
GAACC,1496,Staphylococcus saprophyticus ATCC 15305__k5,bacteria
AGGAC,908,Staphylococcus saprophyticus ATCC 15305__k5,bacteria
ACTCT,1096,Staphylococcus saprophyticus ATCC 15305__k5,bacteria
CTCTG,799,Staphylococcus saprophyticus ATCC 15305__k5,bacteria
TCTCT,1768,Staphylococcus saprophyticus ATCC 15305__k5,bacteria
TAGGC,1024,Staphylococcus saprophyticus ATCC 15305__k5,bacteria
CTGCG,614,Staphylococcus saprophyticus ATCC 15305__k5,bacteria
CGCGC,418,Staphylococcus saprophyticus ATCC 15305__k5,bacteria
TCGTC,1225,Staphylococcus saprophyticus ATCC 15305__k5,bacteria
TCTGC,1669,Staphylococcus saprophyticus ATCC 15305__k5,bacteria
CTGCC,737,Staphylococcus saprophyticus ATCC 15305__k5,bacteria
GCCGG,248,Staphylococcus saprophyticus ATCC 15305__k5,bacteria
CCGGT,458,Staphylococcus saprophyticus ATCC 15305__k5,bacteria
GGGTC,447,Staphylococcus saprophyticus ATCC 15305__k5,bacteria
TCCGG,309,Staphylococcus saprophyticus ATCC 15305__k5,bacteria
ACGGC,644,Staphylococcus saprophyticus ATCC 15305__k5,bacteria
ACGGG,406,Staphylococcus saprophyticus ATCC 15305__k5,bacteria
CGGGT,481,Staphylococcus saprophyticus ATCC 15305__k5,bacteria
AGGCA,1473,Staphylococcus saprophyticus ATCC 15305__k5,bacteria
ACCAC,1959,Staphylococcus saprophyticus ATCC 15305__k5,bacteria
TGCGG,603,Staphylococcus saprophyticus ATCC 15305__k5,bacteria
GAGCC,500,Staphylococcus saprophyticus ATCC 15305__k5,bacteria
CATGT,2516,Staphylococcus saprophyticus ATCC 15305__k5,bacteria
GGAGG,722,Staphylococcus saprophyticus ATCC 15305__k5,bacteria
CGAGT,799,Staphylococcus saprophyticus ATCC 15305__k5,bacteria
GCGCG,406,Staphylococcus saprophyticus ATCC 15305__k5,bacteria
CGCGA,415,Staphylococcus saprophyticus ATCC 15305__k5,bacteria
GCGAG,507,Staphylococcus saprophyticus ATCC 15305__k5,bacteria
GTCTC,844,Staphylococcus saprophyticus ATCC 15305__k5,bacteria
GCATA,2527,Staphylococcus saprophyticus ATCC 15305__k5,bacteria
CGGCT,572,Staphylococcus saprophyticus ATCC 15305__k5,bacteria
AGCCG,552,Staphylococcus saprophyticus ATCC 15305__k5,bacteria
CCGTC,553,Staphylococcus saprophyticus ATCC 15305__k5,bacteria
GGCTA,1003,Staphylococcus saprophyticus ATCC 15305__k5,bacteria
GGGCC,221,Staphylococcus saprophyticus ATCC 15305__k5,bacteria
CTCTC,647,Staphylococcus saprophyticus ATCC 15305__k5,bacteria
CCGAA,824,Staphylococcus saprophyticus ATCC 15305__k5,bacteria
AGGCT,990,Staphylococcus saprophyticus ATCC 15305__k5,bacteria
GTGCC,949,Staphylococcus saprophyticus ATCC 15305__k5,bacteria
ATAGG,1838,Staphylococcus saprophyticus ATCC 15305__k5,bacteria
GCGGG,267,Staphylococcus saprophyticus ATCC 15305__k5,bacteria
CAGCG,780,Staphylococcus saprophyticus ATCC 15305__k5,bacteria
CGGCC,227,Staphylococcus saprophyticus ATCC 15305__k5,bacteria
GCCTC,587,Staphylococcus saprophyticus ATCC 15305__k5,bacteria
CTCCG,290,Staphylococcus saprophyticus ATCC 15305__k5,bacteria
TCCGA,656,Staphylococcus saprophyticus ATCC 15305__k5,bacteria
CATAG,1918,Staphylococcus saprophyticus ATCC 15305__k5,bacteria
TCTCC,1099,Staphylococcus saprophyticus ATCC 15305__k5,bacteria
TAGCC,1016,Staphylococcus saprophyticus ATCC 15305__k5,bacteria
GTCCC,441,Staphylococcus saprophyticus ATCC 15305__k5,bacteria
CCTCT,953,Staphylococcus saprophyticus ATCC 15305__k5,bacteria
CTCTT,1795,Staphylococcus saprophyticus ATCC 15305__k5,bacteria
CCCCA,613,Staphylococcus saprophyticus ATCC 15305__k5,bacteria
CCGAG,306,Staphylococcus saprophyticus ATCC 15305__k5,bacteria
GGTCC,562,Staphylococcus saprophyticus ATCC 15305__k5,bacteria
GGCCT,372,Staphylococcus saprophyticus ATCC 15305__k5,bacteria
CTCGA,547,Staphylococcus saprophyticus ATCC 15305__k5,bacteria
CGAGC,418,Staphylococcus saprophyticus ATCC 15305__k5,bacteria
GCCCC,316,Staphylococcus saprophyticus ATCC 15305__k5,bacteria
CCCCC,248,Staphylococcus saprophyticus ATCC 15305__k5,bacteria
CTCCT,937,Staphylococcus saprophyticus ATCC 15305__k5,bacteria
GCGCA,1216,Staphylococcus saprophyticus ATCC 15305__k5,bacteria
GGACT,804,Staphylococcus saprophyticus ATCC 15305__k5,bacteria
ACCCT,753,Staphylococcus saprophyticus ATCC 15305__k5,bacteria
ATCGG,1033,Staphylococcus saprophyticus ATCC 15305__k5,bacteria
CCACG,699,Staphylococcus saprophyticus ATCC 15305__k5,bacteria
CTAGG,618,Staphylococcus saprophyticus ATCC 15305__k5,bacteria
GGGGT,499,Staphylococcus saprophyticus ATCC 15305__k5,bacteria
TCGCC,779,Staphylococcus saprophyticus ATCC 15305__k5,bacteria
GGGAG,411,Staphylococcus saprophyticus ATCC 15305__k5,bacteria
GGCCC,245,Staphylococcus saprophyticus ATCC 15305__k5,bacteria
CCGGC,229,Staphylococcus saprophyticus ATCC 15305__k5,bacteria
GGGGG,260,Staphylococcus saprophyticus ATCC 15305__k5,bacteria
GGGGC,321,Staphylococcus saprophyticus ATCC 15305__k5,bacteria
GGGCT,490,Staphylococcus saprophyticus ATCC 15305__k5,bacteria
TCGGC,569,Staphylococcus saprophyticus ATCC 15305__k5,bacteria
GCCTA,954,Staphylococcus saprophyticus ATCC 15305__k5,bacteria
TCGGA,649,Staphylococcus saprophyticus ATCC 15305__k5,bacteria
CCTCG,311,Staphylococcus saprophyticus ATCC 15305__k5,bacteria
CTCGG,289,Staphylococcus saprophyticus ATCC 15305__k5,bacteria
CGGGC,187,Staphylococcus saprophyticus ATCC 15305__k5,bacteria
CCTTC,1743,Staphylococcus saprophyticus ATCC 15305__k5,bacteria
TCGGG,281,Staphylococcus saprophyticus ATCC 15305__k5,bacteria
CGGAG,291,Staphylococcus saprophyticus ATCC 15305__k5,bacteria
CCCCG,163,Staphylococcus saprophyticus ATCC 15305__k5,bacteria
CCCGG,151,Staphylococcus saprophyticus ATCC 15305__k5,bacteria
GCTCC,453,Staphylococcus saprophyticus ATCC 15305__k5,bacteria
GCCCG,182,Staphylococcus saprophyticus ATCC 15305__k5,bacteria
GGAGC,484,Staphylococcus saprophyticus ATCC 15305__k5,bacteria
CGGGA,286,Staphylococcus saprophyticus ATCC 15305__k5,bacteria
CCGGG,149,Staphylococcus saprophyticus ATCC 15305__k5,bacteria
CCCGC,294,Staphylococcus saprophyticus ATCC 15305__k5,bacteria
CGGGG,149,Staphylococcus saprophyticus ATCC 15305__k5,bacteria
