kmer,count,genome_name,type
TGCA,258,Citrobacter_phage_Stevie_k4,phage
GCAA,441,Citrobacter_phage_Stevie_k4,phage
CAAC,258,Citrobacter_phage_Stevie_k4,phage
AACG,323,Citrobacter_phage_Stevie_k4,phage
ACGC,242,Citrobacter_phage_Stevie_k4,phage
CGCC,202,Citrobacter_phage_Stevie_k4,phage
GCCA,184,Citrobacter_phage_Stevie_k4,phage
CCAA,161,Citrobacter_phage_Stevie_k4,phage
CAAA,401,Citrobacter_phage_Stevie_k4,phage
AAAA,639,Citrobacter_phage_Stevie_k4,phage
AAAG,471,Citrobacter_phage_Stevie_k4,phage
AAGA,334,Citrobacter_phage_Stevie_k4,phage
AGAT,252,Citrobacter_phage_Stevie_k4,phage
GATA,261,Citrobacter_phage_Stevie_k4,phage
ATAA,325,Citrobacter_phage_Stevie_k4,phage
TAAC,244,Citrobacter_phage_Stevie_k4,phage
AACC,179,Citrobacter_phage_Stevie_k4,phage
ACCC,46,Citrobacter_phage_Stevie_k4,phage
CCCG,47,Citrobacter_phage_Stevie_k4,phage
CCGC,174,Citrobacter_phage_Stevie_k4,phage
GCCT,159,Citrobacter_phage_Stevie_k4,phage
CCTT,153,Citrobacter_phage_Stevie_k4,phage
CTTG,225,Citrobacter_phage_Stevie_k4,phage
TTGC,375,Citrobacter_phage_Stevie_k4,phage
TGCG,222,Citrobacter_phage_Stevie_k4,phage
GCGC,290,Citrobacter_phage_Stevie_k4,phage
CGCG,226,Citrobacter_phage_Stevie_k4,phage
GCGG,267,Citrobacter_phage_Stevie_k4,phage
CGGG,38,Citrobacter_phage_Stevie_k4,phage
GGGT,98,Citrobacter_phage_Stevie_k4,phage
GGTT,260,Citrobacter_phage_Stevie_k4,phage
GTTT,317,Citrobacter_phage_Stevie_k4,phage
TTTT,445,Citrobacter_phage_Stevie_k4,phage
TTTG,345,Citrobacter_phage_Stevie_k4,phage
TTGT,265,Citrobacter_phage_Stevie_k4,phage
TGTG,128,Citrobacter_phage_Stevie_k4,phage
GTGC,127,Citrobacter_phage_Stevie_k4,phage
GCAT,255,Citrobacter_phage_Stevie_k4,phage
CATA,127,Citrobacter_phage_Stevie_k4,phage
ATAC,147,Citrobacter_phage_Stevie_k4,phage
TACA,157,Citrobacter_phage_Stevie_k4,phage
ACAA,284,Citrobacter_phage_Stevie_k4,phage
CAAT,310,Citrobacter_phage_Stevie_k4,phage
AATT,392,Citrobacter_phage_Stevie_k4,phage
ATTT,380,Citrobacter_phage_Stevie_k4,phage
TTTA,334,Citrobacter_phage_Stevie_k4,phage
TTAG,155,Citrobacter_phage_Stevie_k4,phage
TAGC,156,Citrobacter_phage_Stevie_k4,phage
AGCT,114,Citrobacter_phage_Stevie_k4,phage
GCTA,184,Citrobacter_phage_Stevie_k4,phage
CTAT,161,Citrobacter_phage_Stevie_k4,phage
TATA,180,Citrobacter_phage_Stevie_k4,phage
TAAT,272,Citrobacter_phage_Stevie_k4,phage
AATC,266,Citrobacter_phage_Stevie_k4,phage
ATCA,391,Citrobacter_phage_Stevie_k4,phage
TCAC,176,Citrobacter_phage_Stevie_k4,phage
CACG,126,Citrobacter_phage_Stevie_k4,phage
CGCA,277,Citrobacter_phage_Stevie_k4,phage
CATC,162,Citrobacter_phage_Stevie_k4,phage
TCAA,308,Citrobacter_phage_Stevie_k4,phage
AACA,314,Citrobacter_phage_Stevie_k4,phage
ACAG,201,Citrobacter_phage_Stevie_k4,phage
CAGG,194,Citrobacter_phage_Stevie_k4,phage
AGGA,201,Citrobacter_phage_Stevie_k4,phage
GGAG,124,Citrobacter_phage_Stevie_k4,phage
GAGG,142,Citrobacter_phage_Stevie_k4,phage
GGAT,229,Citrobacter_phage_Stevie_k4,phage
GATT,321,Citrobacter_phage_Stevie_k4,phage
TTAT,344,Citrobacter_phage_Stevie_k4,phage
TATT,313,Citrobacter_phage_Stevie_k4,phage
ATTA,333,Citrobacter_phage_Stevie_k4,phage
TATG,260,Citrobacter_phage_Stevie_k4,phage
ATGG,286,Citrobacter_phage_Stevie_k4,phage
TGGC,283,Citrobacter_phage_Stevie_k4,phage
GGCT,183,Citrobacter_phage_Stevie_k4,phage
CTAA,168,Citrobacter_phage_Stevie_k4,phage
TAAA,414,Citrobacter_phage_Stevie_k4,phage
AAAC,376,Citrobacter_phage_Stevie_k4,phage
CAGA,246,Citrobacter_phage_Stevie_k4,phage
AGAA,309,Citrobacter_phage_Stevie_k4,phage
GAAG,230,Citrobacter_phage_Stevie_k4,phage
AAGC,345,Citrobacter_phage_Stevie_k4,phage
AGCG,282,Citrobacter_phage_Stevie_k4,phage
CCAG,168,Citrobacter_phage_Stevie_k4,phage
CAGC,202,Citrobacter_phage_Stevie_k4,phage
CGGC,232,Citrobacter_phage_Stevie_k4,phage
GGCG,306,Citrobacter_phage_Stevie_k4,phage
CGGA,206,Citrobacter_phage_Stevie_k4,phage
GGAA,287,Citrobacter_phage_Stevie_k4,phage
GAAA,459,Citrobacter_phage_Stevie_k4,phage
AAGT,172,Citrobacter_phage_Stevie_k4,phage
AGTC,51,Citrobacter_phage_Stevie_k4,phage
GTCT,60,Citrobacter_phage_Stevie_k4,phage
TCTA,75,Citrobacter_phage_Stevie_k4,phage
AACT,205,Citrobacter_phage_Stevie_k4,phage
ACTT,191,Citrobacter_phage_Stevie_k4,phage
CTTT,290,Citrobacter_phage_Stevie_k4,phage
TTAA,363,Citrobacter_phage_Stevie_k4,phage
AGTT,222,Citrobacter_phage_Stevie_k4,phage
GTTA,301,Citrobacter_phage_Stevie_k4,phage
TGGA,212,Citrobacter_phage_Stevie_k4,phage
GAAT,362,Citrobacter_phage_Stevie_k4,phage
AATA,321,Citrobacter_phage_Stevie_k4,phage
TAAG,176,Citrobacter_phage_Stevie_k4,phage
GCGA,243,Citrobacter_phage_Stevie_k4,phage
CGAT,229,Citrobacter_phage_Stevie_k4,phage
ATAT,297,Citrobacter_phage_Stevie_k4,phage
ATTC,240,Citrobacter_phage_Stevie_k4,phage
TTCC,188,Citrobacter_phage_Stevie_k4,phage
TCCG,148,Citrobacter_phage_Stevie_k4,phage
CCGA,91,Citrobacter_phage_Stevie_k4,phage
GATC,294,Citrobacter_phage_Stevie_k4,phage
ATCT,155,Citrobacter_phage_Stevie_k4,phage
TCTG,132,Citrobacter_phage_Stevie_k4,phage
CTGG,260,Citrobacter_phage_Stevie_k4,phage
TGGT,273,Citrobacter_phage_Stevie_k4,phage
GGTA,181,Citrobacter_phage_Stevie_k4,phage
GTAG,76,Citrobacter_phage_Stevie_k4,phage
TAGG,54,Citrobacter_phage_Stevie_k4,phage
AGGT,177,Citrobacter_phage_Stevie_k4,phage
TAGT,64,Citrobacter_phage_Stevie_k4,phage
AGTG,114,Citrobacter_phage_Stevie_k4,phage
GTGA,205,Citrobacter_phage_Stevie_k4,phage
TGAG,166,Citrobacter_phage_Stevie_k4,phage
GAGA,129,Citrobacter_phage_Stevie_k4,phage
ATTG,382,Citrobacter_phage_Stevie_k4,phage
TTGA,425,Citrobacter_phage_Stevie_k4,phage
TGAT,440,Citrobacter_phage_Stevie_k4,phage
CGCT,204,Citrobacter_phage_Stevie_k4,phage
CCTG,143,Citrobacter_phage_Stevie_k4,phage
CTGA,214,Citrobacter_phage_Stevie_k4,phage
TGAA,420,Citrobacter_phage_Stevie_k4,phage
GAAC,143,Citrobacter_phage_Stevie_k4,phage
CAAG,225,Citrobacter_phage_Stevie_k4,phage
GTCA,113,Citrobacter_phage_Stevie_k4,phage
TCAT,241,Citrobacter_phage_Stevie_k4,phage
CATG,187,Citrobacter_phage_Stevie_k4,phage
ATGA,367,Citrobacter_phage_Stevie_k4,phage
ACCT,102,Citrobacter_phage_Stevie_k4,phage
TGTT,350,Citrobacter_phage_Stevie_k4,phage
GTTC,155,Citrobacter_phage_Stevie_k4,phage
TTCA,312,Citrobacter_phage_Stevie_k4,phage
TCAG,225,Citrobacter_phage_Stevie_k4,phage
CAGT,146,Citrobacter_phage_Stevie_k4,phage
AGTA,110,Citrobacter_phage_Stevie_k4,phage
GTAT,156,Citrobacter_phage_Stevie_k4,phage
GAGT,115,Citrobacter_phage_Stevie_k4,phage
GTGG,87,Citrobacter_phage_Stevie_k4,phage
TGGG,106,Citrobacter_phage_Stevie_k4,phage
GGGC,69,Citrobacter_phage_Stevie_k4,phage
GAGC,170,Citrobacter_phage_Stevie_k4,phage
CCAT,129,Citrobacter_phage_Stevie_k4,phage
CATT,309,Citrobacter_phage_Stevie_k4,phage
AGCA,310,Citrobacter_phage_Stevie_k4,phage
GCAG,194,Citrobacter_phage_Stevie_k4,phage
GGTG,175,Citrobacter_phage_Stevie_k4,phage
ACGG,187,Citrobacter_phage_Stevie_k4,phage
GGCA,205,Citrobacter_phage_Stevie_k4,phage
ATCC,179,Citrobacter_phage_Stevie_k4,phage
TCCT,107,Citrobacter_phage_Stevie_k4,phage
TTTC,308,Citrobacter_phage_Stevie_k4,phage
AGGG,93,Citrobacter_phage_Stevie_k4,phage
GGTC,79,Citrobacter_phage_Stevie_k4,phage
GTCG,67,Citrobacter_phage_Stevie_k4,phage
TCGA,103,Citrobacter_phage_Stevie_k4,phage
CGAG,112,Citrobacter_phage_Stevie_k4,phage
GTGT,110,Citrobacter_phage_Stevie_k4,phage
TGTA,138,Citrobacter_phage_Stevie_k4,phage
TATC,205,Citrobacter_phage_Stevie_k4,phage
TACG,153,Citrobacter_phage_Stevie_k4,phage
ACGA,177,Citrobacter_phage_Stevie_k4,phage
CACA,182,Citrobacter_phage_Stevie_k4,phage
AGCC,167,Citrobacter_phage_Stevie_k4,phage
GCCG,176,Citrobacter_phage_Stevie_k4,phage
GCGT,236,Citrobacter_phage_Stevie_k4,phage
CGTA,112,Citrobacter_phage_Stevie_k4,phage
ACAT,160,Citrobacter_phage_Stevie_k4,phage
GGGA,70,Citrobacter_phage_Stevie_k4,phage
AAGG,251,Citrobacter_phage_Stevie_k4,phage
GCTG,230,Citrobacter_phage_Stevie_k4,phage
CTGT,102,Citrobacter_phage_Stevie_k4,phage
CGGT,147,Citrobacter_phage_Stevie_k4,phage
CCGG,108,Citrobacter_phage_Stevie_k4,phage
GCAC,160,Citrobacter_phage_Stevie_k4,phage
CACT,131,Citrobacter_phage_Stevie_k4,phage
ACTA,96,Citrobacter_phage_Stevie_k4,phage
CTAG,14,Citrobacter_phage_Stevie_k4,phage
CTTA,147,Citrobacter_phage_Stevie_k4,phage
ACCA,177,Citrobacter_phage_Stevie_k4,phage
AGGC,170,Citrobacter_phage_Stevie_k4,phage
GATG,274,Citrobacter_phage_Stevie_k4,phage
ATGT,199,Citrobacter_phage_Stevie_k4,phage
GTTG,354,Citrobacter_phage_Stevie_k4,phage
ATCG,202,Citrobacter_phage_Stevie_k4,phage
TCGG,61,Citrobacter_phage_Stevie_k4,phage
GTAA,250,Citrobacter_phage_Stevie_k4,phage
AAAT,427,Citrobacter_phage_Stevie_k4,phage
TACC,119,Citrobacter_phage_Stevie_k4,phage
CTGC,70,Citrobacter_phage_Stevie_k4,phage
AATG,392,Citrobacter_phage_Stevie_k4,phage
CACC,103,Citrobacter_phage_Stevie_k4,phage
TCGC,203,Citrobacter_phage_Stevie_k4,phage
AGAG,154,Citrobacter_phage_Stevie_k4,phage
GCTT,227,Citrobacter_phage_Stevie_k4,phage
TTGG,241,Citrobacter_phage_Stevie_k4,phage
CGAC,95,Citrobacter_phage_Stevie_k4,phage
GACA,122,Citrobacter_phage_Stevie_k4,phage
ACAC,130,Citrobacter_phage_Stevie_k4,phage
ACGT,159,Citrobacter_phage_Stevie_k4,phage
CGTT,295,Citrobacter_phage_Stevie_k4,phage
ATGC,261,Citrobacter_phage_Stevie_k4,phage
AGAC,85,Citrobacter_phage_Stevie_k4,phage
CGTC,77,Citrobacter_phage_Stevie_k4,phage
GTCC,27,Citrobacter_phage_Stevie_k4,phage
CCTA,56,Citrobacter_phage_Stevie_k4,phage
TGCT,232,Citrobacter_phage_Stevie_k4,phage
TACT,98,Citrobacter_phage_Stevie_k4,phage
TTCG,127,Citrobacter_phage_Stevie_k4,phage
TCGT,78,Citrobacter_phage_Stevie_k4,phage
TCCC,56,Citrobacter_phage_Stevie_k4,phage
TCCA,130,Citrobacter_phage_Stevie_k4,phage
CGAA,178,Citrobacter_phage_Stevie_k4,phage
ACTG,141,Citrobacter_phage_Stevie_k4,phage
ACCG,125,Citrobacter_phage_Stevie_k4,phage
TTAC,253,Citrobacter_phage_Stevie_k4,phage
CCAC,76,Citrobacter_phage_Stevie_k4,phage
CGTG,112,Citrobacter_phage_Stevie_k4,phage
ACTC,85,Citrobacter_phage_Stevie_k4,phage
CTCG,49,Citrobacter_phage_Stevie_k4,phage
CCCC,24,Citrobacter_phage_Stevie_k4,phage
GTAC,59,Citrobacter_phage_Stevie_k4,phage
TGAC,184,Citrobacter_phage_Stevie_k4,phage
GACG,163,Citrobacter_phage_Stevie_k4,phage
CCGT,123,Citrobacter_phage_Stevie_k4,phage
CTCT,56,Citrobacter_phage_Stevie_k4,phage
TCTT,191,Citrobacter_phage_Stevie_k4,phage
CTAC,68,Citrobacter_phage_Stevie_k4,phage
GACC,49,Citrobacter_phage_Stevie_k4,phage
TTCT,176,Citrobacter_phage_Stevie_k4,phage
CTTC,100,Citrobacter_phage_Stevie_k4,phage
GGCC,60,Citrobacter_phage_Stevie_k4,phage
GACT,79,Citrobacter_phage_Stevie_k4,phage
TCTC,49,Citrobacter_phage_Stevie_k4,phage
CTCA,134,Citrobacter_phage_Stevie_k4,phage
GCTC,92,Citrobacter_phage_Stevie_k4,phage
TGCC,122,Citrobacter_phage_Stevie_k4,phage
GGGG,61,Citrobacter_phage_Stevie_k4,phage
TAGA,91,Citrobacter_phage_Stevie_k4,phage
ATAG,120,Citrobacter_phage_Stevie_k4,phage
GGAC,49,Citrobacter_phage_Stevie_k4,phage
CCTC,60,Citrobacter_phage_Stevie_k4,phage
TGTC,60,Citrobacter_phage_Stevie_k4,phage
GCCC,32,Citrobacter_phage_Stevie_k4,phage
CCCT,44,Citrobacter_phage_Stevie_k4,phage
CCCA,43,Citrobacter_phage_Stevie_k4,phage
CTCC,47,Citrobacter_phage_Stevie_k4,phage
TTAT,1349,ecoli_phage_vB_EcoM_VR26_k4,phage
TATT,1305,ecoli_phage_vB_EcoM_VR26_k4,phage
ATTC,1158,ecoli_phage_vB_EcoM_VR26_k4,phage
TTCC,895,ecoli_phage_vB_EcoM_VR26_k4,phage
TCCT,551,ecoli_phage_vB_EcoM_VR26_k4,phage
CCTT,773,ecoli_phage_vB_EcoM_VR26_k4,phage
CTTA,699,ecoli_phage_vB_EcoM_VR26_k4,phage
ATTG,975,ecoli_phage_vB_EcoM_VR26_k4,phage
TTGG,785,ecoli_phage_vB_EcoM_VR26_k4,phage
TGGC,506,ecoli_phage_vB_EcoM_VR26_k4,phage
GGCC,272,ecoli_phage_vB_EcoM_VR26_k4,phage
GCCG,303,ecoli_phage_vB_EcoM_VR26_k4,phage
CCGC,299,ecoli_phage_vB_EcoM_VR26_k4,phage
CGCT,385,ecoli_phage_vB_EcoM_VR26_k4,phage
GCTT,917,ecoli_phage_vB_EcoM_VR26_k4,phage
CTTC,1175,ecoli_phage_vB_EcoM_VR26_k4,phage
TCCA,881,ecoli_phage_vB_EcoM_VR26_k4,phage
CCAC,435,ecoli_phage_vB_EcoM_VR26_k4,phage
CACG,414,ecoli_phage_vB_EcoM_VR26_k4,phage
ACGG,416,ecoli_phage_vB_EcoM_VR26_k4,phage
CGGC,344,ecoli_phage_vB_EcoM_VR26_k4,phage
GCCT,319,ecoli_phage_vB_EcoM_VR26_k4,phage
TTCA,1705,ecoli_phage_vB_EcoM_VR26_k4,phage
TCAT,1275,ecoli_phage_vB_EcoM_VR26_k4,phage
CATA,1015,ecoli_phage_vB_EcoM_VR26_k4,phage
ATAA,1509,ecoli_phage_vB_EcoM_VR26_k4,phage
TAAT,1280,ecoli_phage_vB_EcoM_VR26_k4,phage
AATT,1513,ecoli_phage_vB_EcoM_VR26_k4,phage
ATTT,1730,ecoli_phage_vB_EcoM_VR26_k4,phage
TTTG,1259,ecoli_phage_vB_EcoM_VR26_k4,phage
TTGA,1139,ecoli_phage_vB_EcoM_VR26_k4,phage
TGAG,315,ecoli_phage_vB_EcoM_VR26_k4,phage
GAGC,431,ecoli_phage_vB_EcoM_VR26_k4,phage
AGCA,743,ecoli_phage_vB_EcoM_VR26_k4,phage
GCAA,782,ecoli_phage_vB_EcoM_VR26_k4,phage
CAAC,915,ecoli_phage_vB_EcoM_VR26_k4,phage
AACG,652,ecoli_phage_vB_EcoM_VR26_k4,phage
ACGT,469,ecoli_phage_vB_EcoM_VR26_k4,phage
CGTT,683,ecoli_phage_vB_EcoM_VR26_k4,phage
GTTC,801,ecoli_phage_vB_EcoM_VR26_k4,phage
TTCT,1212,ecoli_phage_vB_EcoM_VR26_k4,phage
TCTG,771,ecoli_phage_vB_EcoM_VR26_k4,phage
CTGT,533,ecoli_phage_vB_EcoM_VR26_k4,phage
TGTA,661,ecoli_phage_vB_EcoM_VR26_k4,phage
GTAC,434,ecoli_phage_vB_EcoM_VR26_k4,phage
TACT,595,ecoli_phage_vB_EcoM_VR26_k4,phage
ACTT,902,ecoli_phage_vB_EcoM_VR26_k4,phage
CTTG,699,ecoli_phage_vB_EcoM_VR26_k4,phage
TTGT,1012,ecoli_phage_vB_EcoM_VR26_k4,phage
TGTT,1071,ecoli_phage_vB_EcoM_VR26_k4,phage
TCAG,998,ecoli_phage_vB_EcoM_VR26_k4,phage
CAGT,790,ecoli_phage_vB_EcoM_VR26_k4,phage
AGTT,927,ecoli_phage_vB_EcoM_VR26_k4,phage
GTTG,755,ecoli_phage_vB_EcoM_VR26_k4,phage
TGAC,589,ecoli_phage_vB_EcoM_VR26_k4,phage
GACA,452,ecoli_phage_vB_EcoM_VR26_k4,phage
ACAT,842,ecoli_phage_vB_EcoM_VR26_k4,phage
CATG,548,ecoli_phage_vB_EcoM_VR26_k4,phage
ATGG,754,ecoli_phage_vB_EcoM_VR26_k4,phage
GGCG,328,ecoli_phage_vB_EcoM_VR26_k4,phage
GCGT,313,ecoli_phage_vB_EcoM_VR26_k4,phage
GTTA,709,ecoli_phage_vB_EcoM_VR26_k4,phage
TTAC,768,ecoli_phage_vB_EcoM_VR26_k4,phage
TACG,445,ecoli_phage_vB_EcoM_VR26_k4,phage
CGGT,504,ecoli_phage_vB_EcoM_VR26_k4,phage
GGTT,741,ecoli_phage_vB_EcoM_VR26_k4,phage
TATA,866,ecoli_phage_vB_EcoM_VR26_k4,phage
ATAT,1335,ecoli_phage_vB_EcoM_VR26_k4,phage
TAAA,1348,ecoli_phage_vB_EcoM_VR26_k4,phage
AAAA,1377,ecoli_phage_vB_EcoM_VR26_k4,phage
AAAG,1005,ecoli_phage_vB_EcoM_VR26_k4,phage
AAGT,693,ecoli_phage_vB_EcoM_VR26_k4,phage
AGTG,338,ecoli_phage_vB_EcoM_VR26_k4,phage
GTGT,386,ecoli_phage_vB_EcoM_VR26_k4,phage
TGTG,409,ecoli_phage_vB_EcoM_VR26_k4,phage
GTGA,464,ecoli_phage_vB_EcoM_VR26_k4,phage
TGAA,1077,ecoli_phage_vB_EcoM_VR26_k4,phage
GAAA,854,ecoli_phage_vB_EcoM_VR26_k4,phage
AAAC,998,ecoli_phage_vB_EcoM_VR26_k4,phage
AACA,1175,ecoli_phage_vB_EcoM_VR26_k4,phage
ACAA,971,ecoli_phage_vB_EcoM_VR26_k4,phage
CAAT,1199,ecoli_phage_vB_EcoM_VR26_k4,phage
TGGG,401,ecoli_phage_vB_EcoM_VR26_k4,phage
GGGT,377,ecoli_phage_vB_EcoM_VR26_k4,phage
GGTG,527,ecoli_phage_vB_EcoM_VR26_k4,phage
TGAT,1053,ecoli_phage_vB_EcoM_VR26_k4,phage
GATT,1036,ecoli_phage_vB_EcoM_VR26_k4,phage
TCTT,1333,ecoli_phage_vB_EcoM_VR26_k4,phage
CTTT,1352,ecoli_phage_vB_EcoM_VR26_k4,phage
TTTT,1825,ecoli_phage_vB_EcoM_VR26_k4,phage
TTTC,1397,ecoli_phage_vB_EcoM_VR26_k4,phage
TCAA,1378,ecoli_phage_vB_EcoM_VR26_k4,phage
CAAA,1171,ecoli_phage_vB_EcoM_VR26_k4,phage
AAAT,1370,ecoli_phage_vB_EcoM_VR26_k4,phage
AACC,893,ecoli_phage_vB_EcoM_VR26_k4,phage
ACCA,1142,ecoli_phage_vB_EcoM_VR26_k4,phage
CCAT,960,ecoli_phage_vB_EcoM_VR26_k4,phage
CATT,1202,ecoli_phage_vB_EcoM_VR26_k4,phage
TTTA,1583,ecoli_phage_vB_EcoM_VR26_k4,phage
TATC,947,ecoli_phage_vB_EcoM_VR26_k4,phage
ATCG,536,ecoli_phage_vB_EcoM_VR26_k4,phage
TCGC,464,ecoli_phage_vB_EcoM_VR26_k4,phage
ACTG,591,ecoli_phage_vB_EcoM_VR26_k4,phage
CTGA,582,ecoli_phage_vB_EcoM_VR26_k4,phage
GAAG,821,ecoli_phage_vB_EcoM_VR26_k4,phage
AAGC,750,ecoli_phage_vB_EcoM_VR26_k4,phage
AGCG,332,ecoli_phage_vB_EcoM_VR26_k4,phage
GTTT,1157,ecoli_phage_vB_EcoM_VR26_k4,phage
TGGT,974,ecoli_phage_vB_EcoM_VR26_k4,phage
GGTC,669,ecoli_phage_vB_EcoM_VR26_k4,phage
GTCA,734,ecoli_phage_vB_EcoM_VR26_k4,phage
CAGG,722,ecoli_phage_vB_EcoM_VR26_k4,phage
AGGT,635,ecoli_phage_vB_EcoM_VR26_k4,phage
GTCG,330,ecoli_phage_vB_EcoM_VR26_k4,phage
TCGT,574,ecoli_phage_vB_EcoM_VR26_k4,phage
CGTC,314,ecoli_phage_vB_EcoM_VR26_k4,phage
AATC,1121,ecoli_phage_vB_EcoM_VR26_k4,phage
ATCT,719,ecoli_phage_vB_EcoM_VR26_k4,phage
ATTA,1193,ecoli_phage_vB_EcoM_VR26_k4,phage
TACA,714,ecoli_phage_vB_EcoM_VR26_k4,phage
AAGG,675,ecoli_phage_vB_EcoM_VR26_k4,phage
AGGA,565,ecoli_phage_vB_EcoM_VR26_k4,phage
GGAC,389,ecoli_phage_vB_EcoM_VR26_k4,phage
GACC,577,ecoli_phage_vB_EcoM_VR26_k4,phage
CCAG,918,ecoli_phage_vB_EcoM_VR26_k4,phage
CAGA,897,ecoli_phage_vB_EcoM_VR26_k4,phage
AGAG,375,ecoli_phage_vB_EcoM_VR26_k4,phage
GAGT,377,ecoli_phage_vB_EcoM_VR26_k4,phage
CCTG,503,ecoli_phage_vB_EcoM_VR26_k4,phage
CTGC,558,ecoli_phage_vB_EcoM_VR26_k4,phage
TGCA,884,ecoli_phage_vB_EcoM_VR26_k4,phage
GCAT,711,ecoli_phage_vB_EcoM_VR26_k4,phage
GTCT,506,ecoli_phage_vB_EcoM_VR26_k4,phage
ATCA,1314,ecoli_phage_vB_EcoM_VR26_k4,phage
AACT,940,ecoli_phage_vB_EcoM_VR26_k4,phage
CACT,329,ecoli_phage_vB_EcoM_VR26_k4,phage
TATG,698,ecoli_phage_vB_EcoM_VR26_k4,phage
ATGC,676,ecoli_phage_vB_EcoM_VR26_k4,phage
TGCG,372,ecoli_phage_vB_EcoM_VR26_k4,phage
TAAG,561,ecoli_phage_vB_EcoM_VR26_k4,phage
AAGA,888,ecoli_phage_vB_EcoM_VR26_k4,phage
AGAA,920,ecoli_phage_vB_EcoM_VR26_k4,phage
GAAC,731,ecoli_phage_vB_EcoM_VR26_k4,phage
TTAG,523,ecoli_phage_vB_EcoM_VR26_k4,phage
TAGT,450,ecoli_phage_vB_EcoM_VR26_k4,phage
TTCG,719,ecoli_phage_vB_EcoM_VR26_k4,phage
TCGG,411,ecoli_phage_vB_EcoM_VR26_k4,phage
GGCA,429,ecoli_phage_vB_EcoM_VR26_k4,phage
TCAC,620,ecoli_phage_vB_EcoM_VR26_k4,phage
CACA,544,ecoli_phage_vB_EcoM_VR26_k4,phage
CATC,1023,ecoli_phage_vB_EcoM_VR26_k4,phage
TTGC,752,ecoli_phage_vB_EcoM_VR26_k4,phage
AATA,1342,ecoli_phage_vB_EcoM_VR26_k4,phage
ATAC,880,ecoli_phage_vB_EcoM_VR26_k4,phage
AGAC,538,ecoli_phage_vB_EcoM_VR26_k4,phage
ACAG,581,ecoli_phage_vB_EcoM_VR26_k4,phage
GGAT,618,ecoli_phage_vB_EcoM_VR26_k4,phage
GATA,1063,ecoli_phage_vB_EcoM_VR26_k4,phage
ATAG,561,ecoli_phage_vB_EcoM_VR26_k4,phage
TAGG,257,ecoli_phage_vB_EcoM_VR26_k4,phage
GGAA,737,ecoli_phage_vB_EcoM_VR26_k4,phage
GAAT,1016,ecoli_phage_vB_EcoM_VR26_k4,phage
TAAC,1016,ecoli_phage_vB_EcoM_VR26_k4,phage
ACGC,329,ecoli_phage_vB_EcoM_VR26_k4,phage
CGCG,262,ecoli_phage_vB_EcoM_VR26_k4,phage
GCGA,394,ecoli_phage_vB_EcoM_VR26_k4,phage
CGAA,688,ecoli_phage_vB_EcoM_VR26_k4,phage
GGCT,420,ecoli_phage_vB_EcoM_VR26_k4,phage
GCGG,314,ecoli_phage_vB_EcoM_VR26_k4,phage
AATG,889,ecoli_phage_vB_EcoM_VR26_k4,phage
ATGT,655,ecoli_phage_vB_EcoM_VR26_k4,phage
CTGG,718,ecoli_phage_vB_EcoM_VR26_k4,phage
CCAA,773,ecoli_phage_vB_EcoM_VR26_k4,phage
ACGA,648,ecoli_phage_vB_EcoM_VR26_k4,phage
CGAT,554,ecoli_phage_vB_EcoM_VR26_k4,phage
GACT,468,ecoli_phage_vB_EcoM_VR26_k4,phage
GCAG,584,ecoli_phage_vB_EcoM_VR26_k4,phage
CAGC,672,ecoli_phage_vB_EcoM_VR26_k4,phage
AGCT,727,ecoli_phage_vB_EcoM_VR26_k4,phage
AGGC,347,ecoli_phage_vB_EcoM_VR26_k4,phage
GCGC,273,ecoli_phage_vB_EcoM_VR26_k4,phage
CGCC,336,ecoli_phage_vB_EcoM_VR26_k4,phage
GCCA,574,ecoli_phage_vB_EcoM_VR26_k4,phage
GGTA,553,ecoli_phage_vB_EcoM_VR26_k4,phage
GTAA,698,ecoli_phage_vB_EcoM_VR26_k4,phage
ACCT,608,ecoli_phage_vB_EcoM_VR26_k4,phage
GCTG,526,ecoli_phage_vB_EcoM_VR26_k4,phage
GTGG,384,ecoli_phage_vB_EcoM_VR26_k4,phage
TGGA,760,ecoli_phage_vB_EcoM_VR26_k4,phage
GACG,351,ecoli_phage_vB_EcoM_VR26_k4,phage
ACAC,491,ecoli_phage_vB_EcoM_VR26_k4,phage
AGAT,677,ecoli_phage_vB_EcoM_VR26_k4,phage
GCAC,361,ecoli_phage_vB_EcoM_VR26_k4,phage
TGTC,445,ecoli_phage_vB_EcoM_VR26_k4,phage
GTCC,343,ecoli_phage_vB_EcoM_VR26_k4,phage
TCCC,299,ecoli_phage_vB_EcoM_VR26_k4,phage
CCCG,236,ecoli_phage_vB_EcoM_VR26_k4,phage
CCGA,359,ecoli_phage_vB_EcoM_VR26_k4,phage
CGTA,396,ecoli_phage_vB_EcoM_VR26_k4,phage
CGGG,253,ecoli_phage_vB_EcoM_VR26_k4,phage
GGGG,157,ecoli_phage_vB_EcoM_VR26_k4,phage
GGGA,345,ecoli_phage_vB_EcoM_VR26_k4,phage
ACTA,412,ecoli_phage_vB_EcoM_VR26_k4,phage
CTAT,403,ecoli_phage_vB_EcoM_VR26_k4,phage
TTAA,1545,ecoli_phage_vB_EcoM_VR26_k4,phage
ATGA,849,ecoli_phage_vB_EcoM_VR26_k4,phage
TCGA,479,ecoli_phage_vB_EcoM_VR26_k4,phage
CCTC,291,ecoli_phage_vB_EcoM_VR26_k4,phage
CTCT,433,ecoli_phage_vB_EcoM_VR26_k4,phage
AGCC,444,ecoli_phage_vB_EcoM_VR26_k4,phage
TGCC,387,ecoli_phage_vB_EcoM_VR26_k4,phage
TCTA,339,ecoli_phage_vB_EcoM_VR26_k4,phage
CTAC,310,ecoli_phage_vB_EcoM_VR26_k4,phage
TACC,638,ecoli_phage_vB_EcoM_VR26_k4,phage
AGTC,485,ecoli_phage_vB_EcoM_VR26_k4,phage
CGGA,418,ecoli_phage_vB_EcoM_VR26_k4,phage
GATG,799,ecoli_phage_vB_EcoM_VR26_k4,phage
GGAG,344,ecoli_phage_vB_EcoM_VR26_k4,phage
GCTC,468,ecoli_phage_vB_EcoM_VR26_k4,phage
TAGC,393,ecoli_phage_vB_EcoM_VR26_k4,phage
ACCG,506,ecoli_phage_vB_EcoM_VR26_k4,phage
CCGG,378,ecoli_phage_vB_EcoM_VR26_k4,phage
ATCC,526,ecoli_phage_vB_EcoM_VR26_k4,phage
CAAG,619,ecoli_phage_vB_EcoM_VR26_k4,phage
AGGG,320,ecoli_phage_vB_EcoM_VR26_k4,phage
GGGC,252,ecoli_phage_vB_EcoM_VR26_k4,phage
CGTG,324,ecoli_phage_vB_EcoM_VR26_k4,phage
GTGC,364,ecoli_phage_vB_EcoM_VR26_k4,phage
TAGA,406,ecoli_phage_vB_EcoM_VR26_k4,phage
GTAT,729,ecoli_phage_vB_EcoM_VR26_k4,phage
GCCC,243,ecoli_phage_vB_EcoM_VR26_k4,phage
CCCT,289,ecoli_phage_vB_EcoM_VR26_k4,phage
TGCT,707,ecoli_phage_vB_EcoM_VR26_k4,phage
CGCA,382,ecoli_phage_vB_EcoM_VR26_k4,phage
CCCC,181,ecoli_phage_vB_EcoM_VR26_k4,phage
CTCG,343,ecoli_phage_vB_EcoM_VR26_k4,phage
AGTA,560,ecoli_phage_vB_EcoM_VR26_k4,phage
CGAG,306,ecoli_phage_vB_EcoM_VR26_k4,phage
GTAG,309,ecoli_phage_vB_EcoM_VR26_k4,phage
ACCC,472,ecoli_phage_vB_EcoM_VR26_k4,phage
ACTC,427,ecoli_phage_vB_EcoM_VR26_k4,phage
CTCA,518,ecoli_phage_vB_EcoM_VR26_k4,phage
CGAC,332,ecoli_phage_vB_EcoM_VR26_k4,phage
CCGT,361,ecoli_phage_vB_EcoM_VR26_k4,phage
GAGA,319,ecoli_phage_vB_EcoM_VR26_k4,phage
CCCA,489,ecoli_phage_vB_EcoM_VR26_k4,phage
CACC,620,ecoli_phage_vB_EcoM_VR26_k4,phage
GCTA,328,ecoli_phage_vB_EcoM_VR26_k4,phage
TCCG,352,ecoli_phage_vB_EcoM_VR26_k4,phage
TCTC,427,ecoli_phage_vB_EcoM_VR26_k4,phage
CTAA,453,ecoli_phage_vB_EcoM_VR26_k4,phage
GAGG,213,ecoli_phage_vB_EcoM_VR26_k4,phage
CTCC,319,ecoli_phage_vB_EcoM_VR26_k4,phage
CCTA,200,ecoli_phage_vB_EcoM_VR26_k4,phage
CTAG,113,ecoli_phage_vB_EcoM_VR26_k4,phage
GATC,4,ecoli_phage_vB_EcoM_VR26_k4,phage
ATTC,378,Enterobacter_phage_EcP1_k4,phage
TTCC,210,Enterobacter_phage_EcP1_k4,phage
TCCC,72,Enterobacter_phage_EcP1_k4,phage
CCCT,78,Enterobacter_phage_EcP1_k4,phage
CCTT,166,Enterobacter_phage_EcP1_k4,phage
CTTT,406,Enterobacter_phage_EcP1_k4,phage
TTTA,603,Enterobacter_phage_EcP1_k4,phage
TTAT,522,Enterobacter_phage_EcP1_k4,phage
TATT,550,Enterobacter_phage_EcP1_k4,phage
ATTT,532,Enterobacter_phage_EcP1_k4,phage
TTTT,519,Enterobacter_phage_EcP1_k4,phage
TTTG,281,Enterobacter_phage_EcP1_k4,phage
TTGT,243,Enterobacter_phage_EcP1_k4,phage
TGTA,331,Enterobacter_phage_EcP1_k4,phage
GTAG,219,Enterobacter_phage_EcP1_k4,phage
TAGG,151,Enterobacter_phage_EcP1_k4,phage
AGGC,105,Enterobacter_phage_EcP1_k4,phage
GGCT,134,Enterobacter_phage_EcP1_k4,phage
GCTC,121,Enterobacter_phage_EcP1_k4,phage
CTCA,224,Enterobacter_phage_EcP1_k4,phage
TCAT,400,Enterobacter_phage_EcP1_k4,phage
CATA,336,Enterobacter_phage_EcP1_k4,phage
ATAT,481,Enterobacter_phage_EcP1_k4,phage
TATG,316,Enterobacter_phage_EcP1_k4,phage
ATGA,387,Enterobacter_phage_EcP1_k4,phage
TGAT,415,Enterobacter_phage_EcP1_k4,phage
GATT,373,Enterobacter_phage_EcP1_k4,phage
ATTG,390,Enterobacter_phage_EcP1_k4,phage
TTGA,308,Enterobacter_phage_EcP1_k4,phage
GATA,392,Enterobacter_phage_EcP1_k4,phage
TATC,403,Enterobacter_phage_EcP1_k4,phage
ATCA,473,Enterobacter_phage_EcP1_k4,phage
TCAC,205,Enterobacter_phage_EcP1_k4,phage
CACT,135,Enterobacter_phage_EcP1_k4,phage
ACTA,202,Enterobacter_phage_EcP1_k4,phage
CTAA,297,Enterobacter_phage_EcP1_k4,phage
TAAA,629,Enterobacter_phage_EcP1_k4,phage
AAAT,590,Enterobacter_phage_EcP1_k4,phage
AATT,582,Enterobacter_phage_EcP1_k4,phage
ATAG,236,Enterobacter_phage_EcP1_k4,phage
TAGT,213,Enterobacter_phage_EcP1_k4,phage
AGTA,413,Enterobacter_phage_EcP1_k4,phage
GTAA,362,Enterobacter_phage_EcP1_k4,phage
TAAT,575,Enterobacter_phage_EcP1_k4,phage
AATA,529,Enterobacter_phage_EcP1_k4,phage
ATAA,479,Enterobacter_phage_EcP1_k4,phage
AAAC,395,Enterobacter_phage_EcP1_k4,phage
AACA,370,Enterobacter_phage_EcP1_k4,phage
ACAG,297,Enterobacter_phage_EcP1_k4,phage
CAGT,287,Enterobacter_phage_EcP1_k4,phage
AGTT,316,Enterobacter_phage_EcP1_k4,phage
GTTT,294,Enterobacter_phage_EcP1_k4,phage
TTAG,338,Enterobacter_phage_EcP1_k4,phage
TAGA,205,Enterobacter_phage_EcP1_k4,phage
AGAT,385,Enterobacter_phage_EcP1_k4,phage
ATAC,365,Enterobacter_phage_EcP1_k4,phage
TACT,340,Enterobacter_phage_EcP1_k4,phage
ACTG,306,Enterobacter_phage_EcP1_k4,phage
CTGA,401,Enterobacter_phage_EcP1_k4,phage
TGAA,553,Enterobacter_phage_EcP1_k4,phage
GAAA,416,Enterobacter_phage_EcP1_k4,phage
AACT,358,Enterobacter_phage_EcP1_k4,phage
AAAA,591,Enterobacter_phage_EcP1_k4,phage
AACC,283,Enterobacter_phage_EcP1_k4,phage
ACCA,406,Enterobacter_phage_EcP1_k4,phage
CCAA,265,Enterobacter_phage_EcP1_k4,phage
CAAT,345,Enterobacter_phage_EcP1_k4,phage
TATA,304,Enterobacter_phage_EcP1_k4,phage
ATGC,285,Enterobacter_phage_EcP1_k4,phage
TGCG,98,Enterobacter_phage_EcP1_k4,phage
GCGC,37,Enterobacter_phage_EcP1_k4,phage
CGCA,109,Enterobacter_phage_EcP1_k4,phage
GCAT,316,Enterobacter_phage_EcP1_k4,phage
CATC,280,Enterobacter_phage_EcP1_k4,phage
TCAG,416,Enterobacter_phage_EcP1_k4,phage
GTAT,359,Enterobacter_phage_EcP1_k4,phage
TTGC,197,Enterobacter_phage_EcP1_k4,phage
TGCT,345,Enterobacter_phage_EcP1_k4,phage
GCTT,252,Enterobacter_phage_EcP1_k4,phage
TTAA,631,Enterobacter_phage_EcP1_k4,phage
AAAG,435,Enterobacter_phage_EcP1_k4,phage
AAGG,199,Enterobacter_phage_EcP1_k4,phage
AGGT,225,Enterobacter_phage_EcP1_k4,phage
GGTA,280,Enterobacter_phage_EcP1_k4,phage
TGTG,158,Enterobacter_phage_EcP1_k4,phage
GTGA,172,Enterobacter_phage_EcP1_k4,phage
GATG,277,Enterobacter_phage_EcP1_k4,phage
CTTG,110,Enterobacter_phage_EcP1_k4,phage
TGCC,124,Enterobacter_phage_EcP1_k4,phage
GCCC,48,Enterobacter_phage_EcP1_k4,phage
CCCA,84,Enterobacter_phage_EcP1_k4,phage
CCAT,288,Enterobacter_phage_EcP1_k4,phage
CATT,421,Enterobacter_phage_EcP1_k4,phage
ATTA,627,Enterobacter_phage_EcP1_k4,phage
TAAC,307,Enterobacter_phage_EcP1_k4,phage
TACG,180,Enterobacter_phage_EcP1_k4,phage
ACGA,144,Enterobacter_phage_EcP1_k4,phage
CGAA,100,Enterobacter_phage_EcP1_k4,phage
AAGA,402,Enterobacter_phage_EcP1_k4,phage
AGAG,171,Enterobacter_phage_EcP1_k4,phage
GAGG,63,Enterobacter_phage_EcP1_k4,phage
AGGA,236,Enterobacter_phage_EcP1_k4,phage
GGAA,261,Enterobacter_phage_EcP1_k4,phage
GAAT,365,Enterobacter_phage_EcP1_k4,phage
TTGG,216,Enterobacter_phage_EcP1_k4,phage
TGGA,232,Enterobacter_phage_EcP1_k4,phage
GGAT,217,Enterobacter_phage_EcP1_k4,phage
AATG,398,Enterobacter_phage_EcP1_k4,phage
ATGG,275,Enterobacter_phage_EcP1_k4,phage
TGGT,291,Enterobacter_phage_EcP1_k4,phage
AGAA,472,Enterobacter_phage_EcP1_k4,phage
GAAG,353,Enterobacter_phage_EcP1_k4,phage
AAGT,338,Enterobacter_phage_EcP1_k4,phage
TAAG,258,Enterobacter_phage_EcP1_k4,phage
AAGC,269,Enterobacter_phage_EcP1_k4,phage
AGCT,256,Enterobacter_phage_EcP1_k4,phage
CTTA,278,Enterobacter_phage_EcP1_k4,phage
AGTG,135,Enterobacter_phage_EcP1_k4,phage
TGAG,161,Enterobacter_phage_EcP1_k4,phage
GAGT,149,Enterobacter_phage_EcP1_k4,phage
TTCT,396,Enterobacter_phage_EcP1_k4,phage
TCTA,186,Enterobacter_phage_EcP1_k4,phage
GTAC,237,Enterobacter_phage_EcP1_k4,phage
TACC,302,Enterobacter_phage_EcP1_k4,phage
CAAG,162,Enterobacter_phage_EcP1_k4,phage
ATGT,269,Enterobacter_phage_EcP1_k4,phage
TGTC,143,Enterobacter_phage_EcP1_k4,phage
GTCA,153,Enterobacter_phage_EcP1_k4,phage
CATG,225,Enterobacter_phage_EcP1_k4,phage
CTGG,157,Enterobacter_phage_EcP1_k4,phage
GGTT,255,Enterobacter_phage_EcP1_k4,phage
GTTG,183,Enterobacter_phage_EcP1_k4,phage
AGAC,156,Enterobacter_phage_EcP1_k4,phage
GACA,122,Enterobacter_phage_EcP1_k4,phage
ACAC,119,Enterobacter_phage_EcP1_k4,phage
CACC,189,Enterobacter_phage_EcP1_k4,phage
ACCG,135,Enterobacter_phage_EcP1_k4,phage
CCGA,71,Enterobacter_phage_EcP1_k4,phage
CGAT,150,Enterobacter_phage_EcP1_k4,phage
TTAC,339,Enterobacter_phage_EcP1_k4,phage
ACTT,304,Enterobacter_phage_EcP1_k4,phage
GTGT,129,Enterobacter_phage_EcP1_k4,phage
TGTT,298,Enterobacter_phage_EcP1_k4,phage
GTTA,322,Enterobacter_phage_EcP1_k4,phage
GTCC,45,Enterobacter_phage_EcP1_k4,phage
TCCT,170,Enterobacter_phage_EcP1_k4,phage
GTTC,223,Enterobacter_phage_EcP1_k4,phage
CTAC,203,Enterobacter_phage_EcP1_k4,phage
AGCA,422,Enterobacter_phage_EcP1_k4,phage
TGGG,88,Enterobacter_phage_EcP1_k4,phage
GGGG,38,Enterobacter_phage_EcP1_k4,phage
GGGA,70,Enterobacter_phage_EcP1_k4,phage
TAGC,244,Enterobacter_phage_EcP1_k4,phage
GCTA,214,Enterobacter_phage_EcP1_k4,phage
CTAT,211,Enterobacter_phage_EcP1_k4,phage
ACAT,258,Enterobacter_phage_EcP1_k4,phage
AATC,366,Enterobacter_phage_EcP1_k4,phage
TCAA,336,Enterobacter_phage_EcP1_k4,phage
TGCA,322,Enterobacter_phage_EcP1_k4,phage
CCTG,231,Enterobacter_phage_EcP1_k4,phage
ATCT,367,Enterobacter_phage_EcP1_k4,phage
TCTT,344,Enterobacter_phage_EcP1_k4,phage
GTCT,156,Enterobacter_phage_EcP1_k4,phage
TCTG,364,Enterobacter_phage_EcP1_k4,phage
CTGC,285,Enterobacter_phage_EcP1_k4,phage
CACA,101,Enterobacter_phage_EcP1_k4,phage
CAGA,404,Enterobacter_phage_EcP1_k4,phage
GGTG,130,Enterobacter_phage_EcP1_k4,phage
TGAC,139,Enterobacter_phage_EcP1_k4,phage
GACG,83,Enterobacter_phage_EcP1_k4,phage
ATCC,191,Enterobacter_phage_EcP1_k4,phage
CCTA,129,Enterobacter_phage_EcP1_k4,phage
TCTC,179,Enterobacter_phage_EcP1_k4,phage
CTCT,154,Enterobacter_phage_EcP1_k4,phage
TTTC,348,Enterobacter_phage_EcP1_k4,phage
TTCA,507,Enterobacter_phage_EcP1_k4,phage
TTCG,108,Enterobacter_phage_EcP1_k4,phage
TCGT,137,Enterobacter_phage_EcP1_k4,phage
CGTA,153,Enterobacter_phage_EcP1_k4,phage
CTGT,289,Enterobacter_phage_EcP1_k4,phage
GAAC,252,Enterobacter_phage_EcP1_k4,phage
GAGA,173,Enterobacter_phage_EcP1_k4,phage
ATCG,143,Enterobacter_phage_EcP1_k4,phage
GTGG,105,Enterobacter_phage_EcP1_k4,phage
GGAG,120,Enterobacter_phage_EcP1_k4,phage
GATC,125,Enterobacter_phage_EcP1_k4,phage
AGGG,76,Enterobacter_phage_EcP1_k4,phage
GGGC,45,Enterobacter_phage_EcP1_k4,phage
TACA,322,Enterobacter_phage_EcP1_k4,phage
CAGG,229,Enterobacter_phage_EcP1_k4,phage
GCAG,307,Enterobacter_phage_EcP1_k4,phage
CAAA,376,Enterobacter_phage_EcP1_k4,phage
ACAA,241,Enterobacter_phage_EcP1_k4,phage
GGGT,96,Enterobacter_phage_EcP1_k4,phage
GCAA,252,Enterobacter_phage_EcP1_k4,phage
CCCC,31,Enterobacter_phage_EcP1_k4,phage
GACT,116,Enterobacter_phage_EcP1_k4,phage
GACC,75,Enterobacter_phage_EcP1_k4,phage
ACTC,137,Enterobacter_phage_EcP1_k4,phage
CAAC,211,Enterobacter_phage_EcP1_k4,phage
CTTC,272,Enterobacter_phage_EcP1_k4,phage
CCAG,164,Enterobacter_phage_EcP1_k4,phage
CCAC,96,Enterobacter_phage_EcP1_k4,phage
ACCT,237,Enterobacter_phage_EcP1_k4,phage
TGGC,142,Enterobacter_phage_EcP1_k4,phage
GGCA,150,Enterobacter_phage_EcP1_k4,phage
GTGC,122,Enterobacter_phage_EcP1_k4,phage
GGTC,64,Enterobacter_phage_EcP1_k4,phage
ACGC,105,Enterobacter_phage_EcP1_k4,phage
CGCT,83,Enterobacter_phage_EcP1_k4,phage
CTCC,73,Enterobacter_phage_EcP1_k4,phage
GCTG,231,Enterobacter_phage_EcP1_k4,phage
AACG,154,Enterobacter_phage_EcP1_k4,phage
ACGT,190,Enterobacter_phage_EcP1_k4,phage
CGTG,105,Enterobacter_phage_EcP1_k4,phage
CAGC,264,Enterobacter_phage_EcP1_k4,phage
AGCC,146,Enterobacter_phage_EcP1_k4,phage
GCCT,108,Enterobacter_phage_EcP1_k4,phage
TCCA,183,Enterobacter_phage_EcP1_k4,phage
GCCA,140,Enterobacter_phage_EcP1_k4,phage
AGTC,123,Enterobacter_phage_EcP1_k4,phage
TCGA,75,Enterobacter_phage_EcP1_k4,phage
GAGC,121,Enterobacter_phage_EcP1_k4,phage
AGCG,74,Enterobacter_phage_EcP1_k4,phage
GCGT,79,Enterobacter_phage_EcP1_k4,phage
GCGG,57,Enterobacter_phage_EcP1_k4,phage
CGGA,112,Enterobacter_phage_EcP1_k4,phage
GGAC,52,Enterobacter_phage_EcP1_k4,phage
ACGG,101,Enterobacter_phage_EcP1_k4,phage
CGGT,117,Enterobacter_phage_EcP1_k4,phage
ACCC,71,Enterobacter_phage_EcP1_k4,phage
GCAC,128,Enterobacter_phage_EcP1_k4,phage
TCGC,77,Enterobacter_phage_EcP1_k4,phage
GCGA,63,Enterobacter_phage_EcP1_k4,phage
CTAG,20,Enterobacter_phage_EcP1_k4,phage
CTCG,53,Enterobacter_phage_EcP1_k4,phage
CGCC,50,Enterobacter_phage_EcP1_k4,phage
TCCG,94,Enterobacter_phage_EcP1_k4,phage
CCGT,61,Enterobacter_phage_EcP1_k4,phage
CGTC,56,Enterobacter_phage_EcP1_k4,phage
CCGG,119,Enterobacter_phage_EcP1_k4,phage
GTCG,32,Enterobacter_phage_EcP1_k4,phage
CGAG,54,Enterobacter_phage_EcP1_k4,phage
CACG,123,Enterobacter_phage_EcP1_k4,phage
CGTT,153,Enterobacter_phage_EcP1_k4,phage
CGAC,49,Enterobacter_phage_EcP1_k4,phage
GGCG,40,Enterobacter_phage_EcP1_k4,phage
CGGG,47,Enterobacter_phage_EcP1_k4,phage
CCGC,47,Enterobacter_phage_EcP1_k4,phage
TCGG,47,Enterobacter_phage_EcP1_k4,phage
GCCG,40,Enterobacter_phage_EcP1_k4,phage
CCCG,29,Enterobacter_phage_EcP1_k4,phage
CGGC,48,Enterobacter_phage_EcP1_k4,phage
CCTC,67,Enterobacter_phage_EcP1_k4,phage
GGCC,16,Enterobacter_phage_EcP1_k4,phage
CGCG,24,Enterobacter_phage_EcP1_k4,phage
AAAA,545,Enterococcus_phage_IME-EFm5_k4,phage
AAAT,445,Enterococcus_phage_IME-EFm5_k4,phage
AATC,207,Enterococcus_phage_IME-EFm5_k4,phage
ATCA,245,Enterococcus_phage_IME-EFm5_k4,phage
TCAT,301,Enterococcus_phage_IME-EFm5_k4,phage
CATA,221,Enterococcus_phage_IME-EFm5_k4,phage
ATAT,353,Enterococcus_phage_IME-EFm5_k4,phage
TATA,316,Enterococcus_phage_IME-EFm5_k4,phage
ATAA,369,Enterococcus_phage_IME-EFm5_k4,phage
TAAC,209,Enterococcus_phage_IME-EFm5_k4,phage
AACG,135,Enterococcus_phage_IME-EFm5_k4,phage
ACGA,103,Enterococcus_phage_IME-EFm5_k4,phage
CGAG,30,Enterococcus_phage_IME-EFm5_k4,phage
GAGA,139,Enterococcus_phage_IME-EFm5_k4,phage
AGAG,168,Enterococcus_phage_IME-EFm5_k4,phage
GAGG,134,Enterococcus_phage_IME-EFm5_k4,phage
AGGA,171,Enterococcus_phage_IME-EFm5_k4,phage
GGAA,150,Enterococcus_phage_IME-EFm5_k4,phage
GAAG,203,Enterococcus_phage_IME-EFm5_k4,phage
AAGT,247,Enterococcus_phage_IME-EFm5_k4,phage
AGTT,256,Enterococcus_phage_IME-EFm5_k4,phage
GTTA,234,Enterococcus_phage_IME-EFm5_k4,phage
TTAT,360,Enterococcus_phage_IME-EFm5_k4,phage
TATT,418,Enterococcus_phage_IME-EFm5_k4,phage
ATTA,417,Enterococcus_phage_IME-EFm5_k4,phage
TATG,192,Enterococcus_phage_IME-EFm5_k4,phage
ATGA,320,Enterococcus_phage_IME-EFm5_k4,phage
TGAC,161,Enterococcus_phage_IME-EFm5_k4,phage
GACA,125,Enterococcus_phage_IME-EFm5_k4,phage
ACAC,149,Enterococcus_phage_IME-EFm5_k4,phage
CACC,138,Enterococcus_phage_IME-EFm5_k4,phage
ACCA,253,Enterococcus_phage_IME-EFm5_k4,phage
CCAG,128,Enterococcus_phage_IME-EFm5_k4,phage
CAGA,164,Enterococcus_phage_IME-EFm5_k4,phage
AGAA,320,Enterococcus_phage_IME-EFm5_k4,phage
GAAC,156,Enterococcus_phage_IME-EFm5_k4,phage
AACT,252,Enterococcus_phage_IME-EFm5_k4,phage
ACTA,223,Enterococcus_phage_IME-EFm5_k4,phage
CTAG,102,Enterococcus_phage_IME-EFm5_k4,phage
TAGC,166,Enterococcus_phage_IME-EFm5_k4,phage
AGCA,153,Enterococcus_phage_IME-EFm5_k4,phage
GCAG,59,Enterococcus_phage_IME-EFm5_k4,phage
AGAC,125,Enterococcus_phage_IME-EFm5_k4,phage
ACAT,195,Enterococcus_phage_IME-EFm5_k4,phage
CATG,140,Enterococcus_phage_IME-EFm5_k4,phage
TGAA,368,Enterococcus_phage_IME-EFm5_k4,phage
AACC,153,Enterococcus_phage_IME-EFm5_k4,phage
ACCT,159,Enterococcus_phage_IME-EFm5_k4,phage
CCTA,110,Enterococcus_phage_IME-EFm5_k4,phage
CTAA,242,Enterococcus_phage_IME-EFm5_k4,phage
AACA,277,Enterococcus_phage_IME-EFm5_k4,phage
ACAG,141,Enterococcus_phage_IME-EFm5_k4,phage
ACAA,278,Enterococcus_phage_IME-EFm5_k4,phage
CAAG,156,Enterococcus_phage_IME-EFm5_k4,phage
AAGA,311,Enterococcus_phage_IME-EFm5_k4,phage
CAAT,282,Enterococcus_phage_IME-EFm5_k4,phage
ATCC,115,Enterococcus_phage_IME-EFm5_k4,phage
TCCA,214,Enterococcus_phage_IME-EFm5_k4,phage
CCAT,220,Enterococcus_phage_IME-EFm5_k4,phage
CATT,333,Enterococcus_phage_IME-EFm5_k4,phage
ATTT,450,Enterococcus_phage_IME-EFm5_k4,phage
TTTT,461,Enterococcus_phage_IME-EFm5_k4,phage
TTTC,280,Enterococcus_phage_IME-EFm5_k4,phage
TTCA,354,Enterococcus_phage_IME-EFm5_k4,phage
ATTC,225,Enterococcus_phage_IME-EFm5_k4,phage
TTCG,43,Enterococcus_phage_IME-EFm5_k4,phage
TCGT,71,Enterococcus_phage_IME-EFm5_k4,phage
CGTT,121,Enterococcus_phage_IME-EFm5_k4,phage
GTTG,209,Enterococcus_phage_IME-EFm5_k4,phage
TTGA,386,Enterococcus_phage_IME-EFm5_k4,phage
GACG,63,Enterococcus_phage_IME-EFm5_k4,phage
CGAA,52,Enterococcus_phage_IME-EFm5_k4,phage
ACGG,35,Enterococcus_phage_IME-EFm5_k4,phage
CGGC,8,Enterococcus_phage_IME-EFm5_k4,phage
GGCA,63,Enterococcus_phage_IME-EFm5_k4,phage
GCAA,140,Enterococcus_phage_IME-EFm5_k4,phage
CAAC,141,Enterococcus_phage_IME-EFm5_k4,phage
ACTT,235,Enterococcus_phage_IME-EFm5_k4,phage
CTTC,203,Enterococcus_phage_IME-EFm5_k4,phage
ATTG,343,Enterococcus_phage_IME-EFm5_k4,phage
CCAA,184,Enterococcus_phage_IME-EFm5_k4,phage
TCAA,284,Enterococcus_phage_IME-EFm5_k4,phage
CAAA,307,Enterococcus_phage_IME-EFm5_k4,phage
TCAG,145,Enterococcus_phage_IME-EFm5_k4,phage
CAGC,100,Enterococcus_phage_IME-EFm5_k4,phage
AGCT,166,Enterococcus_phage_IME-EFm5_k4,phage
GCTG,137,Enterococcus_phage_IME-EFm5_k4,phage
CTGT,207,Enterococcus_phage_IME-EFm5_k4,phage
TGTG,187,Enterococcus_phage_IME-EFm5_k4,phage
GTGA,154,Enterococcus_phage_IME-EFm5_k4,phage
TGAG,164,Enterococcus_phage_IME-EFm5_k4,phage
AGGG,61,Enterococcus_phage_IME-EFm5_k4,phage
GGGT,72,Enterococcus_phage_IME-EFm5_k4,phage
GGTG,114,Enterococcus_phage_IME-EFm5_k4,phage
GTGC,84,Enterococcus_phage_IME-EFm5_k4,phage
TGCT,201,Enterococcus_phage_IME-EFm5_k4,phage
GCTT,188,Enterococcus_phage_IME-EFm5_k4,phage
CTTA,150,Enterococcus_phage_IME-EFm5_k4,phage
TTTA,429,Enterococcus_phage_IME-EFm5_k4,phage
TTAC,242,Enterococcus_phage_IME-EFm5_k4,phage
TACT,271,Enterococcus_phage_IME-EFm5_k4,phage
CTTG,181,Enterococcus_phage_IME-EFm5_k4,phage
TTGT,325,Enterococcus_phage_IME-EFm5_k4,phage
ACGT,163,Enterococcus_phage_IME-EFm5_k4,phage
CGTA,93,Enterococcus_phage_IME-EFm5_k4,phage
GTAG,155,Enterococcus_phage_IME-EFm5_k4,phage
GCTA,153,Enterococcus_phage_IME-EFm5_k4,phage
TAAT,356,Enterococcus_phage_IME-EFm5_k4,phage
AATA,366,Enterococcus_phage_IME-EFm5_k4,phage
ATAG,200,Enterococcus_phage_IME-EFm5_k4,phage
TAGT,215,Enterococcus_phage_IME-EFm5_k4,phage
GTTT,308,Enterococcus_phage_IME-EFm5_k4,phage
TTAA,368,Enterococcus_phage_IME-EFm5_k4,phage
TAAA,462,Enterococcus_phage_IME-EFm5_k4,phage
AAAG,322,Enterococcus_phage_IME-EFm5_k4,phage
AAGC,155,Enterococcus_phage_IME-EFm5_k4,phage
AGCG,91,Enterococcus_phage_IME-EFm5_k4,phage
GCGT,98,Enterococcus_phage_IME-EFm5_k4,phage
GTAT,220,Enterococcus_phage_IME-EFm5_k4,phage
TAAG,159,Enterococcus_phage_IME-EFm5_k4,phage
AAGG,127,Enterococcus_phage_IME-EFm5_k4,phage
GGAG,120,Enterococcus_phage_IME-EFm5_k4,phage
AGGT,151,Enterococcus_phage_IME-EFm5_k4,phage
GGTA,142,Enterococcus_phage_IME-EFm5_k4,phage
TAGG,107,Enterococcus_phage_IME-EFm5_k4,phage
GGGG,28,Enterococcus_phage_IME-EFm5_k4,phage
GGGC,29,Enterococcus_phage_IME-EFm5_k4,phage
GGCG,23,Enterococcus_phage_IME-EFm5_k4,phage
GCGA,37,Enterococcus_phage_IME-EFm5_k4,phage
CGAC,15,Enterococcus_phage_IME-EFm5_k4,phage
CGTC,82,Enterococcus_phage_IME-EFm5_k4,phage
GTCA,159,Enterococcus_phage_IME-EFm5_k4,phage
GCAC,81,Enterococcus_phage_IME-EFm5_k4,phage
CACT,160,Enterococcus_phage_IME-EFm5_k4,phage
ACTG,175,Enterococcus_phage_IME-EFm5_k4,phage
CTGA,150,Enterococcus_phage_IME-EFm5_k4,phage
GAAA,309,Enterococcus_phage_IME-EFm5_k4,phage
AATT,413,Enterococcus_phage_IME-EFm5_k4,phage
AGAT,230,Enterococcus_phage_IME-EFm5_k4,phage
GATG,164,Enterococcus_phage_IME-EFm5_k4,phage
ATGT,213,Enterococcus_phage_IME-EFm5_k4,phage
TGTT,355,Enterococcus_phage_IME-EFm5_k4,phage
AATG,319,Enterococcus_phage_IME-EFm5_k4,phage
ATGG,171,Enterococcus_phage_IME-EFm5_k4,phage
TGGT,214,Enterococcus_phage_IME-EFm5_k4,phage
GGTT,151,Enterococcus_phage_IME-EFm5_k4,phage
TTGG,182,Enterococcus_phage_IME-EFm5_k4,phage
TGGA,180,Enterococcus_phage_IME-EFm5_k4,phage
GGAT,113,Enterococcus_phage_IME-EFm5_k4,phage
GATA,227,Enterococcus_phage_IME-EFm5_k4,phage
TTAG,260,Enterococcus_phage_IME-EFm5_k4,phage
GAGT,141,Enterococcus_phage_IME-EFm5_k4,phage
AGTA,246,Enterococcus_phage_IME-EFm5_k4,phage
AAAC,311,Enterococcus_phage_IME-EFm5_k4,phage
TAGA,229,Enterococcus_phage_IME-EFm5_k4,phage
GAAT,222,Enterococcus_phage_IME-EFm5_k4,phage
TGAT,317,Enterococcus_phage_IME-EFm5_k4,phage
TGGG,87,Enterococcus_phage_IME-EFm5_k4,phage
GGGA,50,Enterococcus_phage_IME-EFm5_k4,phage
GATT,271,Enterococcus_phage_IME-EFm5_k4,phage
GTAA,207,Enterococcus_phage_IME-EFm5_k4,phage
TACG,118,Enterococcus_phage_IME-EFm5_k4,phage
CGGA,15,Enterococcus_phage_IME-EFm5_k4,phage
GAGC,68,Enterococcus_phage_IME-EFm5_k4,phage
CTGG,114,Enterococcus_phage_IME-EFm5_k4,phage
GTAC,139,Enterococcus_phage_IME-EFm5_k4,phage
ATAC,208,Enterococcus_phage_IME-EFm5_k4,phage
TACA,221,Enterococcus_phage_IME-EFm5_k4,phage
TGGC,97,Enterococcus_phage_IME-EFm5_k4,phage
GGCT,92,Enterococcus_phage_IME-EFm5_k4,phage
ATCG,43,Enterococcus_phage_IME-EFm5_k4,phage
CGTG,85,Enterococcus_phage_IME-EFm5_k4,phage
TTGC,182,Enterococcus_phage_IME-EFm5_k4,phage
TGCG,77,Enterococcus_phage_IME-EFm5_k4,phage
GCGC,45,Enterococcus_phage_IME-EFm5_k4,phage
CGCA,65,Enterococcus_phage_IME-EFm5_k4,phage
CACG,91,Enterococcus_phage_IME-EFm5_k4,phage
AGGC,52,Enterococcus_phage_IME-EFm5_k4,phage
GCTC,78,Enterococcus_phage_IME-EFm5_k4,phage
CTCA,132,Enterococcus_phage_IME-EFm5_k4,phage
GTGT,182,Enterococcus_phage_IME-EFm5_k4,phage
CGCT,97,Enterococcus_phage_IME-EFm5_k4,phage
CTAT,198,Enterococcus_phage_IME-EFm5_k4,phage
ACGC,106,Enterococcus_phage_IME-EFm5_k4,phage
TATC,205,Enterococcus_phage_IME-EFm5_k4,phage
TCAC,160,Enterococcus_phage_IME-EFm5_k4,phage
CACA,140,Enterococcus_phage_IME-EFm5_k4,phage
ACTC,144,Enterococcus_phage_IME-EFm5_k4,phage
CCAC,139,Enterococcus_phage_IME-EFm5_k4,phage
CAGT,142,Enterococcus_phage_IME-EFm5_k4,phage
AGTG,145,Enterococcus_phage_IME-EFm5_k4,phage
ATGC,111,Enterococcus_phage_IME-EFm5_k4,phage
TGCA,124,Enterococcus_phage_IME-EFm5_k4,phage
TTCT,314,Enterococcus_phage_IME-EFm5_k4,phage
TCTC,112,Enterococcus_phage_IME-EFm5_k4,phage
GACT,94,Enterococcus_phage_IME-EFm5_k4,phage
TGTA,240,Enterococcus_phage_IME-EFm5_k4,phage
GTGG,111,Enterococcus_phage_IME-EFm5_k4,phage
TTTG,342,Enterococcus_phage_IME-EFm5_k4,phage
GCAT,125,Enterococcus_phage_IME-EFm5_k4,phage
TGTC,145,Enterococcus_phage_IME-EFm5_k4,phage
AGCC,79,Enterococcus_phage_IME-EFm5_k4,phage
GCCA,109,Enterococcus_phage_IME-EFm5_k4,phage
CTAC,186,Enterococcus_phage_IME-EFm5_k4,phage
TACC,165,Enterococcus_phage_IME-EFm5_k4,phage
GATC,51,Enterococcus_phage_IME-EFm5_k4,phage
TCCG,36,Enterococcus_phage_IME-EFm5_k4,phage
CCGT,49,Enterococcus_phage_IME-EFm5_k4,phage
CTTT,293,Enterococcus_phage_IME-EFm5_k4,phage
GGAC,33,Enterococcus_phage_IME-EFm5_k4,phage
CTGC,100,Enterococcus_phage_IME-EFm5_k4,phage
TCTG,176,Enterococcus_phage_IME-EFm5_k4,phage
CTCT,142,Enterococcus_phage_IME-EFm5_k4,phage
TCTT,269,Enterococcus_phage_IME-EFm5_k4,phage
ATCT,207,Enterococcus_phage_IME-EFm5_k4,phage
TGCC,75,Enterococcus_phage_IME-EFm5_k4,phage
TCTA,242,Enterococcus_phage_IME-EFm5_k4,phage
CATC,147,Enterococcus_phage_IME-EFm5_k4,phage
AGTC,98,Enterococcus_phage_IME-EFm5_k4,phage
GTCT,136,Enterococcus_phage_IME-EFm5_k4,phage
GCCG,17,Enterococcus_phage_IME-EFm5_k4,phage
CCGC,35,Enterococcus_phage_IME-EFm5_k4,phage
CTCC,126,Enterococcus_phage_IME-EFm5_k4,phage
TCCT,137,Enterococcus_phage_IME-EFm5_k4,phage
GTTC,132,Enterococcus_phage_IME-EFm5_k4,phage
GACC,52,Enterococcus_phage_IME-EFm5_k4,phage
CGCC,52,Enterococcus_phage_IME-EFm5_k4,phage
GCCT,62,Enterococcus_phage_IME-EFm5_k4,phage
CCTG,83,Enterococcus_phage_IME-EFm5_k4,phage
TCGC,39,Enterococcus_phage_IME-EFm5_k4,phage
TTCC,129,Enterococcus_phage_IME-EFm5_k4,phage
CAGG,67,Enterococcus_phage_IME-EFm5_k4,phage
CGAT,53,Enterococcus_phage_IME-EFm5_k4,phage
GTCG,15,Enterococcus_phage_IME-EFm5_k4,phage
CGGT,34,Enterococcus_phage_IME-EFm5_k4,phage
CCTT,135,Enterococcus_phage_IME-EFm5_k4,phage
GGTC,64,Enterococcus_phage_IME-EFm5_k4,phage
ACCC,64,Enterococcus_phage_IME-EFm5_k4,phage
CCCC,27,Enterococcus_phage_IME-EFm5_k4,phage
CCCG,6,Enterococcus_phage_IME-EFm5_k4,phage
CCCT,51,Enterococcus_phage_IME-EFm5_k4,phage
ACCG,32,Enterococcus_phage_IME-EFm5_k4,phage
GCCC,26,Enterococcus_phage_IME-EFm5_k4,phage
CCCA,95,Enterococcus_phage_IME-EFm5_k4,phage
CGGG,3,Enterococcus_phage_IME-EFm5_k4,phage
GCGG,22,Enterococcus_phage_IME-EFm5_k4,phage
CCTC,81,Enterococcus_phage_IME-EFm5_k4,phage
TCCC,62,Enterococcus_phage_IME-EFm5_k4,phage
CGCG,11,Enterococcus_phage_IME-EFm5_k4,phage
GTCC,79,Enterococcus_phage_IME-EFm5_k4,phage
TCGG,3,Enterococcus_phage_IME-EFm5_k4,phage
CCGA,7,Enterococcus_phage_IME-EFm5_k4,phage
GGCC,8,Enterococcus_phage_IME-EFm5_k4,phage
CTCG,15,Enterococcus_phage_IME-EFm5_k4,phage
TCGA,3,Enterococcus_phage_IME-EFm5_k4,phage
GTTG,461,Enterococcus_phage_phiEF24C_k4,phage
TTGT,714,Enterococcus_phage_phiEF24C_k4,phage
TGTT,864,Enterococcus_phage_phiEF24C_k4,phage
GTTC,478,Enterococcus_phage_phiEF24C_k4,phage
TTCC,338,Enterococcus_phage_phiEF24C_k4,phage
TCCC,205,Enterococcus_phage_phiEF24C_k4,phage
CCCT,317,Enterococcus_phage_phiEF24C_k4,phage
CCTC,274,Enterococcus_phage_phiEF24C_k4,phage
CTCC,287,Enterococcus_phage_phiEF24C_k4,phage
TCCT,368,Enterococcus_phage_phiEF24C_k4,phage
CTCT,466,Enterococcus_phage_phiEF24C_k4,phage
TCTC,351,Enterococcus_phage_phiEF24C_k4,phage
CCTT,371,Enterococcus_phage_phiEF24C_k4,phage
CTTA,783,Enterococcus_phage_phiEF24C_k4,phage
TTAG,971,Enterococcus_phage_phiEF24C_k4,phage
TAGA,1218,Enterococcus_phage_phiEF24C_k4,phage
AGAG,1049,Enterococcus_phage_phiEF24C_k4,phage
GAGC,386,Enterococcus_phage_phiEF24C_k4,phage
AGCT,715,Enterococcus_phage_phiEF24C_k4,phage
GCTA,802,Enterococcus_phage_phiEF24C_k4,phage
CTAC,661,Enterococcus_phage_phiEF24C_k4,phage
TACT,878,Enterococcus_phage_phiEF24C_k4,phage
ACTA,1078,Enterococcus_phage_phiEF24C_k4,phage
CTAT,900,Enterococcus_phage_phiEF24C_k4,phage
TATT,1384,Enterococcus_phage_phiEF24C_k4,phage
ATTA,1244,Enterococcus_phage_phiEF24C_k4,phage
TTAA,1451,Enterococcus_phage_phiEF24C_k4,phage
TAAT,1162,Enterococcus_phage_phiEF24C_k4,phage
AATA,1404,Enterococcus_phage_phiEF24C_k4,phage
ATAT,1171,Enterococcus_phage_phiEF24C_k4,phage
TATA,1226,Enterococcus_phage_phiEF24C_k4,phage
ATAG,800,Enterococcus_phage_phiEF24C_k4,phage
TAGT,818,Enterococcus_phage_phiEF24C_k4,phage
AGTA,1058,Enterococcus_phage_phiEF24C_k4,phage
GTAC,516,Enterococcus_phage_phiEF24C_k4,phage
TACA,989,Enterococcus_phage_phiEF24C_k4,phage
ACAC,494,Enterococcus_phage_phiEF24C_k4,phage
CACT,415,Enterococcus_phage_phiEF24C_k4,phage
ACTG,440,Enterococcus_phage_phiEF24C_k4,phage
CTGA,374,Enterococcus_phage_phiEF24C_k4,phage
TGAG,466,Enterococcus_phage_phiEF24C_k4,phage
GCTG,204,Enterococcus_phage_phiEF24C_k4,phage
CTGT,475,Enterococcus_phage_phiEF24C_k4,phage
GTTA,959,Enterococcus_phage_phiEF24C_k4,phage
TAGC,636,Enterococcus_phage_phiEF24C_k4,phage
AGCA,701,Enterococcus_phage_phiEF24C_k4,phage
GCAA,620,Enterococcus_phage_phiEF24C_k4,phage
CAAA,954,Enterococcus_phage_phiEF24C_k4,phage
AAAC,1050,Enterococcus_phage_phiEF24C_k4,phage
AACA,1277,Enterococcus_phage_phiEF24C_k4,phage
ACAG,840,Enterococcus_phage_phiEF24C_k4,phage
CAGG,385,Enterococcus_phage_phiEF24C_k4,phage
AGGT,783,Enterococcus_phage_phiEF24C_k4,phage
GGTG,411,Enterococcus_phage_phiEF24C_k4,phage
GTGT,474,Enterococcus_phage_phiEF24C_k4,phage
TGTG,363,Enterococcus_phage_phiEF24C_k4,phage
GTGC,236,Enterococcus_phage_phiEF24C_k4,phage
TGCT,555,Enterococcus_phage_phiEF24C_k4,phage
CTAA,947,Enterococcus_phage_phiEF24C_k4,phage
TAAA,1795,Enterococcus_phage_phiEF24C_k4,phage
AAAT,1392,Enterococcus_phage_phiEF24C_k4,phage
AATT,1138,Enterococcus_phage_phiEF24C_k4,phage
GAGA,712,Enterococcus_phage_phiEF24C_k4,phage
AGAC,727,Enterococcus_phage_phiEF24C_k4,phage
GACT,487,Enterococcus_phage_phiEF24C_k4,phage
AAAA,2239,Enterococcus_phage_phiEF24C_k4,phage
AATG,998,Enterococcus_phage_phiEF24C_k4,phage
ATGT,736,Enterococcus_phage_phiEF24C_k4,phage
GTGG,352,Enterococcus_phage_phiEF24C_k4,phage
TGGA,485,Enterococcus_phage_phiEF24C_k4,phage
GGAC,286,Enterococcus_phage_phiEF24C_k4,phage
GACG,240,Enterococcus_phage_phiEF24C_k4,phage
ACGG,221,Enterococcus_phage_phiEF24C_k4,phage
CGGG,118,Enterococcus_phage_phiEF24C_k4,phage
GGGA,413,Enterococcus_phage_phiEF24C_k4,phage
GGAG,508,Enterococcus_phage_phiEF24C_k4,phage
GAGT,502,Enterococcus_phage_phiEF24C_k4,phage
AGTG,485,Enterococcus_phage_phiEF24C_k4,phage
TGGT,613,Enterococcus_phage_phiEF24C_k4,phage
GGTA,794,Enterococcus_phage_phiEF24C_k4,phage
GTAA,907,Enterococcus_phage_phiEF24C_k4,phage
ATGG,759,Enterococcus_phage_phiEF24C_k4,phage
GGAT,337,Enterococcus_phage_phiEF24C_k4,phage
GATA,904,Enterococcus_phage_phiEF24C_k4,phage
ATAA,1423,Enterococcus_phage_phiEF24C_k4,phage
AACG,472,Enterococcus_phage_phiEF24C_k4,phage
ACGA,443,Enterococcus_phage_phiEF24C_k4,phage
CGAA,240,Enterococcus_phage_phiEF24C_k4,phage
GAAT,690,Enterococcus_phage_phiEF24C_k4,phage
TTAT,1256,Enterococcus_phage_phiEF24C_k4,phage
ATTT,1189,Enterococcus_phage_phiEF24C_k4,phage
TTTT,1286,Enterococcus_phage_phiEF24C_k4,phage
TTTA,1534,Enterococcus_phage_phiEF24C_k4,phage
TTAC,842,Enterococcus_phage_phiEF24C_k4,phage
TACC,535,Enterococcus_phage_phiEF24C_k4,phage
ACCA,561,Enterococcus_phage_phiEF24C_k4,phage
CCAT,427,Enterococcus_phage_phiEF24C_k4,phage
CATC,369,Enterococcus_phage_phiEF24C_k4,phage
ATCT,552,Enterococcus_phage_phiEF24C_k4,phage
TCTG,433,Enterococcus_phage_phiEF24C_k4,phage
CTGC,271,Enterococcus_phage_phiEF24C_k4,phage
TGCA,530,Enterococcus_phage_phiEF24C_k4,phage
GCAT,337,Enterococcus_phage_phiEF24C_k4,phage
CATT,690,Enterococcus_phage_phiEF24C_k4,phage
AGTC,339,Enterococcus_phage_phiEF24C_k4,phage
GTCA,331,Enterococcus_phage_phiEF24C_k4,phage
TCAT,541,Enterococcus_phage_phiEF24C_k4,phage
CATG,389,Enterococcus_phage_phiEF24C_k4,phage
GGTT,565,Enterococcus_phage_phiEF24C_k4,phage
ACTT,828,Enterococcus_phage_phiEF24C_k4,phage
CTTT,800,Enterococcus_phage_phiEF24C_k4,phage
TAAG,826,Enterococcus_phage_phiEF24C_k4,phage
AAGT,969,Enterococcus_phage_phiEF24C_k4,phage
AAGC,622,Enterococcus_phage_phiEF24C_k4,phage
TTCT,837,Enterococcus_phage_phiEF24C_k4,phage
TCTA,729,Enterococcus_phage_phiEF24C_k4,phage
TATG,877,Enterococcus_phage_phiEF24C_k4,phage
ATTG,827,Enterococcus_phage_phiEF24C_k4,phage
TGTA,832,Enterococcus_phage_phiEF24C_k4,phage
GTAG,807,Enterococcus_phage_phiEF24C_k4,phage
AGAA,1605,Enterococcus_phage_phiEF24C_k4,phage
GAAC,652,Enterococcus_phage_phiEF24C_k4,phage
ACAA,1310,Enterococcus_phage_phiEF24C_k4,phage
ATGC,502,Enterococcus_phage_phiEF24C_k4,phage
TGCC,228,Enterococcus_phage_phiEF24C_k4,phage
GCCC,122,Enterococcus_phage_phiEF24C_k4,phage
CCCC,173,Enterococcus_phage_phiEF24C_k4,phage
CCCA,275,Enterococcus_phage_phiEF24C_k4,phage
TTTC,581,Enterococcus_phage_phiEF24C_k4,phage
TTCA,640,Enterococcus_phage_phiEF24C_k4,phage
TCAG,443,Enterococcus_phage_phiEF24C_k4,phage
AGGC,277,Enterococcus_phage_phiEF24C_k4,phage
GGCA,319,Enterococcus_phage_phiEF24C_k4,phage
TTGG,422,Enterococcus_phage_phiEF24C_k4,phage
TGGC,222,Enterococcus_phage_phiEF24C_k4,phage
GGCG,76,Enterococcus_phage_phiEF24C_k4,phage
GCGG,116,Enterococcus_phage_phiEF24C_k4,phage
CGGT,182,Enterococcus_phage_phiEF24C_k4,phage
GCCT,172,Enterococcus_phage_phiEF24C_k4,phage
CTCA,363,Enterococcus_phage_phiEF24C_k4,phage
TTGC,450,Enterococcus_phage_phiEF24C_k4,phage
TATC,669,Enterococcus_phage_phiEF24C_k4,phage
CTAG,644,Enterococcus_phage_phiEF24C_k4,phage
GTAT,830,Enterococcus_phage_phiEF24C_k4,phage
ATTC,534,Enterococcus_phage_phiEF24C_k4,phage
GTTT,794,Enterococcus_phage_phiEF24C_k4,phage
TTTG,668,Enterococcus_phage_phiEF24C_k4,phage
TTGA,743,Enterococcus_phage_phiEF24C_k4,phage
TGAT,651,Enterococcus_phage_phiEF24C_k4,phage
GATT,582,Enterococcus_phage_phiEF24C_k4,phage
ATAC,717,Enterococcus_phage_phiEF24C_k4,phage
AAAG,1393,Enterococcus_phage_phiEF24C_k4,phage
AAGA,1545,Enterococcus_phage_phiEF24C_k4,phage
GAAA,1086,Enterococcus_phage_phiEF24C_k4,phage
ACGT,411,Enterococcus_phage_phiEF24C_k4,phage
CGTA,376,Enterococcus_phage_phiEF24C_k4,phage
AATC,520,Enterococcus_phage_phiEF24C_k4,phage
ATCA,576,Enterococcus_phage_phiEF24C_k4,phage
TCAA,624,Enterococcus_phage_phiEF24C_k4,phage
CAAC,587,Enterococcus_phage_phiEF24C_k4,phage
AACT,919,Enterococcus_phage_phiEF24C_k4,phage
GAAG,937,Enterococcus_phage_phiEF24C_k4,phage
CAAT,816,Enterococcus_phage_phiEF24C_k4,phage
CAGT,492,Enterococcus_phage_phiEF24C_k4,phage
GTGA,393,Enterococcus_phage_phiEF24C_k4,phage
TGAC,463,Enterococcus_phage_phiEF24C_k4,phage
CTTG,373,Enterococcus_phage_phiEF24C_k4,phage
GCAG,440,Enterococcus_phage_phiEF24C_k4,phage
CAGA,837,Enterococcus_phage_phiEF24C_k4,phage
AGAT,931,Enterococcus_phage_phiEF24C_k4,phage
CATA,577,Enterococcus_phage_phiEF24C_k4,phage
AGCC,272,Enterococcus_phage_phiEF24C_k4,phage
CCTA,543,Enterococcus_phage_phiEF24C_k4,phage
TAGG,550,Enterococcus_phage_phiEF24C_k4,phage
AGGA,708,Enterococcus_phage_phiEF24C_k4,phage
GAGG,610,Enterococcus_phage_phiEF24C_k4,phage
TGGG,396,Enterococcus_phage_phiEF24C_k4,phage
GATG,673,Enterococcus_phage_phiEF24C_k4,phage
GGGT,373,Enterococcus_phage_phiEF24C_k4,phage
TGTC,340,Enterococcus_phage_phiEF24C_k4,phage
GTCT,382,Enterococcus_phage_phiEF24C_k4,phage
CCAA,473,Enterococcus_phage_phiEF24C_k4,phage
GACA,624,Enterococcus_phage_phiEF24C_k4,phage
ACAT,720,Enterococcus_phage_phiEF24C_k4,phage
AAGG,690,Enterococcus_phage_phiEF24C_k4,phage
AGGG,467,Enterococcus_phage_phiEF24C_k4,phage
GGGG,331,Enterococcus_phage_phiEF24C_k4,phage
ACGC,114,Enterococcus_phage_phiEF24C_k4,phage
CGCA,139,Enterococcus_phage_phiEF24C_k4,phage
CAAG,670,Enterococcus_phage_phiEF24C_k4,phage
AGTT,899,Enterococcus_phage_phiEF24C_k4,phage
GGAA,650,Enterococcus_phage_phiEF24C_k4,phage
GACC,256,Enterococcus_phage_phiEF24C_k4,phage
ACCG,187,Enterococcus_phage_phiEF24C_k4,phage
CCGC,70,Enterococcus_phage_phiEF24C_k4,phage
CGCT,122,Enterococcus_phage_phiEF24C_k4,phage
GCTC,268,Enterococcus_phage_phiEF24C_k4,phage
CTCG,130,Enterococcus_phage_phiEF24C_k4,phage
TCGT,327,Enterococcus_phage_phiEF24C_k4,phage
GCGT,145,Enterococcus_phage_phiEF24C_k4,phage
GGTC,181,Enterococcus_phage_phiEF24C_k4,phage
TCTT,724,Enterococcus_phage_phiEF24C_k4,phage
TGCG,146,Enterococcus_phage_phiEF24C_k4,phage
CACC,284,Enterococcus_phage_phiEF24C_k4,phage
CCAG,209,Enterococcus_phage_phiEF24C_k4,phage
CACA,474,Enterococcus_phage_phiEF24C_k4,phage
GCTT,469,Enterococcus_phage_phiEF24C_k4,phage
CTTC,436,Enterococcus_phage_phiEF24C_k4,phage
GGCT,351,Enterococcus_phage_phiEF24C_k4,phage
ATGA,940,Enterococcus_phage_phiEF24C_k4,phage
TAAC,945,Enterococcus_phage_phiEF24C_k4,phage
ACTC,353,Enterococcus_phage_phiEF24C_k4,phage
ACCT,557,Enterococcus_phage_phiEF24C_k4,phage
CCTG,226,Enterococcus_phage_phiEF24C_k4,phage
GCAC,292,Enterococcus_phage_phiEF24C_k4,phage
TGAA,870,Enterococcus_phage_phiEF24C_k4,phage
TCCA,309,Enterococcus_phage_phiEF24C_k4,phage
CGAG,187,Enterococcus_phage_phiEF24C_k4,phage
GCGA,58,Enterococcus_phage_phiEF24C_k4,phage
CGAC,131,Enterococcus_phage_phiEF24C_k4,phage
CGGA,175,Enterococcus_phage_phiEF24C_k4,phage
ACCC,336,Enterococcus_phage_phiEF24C_k4,phage
TCAC,302,Enterococcus_phage_phiEF24C_k4,phage
CCGA,137,Enterococcus_phage_phiEF24C_k4,phage
AACC,566,Enterococcus_phage_phiEF24C_k4,phage
CAGC,218,Enterococcus_phage_phiEF24C_k4,phage
GTCG,101,Enterococcus_phage_phiEF24C_k4,phage
TCGG,124,Enterococcus_phage_phiEF24C_k4,phage
GGGC,195,Enterococcus_phage_phiEF24C_k4,phage
ATCC,221,Enterococcus_phage_phiEF24C_k4,phage
CCCG,71,Enterococcus_phage_phiEF24C_k4,phage
CCGT,163,Enterococcus_phage_phiEF24C_k4,phage
CGTG,196,Enterococcus_phage_phiEF24C_k4,phage
AGCG,174,Enterococcus_phage_phiEF24C_k4,phage
GTCC,157,Enterococcus_phage_phiEF24C_k4,phage
TCCG,121,Enterococcus_phage_phiEF24C_k4,phage
GCCA,192,Enterococcus_phage_phiEF24C_k4,phage
GCGC,77,Enterococcus_phage_phiEF24C_k4,phage
TACG,334,Enterococcus_phage_phiEF24C_k4,phage
TTCG,214,Enterococcus_phage_phiEF24C_k4,phage
TCGA,161,Enterococcus_phage_phiEF24C_k4,phage
CGTT,363,Enterococcus_phage_phiEF24C_k4,phage
CCGG,66,Enterococcus_phage_phiEF24C_k4,phage
CGAT,241,Enterococcus_phage_phiEF24C_k4,phage
CGGC,52,Enterococcus_phage_phiEF24C_k4,phage
GCCG,57,Enterococcus_phage_phiEF24C_k4,phage
CTGG,183,Enterococcus_phage_phiEF24C_k4,phage
ATCG,210,Enterococcus_phage_phiEF24C_k4,phage
CCAC,228,Enterococcus_phage_phiEF24C_k4,phage
CACG,143,Enterococcus_phage_phiEF24C_k4,phage
CGTC,111,Enterococcus_phage_phiEF24C_k4,phage
TCGC,43,Enterococcus_phage_phiEF24C_k4,phage
CGCC,43,Enterococcus_phage_phiEF24C_k4,phage
GATC,1,Enterococcus_phage_phiEF24C_k4,phage
CCCT,141,Klebsiella_phage_KP34_k4,phage
CCTC,106,Klebsiella_phage_KP34_k4,phage
CTCA,131,Klebsiella_phage_KP34_k4,phage
TCAC,119,Klebsiella_phage_KP34_k4,phage
CACC,200,Klebsiella_phage_KP34_k4,phage
ACCC,161,Klebsiella_phage_KP34_k4,phage
CCTG,292,Klebsiella_phage_KP34_k4,phage
CTGA,223,Klebsiella_phage_KP34_k4,phage
TGAA,151,Klebsiella_phage_KP34_k4,phage
GAAC,186,Klebsiella_phage_KP34_k4,phage
AACG,189,Klebsiella_phage_KP34_k4,phage
ACGC,204,Klebsiella_phage_KP34_k4,phage
CGCG,179,Klebsiella_phage_KP34_k4,phage
GCGC,329,Klebsiella_phage_KP34_k4,phage
CGCC,210,Klebsiella_phage_KP34_k4,phage
GCCC,153,Klebsiella_phage_KP34_k4,phage
CCCA,124,Klebsiella_phage_KP34_k4,phage
CCAA,147,Klebsiella_phage_KP34_k4,phage
CAAT,111,Klebsiella_phage_KP34_k4,phage
AATT,73,Klebsiella_phage_KP34_k4,phage
ATTG,158,Klebsiella_phage_KP34_k4,phage
TTGC,124,Klebsiella_phage_KP34_k4,phage
TGCC,184,Klebsiella_phage_KP34_k4,phage
CCCC,87,Klebsiella_phage_KP34_k4,phage
CCAT,63,Klebsiella_phage_KP34_k4,phage
CATA,74,Klebsiella_phage_KP34_k4,phage
ATAG,75,Klebsiella_phage_KP34_k4,phage
TAGG,111,Klebsiella_phage_KP34_k4,phage
AGGG,192,Klebsiella_phage_KP34_k4,phage
GGGG,208,Klebsiella_phage_KP34_k4,phage
GGGT,197,Klebsiella_phage_KP34_k4,phage
GGTG,280,Klebsiella_phage_KP34_k4,phage
GTGC,265,Klebsiella_phage_KP34_k4,phage
GCCT,187,Klebsiella_phage_KP34_k4,phage
CCTA,161,Klebsiella_phage_KP34_k4,phage
CTAG,110,Klebsiella_phage_KP34_k4,phage
TAGC,156,Klebsiella_phage_KP34_k4,phage
AGCG,259,Klebsiella_phage_KP34_k4,phage
CGCA,241,Klebsiella_phage_KP34_k4,phage
GCAT,160,Klebsiella_phage_KP34_k4,phage
ATAA,105,Klebsiella_phage_KP34_k4,phage
TAAA,143,Klebsiella_phage_KP34_k4,phage
AAAA,80,Klebsiella_phage_KP34_k4,phage
AAAG,155,Klebsiella_phage_KP34_k4,phage
AAGG,231,Klebsiella_phage_KP34_k4,phage
AGGA,218,Klebsiella_phage_KP34_k4,phage
GGAG,249,Klebsiella_phage_KP34_k4,phage
GAGG,220,Klebsiella_phage_KP34_k4,phage
GGGC,271,Klebsiella_phage_KP34_k4,phage
GGCG,252,Klebsiella_phage_KP34_k4,phage
GCGG,228,Klebsiella_phage_KP34_k4,phage
CGGG,210,Klebsiella_phage_KP34_k4,phage
CCCG,158,Klebsiella_phage_KP34_k4,phage
CCGG,220,Klebsiella_phage_KP34_k4,phage
CGGT,166,Klebsiella_phage_KP34_k4,phage
GTGG,255,Klebsiella_phage_KP34_k4,phage
TGGG,259,Klebsiella_phage_KP34_k4,phage
GGCC,162,Klebsiella_phage_KP34_k4,phage
CTAC,234,Klebsiella_phage_KP34_k4,phage
TACT,188,Klebsiella_phage_KP34_k4,phage
ACTA,192,Klebsiella_phage_KP34_k4,phage
GCAC,299,Klebsiella_phage_KP34_k4,phage
CACT,188,Klebsiella_phage_KP34_k4,phage
TAGA,111,Klebsiella_phage_KP34_k4,phage
AGAG,216,Klebsiella_phage_KP34_k4,phage
GAGC,236,Klebsiella_phage_KP34_k4,phage
TCAG,152,Klebsiella_phage_KP34_k4,phage
CAGC,353,Klebsiella_phage_KP34_k4,phage
CTGT,200,Klebsiella_phage_KP34_k4,phage
TGTG,149,Klebsiella_phage_KP34_k4,phage
TGCT,302,Klebsiella_phage_KP34_k4,phage
GCTG,433,Klebsiella_phage_KP34_k4,phage
CTGC,353,Klebsiella_phage_KP34_k4,phage
TGCG,228,Klebsiella_phage_KP34_k4,phage
GCGT,231,Klebsiella_phage_KP34_k4,phage
CGTT,105,Klebsiella_phage_KP34_k4,phage
GTTC,175,Klebsiella_phage_KP34_k4,phage
TTCT,133,Klebsiella_phage_KP34_k4,phage
TCTA,112,Klebsiella_phage_KP34_k4,phage
GGCT,248,Klebsiella_phage_KP34_k4,phage
GCTA,249,Klebsiella_phage_KP34_k4,phage
CTAT,197,Klebsiella_phage_KP34_k4,phage
TATC,199,Klebsiella_phage_KP34_k4,phage
ATCG,96,Klebsiella_phage_KP34_k4,phage
TCGC,111,Klebsiella_phage_KP34_k4,phage
CGCT,248,Klebsiella_phage_KP34_k4,phage
TAGT,112,Klebsiella_phage_KP34_k4,phage
AGTG,186,Klebsiella_phage_KP34_k4,phage
GTGT,135,Klebsiella_phage_KP34_k4,phage
TGTT,103,Klebsiella_phage_KP34_k4,phage
GTTA,140,Klebsiella_phage_KP34_k4,phage
TTAC,131,Klebsiella_phage_KP34_k4,phage
TACC,192,Klebsiella_phage_KP34_k4,phage
TATG,227,Klebsiella_phage_KP34_k4,phage
ATGG,212,Klebsiella_phage_KP34_k4,phage
TGGC,240,Klebsiella_phage_KP34_k4,phage
ATGC,251,Klebsiella_phage_KP34_k4,phage
CGTG,169,Klebsiella_phage_KP34_k4,phage
GGCA,268,Klebsiella_phage_KP34_k4,phage
ACTG,252,Klebsiella_phage_KP34_k4,phage
GCTC,174,Klebsiella_phage_KP34_k4,phage
CTCC,118,Klebsiella_phage_KP34_k4,phage
TCCT,117,Klebsiella_phage_KP34_k4,phage
CTCT,141,Klebsiella_phage_KP34_k4,phage
TCTC,71,Klebsiella_phage_KP34_k4,phage
TCTG,221,Klebsiella_phage_KP34_k4,phage
GCCA,143,Klebsiella_phage_KP34_k4,phage
CCTT,103,Klebsiella_phage_KP34_k4,phage
CTTG,129,Klebsiella_phage_KP34_k4,phage
GCTT,174,Klebsiella_phage_KP34_k4,phage
CTTA,114,Klebsiella_phage_KP34_k4,phage
TTAT,117,Klebsiella_phage_KP34_k4,phage
TATT,124,Klebsiella_phage_KP34_k4,phage
ATTT,60,Klebsiella_phage_KP34_k4,phage
TTTT,35,Klebsiella_phage_KP34_k4,phage
TTTG,101,Klebsiella_phage_KP34_k4,phage
CGTA,247,Klebsiella_phage_KP34_k4,phage
GTAC,296,Klebsiella_phage_KP34_k4,phage
TACA,186,Klebsiella_phage_KP34_k4,phage
ACAT,139,Klebsiella_phage_KP34_k4,phage
GGTC,80,Klebsiella_phage_KP34_k4,phage
GTCA,95,Klebsiella_phage_KP34_k4,phage
CACA,145,Klebsiella_phage_KP34_k4,phage
ACAG,215,Klebsiella_phage_KP34_k4,phage
CAGT,210,Klebsiella_phage_KP34_k4,phage
TGTC,101,Klebsiella_phage_KP34_k4,phage
GTCC,83,Klebsiella_phage_KP34_k4,phage
TGTA,180,Klebsiella_phage_KP34_k4,phage
GTAG,210,Klebsiella_phage_KP34_k4,phage
TGCA,279,Klebsiella_phage_KP34_k4,phage
GCAG,454,Klebsiella_phage_KP34_k4,phage
AGCA,360,Klebsiella_phage_KP34_k4,phage
CACG,128,Klebsiella_phage_KP34_k4,phage
ACGG,203,Klebsiella_phage_KP34_k4,phage
GTGA,129,Klebsiella_phage_KP34_k4,phage
TGAT,160,Klebsiella_phage_KP34_k4,phage
GATA,157,Klebsiella_phage_KP34_k4,phage
ATAT,117,Klebsiella_phage_KP34_k4,phage
ATCC,138,Klebsiella_phage_KP34_k4,phage
TCCC,108,Klebsiella_phage_KP34_k4,phage
AGGC,213,Klebsiella_phage_KP34_k4,phage
TCCA,97,Klebsiella_phage_KP34_k4,phage
CCAC,98,Klebsiella_phage_KP34_k4,phage
CTGG,422,Klebsiella_phage_KP34_k4,phage
TTAG,95,Klebsiella_phage_KP34_k4,phage
CTTT,94,Klebsiella_phage_KP34_k4,phage
TTTA,89,Klebsiella_phage_KP34_k4,phage
CATT,110,Klebsiella_phage_KP34_k4,phage
TTGT,78,Klebsiella_phage_KP34_k4,phage
GATT,204,Klebsiella_phage_KP34_k4,phage
ATTC,147,Klebsiella_phage_KP34_k4,phage
TACG,228,Klebsiella_phage_KP34_k4,phage
CATC,133,Klebsiella_phage_KP34_k4,phage
ACCA,163,Klebsiella_phage_KP34_k4,phage
ACAC,145,Klebsiella_phage_KP34_k4,phage
ACCG,192,Klebsiella_phage_KP34_k4,phage
CCGC,234,Klebsiella_phage_KP34_k4,phage
TCTT,81,Klebsiella_phage_KP34_k4,phage
ACTT,137,Klebsiella_phage_KP34_k4,phage
TTTC,53,Klebsiella_phage_KP34_k4,phage
TTCA,134,Klebsiella_phage_KP34_k4,phage
TCAT,86,Klebsiella_phage_KP34_k4,phage
TTCG,137,Klebsiella_phage_KP34_k4,phage
TCGA,102,Klebsiella_phage_KP34_k4,phage
CGAA,108,Klebsiella_phage_KP34_k4,phage
GAAA,120,Klebsiella_phage_KP34_k4,phage
AAGC,256,Klebsiella_phage_KP34_k4,phage
AGCT,232,Klebsiella_phage_KP34_k4,phage
CTAA,173,Klebsiella_phage_KP34_k4,phage
TAAT,118,Klebsiella_phage_KP34_k4,phage
AATC,126,Klebsiella_phage_KP34_k4,phage
ATCT,96,Klebsiella_phage_KP34_k4,phage
AAAT,84,Klebsiella_phage_KP34_k4,phage
AATG,132,Klebsiella_phage_KP34_k4,phage
ATGA,165,Klebsiella_phage_KP34_k4,phage
GATG,258,Klebsiella_phage_KP34_k4,phage
ATGT,120,Klebsiella_phage_KP34_k4,phage
CAGG,243,Klebsiella_phage_KP34_k4,phage
GAGT,159,Klebsiella_phage_KP34_k4,phage
AGTA,222,Klebsiella_phage_KP34_k4,phage
GGTT,184,Klebsiella_phage_KP34_k4,phage
GTTT,89,Klebsiella_phage_KP34_k4,phage
TATA,114,Klebsiella_phage_KP34_k4,phage
ATAC,133,Klebsiella_phage_KP34_k4,phage
ACTC,126,Klebsiella_phage_KP34_k4,phage
ACCT,217,Klebsiella_phage_KP34_k4,phage
GTAA,161,Klebsiella_phage_KP34_k4,phage
GTAT,233,Klebsiella_phage_KP34_k4,phage
TGAC,171,Klebsiella_phage_KP34_k4,phage
GACT,170,Klebsiella_phage_KP34_k4,phage
GACC,207,Klebsiella_phage_KP34_k4,phage
CCGT,142,Klebsiella_phage_KP34_k4,phage
GGGA,193,Klebsiella_phage_KP34_k4,phage
GGAA,182,Klebsiella_phage_KP34_k4,phage
GAAG,265,Klebsiella_phage_KP34_k4,phage
ATTA,146,Klebsiella_phage_KP34_k4,phage
TTAA,146,Klebsiella_phage_KP34_k4,phage
TAAC,149,Klebsiella_phage_KP34_k4,phage
AACT,161,Klebsiella_phage_KP34_k4,phage
AGCC,150,Klebsiella_phage_KP34_k4,phage
AACC,134,Klebsiella_phage_KP34_k4,phage
TGGT,250,Klebsiella_phage_KP34_k4,phage
GTCG,85,Klebsiella_phage_KP34_k4,phage
TGAG,194,Klebsiella_phage_KP34_k4,phage
AGTC,96,Klebsiella_phage_KP34_k4,phage
GTCT,115,Klebsiella_phage_KP34_k4,phage
GTTG,124,Klebsiella_phage_KP34_k4,phage
TTGG,151,Klebsiella_phage_KP34_k4,phage
TAAG,175,Klebsiella_phage_KP34_k4,phage
AAGT,159,Klebsiella_phage_KP34_k4,phage
CCAG,219,Klebsiella_phage_KP34_k4,phage
AGTT,136,Klebsiella_phage_KP34_k4,phage
TTGA,159,Klebsiella_phage_KP34_k4,phage
AATA,85,Klebsiella_phage_KP34_k4,phage
CTTC,158,Klebsiella_phage_KP34_k4,phage
TCAA,137,Klebsiella_phage_KP34_k4,phage
ATCA,134,Klebsiella_phage_KP34_k4,phage
CGAG,156,Klebsiella_phage_KP34_k4,phage
GCCG,223,Klebsiella_phage_KP34_k4,phage
TCCG,146,Klebsiella_phage_KP34_k4,phage
CGGA,181,Klebsiella_phage_KP34_k4,phage
GGAT,191,Klebsiella_phage_KP34_k4,phage
AGAT,154,Klebsiella_phage_KP34_k4,phage
CTCG,86,Klebsiella_phage_KP34_k4,phage
CGAT,120,Klebsiella_phage_KP34_k4,phage
AAGA,231,Klebsiella_phage_KP34_k4,phage
GACA,167,Klebsiella_phage_KP34_k4,phage
GCGA,130,Klebsiella_phage_KP34_k4,phage
AGAA,233,Klebsiella_phage_KP34_k4,phage
AACA,190,Klebsiella_phage_KP34_k4,phage
GAAT,103,Klebsiella_phage_KP34_k4,phage
CAAG,282,Klebsiella_phage_KP34_k4,phage
GGTA,251,Klebsiella_phage_KP34_k4,phage
ACGA,176,Klebsiella_phage_KP34_k4,phage
GACG,208,Klebsiella_phage_KP34_k4,phage
CGAC,147,Klebsiella_phage_KP34_k4,phage
CAAA,115,Klebsiella_phage_KP34_k4,phage
GGAC,261,Klebsiella_phage_KP34_k4,phage
GCAA,235,Klebsiella_phage_KP34_k4,phage
CAAC,200,Klebsiella_phage_KP34_k4,phage
ACAA,189,Klebsiella_phage_KP34_k4,phage
CCGA,123,Klebsiella_phage_KP34_k4,phage
GAGA,200,Klebsiella_phage_KP34_k4,phage
AGAC,173,Klebsiella_phage_KP34_k4,phage
AGGT,182,Klebsiella_phage_KP34_k4,phage
TTCC,129,Klebsiella_phage_KP34_k4,phage
CGTC,101,Klebsiella_phage_KP34_k4,phage
TCGT,79,Klebsiella_phage_KP34_k4,phage
TGGA,291,Klebsiella_phage_KP34_k4,phage
TCGG,112,Klebsiella_phage_KP34_k4,phage
ACGT,170,Klebsiella_phage_KP34_k4,phage
AAAC,139,Klebsiella_phage_KP34_k4,phage
CATG,131,Klebsiella_phage_KP34_k4,phage
CGGC,206,Klebsiella_phage_KP34_k4,phage
CAGA,234,Klebsiella_phage_KP34_k4,phage
GATC,6,Klebsiella_phage_KP34_k4,phage
TGAT,225,Morganella_phage_MmP1_k4,phage
GATG,302,Morganella_phage_MmP1_k4,phage
ATGT,135,Morganella_phage_MmP1_k4,phage
TGTC,101,Morganella_phage_MmP1_k4,phage
GTCA,148,Morganella_phage_MmP1_k4,phage
TCAA,181,Morganella_phage_MmP1_k4,phage
CAAT,155,Morganella_phage_MmP1_k4,phage
AATA,134,Morganella_phage_MmP1_k4,phage
ATAG,76,Morganella_phage_MmP1_k4,phage
TAGG,123,Morganella_phage_MmP1_k4,phage
AGGA,243,Morganella_phage_MmP1_k4,phage
GGAG,213,Morganella_phage_MmP1_k4,phage
GAGA,238,Morganella_phage_MmP1_k4,phage
AGAA,270,Morganella_phage_MmP1_k4,phage
GAAT,126,Morganella_phage_MmP1_k4,phage
AATC,158,Morganella_phage_MmP1_k4,phage
ATCT,137,Morganella_phage_MmP1_k4,phage
TCTG,184,Morganella_phage_MmP1_k4,phage
CTGC,97,Morganella_phage_MmP1_k4,phage
TGCG,126,Morganella_phage_MmP1_k4,phage
GCGA,83,Morganella_phage_MmP1_k4,phage
CGAG,114,Morganella_phage_MmP1_k4,phage
GAGT,171,Morganella_phage_MmP1_k4,phage
AGTT,203,Morganella_phage_MmP1_k4,phage
GTTA,276,Morganella_phage_MmP1_k4,phage
TTAC,216,Morganella_phage_MmP1_k4,phage
TACC,168,Morganella_phage_MmP1_k4,phage
ACCC,127,Morganella_phage_MmP1_k4,phage
CCCC,34,Morganella_phage_MmP1_k4,phage
CCCA,55,Morganella_phage_MmP1_k4,phage
CCAT,106,Morganella_phage_MmP1_k4,phage
CATA,84,Morganella_phage_MmP1_k4,phage
AGGG,182,Morganella_phage_MmP1_k4,phage
GGGT,190,Morganella_phage_MmP1_k4,phage
GGTC,153,Morganella_phage_MmP1_k4,phage
GTCT,165,Morganella_phage_MmP1_k4,phage
TCTA,133,Morganella_phage_MmP1_k4,phage
CTAA,220,Morganella_phage_MmP1_k4,phage
TAAC,287,Morganella_phage_MmP1_k4,phage
AACC,194,Morganella_phage_MmP1_k4,phage
ACCT,212,Morganella_phage_MmP1_k4,phage
CCTC,103,Morganella_phage_MmP1_k4,phage
CTCA,219,Morganella_phage_MmP1_k4,phage
TCAC,150,Morganella_phage_MmP1_k4,phage
CACG,70,Morganella_phage_MmP1_k4,phage
ACGA,115,Morganella_phage_MmP1_k4,phage
CGAT,120,Morganella_phage_MmP1_k4,phage
GATA,216,Morganella_phage_MmP1_k4,phage
ATAC,107,Morganella_phage_MmP1_k4,phage
CCTT,168,Morganella_phage_MmP1_k4,phage
CTTA,239,Morganella_phage_MmP1_k4,phage
TTAG,154,Morganella_phage_MmP1_k4,phage
GGGC,56,Morganella_phage_MmP1_k4,phage
GGCT,199,Morganella_phage_MmP1_k4,phage
GCTA,180,Morganella_phage_MmP1_k4,phage
CTAC,156,Morganella_phage_MmP1_k4,phage
CCCT,149,Morganella_phage_MmP1_k4,phage
CCTA,170,Morganella_phage_MmP1_k4,phage
CTAT,236,Morganella_phage_MmP1_k4,phage
TATC,264,Morganella_phage_MmP1_k4,phage
ATCG,138,Morganella_phage_MmP1_k4,phage
TCGA,74,Morganella_phage_MmP1_k4,phage
TACG,141,Morganella_phage_MmP1_k4,phage
ACGG,119,Morganella_phage_MmP1_k4,phage
CGGC,54,Morganella_phage_MmP1_k4,phage
GCTC,152,Morganella_phage_MmP1_k4,phage
CTCT,183,Morganella_phage_MmP1_k4,phage
TCTC,154,Morganella_phage_MmP1_k4,phage
CTGT,150,Morganella_phage_MmP1_k4,phage
TGTT,126,Morganella_phage_MmP1_k4,phage
GTTC,242,Morganella_phage_MmP1_k4,phage
TTCG,96,Morganella_phage_MmP1_k4,phage
TCGT,143,Morganella_phage_MmP1_k4,phage
CGTT,158,Morganella_phage_MmP1_k4,phage
GTTG,105,Morganella_phage_MmP1_k4,phage
TTGC,100,Morganella_phage_MmP1_k4,phage
TGCC,88,Morganella_phage_MmP1_k4,phage
GCCT,112,Morganella_phage_MmP1_k4,phage
TTAA,260,Morganella_phage_MmP1_k4,phage
TAAG,313,Morganella_phage_MmP1_k4,phage
AAGT,182,Morganella_phage_MmP1_k4,phage
ACCA,170,Morganella_phage_MmP1_k4,phage
CCAA,162,Morganella_phage_MmP1_k4,phage
CAAA,145,Morganella_phage_MmP1_k4,phage
AAAG,263,Morganella_phage_MmP1_k4,phage
AAGG,272,Morganella_phage_MmP1_k4,phage
AGGT,279,Morganella_phage_MmP1_k4,phage
GGTA,295,Morganella_phage_MmP1_k4,phage
GTAT,223,Morganella_phage_MmP1_k4,phage
TATA,125,Morganella_phage_MmP1_k4,phage
TACT,121,Morganella_phage_MmP1_k4,phage
ACTT,184,Morganella_phage_MmP1_k4,phage
TAGA,93,Morganella_phage_MmP1_k4,phage
AGAG,173,Morganella_phage_MmP1_k4,phage
GAGG,298,Morganella_phage_MmP1_k4,phage
GGTT,241,Morganella_phage_MmP1_k4,phage
CTTT,160,Morganella_phage_MmP1_k4,phage
TTTA,124,Morganella_phage_MmP1_k4,phage
TAGT,70,Morganella_phage_MmP1_k4,phage
AGTA,139,Morganella_phage_MmP1_k4,phage
GTAA,251,Morganella_phage_MmP1_k4,phage
AACT,211,Morganella_phage_MmP1_k4,phage
ACTA,168,Morganella_phage_MmP1_k4,phage
CTAG,39,Morganella_phage_MmP1_k4,phage
TAGC,116,Morganella_phage_MmP1_k4,phage
AGCT,125,Morganella_phage_MmP1_k4,phage
GCTT,121,Morganella_phage_MmP1_k4,phage
TTAT,190,Morganella_phage_MmP1_k4,phage
GGTG,249,Morganella_phage_MmP1_k4,phage
GTGA,203,Morganella_phage_MmP1_k4,phage
TGAA,195,Morganella_phage_MmP1_k4,phage
GAAA,177,Morganella_phage_MmP1_k4,phage
AAAC,157,Morganella_phage_MmP1_k4,phage
TATT,139,Morganella_phage_MmP1_k4,phage
ATTG,158,Morganella_phage_MmP1_k4,phage
TTGA,217,Morganella_phage_MmP1_k4,phage
TGAG,318,Morganella_phage_MmP1_k4,phage
GGGG,68,Morganella_phage_MmP1_k4,phage
GGGA,123,Morganella_phage_MmP1_k4,phage
GGAT,148,Morganella_phage_MmP1_k4,phage
GATC,6,Morganella_phage_MmP1_k4,phage
GTTT,105,Morganella_phage_MmP1_k4,phage
TTTG,115,Morganella_phage_MmP1_k4,phage
TTGT,77,Morganella_phage_MmP1_k4,phage
TATG,291,Morganella_phage_MmP1_k4,phage
TGTG,133,Morganella_phage_MmP1_k4,phage
GTGT,121,Morganella_phage_MmP1_k4,phage
TTTC,75,Morganella_phage_MmP1_k4,phage
TTCC,132,Morganella_phage_MmP1_k4,phage
TCCT,132,Morganella_phage_MmP1_k4,phage
AGTG,117,Morganella_phage_MmP1_k4,phage
GTCC,62,Morganella_phage_MmP1_k4,phage
TTCT,128,Morganella_phage_MmP1_k4,phage
ATCC,118,Morganella_phage_MmP1_k4,phage
AGAC,207,Morganella_phage_MmP1_k4,phage
GACT,195,Morganella_phage_MmP1_k4,phage
ACTG,168,Morganella_phage_MmP1_k4,phage
CTGA,270,Morganella_phage_MmP1_k4,phage
GAGC,111,Morganella_phage_MmP1_k4,phage
AGCC,134,Morganella_phage_MmP1_k4,phage
ATCA,169,Morganella_phage_MmP1_k4,phage
TCAT,144,Morganella_phage_MmP1_k4,phage
CATT,167,Morganella_phage_MmP1_k4,phage
ATTA,182,Morganella_phage_MmP1_k4,phage
TGTA,123,Morganella_phage_MmP1_k4,phage
ATAA,206,Morganella_phage_MmP1_k4,phage
GGCC,60,Morganella_phage_MmP1_k4,phage
GCCA,97,Morganella_phage_MmP1_k4,phage
GACA,135,Morganella_phage_MmP1_k4,phage
ACAC,148,Morganella_phage_MmP1_k4,phage
CACA,126,Morganella_phage_MmP1_k4,phage
ACAG,183,Morganella_phage_MmP1_k4,phage
CAGC,186,Morganella_phage_MmP1_k4,phage
GACC,177,Morganella_phage_MmP1_k4,phage
AGAT,181,Morganella_phage_MmP1_k4,phage
ATAT,170,Morganella_phage_MmP1_k4,phage
AGTC,109,Morganella_phage_MmP1_k4,phage
GGAA,166,Morganella_phage_MmP1_k4,phage
AATG,160,Morganella_phage_MmP1_k4,phage
ATGA,302,Morganella_phage_MmP1_k4,phage
TAAT,144,Morganella_phage_MmP1_k4,phage
TCTT,142,Morganella_phage_MmP1_k4,phage
TAAA,193,Morganella_phage_MmP1_k4,phage
AAAT,95,Morganella_phage_MmP1_k4,phage
AATT,68,Morganella_phage_MmP1_k4,phage
ATTT,49,Morganella_phage_MmP1_k4,phage
TTTT,51,Morganella_phage_MmP1_k4,phage
CTTG,121,Morganella_phage_MmP1_k4,phage
TGAC,255,Morganella_phage_MmP1_k4,phage
GACG,109,Morganella_phage_MmP1_k4,phage
CGGT,190,Morganella_phage_MmP1_k4,phage
GTAC,129,Morganella_phage_MmP1_k4,phage
GATT,150,Morganella_phage_MmP1_k4,phage
ATTC,135,Morganella_phage_MmP1_k4,phage
TCCA,85,Morganella_phage_MmP1_k4,phage
CATC,134,Morganella_phage_MmP1_k4,phage
TCAG,252,Morganella_phage_MmP1_k4,phage
GGCG,61,Morganella_phage_MmP1_k4,phage
ACTC,148,Morganella_phage_MmP1_k4,phage
CAGT,145,Morganella_phage_MmP1_k4,phage
GTAG,133,Morganella_phage_MmP1_k4,phage
CCAG,86,Morganella_phage_MmP1_k4,phage
AGGC,172,Morganella_phage_MmP1_k4,phage
GCGT,118,Morganella_phage_MmP1_k4,phage
CGTA,179,Morganella_phage_MmP1_k4,phage
CGAA,68,Morganella_phage_MmP1_k4,phage
GAAG,187,Morganella_phage_MmP1_k4,phage
AAGA,295,Morganella_phage_MmP1_k4,phage
ACAA,169,Morganella_phage_MmP1_k4,phage
CAAC,133,Morganella_phage_MmP1_k4,phage
AACA,208,Morganella_phage_MmP1_k4,phage
AACG,173,Morganella_phage_MmP1_k4,phage
ACGC,106,Morganella_phage_MmP1_k4,phage
CGCT,165,Morganella_phage_MmP1_k4,phage
GAAC,209,Morganella_phage_MmP1_k4,phage
CACT,141,Morganella_phage_MmP1_k4,phage
TTCA,191,Morganella_phage_MmP1_k4,phage
CGCA,97,Morganella_phage_MmP1_k4,phage
GCAT,109,Morganella_phage_MmP1_k4,phage
AAGC,221,Morganella_phage_MmP1_k4,phage
AGCA,214,Morganella_phage_MmP1_k4,phage
GCAG,198,Morganella_phage_MmP1_k4,phage
GCAA,128,Morganella_phage_MmP1_k4,phage
TCCG,108,Morganella_phage_MmP1_k4,phage
CCGT,133,Morganella_phage_MmP1_k4,phage
CGTG,133,Morganella_phage_MmP1_k4,phage
TACA,178,Morganella_phage_MmP1_k4,phage
ACGT,153,Morganella_phage_MmP1_k4,phage
ACCG,152,Morganella_phage_MmP1_k4,phage
CCGA,70,Morganella_phage_MmP1_k4,phage
CGAC,40,Morganella_phage_MmP1_k4,phage
CAGA,205,Morganella_phage_MmP1_k4,phage
CATG,121,Morganella_phage_MmP1_k4,phage
TGCT,153,Morganella_phage_MmP1_k4,phage
GCTG,189,Morganella_phage_MmP1_k4,phage
GCGG,112,Morganella_phage_MmP1_k4,phage
TCGC,102,Morganella_phage_MmP1_k4,phage
ATGG,276,Morganella_phage_MmP1_k4,phage
TGGT,279,Morganella_phage_MmP1_k4,phage
GTGG,187,Morganella_phage_MmP1_k4,phage
TGGA,186,Morganella_phage_MmP1_k4,phage
CAGG,183,Morganella_phage_MmP1_k4,phage
GGAC,114,Morganella_phage_MmP1_k4,phage
CACC,122,Morganella_phage_MmP1_k4,phage
CTTC,95,Morganella_phage_MmP1_k4,phage
CCTG,164,Morganella_phage_MmP1_k4,phage
CGGG,54,Morganella_phage_MmP1_k4,phage
TTGG,105,Morganella_phage_MmP1_k4,phage
GCCG,84,Morganella_phage_MmP1_k4,phage
GTGC,121,Morganella_phage_MmP1_k4,phage
GCAC,108,Morganella_phage_MmP1_k4,phage
GCCC,54,Morganella_phage_MmP1_k4,phage
TCGG,64,Morganella_phage_MmP1_k4,phage
ACAT,147,Morganella_phage_MmP1_k4,phage
TGGC,158,Morganella_phage_MmP1_k4,phage
GGCA,120,Morganella_phage_MmP1_k4,phage
CTCC,71,Morganella_phage_MmP1_k4,phage
ATGC,161,Morganella_phage_MmP1_k4,phage
CAAG,207,Morganella_phage_MmP1_k4,phage
AGCG,161,Morganella_phage_MmP1_k4,phage
GCGC,81,Morganella_phage_MmP1_k4,phage
CTCG,84,Morganella_phage_MmP1_k4,phage
CGCG,46,Morganella_phage_MmP1_k4,phage
TCCC,58,Morganella_phage_MmP1_k4,phage
TGGG,133,Morganella_phage_MmP1_k4,phage
TGCA,112,Morganella_phage_MmP1_k4,phage
AAAA,62,Morganella_phage_MmP1_k4,phage
CGTC,77,Morganella_phage_MmP1_k4,phage
CCCG,35,Morganella_phage_MmP1_k4,phage
CCGC,84,Morganella_phage_MmP1_k4,phage
CCAC,53,Morganella_phage_MmP1_k4,phage
CCGG,92,Morganella_phage_MmP1_k4,phage
CTGG,188,Morganella_phage_MmP1_k4,phage
CGCC,65,Morganella_phage_MmP1_k4,phage
GTCG,65,Morganella_phage_MmP1_k4,phage
CGGA,89,Morganella_phage_MmP1_k4,phage
TAAA,299,proteusproteus_phage_PM75_k4,phage
AAAT,136,proteusproteus_phage_PM75_k4,phage
AATC,141,proteusproteus_phage_PM75_k4,phage
ATCT,136,proteusproteus_phage_PM75_k4,phage
TCTA,122,proteusproteus_phage_PM75_k4,phage
CTAG,302,proteusproteus_phage_PM75_k4,phage
TAGA,286,proteusproteus_phage_PM75_k4,phage
AGAC,199,proteusproteus_phage_PM75_k4,phage
GACA,98,proteusproteus_phage_PM75_k4,phage
ACAG,353,proteusproteus_phage_PM75_k4,phage
CAGA,283,proteusproteus_phage_PM75_k4,phage
AGAT,309,proteusproteus_phage_PM75_k4,phage
GATT,247,proteusproteus_phage_PM75_k4,phage
ATTA,317,proteusproteus_phage_PM75_k4,phage
TTAG,272,proteusproteus_phage_PM75_k4,phage
CAGT,268,proteusproteus_phage_PM75_k4,phage
AGTA,547,proteusproteus_phage_PM75_k4,phage
GTAT,296,proteusproteus_phage_PM75_k4,phage
TATA,142,proteusproteus_phage_PM75_k4,phage
ATAC,203,proteusproteus_phage_PM75_k4,phage
TACC,219,proteusproteus_phage_PM75_k4,phage
ACCT,203,proteusproteus_phage_PM75_k4,phage
CCTA,249,proteusproteus_phage_PM75_k4,phage
CTAT,189,proteusproteus_phage_PM75_k4,phage
TATT,228,proteusproteus_phage_PM75_k4,phage
ATTG,178,proteusproteus_phage_PM75_k4,phage
TTGA,236,proteusproteus_phage_PM75_k4,phage
TGAA,239,proteusproteus_phage_PM75_k4,phage
GAAT,172,proteusproteus_phage_PM75_k4,phage
AATT,144,proteusproteus_phage_PM75_k4,phage
ACAA,312,proteusproteus_phage_PM75_k4,phage
CAAT,132,proteusproteus_phage_PM75_k4,phage
ATTT,127,proteusproteus_phage_PM75_k4,phage
TTTA,238,proteusproteus_phage_PM75_k4,phage
TTAT,221,proteusproteus_phage_PM75_k4,phage
TATC,211,proteusproteus_phage_PM75_k4,phage
ATCA,157,proteusproteus_phage_PM75_k4,phage
TCAA,171,proteusproteus_phage_PM75_k4,phage
AATA,186,proteusproteus_phage_PM75_k4,phage
ATAT,135,proteusproteus_phage_PM75_k4,phage
TCAT,115,proteusproteus_phage_PM75_k4,phage
CATA,84,proteusproteus_phage_PM75_k4,phage
ATAA,190,proteusproteus_phage_PM75_k4,phage
TAAT,286,proteusproteus_phage_PM75_k4,phage
TATG,260,proteusproteus_phage_PM75_k4,phage
ATGA,287,proteusproteus_phage_PM75_k4,phage
TGAT,297,proteusproteus_phage_PM75_k4,phage
TTAC,287,proteusproteus_phage_PM75_k4,phage
TACT,418,proteusproteus_phage_PM75_k4,phage
ACTT,252,proteusproteus_phage_PM75_k4,phage
CTTC,70,proteusproteus_phage_PM75_k4,phage
TTCT,171,proteusproteus_phage_PM75_k4,phage
TCTT,156,proteusproteus_phage_PM75_k4,phage
CTTG,130,proteusproteus_phage_PM75_k4,phage
TTGT,173,proteusproteus_phage_PM75_k4,phage
TGTA,352,proteusproteus_phage_PM75_k4,phage
GTAA,238,proteusproteus_phage_PM75_k4,phage
TAAG,284,proteusproteus_phage_PM75_k4,phage
AAGG,278,proteusproteus_phage_PM75_k4,phage
AGGT,329,proteusproteus_phage_PM75_k4,phage
GGTA,383,proteusproteus_phage_PM75_k4,phage
GTAC,628,proteusproteus_phage_PM75_k4,phage
ACTG,226,proteusproteus_phage_PM75_k4,phage
CTGT,200,proteusproteus_phage_PM75_k4,phage
TGTT,198,proteusproteus_phage_PM75_k4,phage
GTTT,152,proteusproteus_phage_PM75_k4,phage
TTTT,73,proteusproteus_phage_PM75_k4,phage
TTTG,151,proteusproteus_phage_PM75_k4,phage
CTAA,288,proteusproteus_phage_PM75_k4,phage
AAAG,292,proteusproteus_phage_PM75_k4,phage
AAGT,273,proteusproteus_phage_PM75_k4,phage
GTAG,263,proteusproteus_phage_PM75_k4,phage
TAGG,235,proteusproteus_phage_PM75_k4,phage
AGGA,196,proteusproteus_phage_PM75_k4,phage
GGAT,155,proteusproteus_phage_PM75_k4,phage
GTTC,214,proteusproteus_phage_PM75_k4,phage
TTCA,188,proteusproteus_phage_PM75_k4,phage
CAAC,151,proteusproteus_phage_PM75_k4,phage
AACA,252,proteusproteus_phage_PM75_k4,phage
TCTG,149,proteusproteus_phage_PM75_k4,phage
CTGA,221,proteusproteus_phage_PM75_k4,phage
TGAG,231,proteusproteus_phage_PM75_k4,phage
GAGC,133,proteusproteus_phage_PM75_k4,phage
AGCT,236,proteusproteus_phage_PM75_k4,phage
GCTA,267,proteusproteus_phage_PM75_k4,phage
AACC,135,proteusproteus_phage_PM75_k4,phage
ACCA,176,proteusproteus_phage_PM75_k4,phage
CCAC,62,proteusproteus_phage_PM75_k4,phage
CACG,50,proteusproteus_phage_PM75_k4,phage
ACGT,155,proteusproteus_phage_PM75_k4,phage
CGTA,143,proteusproteus_phage_PM75_k4,phage
AGAA,351,proteusproteus_phage_PM75_k4,phage
AATG,255,proteusproteus_phage_PM75_k4,phage
GAAA,147,proteusproteus_phage_PM75_k4,phage
GATA,264,proteusproteus_phage_PM75_k4,phage
TACA,508,proteusproteus_phage_PM75_k4,phage
ACAC,227,proteusproteus_phage_PM75_k4,phage
CACA,201,proteusproteus_phage_PM75_k4,phage
ACAT,167,proteusproteus_phage_PM75_k4,phage
CATT,166,proteusproteus_phage_PM75_k4,phage
ATGG,240,proteusproteus_phage_PM75_k4,phage
TGGA,128,proteusproteus_phage_PM75_k4,phage
GGAA,119,proteusproteus_phage_PM75_k4,phage
ATGT,170,proteusproteus_phage_PM75_k4,phage
ACTA,317,proteusproteus_phage_PM75_k4,phage
TACG,149,proteusproteus_phage_PM75_k4,phage
ACGA,80,proteusproteus_phage_PM75_k4,phage
CGAA,42,proteusproteus_phage_PM75_k4,phage
GAAG,255,proteusproteus_phage_PM75_k4,phage
AAGA,391,proteusproteus_phage_PM75_k4,phage
GAGT,266,proteusproteus_phage_PM75_k4,phage
ATCG,33,proteusproteus_phage_PM75_k4,phage
TCGT,52,proteusproteus_phage_PM75_k4,phage
TAGC,163,proteusproteus_phage_PM75_k4,phage
AGCC,90,proteusproteus_phage_PM75_k4,phage
GCCC,46,proteusproteus_phage_PM75_k4,phage
CCCA,106,proteusproteus_phage_PM75_k4,phage
CCAA,144,proteusproteus_phage_PM75_k4,phage
TGAC,149,proteusproteus_phage_PM75_k4,phage
AGTG,203,proteusproteus_phage_PM75_k4,phage
GTGT,221,proteusproteus_phage_PM75_k4,phage
TGTC,66,proteusproteus_phage_PM75_k4,phage
GTCC,60,proteusproteus_phage_PM75_k4,phage
TCCT,133,proteusproteus_phage_PM75_k4,phage
AGGG,197,proteusproteus_phage_PM75_k4,phage
GGGT,216,proteusproteus_phage_PM75_k4,phage
TCTC,78,proteusproteus_phage_PM75_k4,phage
CTCT,128,proteusproteus_phage_PM75_k4,phage
CTTA,296,proteusproteus_phage_PM75_k4,phage
TAGT,301,proteusproteus_phage_PM75_k4,phage
AGTT,270,proteusproteus_phage_PM75_k4,phage
GTTA,274,proteusproteus_phage_PM75_k4,phage
CTTT,179,proteusproteus_phage_PM75_k4,phage
ACTC,142,proteusproteus_phage_PM75_k4,phage
TTAA,345,proteusproteus_phage_PM75_k4,phage
GGTT,264,proteusproteus_phage_PM75_k4,phage
TCAG,202,proteusproteus_phage_PM75_k4,phage
ATAG,148,proteusproteus_phage_PM75_k4,phage
GGTG,255,proteusproteus_phage_PM75_k4,phage
GTGG,166,proteusproteus_phage_PM75_k4,phage
TGGT,338,proteusproteus_phage_PM75_k4,phage
AGAG,331,proteusproteus_phage_PM75_k4,phage
GAGG,149,proteusproteus_phage_PM75_k4,phage
GGAC,60,proteusproteus_phage_PM75_k4,phage
GACT,167,proteusproteus_phage_PM75_k4,phage
CTCC,73,proteusproteus_phage_PM75_k4,phage
TCCC,78,proteusproteus_phage_PM75_k4,phage
CCCT,112,proteusproteus_phage_PM75_k4,phage
AGGC,116,proteusproteus_phage_PM75_k4,phage
GGCG,32,proteusproteus_phage_PM75_k4,phage
GCGA,26,proteusproteus_phage_PM75_k4,phage
CGAT,39,proteusproteus_phage_PM75_k4,phage
GCCT,62,proteusproteus_phage_PM75_k4,phage
GGAG,141,proteusproteus_phage_PM75_k4,phage
AGTC,87,proteusproteus_phage_PM75_k4,phage
CCTT,125,proteusproteus_phage_PM75_k4,phage
TTGG,139,proteusproteus_phage_PM75_k4,phage
TAAC,193,proteusproteus_phage_PM75_k4,phage
AACT,199,proteusproteus_phage_PM75_k4,phage
GTGA,172,proteusproteus_phage_PM75_k4,phage
GTGC,144,proteusproteus_phage_PM75_k4,phage
TGCT,273,proteusproteus_phage_PM75_k4,phage
GCTC,98,proteusproteus_phage_PM75_k4,phage
CTCA,149,proteusproteus_phage_PM75_k4,phage
GTCT,70,proteusproteus_phage_PM75_k4,phage
TCAC,89,proteusproteus_phage_PM75_k4,phage
CACT,153,proteusproteus_phage_PM75_k4,phage
CAAG,317,proteusproteus_phage_PM75_k4,phage
AAGC,206,proteusproteus_phage_PM75_k4,phage
TCCG,48,proteusproteus_phage_PM75_k4,phage
CCGG,15,proteusproteus_phage_PM75_k4,phage
CGGG,40,proteusproteus_phage_PM75_k4,phage
GTTG,166,proteusproteus_phage_PM75_k4,phage
ATTC,163,proteusproteus_phage_PM75_k4,phage
TGTG,148,proteusproteus_phage_PM75_k4,phage
TGCG,43,proteusproteus_phage_PM75_k4,phage
CGAC,18,proteusproteus_phage_PM75_k4,phage
CTAC,176,proteusproteus_phage_PM75_k4,phage
CCCC,71,proteusproteus_phage_PM75_k4,phage
CAGG,176,proteusproteus_phage_PM75_k4,phage
TTCG,53,proteusproteus_phage_PM75_k4,phage
TCGA,27,proteusproteus_phage_PM75_k4,phage
AGCA,234,proteusproteus_phage_PM75_k4,phage
GCAC,139,proteusproteus_phage_PM75_k4,phage
ATCC,129,proteusproteus_phage_PM75_k4,phage
TCCA,107,proteusproteus_phage_PM75_k4,phage
CCAT,83,proteusproteus_phage_PM75_k4,phage
GACC,100,proteusproteus_phage_PM75_k4,phage
TTCC,104,proteusproteus_phage_PM75_k4,phage
ACGG,81,proteusproteus_phage_PM75_k4,phage
CGGA,39,proteusproteus_phage_PM75_k4,phage
GTCG,24,proteusproteus_phage_PM75_k4,phage
TCGG,36,proteusproteus_phage_PM75_k4,phage
CGGT,67,proteusproteus_phage_PM75_k4,phage
AAAA,96,proteusproteus_phage_PM75_k4,phage
CTGC,102,proteusproteus_phage_PM75_k4,phage
TGCA,163,proteusproteus_phage_PM75_k4,phage
CACC,113,proteusproteus_phage_PM75_k4,phage
CATC,88,proteusproteus_phage_PM75_k4,phage
GAAC,177,proteusproteus_phage_PM75_k4,phage
AAAC,161,proteusproteus_phage_PM75_k4,phage
CCTC,59,proteusproteus_phage_PM75_k4,phage
GCGT,74,proteusproteus_phage_PM75_k4,phage
CGTG,97,proteusproteus_phage_PM75_k4,phage
GCTT,142,proteusproteus_phage_PM75_k4,phage
GCAT,90,proteusproteus_phage_PM75_k4,phage
GGTC,48,proteusproteus_phage_PM75_k4,phage
GTCA,83,proteusproteus_phage_PM75_k4,phage
CAGC,135,proteusproteus_phage_PM75_k4,phage
AGCG,77,proteusproteus_phage_PM75_k4,phage
GATG,274,proteusproteus_phage_PM75_k4,phage
ATGC,209,proteusproteus_phage_PM75_k4,phage
GCGC,31,proteusproteus_phage_PM75_k4,phage
CGCT,62,proteusproteus_phage_PM75_k4,phage
CCTG,77,proteusproteus_phage_PM75_k4,phage
CGTT,74,proteusproteus_phage_PM75_k4,phage
TTTC,69,proteusproteus_phage_PM75_k4,phage
GAGA,230,proteusproteus_phage_PM75_k4,phage
CCAG,148,proteusproteus_phage_PM75_k4,phage
CGCG,10,proteusproteus_phage_PM75_k4,phage
CTGG,164,proteusproteus_phage_PM75_k4,phage
TTGC,77,proteusproteus_phage_PM75_k4,phage
GCTG,235,proteusproteus_phage_PM75_k4,phage
TGGG,150,proteusproteus_phage_PM75_k4,phage
GGGC,59,proteusproteus_phage_PM75_k4,phage
GGCC,8,proteusproteus_phage_PM75_k4,phage
GCCG,14,proteusproteus_phage_PM75_k4,phage
CCGC,31,proteusproteus_phage_PM75_k4,phage
AACG,96,proteusproteus_phage_PM75_k4,phage
CGGC,17,proteusproteus_phage_PM75_k4,phage
GGCT,171,proteusproteus_phage_PM75_k4,phage
CAAA,143,proteusproteus_phage_PM75_k4,phage
CCGT,69,proteusproteus_phage_PM75_k4,phage
GCAG,159,proteusproteus_phage_PM75_k4,phage
ACCC,129,proteusproteus_phage_PM75_k4,phage
GGGA,112,proteusproteus_phage_PM75_k4,phage
TGCC,53,proteusproteus_phage_PM75_k4,phage
CCCG,35,proteusproteus_phage_PM75_k4,phage
CCGA,41,proteusproteus_phage_PM75_k4,phage
CGAG,75,proteusproteus_phage_PM75_k4,phage
GGGG,128,proteusproteus_phage_PM75_k4,phage
CGTC,36,proteusproteus_phage_PM75_k4,phage
GGCA,74,proteusproteus_phage_PM75_k4,phage
CATG,117,proteusproteus_phage_PM75_k4,phage
GCGG,31,proteusproteus_phage_PM75_k4,phage
GCCA,48,proteusproteus_phage_PM75_k4,phage
TCGC,22,proteusproteus_phage_PM75_k4,phage
CGCA,33,proteusproteus_phage_PM75_k4,phage
GACG,61,proteusproteus_phage_PM75_k4,phage
GATC,15,proteusproteus_phage_PM75_k4,phage
ACCG,59,proteusproteus_phage_PM75_k4,phage
GCAA,116,proteusproteus_phage_PM75_k4,phage
TGGC,93,proteusproteus_phage_PM75_k4,phage
ACGC,40,proteusproteus_phage_PM75_k4,phage
CGCC,19,proteusproteus_phage_PM75_k4,phage
CTCG,27,proteusproteus_phage_PM75_k4,phage
CCTT,296,Pseudomonas_phage_PB1_k4,phage
CTTC,597,Pseudomonas_phage_PB1_k4,phage
TTCT,401,Pseudomonas_phage_PB1_k4,phage
TCTC,183,Pseudomonas_phage_PB1_k4,phage
CTCT,210,Pseudomonas_phage_PB1_k4,phage
TCTT,381,Pseudomonas_phage_PB1_k4,phage
TTCG,585,Pseudomonas_phage_PB1_k4,phage
TCGT,273,Pseudomonas_phage_PB1_k4,phage
CGTC,378,Pseudomonas_phage_PB1_k4,phage
GTCC,242,Pseudomonas_phage_PB1_k4,phage
TCCC,175,Pseudomonas_phage_PB1_k4,phage
CCCA,238,Pseudomonas_phage_PB1_k4,phage
CCAG,499,Pseudomonas_phage_PB1_k4,phage
CAGC,377,Pseudomonas_phage_PB1_k4,phage
AGCA,216,Pseudomonas_phage_PB1_k4,phage
GCAG,318,Pseudomonas_phage_PB1_k4,phage
CAGA,345,Pseudomonas_phage_PB1_k4,phage
AGAG,187,Pseudomonas_phage_PB1_k4,phage
GAGG,190,Pseudomonas_phage_PB1_k4,phage
AGGC,331,Pseudomonas_phage_PB1_k4,phage
GGCT,295,Pseudomonas_phage_PB1_k4,phage
GCTA,124,Pseudomonas_phage_PB1_k4,phage
CTAT,139,Pseudomonas_phage_PB1_k4,phage
TATC,171,Pseudomonas_phage_PB1_k4,phage
ATCT,212,Pseudomonas_phage_PB1_k4,phage
TCTG,377,Pseudomonas_phage_PB1_k4,phage
CTGC,315,Pseudomonas_phage_PB1_k4,phage
TGCT,248,Pseudomonas_phage_PB1_k4,phage
ATCG,402,Pseudomonas_phage_PB1_k4,phage
TCGG,454,Pseudomonas_phage_PB1_k4,phage
CGGC,705,Pseudomonas_phage_PB1_k4,phage
GGCC,534,Pseudomonas_phage_PB1_k4,phage
GCCA,403,Pseudomonas_phage_PB1_k4,phage
AGAA,307,Pseudomonas_phage_PB1_k4,phage
GAAC,383,Pseudomonas_phage_PB1_k4,phage
AACT,271,Pseudomonas_phage_PB1_k4,phage
ACTT,233,Pseudomonas_phage_PB1_k4,phage
CTTT,267,Pseudomonas_phage_PB1_k4,phage
TTTC,396,Pseudomonas_phage_PB1_k4,phage
TCGA,508,Pseudomonas_phage_PB1_k4,phage
CGAA,522,Pseudomonas_phage_PB1_k4,phage
GAAA,344,Pseudomonas_phage_PB1_k4,phage
AAAC,185,Pseudomonas_phage_PB1_k4,phage
ACTG,206,Pseudomonas_phage_PB1_k4,phage
CTGG,449,Pseudomonas_phage_PB1_k4,phage
TGGG,207,Pseudomonas_phage_PB1_k4,phage
GGGA,205,Pseudomonas_phage_PB1_k4,phage
GGAG,206,Pseudomonas_phage_PB1_k4,phage
AGGT,150,Pseudomonas_phage_PB1_k4,phage
GGTG,228,Pseudomonas_phage_PB1_k4,phage
GTGC,141,Pseudomonas_phage_PB1_k4,phage
GCTG,336,Pseudomonas_phage_PB1_k4,phage
CTGA,285,Pseudomonas_phage_PB1_k4,phage
TGAC,223,Pseudomonas_phage_PB1_k4,phage
GACG,380,Pseudomonas_phage_PB1_k4,phage
ACGC,241,Pseudomonas_phage_PB1_k4,phage
CGCT,311,Pseudomonas_phage_PB1_k4,phage
GCTT,318,Pseudomonas_phage_PB1_k4,phage
CTTA,102,Pseudomonas_phage_PB1_k4,phage
TTAC,97,Pseudomonas_phage_PB1_k4,phage
TACA,150,Pseudomonas_phage_PB1_k4,phage
ACAT,212,Pseudomonas_phage_PB1_k4,phage
CATC,417,Pseudomonas_phage_PB1_k4,phage
ATCC,288,Pseudomonas_phage_PB1_k4,phage
TCCA,398,Pseudomonas_phage_PB1_k4,phage
CCAC,198,Pseudomonas_phage_PB1_k4,phage
CACT,121,Pseudomonas_phage_PB1_k4,phage
ACTA,104,Pseudomonas_phage_PB1_k4,phage
CTAG,64,Pseudomonas_phage_PB1_k4,phage
TAGG,86,Pseudomonas_phage_PB1_k4,phage
AGGA,266,Pseudomonas_phage_PB1_k4,phage
GGAC,282,Pseudomonas_phage_PB1_k4,phage
ACGA,265,Pseudomonas_phage_PB1_k4,phage
CGAT,480,Pseudomonas_phage_PB1_k4,phage
GATT,333,Pseudomonas_phage_PB1_k4,phage
ATTT,268,Pseudomonas_phage_PB1_k4,phage
TTCA,339,Pseudomonas_phage_PB1_k4,phage
TCAC,208,Pseudomonas_phage_PB1_k4,phage
CACC,255,Pseudomonas_phage_PB1_k4,phage
ACCC,163,Pseudomonas_phage_PB1_k4,phage
CACG,163,Pseudomonas_phage_PB1_k4,phage
CGAC,433,Pseudomonas_phage_PB1_k4,phage
GACT,272,Pseudomonas_phage_PB1_k4,phage
CGAG,281,Pseudomonas_phage_PB1_k4,phage
GAGC,308,Pseudomonas_phage_PB1_k4,phage
AGCT,249,Pseudomonas_phage_PB1_k4,phage
CTTG,262,Pseudomonas_phage_PB1_k4,phage
TTGA,273,Pseudomonas_phage_PB1_k4,phage
TGAA,298,Pseudomonas_phage_PB1_k4,phage
ACGT,160,Pseudomonas_phage_PB1_k4,phage
GTCA,273,Pseudomonas_phage_PB1_k4,phage
ACCG,317,Pseudomonas_phage_PB1_k4,phage
CCGT,250,Pseudomonas_phage_PB1_k4,phage
GTCG,448,Pseudomonas_phage_PB1_k4,phage
GATG,485,Pseudomonas_phage_PB1_k4,phage
ATGC,255,Pseudomonas_phage_PB1_k4,phage
CTGT,181,Pseudomonas_phage_PB1_k4,phage
TGTT,168,Pseudomonas_phage_PB1_k4,phage
GTTG,236,Pseudomonas_phage_PB1_k4,phage
AAAG,253,Pseudomonas_phage_PB1_k4,phage
AAGG,272,Pseudomonas_phage_PB1_k4,phage
AGGG,166,Pseudomonas_phage_PB1_k4,phage
GGAT,312,Pseudomonas_phage_PB1_k4,phage
ATTG,193,Pseudomonas_phage_PB1_k4,phage
TTGG,273,Pseudomonas_phage_PB1_k4,phage
TGGC,419,Pseudomonas_phage_PB1_k4,phage
TGGA,438,Pseudomonas_phage_PB1_k4,phage
GACA,213,Pseudomonas_phage_PB1_k4,phage
ACAC,116,Pseudomonas_phage_PB1_k4,phage
ACAA,201,Pseudomonas_phage_PB1_k4,phage
CAAT,222,Pseudomonas_phage_PB1_k4,phage
AATT,221,Pseudomonas_phage_PB1_k4,phage
ATTC,391,Pseudomonas_phage_PB1_k4,phage
CTCC,228,Pseudomonas_phage_PB1_k4,phage
TCCT,263,Pseudomonas_phage_PB1_k4,phage
CCTG,311,Pseudomonas_phage_PB1_k4,phage
TGTG,123,Pseudomonas_phage_PB1_k4,phage
GTGA,197,Pseudomonas_phage_PB1_k4,phage
GAAT,318,Pseudomonas_phage_PB1_k4,phage
AATG,240,Pseudomonas_phage_PB1_k4,phage
ATGG,381,Pseudomonas_phage_PB1_k4,phage
GGCG,595,Pseudomonas_phage_PB1_k4,phage
GCGC,499,Pseudomonas_phage_PB1_k4,phage
CGCG,485,Pseudomonas_phage_PB1_k4,phage
GCGA,529,Pseudomonas_phage_PB1_k4,phage
GACC,297,Pseudomonas_phage_PB1_k4,phage
ACCA,282,Pseudomonas_phage_PB1_k4,phage
CCAA,297,Pseudomonas_phage_PB1_k4,phage
CAAC,337,Pseudomonas_phage_PB1_k4,phage
AACC,242,Pseudomonas_phage_PB1_k4,phage
CCGG,454,Pseudomonas_phage_PB1_k4,phage
GCCG,651,Pseudomonas_phage_PB1_k4,phage
CCGC,366,Pseudomonas_phage_PB1_k4,phage
CGCC,524,Pseudomonas_phage_PB1_k4,phage
GCCT,320,Pseudomonas_phage_PB1_k4,phage
TGAT,375,Pseudomonas_phage_PB1_k4,phage
ATGA,333,Pseudomonas_phage_PB1_k4,phage
ATTA,91,Pseudomonas_phage_PB1_k4,phage
TACT,111,Pseudomonas_phage_PB1_k4,phage
ACTC,232,Pseudomonas_phage_PB1_k4,phage
TCGC,528,Pseudomonas_phage_PB1_k4,phage
TCCG,338,Pseudomonas_phage_PB1_k4,phage
GCTC,325,Pseudomonas_phage_PB1_k4,phage
CTCA,180,Pseudomonas_phage_PB1_k4,phage
TCAG,295,Pseudomonas_phage_PB1_k4,phage
AGCC,300,Pseudomonas_phage_PB1_k4,phage
GAAG,517,Pseudomonas_phage_PB1_k4,phage
AAAT,236,Pseudomonas_phage_PB1_k4,phage
ACCT,156,Pseudomonas_phage_PB1_k4,phage
TTAG,61,Pseudomonas_phage_PB1_k4,phage
TAGA,92,Pseudomonas_phage_PB1_k4,phage
AGAC,224,Pseudomonas_phage_PB1_k4,phage
CTCG,328,Pseudomonas_phage_PB1_k4,phage
AATC,291,Pseudomonas_phage_PB1_k4,phage
AAGC,278,Pseudomonas_phage_PB1_k4,phage
TCAT,310,Pseudomonas_phage_PB1_k4,phage
TGTC,235,Pseudomonas_phage_PB1_k4,phage
ATGT,212,Pseudomonas_phage_PB1_k4,phage
CCAT,327,Pseudomonas_phage_PB1_k4,phage
CGGA,326,Pseudomonas_phage_PB1_k4,phage
GGAA,435,Pseudomonas_phage_PB1_k4,phage
TGCC,248,Pseudomonas_phage_PB1_k4,phage
GCCC,232,Pseudomonas_phage_PB1_k4,phage
GAGT,202,Pseudomonas_phage_PB1_k4,phage
AGTC,242,Pseudomonas_phage_PB1_k4,phage
GTCT,208,Pseudomonas_phage_PB1_k4,phage
CGTT,290,Pseudomonas_phage_PB1_k4,phage
GTTC,357,Pseudomonas_phage_PB1_k4,phage
TTCC,416,Pseudomonas_phage_PB1_k4,phage
CACA,117,Pseudomonas_phage_PB1_k4,phage
ACAG,180,Pseudomonas_phage_PB1_k4,phage
CAGT,205,Pseudomonas_phage_PB1_k4,phage
AGTT,214,Pseudomonas_phage_PB1_k4,phage
GGCA,274,Pseudomonas_phage_PB1_k4,phage
GCAT,236,Pseudomonas_phage_PB1_k4,phage
CATT,220,Pseudomonas_phage_PB1_k4,phage
GATA,219,Pseudomonas_phage_PB1_k4,phage
ATAG,133,Pseudomonas_phage_PB1_k4,phage
TAGC,122,Pseudomonas_phage_PB1_k4,phage
CGGT,300,Pseudomonas_phage_PB1_k4,phage
GGTT,204,Pseudomonas_phage_PB1_k4,phage
CAGG,365,Pseudomonas_phage_PB1_k4,phage
TGCG,306,Pseudomonas_phage_PB1_k4,phage
GCGG,409,Pseudomonas_phage_PB1_k4,phage
GGTC,316,Pseudomonas_phage_PB1_k4,phage
CATA,161,Pseudomonas_phage_PB1_k4,phage
TAGT,73,Pseudomonas_phage_PB1_k4,phage
AAGA,328,Pseudomonas_phage_PB1_k4,phage
AAGT,232,Pseudomonas_phage_PB1_k4,phage
TTGC,220,Pseudomonas_phage_PB1_k4,phage
CCGA,414,Pseudomonas_phage_PB1_k4,phage
ATAT,205,Pseudomonas_phage_PB1_k4,phage
TATT,169,Pseudomonas_phage_PB1_k4,phage
GATC,343,Pseudomonas_phage_PB1_k4,phage
TTTT,194,Pseudomonas_phage_PB1_k4,phage
CCCC,80,Pseudomonas_phage_PB1_k4,phage
CCCT,154,Pseudomonas_phage_PB1_k4,phage
TTAT,107,Pseudomonas_phage_PB1_k4,phage
TTTG,250,Pseudomonas_phage_PB1_k4,phage
GTTT,209,Pseudomonas_phage_PB1_k4,phage
TTGT,175,Pseudomonas_phage_PB1_k4,phage
TGTA,139,Pseudomonas_phage_PB1_k4,phage
GTAC,113,Pseudomonas_phage_PB1_k4,phage
TGAG,192,Pseudomonas_phage_PB1_k4,phage
GGGT,156,Pseudomonas_phage_PB1_k4,phage
GTGG,227,Pseudomonas_phage_PB1_k4,phage
TGGT,266,Pseudomonas_phage_PB1_k4,phage
GGGC,243,Pseudomonas_phage_PB1_k4,phage
ATCA,320,Pseudomonas_phage_PB1_k4,phage
CGCA,314,Pseudomonas_phage_PB1_k4,phage
CCTC,206,Pseudomonas_phage_PB1_k4,phage
AGCG,320,Pseudomonas_phage_PB1_k4,phage
GCGT,269,Pseudomonas_phage_PB1_k4,phage
AGTG,127,Pseudomonas_phage_PB1_k4,phage
GTGT,97,Pseudomonas_phage_PB1_k4,phage
GAGA,166,Pseudomonas_phage_PB1_k4,phage
AGAT,213,Pseudomonas_phage_PB1_k4,phage
TATG,169,Pseudomonas_phage_PB1_k4,phage
AGTA,129,Pseudomonas_phage_PB1_k4,phage
GTAA,128,Pseudomonas_phage_PB1_k4,phage
TAAA,94,Pseudomonas_phage_PB1_k4,phage
AATA,123,Pseudomonas_phage_PB1_k4,phage
TCAA,299,Pseudomonas_phage_PB1_k4,phage
CAAA,236,Pseudomonas_phage_PB1_k4,phage
CATG,287,Pseudomonas_phage_PB1_k4,phage
CGTG,184,Pseudomonas_phage_PB1_k4,phage
GGTA,124,Pseudomonas_phage_PB1_k4,phage
GTAT,136,Pseudomonas_phage_PB1_k4,phage
ATAC,141,Pseudomonas_phage_PB1_k4,phage
TACC,124,Pseudomonas_phage_PB1_k4,phage
CGGG,231,Pseudomonas_phage_PB1_k4,phage
TCTA,90,Pseudomonas_phage_PB1_k4,phage
CTAA,62,Pseudomonas_phage_PB1_k4,phage
TAAT,99,Pseudomonas_phage_PB1_k4,phage
GTTA,74,Pseudomonas_phage_PB1_k4,phage
TATA,78,Pseudomonas_phage_PB1_k4,phage
TACG,100,Pseudomonas_phage_PB1_k4,phage
ACGG,246,Pseudomonas_phage_PB1_k4,phage
AACA,229,Pseudomonas_phage_PB1_k4,phage
TTAA,100,Pseudomonas_phage_PB1_k4,phage
TAAC,106,Pseudomonas_phage_PB1_k4,phage
ATAA,102,Pseudomonas_phage_PB1_k4,phage
AAAA,173,Pseudomonas_phage_PB1_k4,phage
AACG,269,Pseudomonas_phage_PB1_k4,phage
CCTA,81,Pseudomonas_phage_PB1_k4,phage
TGCA,129,Pseudomonas_phage_PB1_k4,phage
GCAC,134,Pseudomonas_phage_PB1_k4,phage
CCCG,178,Pseudomonas_phage_PB1_k4,phage
TTTA,98,Pseudomonas_phage_PB1_k4,phage
CAAG,247,Pseudomonas_phage_PB1_k4,phage
CTAC,134,Pseudomonas_phage_PB1_k4,phage
CGTA,100,Pseudomonas_phage_PB1_k4,phage
GCAA,245,Pseudomonas_phage_PB1_k4,phage
TAAG,93,Pseudomonas_phage_PB1_k4,phage
GTAG,115,Pseudomonas_phage_PB1_k4,phage
GGGG,101,Pseudomonas_phage_PB1_k4,phage
GTAA,173,Serratia_phage_SM9-3Y_k4,phage
TAAC,179,Serratia_phage_SM9-3Y_k4,phage
AACG,198,Serratia_phage_SM9-3Y_k4,phage
ACGA,180,Serratia_phage_SM9-3Y_k4,phage
CGAT,178,Serratia_phage_SM9-3Y_k4,phage
GATG,335,Serratia_phage_SM9-3Y_k4,phage
ATGA,260,Serratia_phage_SM9-3Y_k4,phage
TGAC,255,Serratia_phage_SM9-3Y_k4,phage
GACC,223,Serratia_phage_SM9-3Y_k4,phage
ACCC,146,Serratia_phage_SM9-3Y_k4,phage
CCCG,113,Serratia_phage_SM9-3Y_k4,phage
CCGT,170,Serratia_phage_SM9-3Y_k4,phage
CGTG,222,Serratia_phage_SM9-3Y_k4,phage
GTGA,249,Serratia_phage_SM9-3Y_k4,phage
TGAT,222,Serratia_phage_SM9-3Y_k4,phage
ATGC,183,Serratia_phage_SM9-3Y_k4,phage
TGCG,159,Serratia_phage_SM9-3Y_k4,phage
GCGT,153,Serratia_phage_SM9-3Y_k4,phage
GTGG,245,Serratia_phage_SM9-3Y_k4,phage
TGGA,221,Serratia_phage_SM9-3Y_k4,phage
GGAA,204,Serratia_phage_SM9-3Y_k4,phage
GAAC,256,Serratia_phage_SM9-3Y_k4,phage
ATGT,92,Serratia_phage_SM9-3Y_k4,phage
TGTT,132,Serratia_phage_SM9-3Y_k4,phage
GTTA,121,Serratia_phage_SM9-3Y_k4,phage
TTAG,66,Serratia_phage_SM9-3Y_k4,phage
TAGC,81,Serratia_phage_SM9-3Y_k4,phage
AGCG,198,Serratia_phage_SM9-3Y_k4,phage
GCGC,172,Serratia_phage_SM9-3Y_k4,phage
CGCG,95,Serratia_phage_SM9-3Y_k4,phage
CGTA,142,Serratia_phage_SM9-3Y_k4,phage
GTAC,133,Serratia_phage_SM9-3Y_k4,phage
TACA,143,Serratia_phage_SM9-3Y_k4,phage
ACAT,164,Serratia_phage_SM9-3Y_k4,phage
CATT,178,Serratia_phage_SM9-3Y_k4,phage
ATTG,182,Serratia_phage_SM9-3Y_k4,phage
TTGA,196,Serratia_phage_SM9-3Y_k4,phage
GATA,138,Serratia_phage_SM9-3Y_k4,phage
ATAA,108,Serratia_phage_SM9-3Y_k4,phage
TAAG,232,Serratia_phage_SM9-3Y_k4,phage
AAGC,277,Serratia_phage_SM9-3Y_k4,phage
AGCT,140,Serratia_phage_SM9-3Y_k4,phage
GCTG,347,Serratia_phage_SM9-3Y_k4,phage
CTGG,283,Serratia_phage_SM9-3Y_k4,phage
GGAG,190,Serratia_phage_SM9-3Y_k4,phage
GAGA,238,Serratia_phage_SM9-3Y_k4,phage
AGAA,271,Serratia_phage_SM9-3Y_k4,phage
GAAA,180,Serratia_phage_SM9-3Y_k4,phage
AAAG,231,Serratia_phage_SM9-3Y_k4,phage
AAGA,319,Serratia_phage_SM9-3Y_k4,phage
AGAC,222,Serratia_phage_SM9-3Y_k4,phage
ACCT,179,Serratia_phage_SM9-3Y_k4,phage
CCTA,141,Serratia_phage_SM9-3Y_k4,phage
CTAG,43,Serratia_phage_SM9-3Y_k4,phage
TAGA,76,Serratia_phage_SM9-3Y_k4,phage
AGAG,152,Serratia_phage_SM9-3Y_k4,phage
GAGT,198,Serratia_phage_SM9-3Y_k4,phage
AGTT,143,Serratia_phage_SM9-3Y_k4,phage
GTTC,232,Serratia_phage_SM9-3Y_k4,phage
TTCC,152,Serratia_phage_SM9-3Y_k4,phage
TCCT,104,Serratia_phage_SM9-3Y_k4,phage
CCTG,147,Serratia_phage_SM9-3Y_k4,phage
CTGA,282,Serratia_phage_SM9-3Y_k4,phage
TGAA,214,Serratia_phage_SM9-3Y_k4,phage
GAAT,108,Serratia_phage_SM9-3Y_k4,phage
AATG,127,Serratia_phage_SM9-3Y_k4,phage
CGCT,257,Serratia_phage_SM9-3Y_k4,phage
GCTT,156,Serratia_phage_SM9-3Y_k4,phage
CTTA,120,Serratia_phage_SM9-3Y_k4,phage
TTAA,174,Serratia_phage_SM9-3Y_k4,phage
AAGG,328,Serratia_phage_SM9-3Y_k4,phage
AGGC,202,Serratia_phage_SM9-3Y_k4,phage
GGCG,167,Serratia_phage_SM9-3Y_k4,phage
GTGT,145,Serratia_phage_SM9-3Y_k4,phage
TGTG,151,Serratia_phage_SM9-3Y_k4,phage
TGGT,296,Serratia_phage_SM9-3Y_k4,phage
GGTG,284,Serratia_phage_SM9-3Y_k4,phage
GGAT,137,Serratia_phage_SM9-3Y_k4,phage
TAAT,80,Serratia_phage_SM9-3Y_k4,phage
AATT,80,Serratia_phage_SM9-3Y_k4,phage
TTGG,182,Serratia_phage_SM9-3Y_k4,phage
TGGG,178,Serratia_phage_SM9-3Y_k4,phage
GGGA,148,Serratia_phage_SM9-3Y_k4,phage
GGAC,151,Serratia_phage_SM9-3Y_k4,phage
GACG,166,Serratia_phage_SM9-3Y_k4,phage
ACGG,122,Serratia_phage_SM9-3Y_k4,phage
CGGA,101,Serratia_phage_SM9-3Y_k4,phage
ATAC,87,Serratia_phage_SM9-3Y_k4,phage
TACT,111,Serratia_phage_SM9-3Y_k4,phage
ACTC,147,Serratia_phage_SM9-3Y_k4,phage
CTCT,157,Serratia_phage_SM9-3Y_k4,phage
TCTG,186,Serratia_phage_SM9-3Y_k4,phage
TGCA,142,Serratia_phage_SM9-3Y_k4,phage
GCAG,193,Serratia_phage_SM9-3Y_k4,phage
CAGT,112,Serratia_phage_SM9-3Y_k4,phage
AGTC,127,Serratia_phage_SM9-3Y_k4,phage
GTCG,104,Serratia_phage_SM9-3Y_k4,phage
TCGA,138,Serratia_phage_SM9-3Y_k4,phage
CGAA,183,Serratia_phage_SM9-3Y_k4,phage
AAAT,103,Serratia_phage_SM9-3Y_k4,phage
ATGG,244,Serratia_phage_SM9-3Y_k4,phage
GGTT,164,Serratia_phage_SM9-3Y_k4,phage
GTTT,89,Serratia_phage_SM9-3Y_k4,phage
TTTA,119,Serratia_phage_SM9-3Y_k4,phage
TTAC,128,Serratia_phage_SM9-3Y_k4,phage
TACG,130,Serratia_phage_SM9-3Y_k4,phage
CGGG,90,Serratia_phage_SM9-3Y_k4,phage
GGGG,57,Serratia_phage_SM9-3Y_k4,phage
GAGG,218,Serratia_phage_SM9-3Y_k4,phage
AGGA,212,Serratia_phage_SM9-3Y_k4,phage
TGAG,296,Serratia_phage_SM9-3Y_k4,phage
GAGC,151,Serratia_phage_SM9-3Y_k4,phage
AGCC,145,Serratia_phage_SM9-3Y_k4,phage
GCCT,146,Serratia_phage_SM9-3Y_k4,phage
CTAA,165,Serratia_phage_SM9-3Y_k4,phage
AATC,147,Serratia_phage_SM9-3Y_k4,phage
ATCA,164,Serratia_phage_SM9-3Y_k4,phage
TCAC,158,Serratia_phage_SM9-3Y_k4,phage
CACA,161,Serratia_phage_SM9-3Y_k4,phage
GACT,185,Serratia_phage_SM9-3Y_k4,phage
ACTT,159,Serratia_phage_SM9-3Y_k4,phage
CTTC,194,Serratia_phage_SM9-3Y_k4,phage
TTCG,195,Serratia_phage_SM9-3Y_k4,phage
TCGC,135,Serratia_phage_SM9-3Y_k4,phage
GCGG,120,Serratia_phage_SM9-3Y_k4,phage
AGAT,147,Serratia_phage_SM9-3Y_k4,phage
GAAG,328,Serratia_phage_SM9-3Y_k4,phage
AGGT,225,Serratia_phage_SM9-3Y_k4,phage
GGTA,212,Serratia_phage_SM9-3Y_k4,phage
CTGT,138,Serratia_phage_SM9-3Y_k4,phage
AGGG,139,Serratia_phage_SM9-3Y_k4,phage
AGTG,147,Serratia_phage_SM9-3Y_k4,phage
GTGC,165,Serratia_phage_SM9-3Y_k4,phage
TGCT,195,Serratia_phage_SM9-3Y_k4,phage
GGTC,195,Serratia_phage_SM9-3Y_k4,phage
GTCA,160,Serratia_phage_SM9-3Y_k4,phage
TCAT,139,Serratia_phage_SM9-3Y_k4,phage
CATG,129,Serratia_phage_SM9-3Y_k4,phage
ACTG,199,Serratia_phage_SM9-3Y_k4,phage
GTTG,152,Serratia_phage_SM9-3Y_k4,phage
GTAT,144,Serratia_phage_SM9-3Y_k4,phage
TATA,54,Serratia_phage_SM9-3Y_k4,phage
ATAT,81,Serratia_phage_SM9-3Y_k4,phage
TATC,176,Serratia_phage_SM9-3Y_k4,phage
TCAG,128,Serratia_phage_SM9-3Y_k4,phage
TCAA,264,Serratia_phage_SM9-3Y_k4,phage
CAAT,138,Serratia_phage_SM9-3Y_k4,phage
TGGC,259,Serratia_phage_SM9-3Y_k4,phage
GGCT,223,Serratia_phage_SM9-3Y_k4,phage
CTGC,176,Serratia_phage_SM9-3Y_k4,phage
TGCC,132,Serratia_phage_SM9-3Y_k4,phage
GCCG,149,Serratia_phage_SM9-3Y_k4,phage
CCGA,166,Serratia_phage_SM9-3Y_k4,phage
AAGT,166,Serratia_phage_SM9-3Y_k4,phage
GATT,205,Serratia_phage_SM9-3Y_k4,phage
CGAC,130,Serratia_phage_SM9-3Y_k4,phage
GACA,184,Serratia_phage_SM9-3Y_k4,phage
ATTT,62,Serratia_phage_SM9-3Y_k4,phage
TTTG,96,Serratia_phage_SM9-3Y_k4,phage
TCTT,118,Serratia_phage_SM9-3Y_k4,phage
CTTG,130,Serratia_phage_SM9-3Y_k4,phage
ACCA,184,Serratia_phage_SM9-3Y_k4,phage
CCAC,105,Serratia_phage_SM9-3Y_k4,phage
CACG,104,Serratia_phage_SM9-3Y_k4,phage
ACGC,168,Serratia_phage_SM9-3Y_k4,phage
CGCC,101,Serratia_phage_SM9-3Y_k4,phage
GCCA,121,Serratia_phage_SM9-3Y_k4,phage
CCAA,182,Serratia_phage_SM9-3Y_k4,phage
CAAG,299,Serratia_phage_SM9-3Y_k4,phage
GGCA,150,Serratia_phage_SM9-3Y_k4,phage
GCAC,153,Serratia_phage_SM9-3Y_k4,phage
AGCA,172,Serratia_phage_SM9-3Y_k4,phage
GCAT,108,Serratia_phage_SM9-3Y_k4,phage
ATTC,170,Serratia_phage_SM9-3Y_k4,phage
TTCT,125,Serratia_phage_SM9-3Y_k4,phage
TCTC,134,Serratia_phage_SM9-3Y_k4,phage
CTCG,102,Serratia_phage_SM9-3Y_k4,phage
GCAA,184,Serratia_phage_SM9-3Y_k4,phage
ATCG,117,Serratia_phage_SM9-3Y_k4,phage
TCGT,164,Serratia_phage_SM9-3Y_k4,phage
TACC,135,Serratia_phage_SM9-3Y_k4,phage
ACCG,197,Serratia_phage_SM9-3Y_k4,phage
AACC,211,Serratia_phage_SM9-3Y_k4,phage
GCTA,149,Serratia_phage_SM9-3Y_k4,phage
CTAT,152,Serratia_phage_SM9-3Y_k4,phage
TATG,188,Serratia_phage_SM9-3Y_k4,phage
TTGT,78,Serratia_phage_SM9-3Y_k4,phage
CGTT,155,Serratia_phage_SM9-3Y_k4,phage
AACT,186,Serratia_phage_SM9-3Y_k4,phage
GCGA,174,Serratia_phage_SM9-3Y_k4,phage
TAAA,129,Serratia_phage_SM9-3Y_k4,phage
AAAC,131,Serratia_phage_SM9-3Y_k4,phage
GGGC,97,Serratia_phage_SM9-3Y_k4,phage
CTAC,171,Serratia_phage_SM9-3Y_k4,phage
TGTC,74,Serratia_phage_SM9-3Y_k4,phage
TTCA,192,Serratia_phage_SM9-3Y_k4,phage
CATC,140,Serratia_phage_SM9-3Y_k4,phage
CAAA,156,Serratia_phage_SM9-3Y_k4,phage
ACGT,128,Serratia_phage_SM9-3Y_k4,phage
TTAT,121,Serratia_phage_SM9-3Y_k4,phage
GGGT,162,Serratia_phage_SM9-3Y_k4,phage
GTCT,155,Serratia_phage_SM9-3Y_k4,phage
CGAG,167,Serratia_phage_SM9-3Y_k4,phage
TCGG,81,Serratia_phage_SM9-3Y_k4,phage
CGGC,84,Serratia_phage_SM9-3Y_k4,phage
CTCC,128,Serratia_phage_SM9-3Y_k4,phage
ACAA,216,Serratia_phage_SM9-3Y_k4,phage
ACTA,145,Serratia_phage_SM9-3Y_k4,phage
ATCC,91,Serratia_phage_SM9-3Y_k4,phage
TCCC,78,Serratia_phage_SM9-3Y_k4,phage
CCGG,124,Serratia_phage_SM9-3Y_k4,phage
TGTA,96,Serratia_phage_SM9-3Y_k4,phage
CACT,168,Serratia_phage_SM9-3Y_k4,phage
AACA,224,Serratia_phage_SM9-3Y_k4,phage
ATCT,97,Serratia_phage_SM9-3Y_k4,phage
CGCA,174,Serratia_phage_SM9-3Y_k4,phage
CAGA,159,Serratia_phage_SM9-3Y_k4,phage
CCGC,152,Serratia_phage_SM9-3Y_k4,phage
TCTA,96,Serratia_phage_SM9-3Y_k4,phage
TATT,80,Serratia_phage_SM9-3Y_k4,phage
TCCA,109,Serratia_phage_SM9-3Y_k4,phage
CCAG,89,Serratia_phage_SM9-3Y_k4,phage
TCCG,153,Serratia_phage_SM9-3Y_k4,phage
TTTC,68,Serratia_phage_SM9-3Y_k4,phage
GTAG,110,Serratia_phage_SM9-3Y_k4,phage
GTCC,73,Serratia_phage_SM9-3Y_k4,phage
CGGT,172,Serratia_phage_SM9-3Y_k4,phage
ACAG,178,Serratia_phage_SM9-3Y_k4,phage
AGTA,109,Serratia_phage_SM9-3Y_k4,phage
GCTC,163,Serratia_phage_SM9-3Y_k4,phage
CCTT,144,Serratia_phage_SM9-3Y_k4,phage
ATTA,129,Serratia_phage_SM9-3Y_k4,phage
CCAT,94,Serratia_phage_SM9-3Y_k4,phage
CAGG,171,Serratia_phage_SM9-3Y_k4,phage
GGCC,102,Serratia_phage_SM9-3Y_k4,phage
AATA,75,Serratia_phage_SM9-3Y_k4,phage
CATA,58,Serratia_phage_SM9-3Y_k4,phage
TAGG,61,Serratia_phage_SM9-3Y_k4,phage
CTCA,173,Serratia_phage_SM9-3Y_k4,phage
ATAG,49,Serratia_phage_SM9-3Y_k4,phage
TAGT,50,Serratia_phage_SM9-3Y_k4,phage
CCCT,119,Serratia_phage_SM9-3Y_k4,phage
CCTC,116,Serratia_phage_SM9-3Y_k4,phage
CTTT,133,Serratia_phage_SM9-3Y_k4,phage
CAAC,253,Serratia_phage_SM9-3Y_k4,phage
TTTT,30,Serratia_phage_SM9-3Y_k4,phage
CAGC,146,Serratia_phage_SM9-3Y_k4,phage
TTGC,104,Serratia_phage_SM9-3Y_k4,phage
ACAC,154,Serratia_phage_SM9-3Y_k4,phage
CACC,137,Serratia_phage_SM9-3Y_k4,phage
AAAA,45,Serratia_phage_SM9-3Y_k4,phage
GCCC,64,Serratia_phage_SM9-3Y_k4,phage
CGTC,96,Serratia_phage_SM9-3Y_k4,phage
GATC,6,Serratia_phage_SM9-3Y_k4,phage
CCCA,56,Serratia_phage_SM9-3Y_k4,phage
CCCC,24,Serratia_phage_SM9-3Y_k4,phage
TATT,410,Staphylococcus_phage_Sap26_k4,phage
ATTC,188,Staphylococcus_phage_Sap26_k4,phage
TTCA,207,Staphylococcus_phage_Sap26_k4,phage
TCAC,107,Staphylococcus_phage_Sap26_k4,phage
CACT,100,Staphylococcus_phage_Sap26_k4,phage
ACTT,219,Staphylococcus_phage_Sap26_k4,phage
CTTC,85,Staphylococcus_phage_Sap26_k4,phage
CACA,152,Staphylococcus_phage_Sap26_k4,phage
ACAC,143,Staphylococcus_phage_Sap26_k4,phage
CACG,59,Staphylococcus_phage_Sap26_k4,phage
ACGG,112,Staphylococcus_phage_Sap26_k4,phage
CGGT,96,Staphylococcus_phage_Sap26_k4,phage
GGTG,137,Staphylococcus_phage_Sap26_k4,phage
GTGT,115,Staphylococcus_phage_Sap26_k4,phage
TGTT,245,Staphylococcus_phage_Sap26_k4,phage
GTTT,262,Staphylococcus_phage_Sap26_k4,phage
TTTA,460,Staphylococcus_phage_Sap26_k4,phage
TTAT,398,Staphylococcus_phage_Sap26_k4,phage
TATA,336,Staphylococcus_phage_Sap26_k4,phage
ATAG,197,Staphylococcus_phage_Sap26_k4,phage
TAGA,305,Staphylococcus_phage_Sap26_k4,phage
AGAT,329,Staphylococcus_phage_Sap26_k4,phage
GATA,330,Staphylococcus_phage_Sap26_k4,phage
ATAT,376,Staphylococcus_phage_Sap26_k4,phage
TATC,206,Staphylococcus_phage_Sap26_k4,phage
ATCT,139,Staphylococcus_phage_Sap26_k4,phage
TCTT,143,Staphylococcus_phage_Sap26_k4,phage
CTTA,182,Staphylococcus_phage_Sap26_k4,phage
TTAC,208,Staphylococcus_phage_Sap26_k4,phage
TACC,97,Staphylococcus_phage_Sap26_k4,phage
ACCA,125,Staphylococcus_phage_Sap26_k4,phage
CCAA,114,Staphylococcus_phage_Sap26_k4,phage
CAAT,285,Staphylococcus_phage_Sap26_k4,phage
AATA,459,Staphylococcus_phage_Sap26_k4,phage
AGAA,477,Staphylococcus_phage_Sap26_k4,phage
GAAC,190,Staphylococcus_phage_Sap26_k4,phage
AACA,425,Staphylococcus_phage_Sap26_k4,phage
ACAA,443,Staphylococcus_phage_Sap26_k4,phage
CAAA,400,Staphylococcus_phage_Sap26_k4,phage
AAAT,558,Staphylococcus_phage_Sap26_k4,phage
AATG,349,Staphylococcus_phage_Sap26_k4,phage
ATGG,196,Staphylococcus_phage_Sap26_k4,phage
TGGA,215,Staphylococcus_phage_Sap26_k4,phage
GGAT,133,Staphylococcus_phage_Sap26_k4,phage
GATT,282,Staphylococcus_phage_Sap26_k4,phage
ATTG,283,Staphylococcus_phage_Sap26_k4,phage
TTGA,310,Staphylococcus_phage_Sap26_k4,phage
TGAA,389,Staphylococcus_phage_Sap26_k4,phage
GAAG,283,Staphylococcus_phage_Sap26_k4,phage
AAGC,235,Staphylococcus_phage_Sap26_k4,phage
AGCT,158,Staphylococcus_phage_Sap26_k4,phage
GCTC,37,Staphylococcus_phage_Sap26_k4,phage
CTCA,69,Staphylococcus_phage_Sap26_k4,phage
CACC,50,Staphylococcus_phage_Sap26_k4,phage
CCAC,45,Staphylococcus_phage_Sap26_k4,phage
ACGT,113,Staphylococcus_phage_Sap26_k4,phage
CGTG,50,Staphylococcus_phage_Sap26_k4,phage
GTGA,117,Staphylococcus_phage_Sap26_k4,phage
GAAA,478,Staphylococcus_phage_Sap26_k4,phage
AAAA,881,Staphylococcus_phage_Sap26_k4,phage
AAAC,395,Staphylococcus_phage_Sap26_k4,phage
ACAG,194,Staphylococcus_phage_Sap26_k4,phage
CAGT,121,Staphylococcus_phage_Sap26_k4,phage
AGTT,257,Staphylococcus_phage_Sap26_k4,phage
TTTT,409,Staphylococcus_phage_Sap26_k4,phage
TTTG,249,Staphylococcus_phage_Sap26_k4,phage
GAAT,302,Staphylococcus_phage_Sap26_k4,phage
AATC,255,Staphylococcus_phage_Sap26_k4,phage
TCTC,51,Staphylococcus_phage_Sap26_k4,phage
ACTC,50,Staphylococcus_phage_Sap26_k4,phage
TCAT,134,Staphylococcus_phage_Sap26_k4,phage
CATT,194,Staphylococcus_phage_Sap26_k4,phage
ATTT,417,Staphylococcus_phage_Sap26_k4,phage
AACG,233,Staphylococcus_phage_Sap26_k4,phage
ACGC,105,Staphylococcus_phage_Sap26_k4,phage
CGCA,95,Staphylococcus_phage_Sap26_k4,phage
GCAT,109,Staphylococcus_phage_Sap26_k4,phage
CATG,110,Staphylococcus_phage_Sap26_k4,phage
ATGC,154,Staphylococcus_phage_Sap26_k4,phage
TGCC,45,Staphylococcus_phage_Sap26_k4,phage
GCCT,38,Staphylococcus_phage_Sap26_k4,phage
CCTA,101,Staphylococcus_phage_Sap26_k4,phage
CTAT,188,Staphylococcus_phage_Sap26_k4,phage
ATTA,421,Staphylococcus_phage_Sap26_k4,phage
TACA,254,Staphylococcus_phage_Sap26_k4,phage
CAGA,209,Staphylococcus_phage_Sap26_k4,phage
AATT,423,Staphylococcus_phage_Sap26_k4,phage
TTAG,250,Staphylococcus_phage_Sap26_k4,phage
TAGC,118,Staphylococcus_phage_Sap26_k4,phage
AGCA,191,Staphylococcus_phage_Sap26_k4,phage
GCAA,244,Staphylococcus_phage_Sap26_k4,phage
ATAA,419,Staphylococcus_phage_Sap26_k4,phage
TAAC,255,Staphylococcus_phage_Sap26_k4,phage
ACGA,196,Staphylococcus_phage_Sap26_k4,phage
CGAA,186,Staphylococcus_phage_Sap26_k4,phage
AAAG,518,Staphylococcus_phage_Sap26_k4,phage
AAGA,483,Staphylococcus_phage_Sap26_k4,phage
AAGG,198,Staphylococcus_phage_Sap26_k4,phage
AGGG,70,Staphylococcus_phage_Sap26_k4,phage
GGGG,37,Staphylococcus_phage_Sap26_k4,phage
GGGA,72,Staphylococcus_phage_Sap26_k4,phage
TACG,116,Staphylococcus_phage_Sap26_k4,phage
CGAG,66,Staphylococcus_phage_Sap26_k4,phage
GAGA,151,Staphylococcus_phage_Sap26_k4,phage
AAGT,292,Staphylococcus_phage_Sap26_k4,phage
AGTA,226,Staphylococcus_phage_Sap26_k4,phage
GTAA,241,Staphylococcus_phage_Sap26_k4,phage
TAAT,341,Staphylococcus_phage_Sap26_k4,phage
ATCA,286,Staphylococcus_phage_Sap26_k4,phage
CTTT,187,Staphylococcus_phage_Sap26_k4,phage
TTAA,473,Staphylococcus_phage_Sap26_k4,phage
TGAT,298,Staphylococcus_phage_Sap26_k4,phage
TTGT,194,Staphylococcus_phage_Sap26_k4,phage
TGTA,220,Staphylococcus_phage_Sap26_k4,phage
GTAT,226,Staphylococcus_phage_Sap26_k4,phage
TATG,237,Staphylococcus_phage_Sap26_k4,phage
ATGA,363,Staphylococcus_phage_Sap26_k4,phage
TGCT,140,Staphylococcus_phage_Sap26_k4,phage
GCTG,94,Staphylococcus_phage_Sap26_k4,phage
CTGA,126,Staphylococcus_phage_Sap26_k4,phage
TCAG,116,Staphylococcus_phage_Sap26_k4,phage
ATAC,235,Staphylococcus_phage_Sap26_k4,phage
CAGC,75,Staphylococcus_phage_Sap26_k4,phage
GCTA,174,Staphylococcus_phage_Sap26_k4,phage
CTAA,235,Staphylococcus_phage_Sap26_k4,phage
AACT,242,Staphylococcus_phage_Sap26_k4,phage
ACTA,197,Staphylococcus_phage_Sap26_k4,phage
TGAG,100,Staphylococcus_phage_Sap26_k4,phage
GAGT,123,Staphylococcus_phage_Sap26_k4,phage
AGTG,133,Staphylococcus_phage_Sap26_k4,phage
TAAA,593,Staphylococcus_phage_Sap26_k4,phage
TGAC,129,Staphylococcus_phage_Sap26_k4,phage
GACG,118,Staphylococcus_phage_Sap26_k4,phage
CGCT,70,Staphylococcus_phage_Sap26_k4,phage
ATGT,215,Staphylococcus_phage_Sap26_k4,phage
GTTA,267,Staphylococcus_phage_Sap26_k4,phage
TACT,159,Staphylococcus_phage_Sap26_k4,phage
AGGT,195,Staphylococcus_phage_Sap26_k4,phage
GGTA,171,Staphylococcus_phage_Sap26_k4,phage
GATC,50,Staphylococcus_phage_Sap26_k4,phage
ATCC,67,Staphylococcus_phage_Sap26_k4,phage
TCCT,53,Staphylococcus_phage_Sap26_k4,phage
CCTG,43,Staphylococcus_phage_Sap26_k4,phage
CTGT,86,Staphylococcus_phage_Sap26_k4,phage
GTAG,136,Staphylococcus_phage_Sap26_k4,phage
AGGA,144,Staphylococcus_phage_Sap26_k4,phage
GGAA,201,Staphylococcus_phage_Sap26_k4,phage
GTTG,192,Staphylococcus_phage_Sap26_k4,phage
AACC,129,Staphylococcus_phage_Sap26_k4,phage
ACCG,56,Staphylococcus_phage_Sap26_k4,phage
CCGA,50,Staphylococcus_phage_Sap26_k4,phage
CGAC,69,Staphylococcus_phage_Sap26_k4,phage
GACT,99,Staphylococcus_phage_Sap26_k4,phage
ACTG,134,Staphylococcus_phage_Sap26_k4,phage
AGCG,103,Staphylococcus_phage_Sap26_k4,phage
GCGA,91,Staphylococcus_phage_Sap26_k4,phage
AGAG,192,Staphylococcus_phage_Sap26_k4,phage
GGTT,158,Staphylococcus_phage_Sap26_k4,phage
GTTC,83,Staphylococcus_phage_Sap26_k4,phage
GTGG,96,Staphylococcus_phage_Sap26_k4,phage
TGGT,171,Staphylococcus_phage_Sap26_k4,phage
TAAG,179,Staphylococcus_phage_Sap26_k4,phage
CGAT,134,Staphylococcus_phage_Sap26_k4,phage
GATG,232,Staphylococcus_phage_Sap26_k4,phage
GTAC,94,Staphylococcus_phage_Sap26_k4,phage
CAAG,228,Staphylococcus_phage_Sap26_k4,phage
GCTT,125,Staphylococcus_phage_Sap26_k4,phage
AGAC,150,Staphylococcus_phage_Sap26_k4,phage
GACC,44,Staphylococcus_phage_Sap26_k4,phage
CCGT,35,Staphylococcus_phage_Sap26_k4,phage
CGTT,144,Staphylococcus_phage_Sap26_k4,phage
ACAT,213,Staphylococcus_phage_Sap26_k4,phage
CAAC,189,Staphylococcus_phage_Sap26_k4,phage
CGCC,33,Staphylococcus_phage_Sap26_k4,phage
TAGT,158,Staphylococcus_phage_Sap26_k4,phage
TGGC,102,Staphylococcus_phage_Sap26_k4,phage
GGCA,109,Staphylococcus_phage_Sap26_k4,phage
GCAC,66,Staphylococcus_phage_Sap26_k4,phage
TCAA,301,Staphylococcus_phage_Sap26_k4,phage
ATCG,124,Staphylococcus_phage_Sap26_k4,phage
TCGG,68,Staphylococcus_phage_Sap26_k4,phage
CGGG,25,Staphylococcus_phage_Sap26_k4,phage
GGGC,37,Staphylococcus_phage_Sap26_k4,phage
GGCG,75,Staphylococcus_phage_Sap26_k4,phage
GAGG,115,Staphylococcus_phage_Sap26_k4,phage
AGGC,72,Staphylococcus_phage_Sap26_k4,phage
TTCG,113,Staphylococcus_phage_Sap26_k4,phage
CGGA,78,Staphylococcus_phage_Sap26_k4,phage
CGTA,80,Staphylococcus_phage_Sap26_k4,phage
GGGT,59,Staphylococcus_phage_Sap26_k4,phage
CGTC,36,Staphylococcus_phage_Sap26_k4,phage
GTCG,61,Staphylococcus_phage_Sap26_k4,phage
TCGT,78,Staphylococcus_phage_Sap26_k4,phage
GTGC,69,Staphylococcus_phage_Sap26_k4,phage
GACA,162,Staphylococcus_phage_Sap26_k4,phage
GGTC,55,Staphylococcus_phage_Sap26_k4,phage
TCGA,118,Staphylococcus_phage_Sap26_k4,phage
TTTC,157,Staphylococcus_phage_Sap26_k4,phage
ACCT,94,Staphylococcus_phage_Sap26_k4,phage
TTCT,139,Staphylococcus_phage_Sap26_k4,phage
TCTG,61,Staphylococcus_phage_Sap26_k4,phage
CTGG,86,Staphylococcus_phage_Sap26_k4,phage
GCGG,39,Staphylococcus_phage_Sap26_k4,phage
AGCC,45,Staphylococcus_phage_Sap26_k4,phage
GCCA,55,Staphylococcus_phage_Sap26_k4,phage
TGTC,68,Staphylococcus_phage_Sap26_k4,phage
GTCT,62,Staphylococcus_phage_Sap26_k4,phage
CTCT,49,Staphylococcus_phage_Sap26_k4,phage
TCTA,134,Staphylococcus_phage_Sap26_k4,phage
CTCG,24,Staphylococcus_phage_Sap26_k4,phage
TTCC,54,Staphylococcus_phage_Sap26_k4,phage
TCCA,60,Staphylococcus_phage_Sap26_k4,phage
ACCC,45,Staphylococcus_phage_Sap26_k4,phage
CCCT,30,Staphylococcus_phage_Sap26_k4,phage
CTAG,94,Staphylococcus_phage_Sap26_k4,phage
CATC,105,Staphylococcus_phage_Sap26_k4,phage
TTGC,120,Staphylococcus_phage_Sap26_k4,phage
TTGG,183,Staphylococcus_phage_Sap26_k4,phage
TGGG,73,Staphylococcus_phage_Sap26_k4,phage
CGCG,28,Staphylococcus_phage_Sap26_k4,phage
GGAC,75,Staphylococcus_phage_Sap26_k4,phage
GCGT,84,Staphylococcus_phage_Sap26_k4,phage
GCGC,45,Staphylococcus_phage_Sap26_k4,phage
TGCG,53,Staphylococcus_phage_Sap26_k4,phage
GGAG,100,Staphylococcus_phage_Sap26_k4,phage
TGCA,139,Staphylococcus_phage_Sap26_k4,phage
GCAG,115,Staphylococcus_phage_Sap26_k4,phage
CAGG,72,Staphylococcus_phage_Sap26_k4,phage
GAGC,69,Staphylococcus_phage_Sap26_k4,phage
TGTG,77,Staphylococcus_phage_Sap26_k4,phage
TAGG,96,Staphylococcus_phage_Sap26_k4,phage
GTCA,96,Staphylococcus_phage_Sap26_k4,phage
CCGC,18,Staphylococcus_phage_Sap26_k4,phage
CGGC,43,Staphylococcus_phage_Sap26_k4,phage
CCGG,23,Staphylococcus_phage_Sap26_k4,phage
GGCT,62,Staphylococcus_phage_Sap26_k4,phage
CATA,102,Staphylococcus_phage_Sap26_k4,phage
CTAC,89,Staphylococcus_phage_Sap26_k4,phage
GGCC,8,Staphylococcus_phage_Sap26_k4,phage
GCCG,20,Staphylococcus_phage_Sap26_k4,phage
CCTT,50,Staphylococcus_phage_Sap26_k4,phage
CCTC,21,Staphylococcus_phage_Sap26_k4,phage
GTCC,18,Staphylococcus_phage_Sap26_k4,phage
CCAT,55,Staphylococcus_phage_Sap26_k4,phage
GCCC,18,Staphylococcus_phage_Sap26_k4,phage
CCCG,23,Staphylococcus_phage_Sap26_k4,phage
AGTC,78,Staphylococcus_phage_Sap26_k4,phage
TCGC,58,Staphylococcus_phage_Sap26_k4,phage
CTGC,34,Staphylococcus_phage_Sap26_k4,phage
CCCA,26,Staphylococcus_phage_Sap26_k4,phage
CCAG,52,Staphylococcus_phage_Sap26_k4,phage
CTTG,83,Staphylococcus_phage_Sap26_k4,phage
TCCC,16,Staphylococcus_phage_Sap26_k4,phage
TCCG,27,Staphylococcus_phage_Sap26_k4,phage
CTCC,17,Staphylococcus_phage_Sap26_k4,phage
CCCC,7,Staphylococcus_phage_Sap26_k4,phage
