kmer,count,genome_name,type
TGCAA,106,Citrobacter_phage_Stevie_k5,phage
GCAAC,87,Citrobacter_phage_Stevie_k5,phage
CAACG,86,Citrobacter_phage_Stevie_k5,phage
AACGC,109,Citrobacter_phage_Stevie_k5,phage
ACGCC,51,Citrobacter_phage_Stevie_k5,phage
CGCCA,68,Citrobacter_phage_Stevie_k5,phage
GCCAA,60,Citrobacter_phage_Stevie_k5,phage
CCAAA,67,Citrobacter_phage_Stevie_k5,phage
CAAAA,135,Citrobacter_phage_Stevie_k5,phage
AAAAG,128,Citrobacter_phage_Stevie_k5,phage
AAAGA,156,Citrobacter_phage_Stevie_k5,phage
AAGAT,110,Citrobacter_phage_Stevie_k5,phage
AGATA,52,Citrobacter_phage_Stevie_k5,phage
GATAA,108,Citrobacter_phage_Stevie_k5,phage
ATAAC,61,Citrobacter_phage_Stevie_k5,phage
TAACC,61,Citrobacter_phage_Stevie_k5,phage
AACCC,23,Citrobacter_phage_Stevie_k5,phage
ACCCG,15,Citrobacter_phage_Stevie_k5,phage
CCCGC,22,Citrobacter_phage_Stevie_k5,phage
CCGCC,47,Citrobacter_phage_Stevie_k5,phage
CGCCT,64,Citrobacter_phage_Stevie_k5,phage
GCCTT,66,Citrobacter_phage_Stevie_k5,phage
CCTTG,33,Citrobacter_phage_Stevie_k5,phage
CTTGC,83,Citrobacter_phage_Stevie_k5,phage
TTGCG,100,Citrobacter_phage_Stevie_k5,phage
TGCGC,78,Citrobacter_phage_Stevie_k5,phage
GCGCG,67,Citrobacter_phage_Stevie_k5,phage
CGCGG,45,Citrobacter_phage_Stevie_k5,phage
GCGGG,20,Citrobacter_phage_Stevie_k5,phage
CGGGT,14,Citrobacter_phage_Stevie_k5,phage
GGGTT,35,Citrobacter_phage_Stevie_k5,phage
GGTTT,61,Citrobacter_phage_Stevie_k5,phage
GTTTT,122,Citrobacter_phage_Stevie_k5,phage
TTTTT,130,Citrobacter_phage_Stevie_k5,phage
TTTTG,118,Citrobacter_phage_Stevie_k5,phage
TTTGT,84,Citrobacter_phage_Stevie_k5,phage
TTGTG,52,Citrobacter_phage_Stevie_k5,phage
TGTGC,43,Citrobacter_phage_Stevie_k5,phage
GTGCA,33,Citrobacter_phage_Stevie_k5,phage
TGCAT,64,Citrobacter_phage_Stevie_k5,phage
GCATA,34,Citrobacter_phage_Stevie_k5,phage
CATAC,25,Citrobacter_phage_Stevie_k5,phage
ATACA,45,Citrobacter_phage_Stevie_k5,phage
TACAA,47,Citrobacter_phage_Stevie_k5,phage
ACAAT,59,Citrobacter_phage_Stevie_k5,phage
CAATT,89,Citrobacter_phage_Stevie_k5,phage
AATTT,106,Citrobacter_phage_Stevie_k5,phage
ATTTA,99,Citrobacter_phage_Stevie_k5,phage
TTTAG,39,Citrobacter_phage_Stevie_k5,phage
TTAGC,71,Citrobacter_phage_Stevie_k5,phage
TAGCT,19,Citrobacter_phage_Stevie_k5,phage
AGCTA,42,Citrobacter_phage_Stevie_k5,phage
GCTAT,75,Citrobacter_phage_Stevie_k5,phage
CTATA,39,Citrobacter_phage_Stevie_k5,phage
TATAA,64,Citrobacter_phage_Stevie_k5,phage
ATAAT,81,Citrobacter_phage_Stevie_k5,phage
TAATC,58,Citrobacter_phage_Stevie_k5,phage
AATCA,129,Citrobacter_phage_Stevie_k5,phage
ATCAC,99,Citrobacter_phage_Stevie_k5,phage
TCACG,41,Citrobacter_phage_Stevie_k5,phage
CACGC,44,Citrobacter_phage_Stevie_k5,phage
ACGCA,78,Citrobacter_phage_Stevie_k5,phage
CGCAT,69,Citrobacter_phage_Stevie_k5,phage
GCATC,50,Citrobacter_phage_Stevie_k5,phage
CATCA,74,Citrobacter_phage_Stevie_k5,phage
ATCAA,108,Citrobacter_phage_Stevie_k5,phage
TCAAC,69,Citrobacter_phage_Stevie_k5,phage
CAACA,79,Citrobacter_phage_Stevie_k5,phage
AACAG,78,Citrobacter_phage_Stevie_k5,phage
ACAGG,44,Citrobacter_phage_Stevie_k5,phage
CAGGA,70,Citrobacter_phage_Stevie_k5,phage
AGGAG,25,Citrobacter_phage_Stevie_k5,phage
GGAGG,33,Citrobacter_phage_Stevie_k5,phage
GAGGA,57,Citrobacter_phage_Stevie_k5,phage
AGGAT,77,Citrobacter_phage_Stevie_k5,phage
GGATT,65,Citrobacter_phage_Stevie_k5,phage
GATTT,95,Citrobacter_phage_Stevie_k5,phage
ATTTT,105,Citrobacter_phage_Stevie_k5,phage
TTTTA,111,Citrobacter_phage_Stevie_k5,phage
TTTAT,109,Citrobacter_phage_Stevie_k5,phage
TTATT,109,Citrobacter_phage_Stevie_k5,phage
TATTA,64,Citrobacter_phage_Stevie_k5,phage
ATTAT,98,Citrobacter_phage_Stevie_k5,phage
TTATG,102,Citrobacter_phage_Stevie_k5,phage
TATGG,62,Citrobacter_phage_Stevie_k5,phage
ATGGC,85,Citrobacter_phage_Stevie_k5,phage
TGGCT,78,Citrobacter_phage_Stevie_k5,phage
GGCTA,32,Citrobacter_phage_Stevie_k5,phage
GCTAA,77,Citrobacter_phage_Stevie_k5,phage
CTAAA,72,Citrobacter_phage_Stevie_k5,phage
TAAAA,154,Citrobacter_phage_Stevie_k5,phage
AAAAA,199,Citrobacter_phage_Stevie_k5,phage
AAAAC,154,Citrobacter_phage_Stevie_k5,phage
AAACA,109,Citrobacter_phage_Stevie_k5,phage
ACAGA,56,Citrobacter_phage_Stevie_k5,phage
CAGAA,94,Citrobacter_phage_Stevie_k5,phage
AGAAG,61,Citrobacter_phage_Stevie_k5,phage
GAAGC,63,Citrobacter_phage_Stevie_k5,phage
AAGCG,130,Citrobacter_phage_Stevie_k5,phage
AGCGC,77,Citrobacter_phage_Stevie_k5,phage
GCGCC,63,Citrobacter_phage_Stevie_k5,phage
GCCAG,64,Citrobacter_phage_Stevie_k5,phage
CCAGC,34,Citrobacter_phage_Stevie_k5,phage
CAGCG,51,Citrobacter_phage_Stevie_k5,phage
AGCGG,76,Citrobacter_phage_Stevie_k5,phage
GCGGC,107,Citrobacter_phage_Stevie_k5,phage
CGGCG,100,Citrobacter_phage_Stevie_k5,phage
GGCGG,98,Citrobacter_phage_Stevie_k5,phage
GCGGA,73,Citrobacter_phage_Stevie_k5,phage
CGGAA,92,Citrobacter_phage_Stevie_k5,phage
GGAAA,90,Citrobacter_phage_Stevie_k5,phage
GAAAG,95,Citrobacter_phage_Stevie_k5,phage
AAAGT,70,Citrobacter_phage_Stevie_k5,phage
AAGTC,20,Citrobacter_phage_Stevie_k5,phage
AGTCT,13,Citrobacter_phage_Stevie_k5,phage
GTCTA,13,Citrobacter_phage_Stevie_k5,phage
TCTAA,29,Citrobacter_phage_Stevie_k5,phage
TAAAC,76,Citrobacter_phage_Stevie_k5,phage
AAACT,81,Citrobacter_phage_Stevie_k5,phage
AACTT,67,Citrobacter_phage_Stevie_k5,phage
ACTTT,76,Citrobacter_phage_Stevie_k5,phage
CTTTA,51,Citrobacter_phage_Stevie_k5,phage
TTTAA,108,Citrobacter_phage_Stevie_k5,phage
TTAAA,128,Citrobacter_phage_Stevie_k5,phage
AAGTT,78,Citrobacter_phage_Stevie_k5,phage
AGTTA,58,Citrobacter_phage_Stevie_k5,phage
GTTAT,93,Citrobacter_phage_Stevie_k5,phage
ATGGA,66,Citrobacter_phage_Stevie_k5,phage
TGGAA,87,Citrobacter_phage_Stevie_k5,phage
GGAAT,86,Citrobacter_phage_Stevie_k5,phage
GAATA,98,Citrobacter_phage_Stevie_k5,phage
AATAA,103,Citrobacter_phage_Stevie_k5,phage
ATAAG,61,Citrobacter_phage_Stevie_k5,phage
TAAGC,59,Citrobacter_phage_Stevie_k5,phage
AGCGA,60,Citrobacter_phage_Stevie_k5,phage
GCGAT,82,Citrobacter_phage_Stevie_k5,phage
CGATA,56,Citrobacter_phage_Stevie_k5,phage
GATAT,72,Citrobacter_phage_Stevie_k5,phage
ATATT,107,Citrobacter_phage_Stevie_k5,phage
TATTC,55,Citrobacter_phage_Stevie_k5,phage
ATTCC,52,Citrobacter_phage_Stevie_k5,phage
TTCCG,68,Citrobacter_phage_Stevie_k5,phage
TCCGA,30,Citrobacter_phage_Stevie_k5,phage
CCGAT,49,Citrobacter_phage_Stevie_k5,phage
CGATC,71,Citrobacter_phage_Stevie_k5,phage
GATCT,56,Citrobacter_phage_Stevie_k5,phage
ATCTG,53,Citrobacter_phage_Stevie_k5,phage
TCTGG,47,Citrobacter_phage_Stevie_k5,phage
CTGGT,83,Citrobacter_phage_Stevie_k5,phage
TGGTA,68,Citrobacter_phage_Stevie_k5,phage
GGTAG,23,Citrobacter_phage_Stevie_k5,phage
GTAGG,15,Citrobacter_phage_Stevie_k5,phage
TAGGT,16,Citrobacter_phage_Stevie_k5,phage
AGGTA,38,Citrobacter_phage_Stevie_k5,phage
GTAGT,20,Citrobacter_phage_Stevie_k5,phage
TAGTG,21,Citrobacter_phage_Stevie_k5,phage
AGTGA,39,Citrobacter_phage_Stevie_k5,phage
GTGAG,44,Citrobacter_phage_Stevie_k5,phage
TGAGA,35,Citrobacter_phage_Stevie_k5,phage
GAGAT,35,Citrobacter_phage_Stevie_k5,phage
AGATT,69,Citrobacter_phage_Stevie_k5,phage
GATTG,93,Citrobacter_phage_Stevie_k5,phage
ATTGA,137,Citrobacter_phage_Stevie_k5,phage
TTGAT,167,Citrobacter_phage_Stevie_k5,phage
TGATA,108,Citrobacter_phage_Stevie_k5,phage
ATAAA,122,Citrobacter_phage_Stevie_k5,phage
AAACG,130,Citrobacter_phage_Stevie_k5,phage
ACGCG,58,Citrobacter_phage_Stevie_k5,phage
CGCGC,59,Citrobacter_phage_Stevie_k5,phage
GCGCA,84,Citrobacter_phage_Stevie_k5,phage
CGCAA,119,Citrobacter_phage_Stevie_k5,phage
ACGCT,55,Citrobacter_phage_Stevie_k5,phage
CGCTA,51,Citrobacter_phage_Stevie_k5,phage
CTAAC,45,Citrobacter_phage_Stevie_k5,phage
TAACG,74,Citrobacter_phage_Stevie_k5,phage
GCCTG,48,Citrobacter_phage_Stevie_k5,phage
CCTGA,46,Citrobacter_phage_Stevie_k5,phage
CTGAA,80,Citrobacter_phage_Stevie_k5,phage
TGAAC,49,Citrobacter_phage_Stevie_k5,phage
GAACA,64,Citrobacter_phage_Stevie_k5,phage
AACAA,118,Citrobacter_phage_Stevie_k5,phage
ACAAG,54,Citrobacter_phage_Stevie_k5,phage
CAAGT,35,Citrobacter_phage_Stevie_k5,phage
AGTCA,30,Citrobacter_phage_Stevie_k5,phage
GTCAT,34,Citrobacter_phage_Stevie_k5,phage
TCATG,67,Citrobacter_phage_Stevie_k5,phage
CATGA,63,Citrobacter_phage_Stevie_k5,phage
ATGAA,145,Citrobacter_phage_Stevie_k5,phage
GAACC,25,Citrobacter_phage_Stevie_k5,phage
AACCT,38,Citrobacter_phage_Stevie_k5,phage
ACCTG,39,Citrobacter_phage_Stevie_k5,phage
CTGAT,92,Citrobacter_phage_Stevie_k5,phage
TGATT,135,Citrobacter_phage_Stevie_k5,phage
ATTGT,64,Citrobacter_phage_Stevie_k5,phage
TTGTT,140,Citrobacter_phage_Stevie_k5,phage
TGTTC,60,Citrobacter_phage_Stevie_k5,phage
GTTCA,71,Citrobacter_phage_Stevie_k5,phage
TTCAG,83,Citrobacter_phage_Stevie_k5,phage
TCAGT,46,Citrobacter_phage_Stevie_k5,phage
CAGTA,32,Citrobacter_phage_Stevie_k5,phage
AGTAT,32,Citrobacter_phage_Stevie_k5,phage
GTATT,52,Citrobacter_phage_Stevie_k5,phage
TATTT,91,Citrobacter_phage_Stevie_k5,phage
TTTGA,97,Citrobacter_phage_Stevie_k5,phage
TTGAG,74,Citrobacter_phage_Stevie_k5,phage
TGAGT,40,Citrobacter_phage_Stevie_k5,phage
GAGTG,21,Citrobacter_phage_Stevie_k5,phage
AGTGG,19,Citrobacter_phage_Stevie_k5,phage
GTGGG,12,Citrobacter_phage_Stevie_k5,phage
TGGGC,16,Citrobacter_phage_Stevie_k5,phage
GGGCG,34,Citrobacter_phage_Stevie_k5,phage
CGGAG,44,Citrobacter_phage_Stevie_k5,phage
GGAGC,17,Citrobacter_phage_Stevie_k5,phage
GAGCT,35,Citrobacter_phage_Stevie_k5,phage
GCCAT,34,Citrobacter_phage_Stevie_k5,phage
CCATT,52,Citrobacter_phage_Stevie_k5,phage
CATTA,78,Citrobacter_phage_Stevie_k5,phage
ATTAA,106,Citrobacter_phage_Stevie_k5,phage
TAAAG,113,Citrobacter_phage_Stevie_k5,phage
AAAGC,137,Citrobacter_phage_Stevie_k5,phage
AAGCA,113,Citrobacter_phage_Stevie_k5,phage
AGCAG,54,Citrobacter_phage_Stevie_k5,phage
GCAGG,47,Citrobacter_phage_Stevie_k5,phage
CAGGT,52,Citrobacter_phage_Stevie_k5,phage
AGGTG,45,Citrobacter_phage_Stevie_k5,phage
GGTGA,74,Citrobacter_phage_Stevie_k5,phage
GTGAA,69,Citrobacter_phage_Stevie_k5,phage
TGAAA,165,Citrobacter_phage_Stevie_k5,phage
GAAAC,85,Citrobacter_phage_Stevie_k5,phage
AACGG,83,Citrobacter_phage_Stevie_k5,phage
ACGGC,73,Citrobacter_phage_Stevie_k5,phage
CGGCA,67,Citrobacter_phage_Stevie_k5,phage
GGCAT,62,Citrobacter_phage_Stevie_k5,phage
CATCC,23,Citrobacter_phage_Stevie_k5,phage
ATCCT,47,Citrobacter_phage_Stevie_k5,phage
TCCTT,36,Citrobacter_phage_Stevie_k5,phage
CCTTT,68,Citrobacter_phage_Stevie_k5,phage
CTTTC,76,Citrobacter_phage_Stevie_k5,phage
TTTCA,111,Citrobacter_phage_Stevie_k5,phage
TCAGG,57,Citrobacter_phage_Stevie_k5,phage
CAGGG,29,Citrobacter_phage_Stevie_k5,phage
AGGGT,29,Citrobacter_phage_Stevie_k5,phage
GGGTC,8,Citrobacter_phage_Stevie_k5,phage
GGTCG,27,Citrobacter_phage_Stevie_k5,phage
GTCGA,20,Citrobacter_phage_Stevie_k5,phage
TCGAG,10,Citrobacter_phage_Stevie_k5,phage
CGAGT,20,Citrobacter_phage_Stevie_k5,phage
AGTGT,21,Citrobacter_phage_Stevie_k5,phage
GTGTA,27,Citrobacter_phage_Stevie_k5,phage
TGTAT,49,Citrobacter_phage_Stevie_k5,phage
GTATC,32,Citrobacter_phage_Stevie_k5,phage
TATCA,92,Citrobacter_phage_Stevie_k5,phage
ATCAG,95,Citrobacter_phage_Stevie_k5,phage
GGATA,45,Citrobacter_phage_Stevie_k5,phage
GATAC,47,Citrobacter_phage_Stevie_k5,phage
ATACG,39,Citrobacter_phage_Stevie_k5,phage
TACGA,39,Citrobacter_phage_Stevie_k5,phage
ACGAT,61,Citrobacter_phage_Stevie_k5,phage
CGATT,52,Citrobacter_phage_Stevie_k5,phage
GATTC,47,Citrobacter_phage_Stevie_k5,phage
ATTCA,95,Citrobacter_phage_Stevie_k5,phage
TTCAC,49,Citrobacter_phage_Stevie_k5,phage
TCACA,55,Citrobacter_phage_Stevie_k5,phage
CACAA,64,Citrobacter_phage_Stevie_k5,phage
CAAGC,86,Citrobacter_phage_Stevie_k5,phage
AAGCC,66,Citrobacter_phage_Stevie_k5,phage
AGCCG,59,Citrobacter_phage_Stevie_k5,phage
GCCGC,62,Citrobacter_phage_Stevie_k5,phage
CCGCG,39,Citrobacter_phage_Stevie_k5,phage
CGCGT,51,Citrobacter_phage_Stevie_k5,phage
GCGTA,53,Citrobacter_phage_Stevie_k5,phage
CGTAT,27,Citrobacter_phage_Stevie_k5,phage
TTTTC,86,Citrobacter_phage_Stevie_k5,phage
CACAT,35,Citrobacter_phage_Stevie_k5,phage
ACATG,39,Citrobacter_phage_Stevie_k5,phage
CATGG,54,Citrobacter_phage_Stevie_k5,phage
ATGGG,50,Citrobacter_phage_Stevie_k5,phage
TGGGA,28,Citrobacter_phage_Stevie_k5,phage
GGGAA,27,Citrobacter_phage_Stevie_k5,phage
GGAAG,68,Citrobacter_phage_Stevie_k5,phage
GAAGG,52,Citrobacter_phage_Stevie_k5,phage
AAGGG,37,Citrobacter_phage_Stevie_k5,phage
GGTTA,85,Citrobacter_phage_Stevie_k5,phage
GTTAA,98,Citrobacter_phage_Stevie_k5,phage
AAGCT,36,Citrobacter_phage_Stevie_k5,phage
AGCTG,26,Citrobacter_phage_Stevie_k5,phage
GCTGT,38,Citrobacter_phage_Stevie_k5,phage
CTGTT,62,Citrobacter_phage_Stevie_k5,phage
TGTTT,87,Citrobacter_phage_Stevie_k5,phage
TTTGC,96,Citrobacter_phage_Stevie_k5,phage
TGCGG,48,Citrobacter_phage_Stevie_k5,phage
GCGGT,67,Citrobacter_phage_Stevie_k5,phage
CGGTT,58,Citrobacter_phage_Stevie_k5,phage
TTTCC,60,Citrobacter_phage_Stevie_k5,phage
TCCGG,53,Citrobacter_phage_Stevie_k5,phage
CCGGC,34,Citrobacter_phage_Stevie_k5,phage
GGCAC,21,Citrobacter_phage_Stevie_k5,phage
GCACA,56,Citrobacter_phage_Stevie_k5,phage
CACAG,53,Citrobacter_phage_Stevie_k5,phage
ACAGC,75,Citrobacter_phage_Stevie_k5,phage
CAGCA,92,Citrobacter_phage_Stevie_k5,phage
AGCAC,64,Citrobacter_phage_Stevie_k5,phage
GCACT,45,Citrobacter_phage_Stevie_k5,phage
CACTA,26,Citrobacter_phage_Stevie_k5,phage
ACTAG,2,Citrobacter_phage_Stevie_k5,phage
CTAGC,6,Citrobacter_phage_Stevie_k5,phage
TAGCA,46,Citrobacter_phage_Stevie_k5,phage
AGCAA,132,Citrobacter_phage_Stevie_k5,phage
GCAAA,137,Citrobacter_phage_Stevie_k5,phage
CAAAG,135,Citrobacter_phage_Stevie_k5,phage
AAGTG,36,Citrobacter_phage_Stevie_k5,phage
GTGGA,23,Citrobacter_phage_Stevie_k5,phage
ACTTA,30,Citrobacter_phage_Stevie_k5,phage
CTTAA,51,Citrobacter_phage_Stevie_k5,phage
AAACC,56,Citrobacter_phage_Stevie_k5,phage
AACCA,72,Citrobacter_phage_Stevie_k5,phage
ACCAG,52,Citrobacter_phage_Stevie_k5,phage
CCAGG,46,Citrobacter_phage_Stevie_k5,phage
CAGGC,43,Citrobacter_phage_Stevie_k5,phage
AGGCT,42,Citrobacter_phage_Stevie_k5,phage
CTATG,40,Citrobacter_phage_Stevie_k5,phage
TATGA,84,Citrobacter_phage_Stevie_k5,phage
ATGAT,116,Citrobacter_phage_Stevie_k5,phage
TGATG,120,Citrobacter_phage_Stevie_k5,phage
GATGT,52,Citrobacter_phage_Stevie_k5,phage
ATGTT,108,Citrobacter_phage_Stevie_k5,phage
TGTTG,123,Citrobacter_phage_Stevie_k5,phage
GTTGT,69,Citrobacter_phage_Stevie_k5,phage
TGTTA,80,Citrobacter_phage_Stevie_k5,phage
TATTG,103,Citrobacter_phage_Stevie_k5,phage
GAGTT,55,Citrobacter_phage_Stevie_k5,phage
AGTTT,65,Citrobacter_phage_Stevie_k5,phage
GTTTG,65,Citrobacter_phage_Stevie_k5,phage
GAATC,55,Citrobacter_phage_Stevie_k5,phage
AATCG,46,Citrobacter_phage_Stevie_k5,phage
ATCGG,36,Citrobacter_phage_Stevie_k5,phage
TCGGT,13,Citrobacter_phage_Stevie_k5,phage
CGGTA,45,Citrobacter_phage_Stevie_k5,phage
GGTAA,88,Citrobacter_phage_Stevie_k5,phage
GTAAT,60,Citrobacter_phage_Stevie_k5,phage
TCAAA,92,Citrobacter_phage_Stevie_k5,phage
AAGAA,133,Citrobacter_phage_Stevie_k5,phage
AGAAC,35,Citrobacter_phage_Stevie_k5,phage
ACAAA,105,Citrobacter_phage_Stevie_k5,phage
AAAAT,158,Citrobacter_phage_Stevie_k5,phage
AAATA,100,Citrobacter_phage_Stevie_k5,phage
AATAC,58,Citrobacter_phage_Stevie_k5,phage
ATACC,32,Citrobacter_phage_Stevie_k5,phage
TACCA,43,Citrobacter_phage_Stevie_k5,phage
CCAGT,41,Citrobacter_phage_Stevie_k5,phage
CAGTT,67,Citrobacter_phage_Stevie_k5,phage
GTTAG,50,Citrobacter_phage_Stevie_k5,phage
GCTGC,21,Citrobacter_phage_Stevie_k5,phage
CTGCA,32,Citrobacter_phage_Stevie_k5,phage
CAAAC,61,Citrobacter_phage_Stevie_k5,phage
ACGGA,54,Citrobacter_phage_Stevie_k5,phage
GAATG,84,Citrobacter_phage_Stevie_k5,phage
AATGA,120,Citrobacter_phage_Stevie_k5,phage
GATTA,86,Citrobacter_phage_Stevie_k5,phage
TTAAC,90,Citrobacter_phage_Stevie_k5,phage
TAACA,62,Citrobacter_phage_Stevie_k5,phage
GCACC,32,Citrobacter_phage_Stevie_k5,phage
CACCA,40,Citrobacter_phage_Stevie_k5,phage
ACCAT,43,Citrobacter_phage_Stevie_k5,phage
CCATG,27,Citrobacter_phage_Stevie_k5,phage
TGATC,77,Citrobacter_phage_Stevie_k5,phage
GATCG,68,Citrobacter_phage_Stevie_k5,phage
ATCGC,90,Citrobacter_phage_Stevie_k5,phage
TCGCA,63,Citrobacter_phage_Stevie_k5,phage
AAGAG,62,Citrobacter_phage_Stevie_k5,phage
AGAGC,58,Citrobacter_phage_Stevie_k5,phage
AGCTT,43,Citrobacter_phage_Stevie_k5,phage
GCTTG,65,Citrobacter_phage_Stevie_k5,phage
CTTGG,28,Citrobacter_phage_Stevie_k5,phage
TTGGC,79,Citrobacter_phage_Stevie_k5,phage
TGGCA,73,Citrobacter_phage_Stevie_k5,phage
GCATT,117,Citrobacter_phage_Stevie_k5,phage
CATTG,78,Citrobacter_phage_Stevie_k5,phage
AAAGG,108,Citrobacter_phage_Stevie_k5,phage
AAGGC,75,Citrobacter_phage_Stevie_k5,phage
AGGCG,60,Citrobacter_phage_Stevie_k5,phage
GGCGA,63,Citrobacter_phage_Stevie_k5,phage
GCGAC,39,Citrobacter_phage_Stevie_k5,phage
CGACA,28,Citrobacter_phage_Stevie_k5,phage
GACAC,22,Citrobacter_phage_Stevie_k5,phage
ACACG,39,Citrobacter_phage_Stevie_k5,phage
CACGT,34,Citrobacter_phage_Stevie_k5,phage
ACGTT,81,Citrobacter_phage_Stevie_k5,phage
CGTTC,38,Citrobacter_phage_Stevie_k5,phage
TTCAA,95,Citrobacter_phage_Stevie_k5,phage
TCAAT,86,Citrobacter_phage_Stevie_k5,phage
CAATA,75,Citrobacter_phage_Stevie_k5,phage
AATAT,119,Citrobacter_phage_Stevie_k5,phage
ATTAG,59,Citrobacter_phage_Stevie_k5,phage
TAGCG,54,Citrobacter_phage_Stevie_k5,phage
CCAAT,53,Citrobacter_phage_Stevie_k5,phage
CAATG,89,Citrobacter_phage_Stevie_k5,phage
AATGC,113,Citrobacter_phage_Stevie_k5,phage
ATGCA,75,Citrobacter_phage_Stevie_k5,phage
GAGCA,59,Citrobacter_phage_Stevie_k5,phage
GCAAG,105,Citrobacter_phage_Stevie_k5,phage
CAAGA,71,Citrobacter_phage_Stevie_k5,phage
AAGAC,29,Citrobacter_phage_Stevie_k5,phage
AGACA,24,Citrobacter_phage_Stevie_k5,phage
GACAA,55,Citrobacter_phage_Stevie_k5,phage
TACAG,42,Citrobacter_phage_Stevie_k5,phage
GAAGA,73,Citrobacter_phage_Stevie_k5,phage
CGATG,50,Citrobacter_phage_Stevie_k5,phage
GATGA,100,Citrobacter_phage_Stevie_k5,phage
GAAAA,151,Citrobacter_phage_Stevie_k5,phage
CGCAG,54,Citrobacter_phage_Stevie_k5,phage
GCAGT,33,Citrobacter_phage_Stevie_k5,phage
CAGTC,11,Citrobacter_phage_Stevie_k5,phage
AGTCG,4,Citrobacter_phage_Stevie_k5,phage
GTCGC,32,Citrobacter_phage_Stevie_k5,phage
AGCGT,69,Citrobacter_phage_Stevie_k5,phage
GCGTC,25,Citrobacter_phage_Stevie_k5,phage
CGTCC,15,Citrobacter_phage_Stevie_k5,phage
GTCCT,3,Citrobacter_phage_Stevie_k5,phage
TCCTA,17,Citrobacter_phage_Stevie_k5,phage
CCTAA,26,Citrobacter_phage_Stevie_k5,phage
CTAAG,11,Citrobacter_phage_Stevie_k5,phage
AAGGT,78,Citrobacter_phage_Stevie_k5,phage
TGAAT,133,Citrobacter_phage_Stevie_k5,phage
ATGCT,66,Citrobacter_phage_Stevie_k5,phage
TGCTA,59,Citrobacter_phage_Stevie_k5,phage
TATGT,50,Citrobacter_phage_Stevie_k5,phage
GTTGA,125,Citrobacter_phage_Stevie_k5,phage
ATTTG,87,Citrobacter_phage_Stevie_k5,phage
TTTGG,68,Citrobacter_phage_Stevie_k5,phage
TTGGG,37,Citrobacter_phage_Stevie_k5,phage
ACTTG,56,Citrobacter_phage_Stevie_k5,phage
CTTGA,66,Citrobacter_phage_Stevie_k5,phage
TTGAA,126,Citrobacter_phage_Stevie_k5,phage
GCTGG,84,Citrobacter_phage_Stevie_k5,phage
CTGGC,95,Citrobacter_phage_Stevie_k5,phage
CTATT,45,Citrobacter_phage_Stevie_k5,phage
TTAAG,54,Citrobacter_phage_Stevie_k5,phage
TAAGG,58,Citrobacter_phage_Stevie_k5,phage
AAGGA,61,Citrobacter_phage_Stevie_k5,phage
AGGAA,81,Citrobacter_phage_Stevie_k5,phage
GAATT,125,Citrobacter_phage_Stevie_k5,phage
AATTA,105,Citrobacter_phage_Stevie_k5,phage
CACAC,30,Citrobacter_phage_Stevie_k5,phage
ACACA,43,Citrobacter_phage_Stevie_k5,phage
CACGA,29,Citrobacter_phage_Stevie_k5,phage
ATACT,31,Citrobacter_phage_Stevie_k5,phage
TACTT,40,Citrobacter_phage_Stevie_k5,phage
TTTCG,64,Citrobacter_phage_Stevie_k5,phage
TTCGT,26,Citrobacter_phage_Stevie_k5,phage
TCGTT,43,Citrobacter_phage_Stevie_k5,phage
CGTTA,78,Citrobacter_phage_Stevie_k5,phage
AAATC,96,Citrobacter_phage_Stevie_k5,phage
AATCT,42,Citrobacter_phage_Stevie_k5,phage
TGGTT,94,Citrobacter_phage_Stevie_k5,phage
GGTTC,38,Citrobacter_phage_Stevie_k5,phage
GTTCC,37,Citrobacter_phage_Stevie_k5,phage
TTCCC,31,Citrobacter_phage_Stevie_k5,phage
TCCCG,20,Citrobacter_phage_Stevie_k5,phage
CCCGA,14,Citrobacter_phage_Stevie_k5,phage
GATCC,74,Citrobacter_phage_Stevie_k5,phage
ATCCA,59,Citrobacter_phage_Stevie_k5,phage
TCCAG,50,Citrobacter_phage_Stevie_k5,phage
AGGGC,29,Citrobacter_phage_Stevie_k5,phage
GCGAA,54,Citrobacter_phage_Stevie_k5,phage
CGAAA,76,Citrobacter_phage_Stevie_k5,phage
AAATG,128,Citrobacter_phage_Stevie_k5,phage
AATGG,100,Citrobacter_phage_Stevie_k5,phage
TGGAT,62,Citrobacter_phage_Stevie_k5,phage
TTCCT,43,Citrobacter_phage_Stevie_k5,phage
TAACT,47,Citrobacter_phage_Stevie_k5,phage
AACTG,58,Citrobacter_phage_Stevie_k5,phage
ACTGG,60,Citrobacter_phage_Stevie_k5,phage
TCACC,41,Citrobacter_phage_Stevie_k5,phage
CACCT,38,Citrobacter_phage_Stevie_k5,phage
ACCTT,34,Citrobacter_phage_Stevie_k5,phage
TTATA,55,Citrobacter_phage_Stevie_k5,phage
TATAT,67,Citrobacter_phage_Stevie_k5,phage
ATTGC,112,Citrobacter_phage_Stevie_k5,phage
TTGCA,117,Citrobacter_phage_Stevie_k5,phage
CAAGG,33,Citrobacter_phage_Stevie_k5,phage
GGGCA,24,Citrobacter_phage_Stevie_k5,phage
GGCAA,84,Citrobacter_phage_Stevie_k5,phage
GCAAT,112,Citrobacter_phage_Stevie_k5,phage
AATTG,108,Citrobacter_phage_Stevie_k5,phage
GAAAT,128,Citrobacter_phage_Stevie_k5,phage
AAATT,103,Citrobacter_phage_Stevie_k5,phage
TGAAG,73,Citrobacter_phage_Stevie_k5,phage
GGTGT,38,Citrobacter_phage_Stevie_k5,phage
GTGTG,25,Citrobacter_phage_Stevie_k5,phage
GTGCG,32,Citrobacter_phage_Stevie_k5,phage
CATTT,88,Citrobacter_phage_Stevie_k5,phage
AACGT,69,Citrobacter_phage_Stevie_k5,phage
ACGTA,29,Citrobacter_phage_Stevie_k5,phage
CGTAA,63,Citrobacter_phage_Stevie_k5,phage
GTAAC,48,Citrobacter_phage_Stevie_k5,phage
AACAC,47,Citrobacter_phage_Stevie_k5,phage
ACACC,17,Citrobacter_phage_Stevie_k5,phage
AGGTT,73,Citrobacter_phage_Stevie_k5,phage
AGGCA,41,Citrobacter_phage_Stevie_k5,phage
AACCG,46,Citrobacter_phage_Stevie_k5,phage
ACCGA,17,Citrobacter_phage_Stevie_k5,phage
CCGAA,24,Citrobacter_phage_Stevie_k5,phage
CGAAT,58,Citrobacter_phage_Stevie_k5,phage
ATTAC,70,Citrobacter_phage_Stevie_k5,phage
TTACT,42,Citrobacter_phage_Stevie_k5,phage
TTCGA,38,Citrobacter_phage_Stevie_k5,phage
TCGAT,37,Citrobacter_phage_Stevie_k5,phage
TCCAC,12,Citrobacter_phage_Stevie_k5,phage
CCACT,16,Citrobacter_phage_Stevie_k5,phage
CACTT,50,Citrobacter_phage_Stevie_k5,phage
TCCGC,42,Citrobacter_phage_Stevie_k5,phage
CCTTA,38,Citrobacter_phage_Stevie_k5,phage
CTTAT,44,Citrobacter_phage_Stevie_k5,phage
TTCAT,85,Citrobacter_phage_Stevie_k5,phage
TCATA,37,Citrobacter_phage_Stevie_k5,phage
CATAT,39,Citrobacter_phage_Stevie_k5,phage
GGTGC,36,Citrobacter_phage_Stevie_k5,phage
TGCGA,49,Citrobacter_phage_Stevie_k5,phage
TCTGA,47,Citrobacter_phage_Stevie_k5,phage
ATTTC,89,Citrobacter_phage_Stevie_k5,phage
CGTTT,104,Citrobacter_phage_Stevie_k5,phage
TTGCT,102,Citrobacter_phage_Stevie_k5,phage
TGCTG,83,Citrobacter_phage_Stevie_k5,phage
GCTGA,87,Citrobacter_phage_Stevie_k5,phage
TACAC,31,Citrobacter_phage_Stevie_k5,phage
ACACT,31,Citrobacter_phage_Stevie_k5,phage
CACTG,38,Citrobacter_phage_Stevie_k5,phage
GCGTG,45,Citrobacter_phage_Stevie_k5,phage
CGTGT,27,Citrobacter_phage_Stevie_k5,phage
CGCGA,71,Citrobacter_phage_Stevie_k5,phage
AACTC,43,Citrobacter_phage_Stevie_k5,phage
ACTCG,20,Citrobacter_phage_Stevie_k5,phage
CTCGC,34,Citrobacter_phage_Stevie_k5,phage
TCGCG,62,Citrobacter_phage_Stevie_k5,phage
GCGAG,68,Citrobacter_phage_Stevie_k5,phage
CGAGA,21,Citrobacter_phage_Stevie_k5,phage
GAGAA,54,Citrobacter_phage_Stevie_k5,phage
AGAAT,85,Citrobacter_phage_Stevie_k5,phage
GCTTT,75,Citrobacter_phage_Stevie_k5,phage
TTTAC,78,Citrobacter_phage_Stevie_k5,phage
TTACC,59,Citrobacter_phage_Stevie_k5,phage
TACCC,19,Citrobacter_phage_Stevie_k5,phage
ACCCC,10,Citrobacter_phage_Stevie_k5,phage
CCCCG,9,Citrobacter_phage_Stevie_k5,phage
CCGCA,52,Citrobacter_phage_Stevie_k5,phage
GGTAC,22,Citrobacter_phage_Stevie_k5,phage
GTACA,25,Citrobacter_phage_Stevie_k5,phage
GGATG,50,Citrobacter_phage_Stevie_k5,phage
TCAGA,70,Citrobacter_phage_Stevie_k5,phage
CAGAT,82,Citrobacter_phage_Stevie_k5,phage
AGATC,77,Citrobacter_phage_Stevie_k5,phage
TTAAT,91,Citrobacter_phage_Stevie_k5,phage
TAATG,91,Citrobacter_phage_Stevie_k5,phage
ATGAC,59,Citrobacter_phage_Stevie_k5,phage
TGACG,77,Citrobacter_phage_Stevie_k5,phage
GACGC,38,Citrobacter_phage_Stevie_k5,phage
CGCTG,52,Citrobacter_phage_Stevie_k5,phage
AGTTC,19,Citrobacter_phage_Stevie_k5,phage
GTTCG,21,Citrobacter_phage_Stevie_k5,phage
TTCGC,47,Citrobacter_phage_Stevie_k5,phage
TCGCC,41,Citrobacter_phage_Stevie_k5,phage
CCTGG,69,Citrobacter_phage_Stevie_k5,phage
CTGGA,75,Citrobacter_phage_Stevie_k5,phage
TTAGT,22,Citrobacter_phage_Stevie_k5,phage
TAGTA,17,Citrobacter_phage_Stevie_k5,phage
AGTAA,43,Citrobacter_phage_Stevie_k5,phage
GTAAA,92,Citrobacter_phage_Stevie_k5,phage
TAAAT,71,Citrobacter_phage_Stevie_k5,phage
CGGTC,20,Citrobacter_phage_Stevie_k5,phage
GGTCA,35,Citrobacter_phage_Stevie_k5,phage
GTCAG,15,Citrobacter_phage_Stevie_k5,phage
TACTG,30,Citrobacter_phage_Stevie_k5,phage
GTAGC,21,Citrobacter_phage_Stevie_k5,phage
TAGCC,37,Citrobacter_phage_Stevie_k5,phage
GCCGT,54,Citrobacter_phage_Stevie_k5,phage
CCGTG,21,Citrobacter_phage_Stevie_k5,phage
CGTGG,18,Citrobacter_phage_Stevie_k5,phage
GTGGC,24,Citrobacter_phage_Stevie_k5,phage
TGGCG,112,Citrobacter_phage_Stevie_k5,phage
GTTAC,60,Citrobacter_phage_Stevie_k5,phage
TTACA,68,Citrobacter_phage_Stevie_k5,phage
TACAT,37,Citrobacter_phage_Stevie_k5,phage
ACATT,56,Citrobacter_phage_Stevie_k5,phage
TTACG,84,Citrobacter_phage_Stevie_k5,phage
TACGC,51,Citrobacter_phage_Stevie_k5,phage
GGCGT,69,Citrobacter_phage_Stevie_k5,phage
GCGTT,113,Citrobacter_phage_Stevie_k5,phage
GTTTA,73,Citrobacter_phage_Stevie_k5,phage
GGTTG,76,Citrobacter_phage_Stevie_k5,phage
GTTGC,84,Citrobacter_phage_Stevie_k5,phage
TGCGT,47,Citrobacter_phage_Stevie_k5,phage
ACTCT,20,Citrobacter_phage_Stevie_k5,phage
CTCTT,36,Citrobacter_phage_Stevie_k5,phage
TCTTG,71,Citrobacter_phage_Stevie_k5,phage
TTGAC,57,Citrobacter_phage_Stevie_k5,phage
GACGA,47,Citrobacter_phage_Stevie_k5,phage
CCAGA,47,Citrobacter_phage_Stevie_k5,phage
AGAAA,128,Citrobacter_phage_Stevie_k5,phage
AGCCA,58,Citrobacter_phage_Stevie_k5,phage
AGATG,54,Citrobacter_phage_Stevie_k5,phage
ATATG,73,Citrobacter_phage_Stevie_k5,phage
TCGAA,37,Citrobacter_phage_Stevie_k5,phage
CGAAG,28,Citrobacter_phage_Stevie_k5,phage
ACGTG,31,Citrobacter_phage_Stevie_k5,phage
CGTGA,54,Citrobacter_phage_Stevie_k5,phage
TGAGC,47,Citrobacter_phage_Stevie_k5,phage
GAGCG,47,Citrobacter_phage_Stevie_k5,phage
GTCAA,48,Citrobacter_phage_Stevie_k5,phage
CAAAT,70,Citrobacter_phage_Stevie_k5,phage
CATTC,65,Citrobacter_phage_Stevie_k5,phage
ATTCG,42,Citrobacter_phage_Stevie_k5,phage
GATCA,96,Citrobacter_phage_Stevie_k5,phage
ACGTC,18,Citrobacter_phage_Stevie_k5,phage
CGTCG,16,Citrobacter_phage_Stevie_k5,phage
CGCAC,35,Citrobacter_phage_Stevie_k5,phage
CGCCG,60,Citrobacter_phage_Stevie_k5,phage
GCCGA,30,Citrobacter_phage_Stevie_k5,phage
TTATC,78,Citrobacter_phage_Stevie_k5,phage
TATCG,47,Citrobacter_phage_Stevie_k5,phage
ATCGT,39,Citrobacter_phage_Stevie_k5,phage
TCAGC,52,Citrobacter_phage_Stevie_k5,phage
GCAGC,41,Citrobacter_phage_Stevie_k5,phage
GCCTA,18,Citrobacter_phage_Stevie_k5,phage
CCTAC,6,Citrobacter_phage_Stevie_k5,phage
CTACA,19,Citrobacter_phage_Stevie_k5,phage
TGACC,19,Citrobacter_phage_Stevie_k5,phage
GACCT,12,Citrobacter_phage_Stevie_k5,phage
GTTTC,57,Citrobacter_phage_Stevie_k5,phage
TTTCT,73,Citrobacter_phage_Stevie_k5,phage
TTCTG,55,Citrobacter_phage_Stevie_k5,phage
TGGGT,32,Citrobacter_phage_Stevie_k5,phage
GGGTA,30,Citrobacter_phage_Stevie_k5,phage
GGTAT,48,Citrobacter_phage_Stevie_k5,phage
GACCA,22,Citrobacter_phage_Stevie_k5,phage
ATATC,58,Citrobacter_phage_Stevie_k5,phage
AATTC,73,Citrobacter_phage_Stevie_k5,phage
GATGG,70,Citrobacter_phage_Stevie_k5,phage
ATGGT,85,Citrobacter_phage_Stevie_k5,phage
CAGAG,39,Citrobacter_phage_Stevie_k5,phage
AGAGG,42,Citrobacter_phage_Stevie_k5,phage
TACGG,35,Citrobacter_phage_Stevie_k5,phage
ACGGG,13,Citrobacter_phage_Stevie_k5,phage
CGGGA,8,Citrobacter_phage_Stevie_k5,phage
TCGCT,37,Citrobacter_phage_Stevie_k5,phage
CGCTT,81,Citrobacter_phage_Stevie_k5,phage
GCTTC,28,Citrobacter_phage_Stevie_k5,phage
CTTCC,39,Citrobacter_phage_Stevie_k5,phage
TCCTG,35,Citrobacter_phage_Stevie_k5,phage
ATTGG,69,Citrobacter_phage_Stevie_k5,phage
TTGGT,77,Citrobacter_phage_Stevie_k5,phage
TGCAG,48,Citrobacter_phage_Stevie_k5,phage
CAGCC,35,Citrobacter_phage_Stevie_k5,phage
CTTTG,75,Citrobacter_phage_Stevie_k5,phage
ATGTG,47,Citrobacter_phage_Stevie_k5,phage
GTGCT,48,Citrobacter_phage_Stevie_k5,phage
TGCTT,62,Citrobacter_phage_Stevie_k5,phage
TCGTC,11,Citrobacter_phage_Stevie_k5,phage
CGTCT,17,Citrobacter_phage_Stevie_k5,phage
GTCTG,24,Citrobacter_phage_Stevie_k5,phage
ACATC,35,Citrobacter_phage_Stevie_k5,phage
CATCG,41,Citrobacter_phage_Stevie_k5,phage
GACGG,50,Citrobacter_phage_Stevie_k5,phage
AAGTA,38,Citrobacter_phage_Stevie_k5,phage
ATTCT,51,Citrobacter_phage_Stevie_k5,phage
TTCTT,76,Citrobacter_phage_Stevie_k5,phage
TCTTT,71,Citrobacter_phage_Stevie_k5,phage
CTTTT,88,Citrobacter_phage_Stevie_k5,phage
TGGCC,20,Citrobacter_phage_Stevie_k5,phage
GGCCT,32,Citrobacter_phage_Stevie_k5,phage
CCTAG,8,Citrobacter_phage_Stevie_k5,phage
AGCAT,60,Citrobacter_phage_Stevie_k5,phage
TGACT,34,Citrobacter_phage_Stevie_k5,phage
GACTT,34,Citrobacter_phage_Stevie_k5,phage
GCGCT,76,Citrobacter_phage_Stevie_k5,phage
GCTAC,29,Citrobacter_phage_Stevie_k5,phage
CTACG,16,Citrobacter_phage_Stevie_k5,phage
GATGC,52,Citrobacter_phage_Stevie_k5,phage
ATGCG,74,Citrobacter_phage_Stevie_k5,phage
CGGAT,65,Citrobacter_phage_Stevie_k5,phage
TTGTA,42,Citrobacter_phage_Stevie_k5,phage
TGTAC,16,Citrobacter_phage_Stevie_k5,phage
TTCTC,24,Citrobacter_phage_Stevie_k5,phage
TCTCA,23,Citrobacter_phage_Stevie_k5,phage
CTCAG,32,Citrobacter_phage_Stevie_k5,phage
GAGCC,29,Citrobacter_phage_Stevie_k5,phage
TGCTC,28,Citrobacter_phage_Stevie_k5,phage
GCTCT,26,Citrobacter_phage_Stevie_k5,phage
CGTTG,75,Citrobacter_phage_Stevie_k5,phage
GTTGG,76,Citrobacter_phage_Stevie_k5,phage
TTGGA,48,Citrobacter_phage_Stevie_k5,phage
TTCCA,46,Citrobacter_phage_Stevie_k5,phage
GGAAC,43,Citrobacter_phage_Stevie_k5,phage
ACCGG,24,Citrobacter_phage_Stevie_k5,phage
CCGGA,54,Citrobacter_phage_Stevie_k5,phage
GGAGA,41,Citrobacter_phage_Stevie_k5,phage
AACGA,62,Citrobacter_phage_Stevie_k5,phage
ATGCC,46,Citrobacter_phage_Stevie_k5,phage
TGCCA,44,Citrobacter_phage_Stevie_k5,phage
GGATC,69,Citrobacter_phage_Stevie_k5,phage
TATAC,17,Citrobacter_phage_Stevie_k5,phage
TACGT,28,Citrobacter_phage_Stevie_k5,phage
GCAGA,73,Citrobacter_phage_Stevie_k5,phage
TACCG,43,Citrobacter_phage_Stevie_k5,phage
ACCGC,48,Citrobacter_phage_Stevie_k5,phage
CCGCT,36,Citrobacter_phage_Stevie_k5,phage
CGCTC,20,Citrobacter_phage_Stevie_k5,phage
GCTCA,44,Citrobacter_phage_Stevie_k5,phage
ACGAC,30,Citrobacter_phage_Stevie_k5,phage
CGACT,14,Citrobacter_phage_Stevie_k5,phage
GACTA,17,Citrobacter_phage_Stevie_k5,phage
ACTAC,26,Citrobacter_phage_Stevie_k5,phage
TGGGG,30,Citrobacter_phage_Stevie_k5,phage
GGGGC,19,Citrobacter_phage_Stevie_k5,phage
GCATG,54,Citrobacter_phage_Stevie_k5,phage
CATGT,38,Citrobacter_phage_Stevie_k5,phage
AGGCC,27,Citrobacter_phage_Stevie_k5,phage
GGCCG,14,Citrobacter_phage_Stevie_k5,phage
CCGTA,21,Citrobacter_phage_Stevie_k5,phage
GTATA,27,Citrobacter_phage_Stevie_k5,phage
ATATA,59,Citrobacter_phage_Stevie_k5,phage
ACGGT,47,Citrobacter_phage_Stevie_k5,phage
CGGTG,24,Citrobacter_phage_Stevie_k5,phage
AATGT,59,Citrobacter_phage_Stevie_k5,phage
TTAGA,41,Citrobacter_phage_Stevie_k5,phage
TAGAA,28,Citrobacter_phage_Stevie_k5,phage
ACTCA,34,Citrobacter_phage_Stevie_k5,phage
ACAGT,26,Citrobacter_phage_Stevie_k5,phage
CAGTG,36,Citrobacter_phage_Stevie_k5,phage
AGTGC,35,Citrobacter_phage_Stevie_k5,phage
ACCGT,36,Citrobacter_phage_Stevie_k5,phage
CGAGC,48,Citrobacter_phage_Stevie_k5,phage
TTGCC,56,Citrobacter_phage_Stevie_k5,phage
TGCCG,43,Citrobacter_phage_Stevie_k5,phage
GATAG,34,Citrobacter_phage_Stevie_k5,phage
ATAGA,25,Citrobacter_phage_Stevie_k5,phage
TGGAC,24,Citrobacter_phage_Stevie_k5,phage
GGACG,22,Citrobacter_phage_Stevie_k5,phage
GTGAT,65,Citrobacter_phage_Stevie_k5,phage
TCAAG,61,Citrobacter_phage_Stevie_k5,phage
TGCCT,20,Citrobacter_phage_Stevie_k5,phage
CATGC,32,Citrobacter_phage_Stevie_k5,phage
GGCAG,38,Citrobacter_phage_Stevie_k5,phage
GAGGC,35,Citrobacter_phage_Stevie_k5,phage
TCACT,39,Citrobacter_phage_Stevie_k5,phage
ATAGC,58,Citrobacter_phage_Stevie_k5,phage
CCATC,24,Citrobacter_phage_Stevie_k5,phage
TCCTC,19,Citrobacter_phage_Stevie_k5,phage
CCTCA,33,Citrobacter_phage_Stevie_k5,phage
CTCAT,33,Citrobacter_phage_Stevie_k5,phage
TAATA,48,Citrobacter_phage_Stevie_k5,phage
GCTTA,59,Citrobacter_phage_Stevie_k5,phage
TGTGT,24,Citrobacter_phage_Stevie_k5,phage
TGTAA,56,Citrobacter_phage_Stevie_k5,phage
GGCTG,69,Citrobacter_phage_Stevie_k5,phage
CGGCC,12,Citrobacter_phage_Stevie_k5,phage
GGGGG,7,Citrobacter_phage_Stevie_k5,phage
GGGGT,23,Citrobacter_phage_Stevie_k5,phage
ATGAG,47,Citrobacter_phage_Stevie_k5,phage
GGCCA,14,Citrobacter_phage_Stevie_k5,phage
TACTA,16,Citrobacter_phage_Stevie_k5,phage
ACTAA,36,Citrobacter_phage_Stevie_k5,phage
ACAAC,66,Citrobacter_phage_Stevie_k5,phage
ACGAA,63,Citrobacter_phage_Stevie_k5,phage
TTCGG,16,Citrobacter_phage_Stevie_k5,phage
TCGGA,25,Citrobacter_phage_Stevie_k5,phage
ATCTA,23,Citrobacter_phage_Stevie_k5,phage
GAACG,33,Citrobacter_phage_Stevie_k5,phage
TTAGG,21,Citrobacter_phage_Stevie_k5,phage
TAGGC,17,Citrobacter_phage_Stevie_k5,phage
GGCGC,76,Citrobacter_phage_Stevie_k5,phage
TTGTC,31,Citrobacter_phage_Stevie_k5,phage
TGTCG,20,Citrobacter_phage_Stevie_k5,phage
AGTTG,80,Citrobacter_phage_Stevie_k5,phage
GTCTT,18,Citrobacter_phage_Stevie_k5,phage
GGGAT,25,Citrobacter_phage_Stevie_k5,phage
TGGTC,30,Citrobacter_phage_Stevie_k5,phage
GTTCT,26,Citrobacter_phage_Stevie_k5,phage
TCTGC,17,Citrobacter_phage_Stevie_k5,phage
CCTGT,17,Citrobacter_phage_Stevie_k5,phage
CTGTA,35,Citrobacter_phage_Stevie_k5,phage
AGCCT,43,Citrobacter_phage_Stevie_k5,phage
TGGTG,81,Citrobacter_phage_Stevie_k5,phage
TGCAC,40,Citrobacter_phage_Stevie_k5,phage
CAACT,56,Citrobacter_phage_Stevie_k5,phage
GTATG,45,Citrobacter_phage_Stevie_k5,phage
CTATC,37,Citrobacter_phage_Stevie_k5,phage
AACTA,37,Citrobacter_phage_Stevie_k5,phage
CTAAT,40,Citrobacter_phage_Stevie_k5,phage
GGAGT,33,Citrobacter_phage_Stevie_k5,phage
GTGTT,40,Citrobacter_phage_Stevie_k5,phage
TAAGA,34,Citrobacter_phage_Stevie_k5,phage
ATCTC,18,Citrobacter_phage_Stevie_k5,phage
CTCAC,12,Citrobacter_phage_Stevie_k5,phage
TCATT,84,Citrobacter_phage_Stevie_k5,phage
TACTC,12,Citrobacter_phage_Stevie_k5,phage
ATCAT,89,Citrobacter_phage_Stevie_k5,phage
ATCGA,37,Citrobacter_phage_Stevie_k5,phage
TGAGG,44,Citrobacter_phage_Stevie_k5,phage
ACTAT,32,Citrobacter_phage_Stevie_k5,phage
GGCTT,41,Citrobacter_phage_Stevie_k5,phage
CGACG,46,Citrobacter_phage_Stevie_k5,phage
TATGC,64,Citrobacter_phage_Stevie_k5,phage
GGCTC,41,Citrobacter_phage_Stevie_k5,phage
GTAAG,50,Citrobacter_phage_Stevie_k5,phage
GCCAC,26,Citrobacter_phage_Stevie_k5,phage
CCACA,28,Citrobacter_phage_Stevie_k5,phage
GAGGT,31,Citrobacter_phage_Stevie_k5,phage
CTCAA,57,Citrobacter_phage_Stevie_k5,phage
CTGAC,41,Citrobacter_phage_Stevie_k5,phage
GACGT,28,Citrobacter_phage_Stevie_k5,phage
AGAGT,22,Citrobacter_phage_Stevie_k5,phage
TCTTA,20,Citrobacter_phage_Stevie_k5,phage
CTTAC,45,Citrobacter_phage_Stevie_k5,phage
TCATC,53,Citrobacter_phage_Stevie_k5,phage
GAGTC,16,Citrobacter_phage_Stevie_k5,phage
CACGG,19,Citrobacter_phage_Stevie_k5,phage
GCTAG,3,Citrobacter_phage_Stevie_k5,phage
CTAGA,5,Citrobacter_phage_Stevie_k5,phage
TAGAG,23,Citrobacter_phage_Stevie_k5,phage
AGAGA,32,Citrobacter_phage_Stevie_k5,phage
GAGAC,10,Citrobacter_phage_Stevie_k5,phage
AGACT,20,Citrobacter_phage_Stevie_k5,phage
TTCTA,21,Citrobacter_phage_Stevie_k5,phage
TCTAT,38,Citrobacter_phage_Stevie_k5,phage
TAAGT,25,Citrobacter_phage_Stevie_k5,phage
TAATT,75,Citrobacter_phage_Stevie_k5,phage
GAGAG,30,Citrobacter_phage_Stevie_k5,phage
CCGTT,58,Citrobacter_phage_Stevie_k5,phage
CCGAG,11,Citrobacter_phage_Stevie_k5,phage
CAATC,57,Citrobacter_phage_Stevie_k5,phage
ATCTT,61,Citrobacter_phage_Stevie_k5,phage
CTGCC,6,Citrobacter_phage_Stevie_k5,phage
TGCCC,15,Citrobacter_phage_Stevie_k5,phage
GCCCT,7,Citrobacter_phage_Stevie_k5,phage
CCCTG,21,Citrobacter_phage_Stevie_k5,phage
TGACA,54,Citrobacter_phage_Stevie_k5,phage
GACAT,17,Citrobacter_phage_Stevie_k5,phage
GTGAC,27,Citrobacter_phage_Stevie_k5,phage
AACAT,71,Citrobacter_phage_Stevie_k5,phage
GAACT,21,Citrobacter_phage_Stevie_k5,phage
CTACC,18,Citrobacter_phage_Stevie_k5,phage
ATGTC,10,Citrobacter_phage_Stevie_k5,phage
TGTCT,14,Citrobacter_phage_Stevie_k5,phage
GTCTC,5,Citrobacter_phage_Stevie_k5,phage
TGGAG,39,Citrobacter_phage_Stevie_k5,phage
ACGAG,23,Citrobacter_phage_Stevie_k5,phage
CGAGG,23,Citrobacter_phage_Stevie_k5,phage
CTTGT,48,Citrobacter_phage_Stevie_k5,phage
TGTGA,38,Citrobacter_phage_Stevie_k5,phage
GAGGG,19,Citrobacter_phage_Stevie_k5,phage
AGGGA,22,Citrobacter_phage_Stevie_k5,phage
CTACT,15,Citrobacter_phage_Stevie_k5,phage
ACTGC,21,Citrobacter_phage_Stevie_k5,phage
CCAAC,36,Citrobacter_phage_Stevie_k5,phage
TATCC,33,Citrobacter_phage_Stevie_k5,phage
TCCAT,36,Citrobacter_phage_Stevie_k5,phage
CATCT,24,Citrobacter_phage_Stevie_k5,phage
AGACG,18,Citrobacter_phage_Stevie_k5,phage
GGGAG,16,Citrobacter_phage_Stevie_k5,phage
CCGTC,23,Citrobacter_phage_Stevie_k5,phage
CGTCA,29,Citrobacter_phage_Stevie_k5,phage
TCGTG,15,Citrobacter_phage_Stevie_k5,phage
GTGGT,28,Citrobacter_phage_Stevie_k5,phage
GTACG,14,Citrobacter_phage_Stevie_k5,phage
ATGTA,34,Citrobacter_phage_Stevie_k5,phage
GACTC,13,Citrobacter_phage_Stevie_k5,phage
CTCTA,18,Citrobacter_phage_Stevie_k5,phage
GCACG,27,Citrobacter_phage_Stevie_k5,phage
GTCCC,5,Citrobacter_phage_Stevie_k5,phage
CCCGT,10,Citrobacter_phage_Stevie_k5,phage
ACTTC,29,Citrobacter_phage_Stevie_k5,phage
CTTCT,26,Citrobacter_phage_Stevie_k5,phage
TATAG,32,Citrobacter_phage_Stevie_k5,phage
ATAGT,19,Citrobacter_phage_Stevie_k5,phage
TAGTT,22,Citrobacter_phage_Stevie_k5,phage
AATAG,41,Citrobacter_phage_Stevie_k5,phage
ACCCA,11,Citrobacter_phage_Stevie_k5,phage
CCCAT,16,Citrobacter_phage_Stevie_k5,phage
TAGAT,25,Citrobacter_phage_Stevie_k5,phage
TGTGG,23,Citrobacter_phage_Stevie_k5,phage
TCCAA,32,Citrobacter_phage_Stevie_k5,phage
GTCGT,6,Citrobacter_phage_Stevie_k5,phage
GCCGG,30,Citrobacter_phage_Stevie_k5,phage
GACAG,28,Citrobacter_phage_Stevie_k5,phage
GAGTA,23,Citrobacter_phage_Stevie_k5,phage
CCTAT,16,Citrobacter_phage_Stevie_k5,phage
ACCAA,55,Citrobacter_phage_Stevie_k5,phage
CGTAG,12,Citrobacter_phage_Stevie_k5,phage
GTAGA,20,Citrobacter_phage_Stevie_k5,phage
GAAGT,42,Citrobacter_phage_Stevie_k5,phage
AGTAG,24,Citrobacter_phage_Stevie_k5,phage
AGGTC,21,Citrobacter_phage_Stevie_k5,phage
GTCAC,16,Citrobacter_phage_Stevie_k5,phage
ACTGT,26,Citrobacter_phage_Stevie_k5,phage
TGTAG,17,Citrobacter_phage_Stevie_k5,phage
GTACT,10,Citrobacter_phage_Stevie_k5,phage
CGGCT,53,Citrobacter_phage_Stevie_k5,phage
CCACC,13,Citrobacter_phage_Stevie_k5,phage
CACCG,22,Citrobacter_phage_Stevie_k5,phage
CCATA,26,Citrobacter_phage_Stevie_k5,phage
ACTGA,34,Citrobacter_phage_Stevie_k5,phage
AGGAC,18,Citrobacter_phage_Stevie_k5,phage
GACCG,14,Citrobacter_phage_Stevie_k5,phage
CGTAC,10,Citrobacter_phage_Stevie_k5,phage
GTACC,10,Citrobacter_phage_Stevie_k5,phage
CAGAC,31,Citrobacter_phage_Stevie_k5,phage
CTGTG,4,Citrobacter_phage_Stevie_k5,phage
CCTTC,14,Citrobacter_phage_Stevie_k5,phage
GCTCG,17,Citrobacter_phage_Stevie_k5,phage
TCGAC,19,Citrobacter_phage_Stevie_k5,phage
AGACC,23,Citrobacter_phage_Stevie_k5,phage
ACCAC,27,Citrobacter_phage_Stevie_k5,phage
TATCT,33,Citrobacter_phage_Stevie_k5,phage
TCTGT,21,Citrobacter_phage_Stevie_k5,phage
CAGCT,24,Citrobacter_phage_Stevie_k5,phage
GGACA,16,Citrobacter_phage_Stevie_k5,phage
CCAAG,5,Citrobacter_phage_Stevie_k5,phage
GGTCT,16,Citrobacter_phage_Stevie_k5,phage
CTCGT,7,Citrobacter_phage_Stevie_k5,phage
GGTGG,27,Citrobacter_phage_Stevie_k5,phage
ATAGG,18,Citrobacter_phage_Stevie_k5,phage
GGGTG,25,Citrobacter_phage_Stevie_k5,phage
ATCCG,57,Citrobacter_phage_Stevie_k5,phage
CCGGT,20,Citrobacter_phage_Stevie_k5,phage
CACTC,17,Citrobacter_phage_Stevie_k5,phage
CGAAC,16,Citrobacter_phage_Stevie_k5,phage
TCGTA,9,Citrobacter_phage_Stevie_k5,phage
CTTCA,35,Citrobacter_phage_Stevie_k5,phage
CATAA,50,Citrobacter_phage_Stevie_k5,phage
CTGCG,16,Citrobacter_phage_Stevie_k5,phage
TCCCT,21,Citrobacter_phage_Stevie_k5,phage
TAGGA,13,Citrobacter_phage_Stevie_k5,phage
TCCGT,23,Citrobacter_phage_Stevie_k5,phage
ACTCC,11,Citrobacter_phage_Stevie_k5,phage
CTCCG,12,Citrobacter_phage_Stevie_k5,phage
CGGGC,5,Citrobacter_phage_Stevie_k5,phage
ATCCC,16,Citrobacter_phage_Stevie_k5,phage
CAACC,37,Citrobacter_phage_Stevie_k5,phage
AATCC,49,Citrobacter_phage_Stevie_k5,phage
ACCTA,16,Citrobacter_phage_Stevie_k5,phage
CCTGC,11,Citrobacter_phage_Stevie_k5,phage
GTGCC,14,Citrobacter_phage_Stevie_k5,phage
ACCTC,13,Citrobacter_phage_Stevie_k5,phage
CCTCT,5,Citrobacter_phage_Stevie_k5,phage
GTCCG,11,Citrobacter_phage_Stevie_k5,phage
TAGGG,8,Citrobacter_phage_Stevie_k5,phage
CCCTT,17,Citrobacter_phage_Stevie_k5,phage
GCCCA,12,Citrobacter_phage_Stevie_k5,phage
CCCAG,2,Citrobacter_phage_Stevie_k5,phage
CCCAA,14,Citrobacter_phage_Stevie_k5,phage
GACTG,15,Citrobacter_phage_Stevie_k5,phage
TCGGC,18,Citrobacter_phage_Stevie_k5,phage
CCACG,19,Citrobacter_phage_Stevie_k5,phage
CCGAC,7,Citrobacter_phage_Stevie_k5,phage
TAGAC,15,Citrobacter_phage_Stevie_k5,phage
GTCCA,8,Citrobacter_phage_Stevie_k5,phage
AGCTC,3,Citrobacter_phage_Stevie_k5,phage
GCTCC,5,Citrobacter_phage_Stevie_k5,phage
CTCCA,17,Citrobacter_phage_Stevie_k5,phage
CGGGG,11,Citrobacter_phage_Stevie_k5,phage
AGTAC,11,Citrobacter_phage_Stevie_k5,phage
AGGGG,13,Citrobacter_phage_Stevie_k5,phage
GGGCT,10,Citrobacter_phage_Stevie_k5,phage
TACCT,14,Citrobacter_phage_Stevie_k5,phage
GCCTC,27,Citrobacter_phage_Stevie_k5,phage
CCCGG,1,Citrobacter_phage_Stevie_k5,phage
TCCCA,12,Citrobacter_phage_Stevie_k5,phage
GGACT,11,Citrobacter_phage_Stevie_k5,phage
CCCAC,11,Citrobacter_phage_Stevie_k5,phage
GTCGG,9,Citrobacter_phage_Stevie_k5,phage
CCTCC,18,Citrobacter_phage_Stevie_k5,phage
CTCCC,4,Citrobacter_phage_Stevie_k5,phage
CTGCT,16,Citrobacter_phage_Stevie_k5,phage
GCCCC,10,Citrobacter_phage_Stevie_k5,phage
GGGGA,12,Citrobacter_phage_Stevie_k5,phage
GTGTC,18,Citrobacter_phage_Stevie_k5,phage
CGTGC,13,Citrobacter_phage_Stevie_k5,phage
TCTTC,29,Citrobacter_phage_Stevie_k5,phage
TCCCC,3,Citrobacter_phage_Stevie_k5,phage
CCCCT,6,Citrobacter_phage_Stevie_k5,phage
CATAG,13,Citrobacter_phage_Stevie_k5,phage
CCCTA,5,Citrobacter_phage_Stevie_k5,phage
CGCCC,10,Citrobacter_phage_Stevie_k5,phage
ACATA,30,Citrobacter_phage_Stevie_k5,phage
AGCCC,7,Citrobacter_phage_Stevie_k5,phage
GGGAC,2,Citrobacter_phage_Stevie_k5,phage
ACCCT,10,Citrobacter_phage_Stevie_k5,phage
CGGAC,5,Citrobacter_phage_Stevie_k5,phage
CTCGA,8,Citrobacter_phage_Stevie_k5,phage
TCGGG,5,Citrobacter_phage_Stevie_k5,phage
CTTAG,7,Citrobacter_phage_Stevie_k5,phage
TCTCT,5,Citrobacter_phage_Stevie_k5,phage
TCTAC,7,Citrobacter_phage_Stevie_k5,phage
TGTCA,19,Citrobacter_phage_Stevie_k5,phage
CTAGT,3,Citrobacter_phage_Stevie_k5,phage
TGTCC,7,Citrobacter_phage_Stevie_k5,phage
TAGTC,4,Citrobacter_phage_Stevie_k5,phage
CTGGG,7,Citrobacter_phage_Stevie_k5,phage
CGACC,7,Citrobacter_phage_Stevie_k5,phage
TCTCG,8,Citrobacter_phage_Stevie_k5,phage
CTCCT,14,Citrobacter_phage_Stevie_k5,phage
CCTCG,4,Citrobacter_phage_Stevie_k5,phage
TCTCC,13,Citrobacter_phage_Stevie_k5,phage
CACCC,3,Citrobacter_phage_Stevie_k5,phage
CCCCA,8,Citrobacter_phage_Stevie_k5,phage
AGTCC,4,Citrobacter_phage_Stevie_k5,phage
GCCCG,3,Citrobacter_phage_Stevie_k5,phage
CTCTC,2,Citrobacter_phage_Stevie_k5,phage
CCCCC,1,Citrobacter_phage_Stevie_k5,phage
TCTAG,1,Citrobacter_phage_Stevie_k5,phage
CCCTC,1,Citrobacter_phage_Stevie_k5,phage
CTGAG,1,Citrobacter_phage_Stevie_k5,phage
GACCC,1,Citrobacter_phage_Stevie_k5,phage
CTGTC,1,Citrobacter_phage_Stevie_k5,phage
GGGCC,1,Citrobacter_phage_Stevie_k5,phage
GGTCC,1,Citrobacter_phage_Stevie_k5,phage
TTATT,403,ecoli_phage_vB_EcoM_VR26_k5,phage
TATTC,387,ecoli_phage_vB_EcoM_VR26_k5,phage
ATTCC,239,ecoli_phage_vB_EcoM_VR26_k5,phage
TTCCT,247,ecoli_phage_vB_EcoM_VR26_k5,phage
TCCTT,182,ecoli_phage_vB_EcoM_VR26_k5,phage
CCTTA,170,ecoli_phage_vB_EcoM_VR26_k5,phage
CTTAT,239,ecoli_phage_vB_EcoM_VR26_k5,phage
TATTG,240,ecoli_phage_vB_EcoM_VR26_k5,phage
ATTGG,186,ecoli_phage_vB_EcoM_VR26_k5,phage
TTGGC,151,ecoli_phage_vB_EcoM_VR26_k5,phage
TGGCC,83,ecoli_phage_vB_EcoM_VR26_k5,phage
GGCCG,53,ecoli_phage_vB_EcoM_VR26_k5,phage
GCCGC,74,ecoli_phage_vB_EcoM_VR26_k5,phage
CCGCT,81,ecoli_phage_vB_EcoM_VR26_k5,phage
CGCTT,133,ecoli_phage_vB_EcoM_VR26_k5,phage
GCTTC,315,ecoli_phage_vB_EcoM_VR26_k5,phage
CTTCC,202,ecoli_phage_vB_EcoM_VR26_k5,phage
TTCCA,399,ecoli_phage_vB_EcoM_VR26_k5,phage
TCCAC,129,ecoli_phage_vB_EcoM_VR26_k5,phage
CCACG,93,ecoli_phage_vB_EcoM_VR26_k5,phage
CACGG,99,ecoli_phage_vB_EcoM_VR26_k5,phage
ACGGC,84,ecoli_phage_vB_EcoM_VR26_k5,phage
CGGCC,56,ecoli_phage_vB_EcoM_VR26_k5,phage
GGCCT,68,ecoli_phage_vB_EcoM_VR26_k5,phage
GCCTT,159,ecoli_phage_vB_EcoM_VR26_k5,phage
CCTTC,184,ecoli_phage_vB_EcoM_VR26_k5,phage
CTTCA,456,ecoli_phage_vB_EcoM_VR26_k5,phage
TTCAT,527,ecoli_phage_vB_EcoM_VR26_k5,phage
TCATA,346,ecoli_phage_vB_EcoM_VR26_k5,phage
CATAA,362,ecoli_phage_vB_EcoM_VR26_k5,phage
ATAAT,463,ecoli_phage_vB_EcoM_VR26_k5,phage
TAATT,380,ecoli_phage_vB_EcoM_VR26_k5,phage
AATTT,555,ecoli_phage_vB_EcoM_VR26_k5,phage
ATTTG,349,ecoli_phage_vB_EcoM_VR26_k5,phage
TTTGA,371,ecoli_phage_vB_EcoM_VR26_k5,phage
TTGAG,161,ecoli_phage_vB_EcoM_VR26_k5,phage
TGAGC,101,ecoli_phage_vB_EcoM_VR26_k5,phage
GAGCA,152,ecoli_phage_vB_EcoM_VR26_k5,phage
AGCAA,252,ecoli_phage_vB_EcoM_VR26_k5,phage
GCAAC,188,ecoli_phage_vB_EcoM_VR26_k5,phage
CAACG,137,ecoli_phage_vB_EcoM_VR26_k5,phage
AACGT,195,ecoli_phage_vB_EcoM_VR26_k5,phage
ACGTT,236,ecoli_phage_vB_EcoM_VR26_k5,phage
CGTTC,158,ecoli_phage_vB_EcoM_VR26_k5,phage
GTTCT,203,ecoli_phage_vB_EcoM_VR26_k5,phage
TTCTG,311,ecoli_phage_vB_EcoM_VR26_k5,phage
TCTGT,171,ecoli_phage_vB_EcoM_VR26_k5,phage
CTGTA,149,ecoli_phage_vB_EcoM_VR26_k5,phage
TGTAC,176,ecoli_phage_vB_EcoM_VR26_k5,phage
GTACT,97,ecoli_phage_vB_EcoM_VR26_k5,phage
TACTT,216,ecoli_phage_vB_EcoM_VR26_k5,phage
ACTTG,158,ecoli_phage_vB_EcoM_VR26_k5,phage
CTTGT,200,ecoli_phage_vB_EcoM_VR26_k5,phage
TTGTT,449,ecoli_phage_vB_EcoM_VR26_k5,phage
TGTTC,283,ecoli_phage_vB_EcoM_VR26_k5,phage
GTTCA,287,ecoli_phage_vB_EcoM_VR26_k5,phage
TTCAG,420,ecoli_phage_vB_EcoM_VR26_k5,phage
TCAGT,256,ecoli_phage_vB_EcoM_VR26_k5,phage
CAGTT,331,ecoli_phage_vB_EcoM_VR26_k5,phage
AGTTG,197,ecoli_phage_vB_EcoM_VR26_k5,phage
GTTGA,229,ecoli_phage_vB_EcoM_VR26_k5,phage
TTGAC,242,ecoli_phage_vB_EcoM_VR26_k5,phage
TGACA,134,ecoli_phage_vB_EcoM_VR26_k5,phage
GACAT,142,ecoli_phage_vB_EcoM_VR26_k5,phage
ACATG,123,ecoli_phage_vB_EcoM_VR26_k5,phage
CATGG,137,ecoli_phage_vB_EcoM_VR26_k5,phage
ATGGC,148,ecoli_phage_vB_EcoM_VR26_k5,phage
TGGCG,112,ecoli_phage_vB_EcoM_VR26_k5,phage
GGCGT,71,ecoli_phage_vB_EcoM_VR26_k5,phage
GCGTT,138,ecoli_phage_vB_EcoM_VR26_k5,phage
CGTTA,138,ecoli_phage_vB_EcoM_VR26_k5,phage
GTTAC,119,ecoli_phage_vB_EcoM_VR26_k5,phage
TTACG,162,ecoli_phage_vB_EcoM_VR26_k5,phage
TACGG,103,ecoli_phage_vB_EcoM_VR26_k5,phage
ACGGT,143,ecoli_phage_vB_EcoM_VR26_k5,phage
CGGTT,160,ecoli_phage_vB_EcoM_VR26_k5,phage
GGTTA,185,ecoli_phage_vB_EcoM_VR26_k5,phage
GTTAT,233,ecoli_phage_vB_EcoM_VR26_k5,phage
TTATA,359,ecoli_phage_vB_EcoM_VR26_k5,phage
TATAT,252,ecoli_phage_vB_EcoM_VR26_k5,phage
ATATA,267,ecoli_phage_vB_EcoM_VR26_k5,phage
TATAA,299,ecoli_phage_vB_EcoM_VR26_k5,phage
ATAAA,447,ecoli_phage_vB_EcoM_VR26_k5,phage
TAAAA,401,ecoli_phage_vB_EcoM_VR26_k5,phage
AAAAA,373,ecoli_phage_vB_EcoM_VR26_k5,phage
AAAAG,278,ecoli_phage_vB_EcoM_VR26_k5,phage
AAAGT,248,ecoli_phage_vB_EcoM_VR26_k5,phage
AAGTG,88,ecoli_phage_vB_EcoM_VR26_k5,phage
AGTGT,94,ecoli_phage_vB_EcoM_VR26_k5,phage
GTGTG,79,ecoli_phage_vB_EcoM_VR26_k5,phage
TGTGA,101,ecoli_phage_vB_EcoM_VR26_k5,phage
GTGAA,151,ecoli_phage_vB_EcoM_VR26_k5,phage
TGAAA,270,ecoli_phage_vB_EcoM_VR26_k5,phage
GAAAC,166,ecoli_phage_vB_EcoM_VR26_k5,phage
AAACA,313,ecoli_phage_vB_EcoM_VR26_k5,phage
AACAA,380,ecoli_phage_vB_EcoM_VR26_k5,phage
ACAAT,273,ecoli_phage_vB_EcoM_VR26_k5,phage
CAATT,369,ecoli_phage_vB_EcoM_VR26_k5,phage
AATTG,311,ecoli_phage_vB_EcoM_VR26_k5,phage
TTGGG,115,ecoli_phage_vB_EcoM_VR26_k5,phage
TGGGT,141,ecoli_phage_vB_EcoM_VR26_k5,phage
GGGTG,76,ecoli_phage_vB_EcoM_VR26_k5,phage
GGTGA,184,ecoli_phage_vB_EcoM_VR26_k5,phage
GTGAT,187,ecoli_phage_vB_EcoM_VR26_k5,phage
TGATT,323,ecoli_phage_vB_EcoM_VR26_k5,phage
GATTC,210,ecoli_phage_vB_EcoM_VR26_k5,phage
ATTCT,287,ecoli_phage_vB_EcoM_VR26_k5,phage
TTCTT,577,ecoli_phage_vB_EcoM_VR26_k5,phage
TCTTT,518,ecoli_phage_vB_EcoM_VR26_k5,phage
CTTTT,365,ecoli_phage_vB_EcoM_VR26_k5,phage
TTTTC,462,ecoli_phage_vB_EcoM_VR26_k5,phage
TTTCA,513,ecoli_phage_vB_EcoM_VR26_k5,phage
TTCAA,528,ecoli_phage_vB_EcoM_VR26_k5,phage
TCAAA,378,ecoli_phage_vB_EcoM_VR26_k5,phage
CAAAT,313,ecoli_phage_vB_EcoM_VR26_k5,phage
AAATT,450,ecoli_phage_vB_EcoM_VR26_k5,phage
AATTC,338,ecoli_phage_vB_EcoM_VR26_k5,phage
ATTCA,449,ecoli_phage_vB_EcoM_VR26_k5,phage
CAAAA,348,ecoli_phage_vB_EcoM_VR26_k5,phage
AAAAC,298,ecoli_phage_vB_EcoM_VR26_k5,phage
AAACC,244,ecoli_phage_vB_EcoM_VR26_k5,phage
AACCA,367,ecoli_phage_vB_EcoM_VR26_k5,phage
ACCAT,362,ecoli_phage_vB_EcoM_VR26_k5,phage
CCATT,323,ecoli_phage_vB_EcoM_VR26_k5,phage
CATTT,405,ecoli_phage_vB_EcoM_VR26_k5,phage
ATTTT,586,ecoli_phage_vB_EcoM_VR26_k5,phage
TTTTA,453,ecoli_phage_vB_EcoM_VR26_k5,phage
TTTAT,458,ecoli_phage_vB_EcoM_VR26_k5,phage
TTATC,343,ecoli_phage_vB_EcoM_VR26_k5,phage
TATCG,194,ecoli_phage_vB_EcoM_VR26_k5,phage
ATCGC,141,ecoli_phage_vB_EcoM_VR26_k5,phage
TCGCT,108,ecoli_phage_vB_EcoM_VR26_k5,phage
GCTTG,173,ecoli_phage_vB_EcoM_VR26_k5,phage
TGTTA,193,ecoli_phage_vB_EcoM_VR26_k5,phage
TTACT,172,ecoli_phage_vB_EcoM_VR26_k5,phage
TACTG,153,ecoli_phage_vB_EcoM_VR26_k5,phage
ACTGA,135,ecoli_phage_vB_EcoM_VR26_k5,phage
CTGAA,277,ecoli_phage_vB_EcoM_VR26_k5,phage
TGAAG,263,ecoli_phage_vB_EcoM_VR26_k5,phage
GAAGC,220,ecoli_phage_vB_EcoM_VR26_k5,phage
AAGCG,122,ecoli_phage_vB_EcoM_VR26_k5,phage
AGCGT,99,ecoli_phage_vB_EcoM_VR26_k5,phage
CGTTT,241,ecoli_phage_vB_EcoM_VR26_k5,phage
GTTTT,336,ecoli_phage_vB_EcoM_VR26_k5,phage
TTTTT,538,ecoli_phage_vB_EcoM_VR26_k5,phage
TTTTG,372,ecoli_phage_vB_EcoM_VR26_k5,phage
TTTGG,268,ecoli_phage_vB_EcoM_VR26_k5,phage
TTGGT,322,ecoli_phage_vB_EcoM_VR26_k5,phage
TGGTC,223,ecoli_phage_vB_EcoM_VR26_k5,phage
GGTCA,261,ecoli_phage_vB_EcoM_VR26_k5,phage
GTCAG,165,ecoli_phage_vB_EcoM_VR26_k5,phage
TCAGG,220,ecoli_phage_vB_EcoM_VR26_k5,phage
CAGGT,245,ecoli_phage_vB_EcoM_VR26_k5,phage
AGGTC,190,ecoli_phage_vB_EcoM_VR26_k5,phage
GGTCG,116,ecoli_phage_vB_EcoM_VR26_k5,phage
GTCGT,102,ecoli_phage_vB_EcoM_VR26_k5,phage
TCGTC,132,ecoli_phage_vB_EcoM_VR26_k5,phage
CGTCA,120,ecoli_phage_vB_EcoM_VR26_k5,phage
GTCAT,203,ecoli_phage_vB_EcoM_VR26_k5,phage
TAAAT,349,ecoli_phage_vB_EcoM_VR26_k5,phage
AAATC,327,ecoli_phage_vB_EcoM_VR26_k5,phage
AATCT,282,ecoli_phage_vB_EcoM_VR26_k5,phage
ATCTT,335,ecoli_phage_vB_EcoM_VR26_k5,phage
TCTTA,220,ecoli_phage_vB_EcoM_VR26_k5,phage
TATTA,308,ecoli_phage_vB_EcoM_VR26_k5,phage
ATTAC,224,ecoli_phage_vB_EcoM_VR26_k5,phage
TTACA,187,ecoli_phage_vB_EcoM_VR26_k5,phage
TACAA,224,ecoli_phage_vB_EcoM_VR26_k5,phage
ACAAA,328,ecoli_phage_vB_EcoM_VR26_k5,phage
CAAAG,216,ecoli_phage_vB_EcoM_VR26_k5,phage
AAAGG,228,ecoli_phage_vB_EcoM_VR26_k5,phage
AAGGA,175,ecoli_phage_vB_EcoM_VR26_k5,phage
AGGAC,118,ecoli_phage_vB_EcoM_VR26_k5,phage
GGACC,119,ecoli_phage_vB_EcoM_VR26_k5,phage
GACCA,202,ecoli_phage_vB_EcoM_VR26_k5,phage
ACCAG,307,ecoli_phage_vB_EcoM_VR26_k5,phage
CCAGA,283,ecoli_phage_vB_EcoM_VR26_k5,phage
CAGAG,152,ecoli_phage_vB_EcoM_VR26_k5,phage
AGAGT,94,ecoli_phage_vB_EcoM_VR26_k5,phage
GAGTT,130,ecoli_phage_vB_EcoM_VR26_k5,phage
AGTTT,328,ecoli_phage_vB_EcoM_VR26_k5,phage
GTTTC,257,ecoli_phage_vB_EcoM_VR26_k5,phage
TTTCC,291,ecoli_phage_vB_EcoM_VR26_k5,phage
TCCTG,174,ecoli_phage_vB_EcoM_VR26_k5,phage
CCTGC,101,ecoli_phage_vB_EcoM_VR26_k5,phage
CTGCA,266,ecoli_phage_vB_EcoM_VR26_k5,phage
TGCAT,258,ecoli_phage_vB_EcoM_VR26_k5,phage
GCATG,85,ecoli_phage_vB_EcoM_VR26_k5,phage
ATGGT,260,ecoli_phage_vB_EcoM_VR26_k5,phage
GGTCT,179,ecoli_phage_vB_EcoM_VR26_k5,phage
GTCTT,235,ecoli_phage_vB_EcoM_VR26_k5,phage
TATCA,362,ecoli_phage_vB_EcoM_VR26_k5,phage
ATCAA,415,ecoli_phage_vB_EcoM_VR26_k5,phage
TCAAC,330,ecoli_phage_vB_EcoM_VR26_k5,phage
CAACT,239,ecoli_phage_vB_EcoM_VR26_k5,phage
AACTG,224,ecoli_phage_vB_EcoM_VR26_k5,phage
ACTGT,149,ecoli_phage_vB_EcoM_VR26_k5,phage
CTGTT,228,ecoli_phage_vB_EcoM_VR26_k5,phage
GTTCC,163,ecoli_phage_vB_EcoM_VR26_k5,phage
CCACT,76,ecoli_phage_vB_EcoM_VR26_k5,phage
CACTG,95,ecoli_phage_vB_EcoM_VR26_k5,phage
ATATG,260,ecoli_phage_vB_EcoM_VR26_k5,phage
TATGC,184,ecoli_phage_vB_EcoM_VR26_k5,phage
ATGCG,117,ecoli_phage_vB_EcoM_VR26_k5,phage
TGCGT,95,ecoli_phage_vB_EcoM_VR26_k5,phage
ATAAG,234,ecoli_phage_vB_EcoM_VR26_k5,phage
TAAGC,155,ecoli_phage_vB_EcoM_VR26_k5,phage
AAGCA,244,ecoli_phage_vB_EcoM_VR26_k5,phage
GCAAA,204,ecoli_phage_vB_EcoM_VR26_k5,phage
AAAGA,299,ecoli_phage_vB_EcoM_VR26_k5,phage
AAGAA,352,ecoli_phage_vB_EcoM_VR26_k5,phage
AGAAC,174,ecoli_phage_vB_EcoM_VR26_k5,phage
GAACT,208,ecoli_phage_vB_EcoM_VR26_k5,phage
AACTT,387,ecoli_phage_vB_EcoM_VR26_k5,phage
ACTTA,161,ecoli_phage_vB_EcoM_VR26_k5,phage
ATTGA,308,ecoli_phage_vB_EcoM_VR26_k5,phage
TTGAA,358,ecoli_phage_vB_EcoM_VR26_k5,phage
TGAAC,217,ecoli_phage_vB_EcoM_VR26_k5,phage
ACTGC,158,ecoli_phage_vB_EcoM_VR26_k5,phage
GCATT,228,ecoli_phage_vB_EcoM_VR26_k5,phage
CATTA,368,ecoli_phage_vB_EcoM_VR26_k5,phage
ATTAG,118,ecoli_phage_vB_EcoM_VR26_k5,phage
TTAGT,162,ecoli_phage_vB_EcoM_VR26_k5,phage
TAGTT,174,ecoli_phage_vB_EcoM_VR26_k5,phage
AGTTC,209,ecoli_phage_vB_EcoM_VR26_k5,phage
GTTCG,148,ecoli_phage_vB_EcoM_VR26_k5,phage
TTCGG,163,ecoli_phage_vB_EcoM_VR26_k5,phage
TCGGC,101,ecoli_phage_vB_EcoM_VR26_k5,phage
CGGCA,115,ecoli_phage_vB_EcoM_VR26_k5,phage
GGCAT,120,ecoli_phage_vB_EcoM_VR26_k5,phage
GCATA,183,ecoli_phage_vB_EcoM_VR26_k5,phage
TAATC,281,ecoli_phage_vB_EcoM_VR26_k5,phage
AATCA,465,ecoli_phage_vB_EcoM_VR26_k5,phage
ATCAG,285,ecoli_phage_vB_EcoM_VR26_k5,phage
CAGTG,115,ecoli_phage_vB_EcoM_VR26_k5,phage
GTGTT,151,ecoli_phage_vB_EcoM_VR26_k5,phage
TTCAC,230,ecoli_phage_vB_EcoM_VR26_k5,phage
TCACA,135,ecoli_phage_vB_EcoM_VR26_k5,phage
CACAT,153,ecoli_phage_vB_EcoM_VR26_k5,phage
ACATC,248,ecoli_phage_vB_EcoM_VR26_k5,phage
CATCT,224,ecoli_phage_vB_EcoM_VR26_k5,phage
CTTTC,233,ecoli_phage_vB_EcoM_VR26_k5,phage
TTTCT,405,ecoli_phage_vB_EcoM_VR26_k5,phage
TCTGA,180,ecoli_phage_vB_EcoM_VR26_k5,phage
GAACA,243,ecoli_phage_vB_EcoM_VR26_k5,phage
AACAT,338,ecoli_phage_vB_EcoM_VR26_k5,phage
TTTGC,249,ecoli_phage_vB_EcoM_VR26_k5,phage
TTGCA,246,ecoli_phage_vB_EcoM_VR26_k5,phage
AAAAT,428,ecoli_phage_vB_EcoM_VR26_k5,phage
AAATA,340,ecoli_phage_vB_EcoM_VR26_k5,phage
AATAC,301,ecoli_phage_vB_EcoM_VR26_k5,phage
ATACT,227,ecoli_phage_vB_EcoM_VR26_k5,phage
CTTGA,231,ecoli_phage_vB_EcoM_VR26_k5,phage
ACATA,245,ecoli_phage_vB_EcoM_VR26_k5,phage
TCAAT,435,ecoli_phage_vB_EcoM_VR26_k5,phage
TCTGC,179,ecoli_phage_vB_EcoM_VR26_k5,phage
CATAT,323,ecoli_phage_vB_EcoM_VR26_k5,phage
ATATT,470,ecoli_phage_vB_EcoM_VR26_k5,phage
TCAGA,303,ecoli_phage_vB_EcoM_VR26_k5,phage
CAGAC,209,ecoli_phage_vB_EcoM_VR26_k5,phage
AGACA,144,ecoli_phage_vB_EcoM_VR26_k5,phage
GACAG,62,ecoli_phage_vB_EcoM_VR26_k5,phage
ACAGG,154,ecoli_phage_vB_EcoM_VR26_k5,phage
CAGGA,230,ecoli_phage_vB_EcoM_VR26_k5,phage
AGGAT,144,ecoli_phage_vB_EcoM_VR26_k5,phage
GGATA,228,ecoli_phage_vB_EcoM_VR26_k5,phage
GATAG,140,ecoli_phage_vB_EcoM_VR26_k5,phage
ATAGG,85,ecoli_phage_vB_EcoM_VR26_k5,phage
TAGGA,82,ecoli_phage_vB_EcoM_VR26_k5,phage
AGGAA,198,ecoli_phage_vB_EcoM_VR26_k5,phage
GGAAT,220,ecoli_phage_vB_EcoM_VR26_k5,phage
GAATA,316,ecoli_phage_vB_EcoM_VR26_k5,phage
AATAT,439,ecoli_phage_vB_EcoM_VR26_k5,phage
TAATA,352,ecoli_phage_vB_EcoM_VR26_k5,phage
AATAA,438,ecoli_phage_vB_EcoM_VR26_k5,phage
ATAAC,365,ecoli_phage_vB_EcoM_VR26_k5,phage
TAACG,174,ecoli_phage_vB_EcoM_VR26_k5,phage
AACGC,104,ecoli_phage_vB_EcoM_VR26_k5,phage
ACGCG,63,ecoli_phage_vB_EcoM_VR26_k5,phage
CGCGA,88,ecoli_phage_vB_EcoM_VR26_k5,phage
GCGAA,131,ecoli_phage_vB_EcoM_VR26_k5,phage
CGAAC,133,ecoli_phage_vB_EcoM_VR26_k5,phage
GAACG,130,ecoli_phage_vB_EcoM_VR26_k5,phage
AACGG,139,ecoli_phage_vB_EcoM_VR26_k5,phage
CGGCT,92,ecoli_phage_vB_EcoM_VR26_k5,phage
GGCTT,176,ecoli_phage_vB_EcoM_VR26_k5,phage
AGCGG,73,ecoli_phage_vB_EcoM_VR26_k5,phage
GCGGC,89,ecoli_phage_vB_EcoM_VR26_k5,phage
GGCAA,147,ecoli_phage_vB_EcoM_VR26_k5,phage
GCAAT,268,ecoli_phage_vB_EcoM_VR26_k5,phage
CAATG,214,ecoli_phage_vB_EcoM_VR26_k5,phage
AATGT,174,ecoli_phage_vB_EcoM_VR26_k5,phage
ATGTA,166,ecoli_phage_vB_EcoM_VR26_k5,phage
ACTGG,149,ecoli_phage_vB_EcoM_VR26_k5,phage
CTGGT,255,ecoli_phage_vB_EcoM_VR26_k5,phage
GTCTG,130,ecoli_phage_vB_EcoM_VR26_k5,phage
GCATC,215,ecoli_phage_vB_EcoM_VR26_k5,phage
CATCA,486,ecoli_phage_vB_EcoM_VR26_k5,phage
CAACC,240,ecoli_phage_vB_EcoM_VR26_k5,phage
ACCAA,316,ecoli_phage_vB_EcoM_VR26_k5,phage
CCAAA,261,ecoli_phage_vB_EcoM_VR26_k5,phage
CAATC,282,ecoli_phage_vB_EcoM_VR26_k5,phage
CCACA,124,ecoli_phage_vB_EcoM_VR26_k5,phage
AACGA,214,ecoli_phage_vB_EcoM_VR26_k5,phage
ACGAT,168,ecoli_phage_vB_EcoM_VR26_k5,phage
CGATT,198,ecoli_phage_vB_EcoM_VR26_k5,phage
GATTG,218,ecoli_phage_vB_EcoM_VR26_k5,phage
TGACT,158,ecoli_phage_vB_EcoM_VR26_k5,phage
GACTG,119,ecoli_phage_vB_EcoM_VR26_k5,phage
TGCAG,224,ecoli_phage_vB_EcoM_VR26_k5,phage
GCAGC,144,ecoli_phage_vB_EcoM_VR26_k5,phage
CAGCT,215,ecoli_phage_vB_EcoM_VR26_k5,phage
AGCTT,313,ecoli_phage_vB_EcoM_VR26_k5,phage
CAGGC,111,ecoli_phage_vB_EcoM_VR26_k5,phage
AGGCA,90,ecoli_phage_vB_EcoM_VR26_k5,phage
ATCAC,209,ecoli_phage_vB_EcoM_VR26_k5,phage
ACATT,226,ecoli_phage_vB_EcoM_VR26_k5,phage
CATTG,206,ecoli_phage_vB_EcoM_VR26_k5,phage
ATTGC,227,ecoli_phage_vB_EcoM_VR26_k5,phage
TTGCG,114,ecoli_phage_vB_EcoM_VR26_k5,phage
TGCGC,73,ecoli_phage_vB_EcoM_VR26_k5,phage
GCGCC,64,ecoli_phage_vB_EcoM_VR26_k5,phage
CGCCA,139,ecoli_phage_vB_EcoM_VR26_k5,phage
GCCAG,161,ecoli_phage_vB_EcoM_VR26_k5,phage
CCAGC,172,ecoli_phage_vB_EcoM_VR26_k5,phage
CTTGG,140,ecoli_phage_vB_EcoM_VR26_k5,phage
TGGTA,221,ecoli_phage_vB_EcoM_VR26_k5,phage
GGTAA,207,ecoli_phage_vB_EcoM_VR26_k5,phage
GTAAC,154,ecoli_phage_vB_EcoM_VR26_k5,phage
TAACC,259,ecoli_phage_vB_EcoM_VR26_k5,phage
AACCT,201,ecoli_phage_vB_EcoM_VR26_k5,phage
ACCTT,304,ecoli_phage_vB_EcoM_VR26_k5,phage
CCTTT,256,ecoli_phage_vB_EcoM_VR26_k5,phage
AAGCT,239,ecoli_phage_vB_EcoM_VR26_k5,phage
AGCTG,156,ecoli_phage_vB_EcoM_VR26_k5,phage
GCTGT,106,ecoli_phage_vB_EcoM_VR26_k5,phage
CTGTG,87,ecoli_phage_vB_EcoM_VR26_k5,phage
TGTGG,102,ecoli_phage_vB_EcoM_VR26_k5,phage
GTGGA,105,ecoli_phage_vB_EcoM_VR26_k5,phage
TGGAC,142,ecoli_phage_vB_EcoM_VR26_k5,phage
GGACG,83,ecoli_phage_vB_EcoM_VR26_k5,phage
GACGA,144,ecoli_phage_vB_EcoM_VR26_k5,phage
ACGAA,234,ecoli_phage_vB_EcoM_VR26_k5,phage
CGAAT,198,ecoli_phage_vB_EcoM_VR26_k5,phage
TAACA,320,ecoli_phage_vB_EcoM_VR26_k5,phage
AACAC,192,ecoli_phage_vB_EcoM_VR26_k5,phage
ACACA,152,ecoli_phage_vB_EcoM_VR26_k5,phage
CACAG,107,ecoli_phage_vB_EcoM_VR26_k5,phage
ACAGA,150,ecoli_phage_vB_EcoM_VR26_k5,phage
CAGAA,310,ecoli_phage_vB_EcoM_VR26_k5,phage
AGAAT,271,ecoli_phage_vB_EcoM_VR26_k5,phage
GAATT,314,ecoli_phage_vB_EcoM_VR26_k5,phage
TCATT,425,ecoli_phage_vB_EcoM_VR26_k5,phage
TTGAT,378,ecoli_phage_vB_EcoM_VR26_k5,phage
GATTT,400,ecoli_phage_vB_EcoM_VR26_k5,phage
ATTTC,445,ecoli_phage_vB_EcoM_VR26_k5,phage
TCCAA,179,ecoli_phage_vB_EcoM_VR26_k5,phage
CCAAC,177,ecoli_phage_vB_EcoM_VR26_k5,phage
CAACA,299,ecoli_phage_vB_EcoM_VR26_k5,phage
AACAG,265,ecoli_phage_vB_EcoM_VR26_k5,phage
CAGAT,226,ecoli_phage_vB_EcoM_VR26_k5,phage
AGATT,271,ecoli_phage_vB_EcoM_VR26_k5,phage
ATTCG,183,ecoli_phage_vB_EcoM_VR26_k5,phage
TTCGC,174,ecoli_phage_vB_EcoM_VR26_k5,phage
TCGCC,138,ecoli_phage_vB_EcoM_VR26_k5,phage
CCAGT,230,ecoli_phage_vB_EcoM_VR26_k5,phage
GTTTG,268,ecoli_phage_vB_EcoM_VR26_k5,phage
TGCAC,142,ecoli_phage_vB_EcoM_VR26_k5,phage
GCACA,133,ecoli_phage_vB_EcoM_VR26_k5,phage
CACAA,181,ecoli_phage_vB_EcoM_VR26_k5,phage
ATGTC,142,ecoli_phage_vB_EcoM_VR26_k5,phage
TGTCT,137,ecoli_phage_vB_EcoM_VR26_k5,phage
TCTGG,241,ecoli_phage_vB_EcoM_VR26_k5,phage
CTGGG,121,ecoli_phage_vB_EcoM_VR26_k5,phage
GGGTC,119,ecoli_phage_vB_EcoM_VR26_k5,phage
GGTCC,113,ecoli_phage_vB_EcoM_VR26_k5,phage
GTCCC,68,ecoli_phage_vB_EcoM_VR26_k5,phage
TCCCG,56,ecoli_phage_vB_EcoM_VR26_k5,phage
CCCGA,55,ecoli_phage_vB_EcoM_VR26_k5,phage
CCGAA,167,ecoli_phage_vB_EcoM_VR26_k5,phage
CGAAG,173,ecoli_phage_vB_EcoM_VR26_k5,phage
GAAGT,208,ecoli_phage_vB_EcoM_VR26_k5,phage
AAGTT,292,ecoli_phage_vB_EcoM_VR26_k5,phage
TTCGT,222,ecoli_phage_vB_EcoM_VR26_k5,phage
TCGTA,151,ecoli_phage_vB_EcoM_VR26_k5,phage
CGTAA,122,ecoli_phage_vB_EcoM_VR26_k5,phage
ACGCC,61,ecoli_phage_vB_EcoM_VR26_k5,phage
GCCAT,195,ecoli_phage_vB_EcoM_VR26_k5,phage
CCATA,241,ecoli_phage_vB_EcoM_VR26_k5,phage
CCTGA,131,ecoli_phage_vB_EcoM_VR26_k5,phage
CTGAT,190,ecoli_phage_vB_EcoM_VR26_k5,phage
ACGGG,63,ecoli_phage_vB_EcoM_VR26_k5,phage
CGGGG,40,ecoli_phage_vB_EcoM_VR26_k5,phage
GGGGA,56,ecoli_phage_vB_EcoM_VR26_k5,phage
GGGAA,124,ecoli_phage_vB_EcoM_VR26_k5,phage
GGAAA,140,ecoli_phage_vB_EcoM_VR26_k5,phage
GAAAT,280,ecoli_phage_vB_EcoM_VR26_k5,phage
TACTA,108,ecoli_phage_vB_EcoM_VR26_k5,phage
ACTAT,135,ecoli_phage_vB_EcoM_VR26_k5,phage
CTATT,140,ecoli_phage_vB_EcoM_VR26_k5,phage
TGCGG,92,ecoli_phage_vB_EcoM_VR26_k5,phage
GCGGT,105,ecoli_phage_vB_EcoM_VR26_k5,phage
GTTAA,290,ecoli_phage_vB_EcoM_VR26_k5,phage
TTAAT,462,ecoli_phage_vB_EcoM_VR26_k5,phage
TAATG,267,ecoli_phage_vB_EcoM_VR26_k5,phage
AATGA,268,ecoli_phage_vB_EcoM_VR26_k5,phage
ATGAA,291,ecoli_phage_vB_EcoM_VR26_k5,phage
TGAAT,327,ecoli_phage_vB_EcoM_VR26_k5,phage
ATACA,258,ecoli_phage_vB_EcoM_VR26_k5,phage
TACAG,147,ecoli_phage_vB_EcoM_VR26_k5,phage
ACAGC,137,ecoli_phage_vB_EcoM_VR26_k5,phage
CAGCA,228,ecoli_phage_vB_EcoM_VR26_k5,phage
AGCAT,226,ecoli_phage_vB_EcoM_VR26_k5,phage
CCATC,233,ecoli_phage_vB_EcoM_VR26_k5,phage
CATCG,167,ecoli_phage_vB_EcoM_VR26_k5,phage
ATCGA,150,ecoli_phage_vB_EcoM_VR26_k5,phage
TCGAT,162,ecoli_phage_vB_EcoM_VR26_k5,phage
TCCTC,123,ecoli_phage_vB_EcoM_VR26_k5,phage
CCTCT,69,ecoli_phage_vB_EcoM_VR26_k5,phage
CTCTG,136,ecoli_phage_vB_EcoM_VR26_k5,phage
TCAGC,219,ecoli_phage_vB_EcoM_VR26_k5,phage
GCTGC,120,ecoli_phage_vB_EcoM_VR26_k5,phage
CACAC,103,ecoli_phage_vB_EcoM_VR26_k5,phage
ACACG,96,ecoli_phage_vB_EcoM_VR26_k5,phage
CACGT,94,ecoli_phage_vB_EcoM_VR26_k5,phage
ACGTA,89,ecoli_phage_vB_EcoM_VR26_k5,phage
GTAAA,233,ecoli_phage_vB_EcoM_VR26_k5,phage
TCTTC,390,ecoli_phage_vB_EcoM_VR26_k5,phage
CAGCC,130,ecoli_phage_vB_EcoM_VR26_k5,phage
AGCCT,101,ecoli_phage_vB_EcoM_VR26_k5,phage
GCCTG,81,ecoli_phage_vB_EcoM_VR26_k5,phage
CTGCC,75,ecoli_phage_vB_EcoM_VR26_k5,phage
TGCCA,160,ecoli_phage_vB_EcoM_VR26_k5,phage
ATCTA,85,ecoli_phage_vB_EcoM_VR26_k5,phage
TCTAC,69,ecoli_phage_vB_EcoM_VR26_k5,phage
CTACC,68,ecoli_phage_vB_EcoM_VR26_k5,phage
TACCA,291,ecoli_phage_vB_EcoM_VR26_k5,phage
TTTAG,245,ecoli_phage_vB_EcoM_VR26_k5,phage
TAGTC,89,ecoli_phage_vB_EcoM_VR26_k5,phage
AGTCC,96,ecoli_phage_vB_EcoM_VR26_k5,phage
GTCCA,144,ecoli_phage_vB_EcoM_VR26_k5,phage
GAATC,231,ecoli_phage_vB_EcoM_VR26_k5,phage
TCACG,163,ecoli_phage_vB_EcoM_VR26_k5,phage
ACGGA,126,ecoli_phage_vB_EcoM_VR26_k5,phage
CGGAT,131,ecoli_phage_vB_EcoM_VR26_k5,phage
GGATG,145,ecoli_phage_vB_EcoM_VR26_k5,phage
GATGG,183,ecoli_phage_vB_EcoM_VR26_k5,phage
ATGGA,241,ecoli_phage_vB_EcoM_VR26_k5,phage
TGGAG,115,ecoli_phage_vB_EcoM_VR26_k5,phage
GGAGT,100,ecoli_phage_vB_EcoM_VR26_k5,phage
GAGTC,72,ecoli_phage_vB_EcoM_VR26_k5,phage
AGTCT,115,ecoli_phage_vB_EcoM_VR26_k5,phage
CTTTG,270,ecoli_phage_vB_EcoM_VR26_k5,phage
GACTT,186,ecoli_phage_vB_EcoM_VR26_k5,phage
CTTAA,225,ecoli_phage_vB_EcoM_VR26_k5,phage
TTAAC,406,ecoli_phage_vB_EcoM_VR26_k5,phage
CACGC,82,ecoli_phage_vB_EcoM_VR26_k5,phage
ACGCT,109,ecoli_phage_vB_EcoM_VR26_k5,phage
CGCTC,82,ecoli_phage_vB_EcoM_VR26_k5,phage
GCTCT,120,ecoli_phage_vB_EcoM_VR26_k5,phage
CTCTT,186,ecoli_phage_vB_EcoM_VR26_k5,phage
TTTCG,188,ecoli_phage_vB_EcoM_VR26_k5,phage
TCGGG,68,ecoli_phage_vB_EcoM_VR26_k5,phage
CGGGT,93,ecoli_phage_vB_EcoM_VR26_k5,phage
GGGTT,94,ecoli_phage_vB_EcoM_VR26_k5,phage
GTTAG,67,ecoli_phage_vB_EcoM_VR26_k5,phage
TTAGC,143,ecoli_phage_vB_EcoM_VR26_k5,phage
TAGCA,119,ecoli_phage_vB_EcoM_VR26_k5,phage
AACCG,169,ecoli_phage_vB_EcoM_VR26_k5,phage
ACCGG,133,ecoli_phage_vB_EcoM_VR26_k5,phage
CCGGA,106,ecoli_phage_vB_EcoM_VR26_k5,phage
CGGAA,151,ecoli_phage_vB_EcoM_VR26_k5,phage
AATCC,200,ecoli_phage_vB_EcoM_VR26_k5,phage
ATCCA,232,ecoli_phage_vB_EcoM_VR26_k5,phage
TCCAG,309,ecoli_phage_vB_EcoM_VR26_k5,phage
CAGTC,144,ecoli_phage_vB_EcoM_VR26_k5,phage
TTTAC,283,ecoli_phage_vB_EcoM_VR26_k5,phage
ACAAG,150,ecoli_phage_vB_EcoM_VR26_k5,phage
CAAGG,166,ecoli_phage_vB_EcoM_VR26_k5,phage
AAGGG,103,ecoli_phage_vB_EcoM_VR26_k5,phage
AGGGC,78,ecoli_phage_vB_EcoM_VR26_k5,phage
GGGCA,79,ecoli_phage_vB_EcoM_VR26_k5,phage
GGCAG,99,ecoli_phage_vB_EcoM_VR26_k5,phage
GCAGT,164,ecoli_phage_vB_EcoM_VR26_k5,phage
AGTCA,189,ecoli_phage_vB_EcoM_VR26_k5,phage
AGACG,102,ecoli_phage_vB_EcoM_VR26_k5,phage
GACGT,80,ecoli_phage_vB_EcoM_VR26_k5,phage
ACGTG,68,ecoli_phage_vB_EcoM_VR26_k5,phage
CGTGC,75,ecoli_phage_vB_EcoM_VR26_k5,phage
GTGCG,57,ecoli_phage_vB_EcoM_VR26_k5,phage
TGCGA,112,ecoli_phage_vB_EcoM_VR26_k5,phage
GCGAT,132,ecoli_phage_vB_EcoM_VR26_k5,phage
CGATA,203,ecoli_phage_vB_EcoM_VR26_k5,phage
ATAGA,166,ecoli_phage_vB_EcoM_VR26_k5,phage
TAGAT,128,ecoli_phage_vB_EcoM_VR26_k5,phage
AGATA,240,ecoli_phage_vB_EcoM_VR26_k5,phage
GATAT,321,ecoli_phage_vB_EcoM_VR26_k5,phage
ATTAA,433,ecoli_phage_vB_EcoM_VR26_k5,phage
TAACT,263,ecoli_phage_vB_EcoM_VR26_k5,phage
TGTAT,229,ecoli_phage_vB_EcoM_VR26_k5,phage
GTATC,157,ecoli_phage_vB_EcoM_VR26_k5,phage
CGCCT,71,ecoli_phage_vB_EcoM_VR26_k5,phage
CTTTA,484,ecoli_phage_vB_EcoM_VR26_k5,phage
TTTAA,597,ecoli_phage_vB_EcoM_VR26_k5,phage
TTAAA,483,ecoli_phage_vB_EcoM_VR26_k5,phage
AATCG,174,ecoli_phage_vB_EcoM_VR26_k5,phage
ATCGT,143,ecoli_phage_vB_EcoM_VR26_k5,phage
TCGTT,185,ecoli_phage_vB_EcoM_VR26_k5,phage
GAACC,150,ecoli_phage_vB_EcoM_VR26_k5,phage
TCAAG,235,ecoli_phage_vB_EcoM_VR26_k5,phage
CAAGC,145,ecoli_phage_vB_EcoM_VR26_k5,phage
GCGTG,71,ecoli_phage_vB_EcoM_VR26_k5,phage
CGTGT,78,ecoli_phage_vB_EcoM_VR26_k5,phage
GTGTC,57,ecoli_phage_vB_EcoM_VR26_k5,phage
TCACT,100,ecoli_phage_vB_EcoM_VR26_k5,phage
GTCGG,75,ecoli_phage_vB_EcoM_VR26_k5,phage
GTCAA,261,ecoli_phage_vB_EcoM_VR26_k5,phage
CAAAC,294,ecoli_phage_vB_EcoM_VR26_k5,phage
CAATA,334,ecoli_phage_vB_EcoM_VR26_k5,phage
AATAG,164,ecoli_phage_vB_EcoM_VR26_k5,phage
TAGAC,83,ecoli_phage_vB_EcoM_VR26_k5,phage
AGACT,142,ecoli_phage_vB_EcoM_VR26_k5,phage
GACTA,84,ecoli_phage_vB_EcoM_VR26_k5,phage
ACTAC,110,ecoli_phage_vB_EcoM_VR26_k5,phage
CTACT,99,ecoli_phage_vB_EcoM_VR26_k5,phage
TGCCC,62,ecoli_phage_vB_EcoM_VR26_k5,phage
GCCCT,50,ecoli_phage_vB_EcoM_VR26_k5,phage
CCCTG,88,ecoli_phage_vB_EcoM_VR26_k5,phage
CCTGT,107,ecoli_phage_vB_EcoM_VR26_k5,phage
TGTTG,262,ecoli_phage_vB_EcoM_VR26_k5,phage
GTTGG,191,ecoli_phage_vB_EcoM_VR26_k5,phage
TTGGA,197,ecoli_phage_vB_EcoM_VR26_k5,phage
TGGAA,264,ecoli_phage_vB_EcoM_VR26_k5,phage
GGAAC,207,ecoli_phage_vB_EcoM_VR26_k5,phage
ACTTT,297,ecoli_phage_vB_EcoM_VR26_k5,phage
TTACC,247,ecoli_phage_vB_EcoM_VR26_k5,phage
AGATG,165,ecoli_phage_vB_EcoM_VR26_k5,phage
GATGC,202,ecoli_phage_vB_EcoM_VR26_k5,phage
ATGCT,213,ecoli_phage_vB_EcoM_VR26_k5,phage
TGCTT,295,ecoli_phage_vB_EcoM_VR26_k5,phage
GCTTT,281,ecoli_phage_vB_EcoM_VR26_k5,phage
GAGCT,149,ecoli_phage_vB_EcoM_VR26_k5,phage
TGGCT,166,ecoli_phage_vB_EcoM_VR26_k5,phage
TCGCA,128,ecoli_phage_vB_EcoM_VR26_k5,phage
CGCAC,59,ecoli_phage_vB_EcoM_VR26_k5,phage
GCACT,62,ecoli_phage_vB_EcoM_VR26_k5,phage
TGGTG,229,ecoli_phage_vB_EcoM_VR26_k5,phage
GGTGT,116,ecoli_phage_vB_EcoM_VR26_k5,phage
TGTCA,164,ecoli_phage_vB_EcoM_VR26_k5,phage
CATAC,192,ecoli_phage_vB_EcoM_VR26_k5,phage
TGATG,337,ecoli_phage_vB_EcoM_VR26_k5,phage
ATGCC,112,ecoli_phage_vB_EcoM_VR26_k5,phage
GCCCC,45,ecoli_phage_vB_EcoM_VR26_k5,phage
CCCCG,39,ecoli_phage_vB_EcoM_VR26_k5,phage
ATCAT,405,ecoli_phage_vB_EcoM_VR26_k5,phage
TCATC,327,ecoli_phage_vB_EcoM_VR26_k5,phage
CGCAA,123,ecoli_phage_vB_EcoM_VR26_k5,phage
CGCCC,56,ecoli_phage_vB_EcoM_VR26_k5,phage
CCCTT,128,ecoli_phage_vB_EcoM_VR26_k5,phage
ATGTT,243,ecoli_phage_vB_EcoM_VR26_k5,phage
AAGGT,257,ecoli_phage_vB_EcoM_VR26_k5,phage
AGGTA,137,ecoli_phage_vB_EcoM_VR26_k5,phage
GGTAT,182,ecoli_phage_vB_EcoM_VR26_k5,phage
GTATT,292,ecoli_phage_vB_EcoM_VR26_k5,phage
ATTAT,418,ecoli_phage_vB_EcoM_VR26_k5,phage
ATACC,231,ecoli_phage_vB_EcoM_VR26_k5,phage
CATGC,98,ecoli_phage_vB_EcoM_VR26_k5,phage
TGCTC,162,ecoli_phage_vB_EcoM_VR26_k5,phage
GCTCG,100,ecoli_phage_vB_EcoM_VR26_k5,phage
CTCGT,107,ecoli_phage_vB_EcoM_VR26_k5,phage
CTTGC,128,ecoli_phage_vB_EcoM_VR26_k5,phage
CAGTA,200,ecoli_phage_vB_EcoM_VR26_k5,phage
AGTAT,185,ecoli_phage_vB_EcoM_VR26_k5,phage
TCGTG,106,ecoli_phage_vB_EcoM_VR26_k5,phage
TTCGA,160,ecoli_phage_vB_EcoM_VR26_k5,phage
TCGAG,72,ecoli_phage_vB_EcoM_VR26_k5,phage
CGAGC,104,ecoli_phage_vB_EcoM_VR26_k5,phage
TGAGT,98,ecoli_phage_vB_EcoM_VR26_k5,phage
AGTTA,193,ecoli_phage_vB_EcoM_VR26_k5,phage
TACGC,91,ecoli_phage_vB_EcoM_VR26_k5,phage
ACGCA,96,ecoli_phage_vB_EcoM_VR26_k5,phage
CGCAG,93,ecoli_phage_vB_EcoM_VR26_k5,phage
GCAGA,161,ecoli_phage_vB_EcoM_VR26_k5,phage
GACGG,75,ecoli_phage_vB_EcoM_VR26_k5,phage
GGGTA,88,ecoli_phage_vB_EcoM_VR26_k5,phage
GGTAG,65,ecoli_phage_vB_EcoM_VR26_k5,phage
GTAGT,95,ecoli_phage_vB_EcoM_VR26_k5,phage
TAGTG,68,ecoli_phage_vB_EcoM_VR26_k5,phage
AGTGG,80,ecoli_phage_vB_EcoM_VR26_k5,phage
GTGGT,137,ecoli_phage_vB_EcoM_VR26_k5,phage
GTATA,150,ecoli_phage_vB_EcoM_VR26_k5,phage
TATAG,120,ecoli_phage_vB_EcoM_VR26_k5,phage
ATATC,338,ecoli_phage_vB_EcoM_VR26_k5,phage
CATAG,137,ecoli_phage_vB_EcoM_VR26_k5,phage
GACAA,186,ecoli_phage_vB_EcoM_VR26_k5,phage
ACAAC,220,ecoli_phage_vB_EcoM_VR26_k5,phage
AACCC,156,ecoli_phage_vB_EcoM_VR26_k5,phage
ACCCC,82,ecoli_phage_vB_EcoM_VR26_k5,phage
CCCGG,75,ecoli_phage_vB_EcoM_VR26_k5,phage
CCGGC,70,ecoli_phage_vB_EcoM_VR26_k5,phage
TTTGT,371,ecoli_phage_vB_EcoM_VR26_k5,phage
TTGTC,177,ecoli_phage_vB_EcoM_VR26_k5,phage
TGTCC,77,ecoli_phage_vB_EcoM_VR26_k5,phage
AGCTC,143,ecoli_phage_vB_EcoM_VR26_k5,phage
CTCGA,87,ecoli_phage_vB_EcoM_VR26_k5,phage
TCGAA,156,ecoli_phage_vB_EcoM_VR26_k5,phage
CGTAC,77,ecoli_phage_vB_EcoM_VR26_k5,phage
GTACA,176,ecoli_phage_vB_EcoM_VR26_k5,phage
TACAT,209,ecoli_phage_vB_EcoM_VR26_k5,phage
ATCTG,194,ecoli_phage_vB_EcoM_VR26_k5,phage
TGGTT,301,ecoli_phage_vB_EcoM_VR26_k5,phage
TTGTA,247,ecoli_phage_vB_EcoM_VR26_k5,phage
TGTAA,167,ecoli_phage_vB_EcoM_VR26_k5,phage
TACGA,151,ecoli_phage_vB_EcoM_VR26_k5,phage
ACGAG,126,ecoli_phage_vB_EcoM_VR26_k5,phage
AATTA,309,ecoli_phage_vB_EcoM_VR26_k5,phage
AACTC,178,ecoli_phage_vB_EcoM_VR26_k5,phage
ACTCA,139,ecoli_phage_vB_EcoM_VR26_k5,phage
CTCAG,128,ecoli_phage_vB_EcoM_VR26_k5,phage
GACTC,79,ecoli_phage_vB_EcoM_VR26_k5,phage
ACTCT,116,ecoli_phage_vB_EcoM_VR26_k5,phage
TGCAA,260,ecoli_phage_vB_EcoM_VR26_k5,phage
TCGCG,90,ecoli_phage_vB_EcoM_VR26_k5,phage
GATAC,192,ecoli_phage_vB_EcoM_VR26_k5,phage
ATACG,164,ecoli_phage_vB_EcoM_VR26_k5,phage
TACGT,100,ecoli_phage_vB_EcoM_VR26_k5,phage
CGTAT,133,ecoli_phage_vB_EcoM_VR26_k5,phage
GTATG,130,ecoli_phage_vB_EcoM_VR26_k5,phage
TATGA,194,ecoli_phage_vB_EcoM_VR26_k5,phage
ATGAC,158,ecoli_phage_vB_EcoM_VR26_k5,phage
TGACG,96,ecoli_phage_vB_EcoM_VR26_k5,phage
CATTC,223,ecoli_phage_vB_EcoM_VR26_k5,phage
CTTAC,142,ecoli_phage_vB_EcoM_VR26_k5,phage
TCCAT,264,ecoli_phage_vB_EcoM_VR26_k5,phage
CCATG,163,ecoli_phage_vB_EcoM_VR26_k5,phage
CATGA,188,ecoli_phage_vB_EcoM_VR26_k5,phage
AGGGT,94,ecoli_phage_vB_EcoM_VR26_k5,phage
GGTTT,255,ecoli_phage_vB_EcoM_VR26_k5,phage
GCTCA,150,ecoli_phage_vB_EcoM_VR26_k5,phage
CTCAA,174,ecoli_phage_vB_EcoM_VR26_k5,phage
TATTT,370,ecoli_phage_vB_EcoM_VR26_k5,phage
GCGAC,71,ecoli_phage_vB_EcoM_VR26_k5,phage
CGACC,107,ecoli_phage_vB_EcoM_VR26_k5,phage
GACCG,107,ecoli_phage_vB_EcoM_VR26_k5,phage
ACCGT,136,ecoli_phage_vB_EcoM_VR26_k5,phage
CCGTA,89,ecoli_phage_vB_EcoM_VR26_k5,phage
GTACG,69,ecoli_phage_vB_EcoM_VR26_k5,phage
AGTGA,86,ecoli_phage_vB_EcoM_VR26_k5,phage
TGATA,392,ecoli_phage_vB_EcoM_VR26_k5,phage
GATAA,410,ecoli_phage_vB_EcoM_VR26_k5,phage
AATGC,192,ecoli_phage_vB_EcoM_VR26_k5,phage
CTTCG,200,ecoli_phage_vB_EcoM_VR26_k5,phage
GCGAG,60,ecoli_phage_vB_EcoM_VR26_k5,phage
CGAGA,74,ecoli_phage_vB_EcoM_VR26_k5,phage
GAGAA,113,ecoli_phage_vB_EcoM_VR26_k5,phage
AGAAG,215,ecoli_phage_vB_EcoM_VR26_k5,phage
GAAGG,162,ecoli_phage_vB_EcoM_VR26_k5,phage
AGGTG,122,ecoli_phage_vB_EcoM_VR26_k5,phage
GGTGC,103,ecoli_phage_vB_EcoM_VR26_k5,phage
TATCC,178,ecoli_phage_vB_EcoM_VR26_k5,phage
CAGCG,99,ecoli_phage_vB_EcoM_VR26_k5,phage
AGCGA,91,ecoli_phage_vB_EcoM_VR26_k5,phage
ACCCA,175,ecoli_phage_vB_EcoM_VR26_k5,phage
CCCAT,139,ecoli_phage_vB_EcoM_VR26_k5,phage
ATCGG,102,ecoli_phage_vB_EcoM_VR26_k5,phage
CGGGA,72,ecoli_phage_vB_EcoM_VR26_k5,phage
TAAAG,358,ecoli_phage_vB_EcoM_VR26_k5,phage
AAGAC,171,ecoli_phage_vB_EcoM_VR26_k5,phage
ACGAC,120,ecoli_phage_vB_EcoM_VR26_k5,phage
CGACA,77,ecoli_phage_vB_EcoM_VR26_k5,phage
TGGCA,145,ecoli_phage_vB_EcoM_VR26_k5,phage
CATCC,146,ecoli_phage_vB_EcoM_VR26_k5,phage
CCAGG,233,ecoli_phage_vB_EcoM_VR26_k5,phage
AGGTT,186,ecoli_phage_vB_EcoM_VR26_k5,phage
TCGGA,103,ecoli_phage_vB_EcoM_VR26_k5,phage
TAAAC,240,ecoli_phage_vB_EcoM_VR26_k5,phage
GCCAC,80,ecoli_phage_vB_EcoM_VR26_k5,phage
CCACC,142,ecoli_phage_vB_EcoM_VR26_k5,phage
CACCG,112,ecoli_phage_vB_EcoM_VR26_k5,phage
GCGTA,67,ecoli_phage_vB_EcoM_VR26_k5,phage
AGACC,150,ecoli_phage_vB_EcoM_VR26_k5,phage
TGGGC,91,ecoli_phage_vB_EcoM_VR26_k5,phage
GGGCT,64,ecoli_phage_vB_EcoM_VR26_k5,phage
GGCTG,93,ecoli_phage_vB_EcoM_VR26_k5,phage
CTGCT,133,ecoli_phage_vB_EcoM_VR26_k5,phage
TGCTA,83,ecoli_phage_vB_EcoM_VR26_k5,phage
GCTAT,104,ecoli_phage_vB_EcoM_VR26_k5,phage
CTATA,90,ecoli_phage_vB_EcoM_VR26_k5,phage
GGAGC,107,ecoli_phage_vB_EcoM_VR26_k5,phage
TTCCG,132,ecoli_phage_vB_EcoM_VR26_k5,phage
TCCGG,104,ecoli_phage_vB_EcoM_VR26_k5,phage
CCGGG,85,ecoli_phage_vB_EcoM_VR26_k5,phage
GGAAG,170,ecoli_phage_vB_EcoM_VR26_k5,phage
AAGTA,133,ecoli_phage_vB_EcoM_VR26_k5,phage
AGTAA,202,ecoli_phage_vB_EcoM_VR26_k5,phage
GTAAT,224,ecoli_phage_vB_EcoM_VR26_k5,phage
CCTTG,163,ecoli_phage_vB_EcoM_VR26_k5,phage
AGCCA,174,ecoli_phage_vB_EcoM_VR26_k5,phage
AAACG,211,ecoli_phage_vB_EcoM_VR26_k5,phage
CGGAC,60,ecoli_phage_vB_EcoM_VR26_k5,phage
GACGC,52,ecoli_phage_vB_EcoM_VR26_k5,phage
CGCAT,107,ecoli_phage_vB_EcoM_VR26_k5,phage
ATGAT,298,ecoli_phage_vB_EcoM_VR26_k5,phage
ATGCA,234,ecoli_phage_vB_EcoM_VR26_k5,phage
ATCTC,105,ecoli_phage_vB_EcoM_VR26_k5,phage
TCTCA,117,ecoli_phage_vB_EcoM_VR26_k5,phage
CTCAT,140,ecoli_phage_vB_EcoM_VR26_k5,phage
TCATG,177,ecoli_phage_vB_EcoM_VR26_k5,phage
TTGCC,147,ecoli_phage_vB_EcoM_VR26_k5,phage
TGCCG,86,ecoli_phage_vB_EcoM_VR26_k5,phage
GCCGA,91,ecoli_phage_vB_EcoM_VR26_k5,phage
CGAAA,184,ecoli_phage_vB_EcoM_VR26_k5,phage
CTATC,109,ecoli_phage_vB_EcoM_VR26_k5,phage
TCGAC,89,ecoli_phage_vB_EcoM_VR26_k5,phage
ACTTC,286,ecoli_phage_vB_EcoM_VR26_k5,phage
ATCCC,78,ecoli_phage_vB_EcoM_VR26_k5,phage
TCCCT,62,ecoli_phage_vB_EcoM_VR26_k5,phage
CGGTC,137,ecoli_phage_vB_EcoM_VR26_k5,phage
GTCAC,105,ecoli_phage_vB_EcoM_VR26_k5,phage
TCACC,222,ecoli_phage_vB_EcoM_VR26_k5,phage
CACCA,282,ecoli_phage_vB_EcoM_VR26_k5,phage
GGTTC,151,ecoli_phage_vB_EcoM_VR26_k5,phage
CGCTG,110,ecoli_phage_vB_EcoM_VR26_k5,phage
GCTGA,136,ecoli_phage_vB_EcoM_VR26_k5,phage
GGTTG,150,ecoli_phage_vB_EcoM_VR26_k5,phage
GCTTA,148,ecoli_phage_vB_EcoM_VR26_k5,phage
TGACC,201,ecoli_phage_vB_EcoM_VR26_k5,phage
AAACT,230,ecoli_phage_vB_EcoM_VR26_k5,phage
GAAAG,153,ecoli_phage_vB_EcoM_VR26_k5,phage
TCCGT,93,ecoli_phage_vB_EcoM_VR26_k5,phage
AACTA,151,ecoli_phage_vB_EcoM_VR26_k5,phage
ACTAA,135,ecoli_phage_vB_EcoM_VR26_k5,phage
CTAAA,185,ecoli_phage_vB_EcoM_VR26_k5,phage
CGGAG,76,ecoli_phage_vB_EcoM_VR26_k5,phage
GGAGA,81,ecoli_phage_vB_EcoM_VR26_k5,phage
GAGAT,98,ecoli_phage_vB_EcoM_VR26_k5,phage
ATTTA,350,ecoli_phage_vB_EcoM_VR26_k5,phage
TTAGA,130,ecoli_phage_vB_EcoM_VR26_k5,phage
GACCC,125,ecoli_phage_vB_EcoM_VR26_k5,phage
CCCCA,75,ecoli_phage_vB_EcoM_VR26_k5,phage
CCCAG,141,ecoli_phage_vB_EcoM_VR26_k5,phage
AAAGC,230,ecoli_phage_vB_EcoM_VR26_k5,phage
AAGCC,145,ecoli_phage_vB_EcoM_VR26_k5,phage
ACCGA,132,ecoli_phage_vB_EcoM_VR26_k5,phage
CCGAT,92,ecoli_phage_vB_EcoM_VR26_k5,phage
GATGA,199,ecoli_phage_vB_EcoM_VR26_k5,phage
AGAAA,260,ecoli_phage_vB_EcoM_VR26_k5,phage
TATAC,195,ecoli_phage_vB_EcoM_VR26_k5,phage
GACCT,143,ecoli_phage_vB_EcoM_VR26_k5,phage
ACCTG,160,ecoli_phage_vB_EcoM_VR26_k5,phage
CCTGG,164,ecoli_phage_vB_EcoM_VR26_k5,phage
CTGGA,217,ecoli_phage_vB_EcoM_VR26_k5,phage
GAGTA,108,ecoli_phage_vB_EcoM_VR26_k5,phage
ACCAC,157,ecoli_phage_vB_EcoM_VR26_k5,phage
CACGA,139,ecoli_phage_vB_EcoM_VR26_k5,phage
TACCT,138,ecoli_phage_vB_EcoM_VR26_k5,phage
AAGTC,180,ecoli_phage_vB_EcoM_VR26_k5,phage
CGTGG,78,ecoli_phage_vB_EcoM_VR26_k5,phage
GTGGG,60,ecoli_phage_vB_EcoM_VR26_k5,phage
AGGAG,105,ecoli_phage_vB_EcoM_VR26_k5,phage
ATCCT,122,ecoli_phage_vB_EcoM_VR26_k5,phage
CTGAC,113,ecoli_phage_vB_EcoM_VR26_k5,phage
ATGAG,102,ecoli_phage_vB_EcoM_VR26_k5,phage
TAGTA,119,ecoli_phage_vB_EcoM_VR26_k5,phage
CTCAC,76,ecoli_phage_vB_EcoM_VR26_k5,phage
ACCGC,105,ecoli_phage_vB_EcoM_VR26_k5,phage
CCGCA,85,ecoli_phage_vB_EcoM_VR26_k5,phage
GCACG,62,ecoli_phage_vB_EcoM_VR26_k5,phage
GCACC,104,ecoli_phage_vB_EcoM_VR26_k5,phage
CACCT,126,ecoli_phage_vB_EcoM_VR26_k5,phage
TTGTG,139,ecoli_phage_vB_EcoM_VR26_k5,phage
TGTGT,98,ecoli_phage_vB_EcoM_VR26_k5,phage
GTGTA,99,ecoli_phage_vB_EcoM_VR26_k5,phage
GTGAG,50,ecoli_phage_vB_EcoM_VR26_k5,phage
TGAGG,54,ecoli_phage_vB_EcoM_VR26_k5,phage
GAGGC,44,ecoli_phage_vB_EcoM_VR26_k5,phage
AGGCC,81,ecoli_phage_vB_EcoM_VR26_k5,phage
TGGAT,239,ecoli_phage_vB_EcoM_VR26_k5,phage
GGATT,244,ecoli_phage_vB_EcoM_VR26_k5,phage
ATTGT,254,ecoli_phage_vB_EcoM_VR26_k5,phage
AAATG,253,ecoli_phage_vB_EcoM_VR26_k5,phage
TGCCT,79,ecoli_phage_vB_EcoM_VR26_k5,phage
CCAAG,112,ecoli_phage_vB_EcoM_VR26_k5,phage
TGTTT,333,ecoli_phage_vB_EcoM_VR26_k5,phage
TTCTA,137,ecoli_phage_vB_EcoM_VR26_k5,phage
TCTAA,131,ecoli_phage_vB_EcoM_VR26_k5,phage
CATGT,125,ecoli_phage_vB_EcoM_VR26_k5,phage
TTCTC,187,ecoli_phage_vB_EcoM_VR26_k5,phage
CACTT,113,ecoli_phage_vB_EcoM_VR26_k5,phage
TAAGT,127,ecoli_phage_vB_EcoM_VR26_k5,phage
CAAGA,198,ecoli_phage_vB_EcoM_VR26_k5,phage
GTTGC,148,ecoli_phage_vB_EcoM_VR26_k5,phage
CGGTG,100,ecoli_phage_vB_EcoM_VR26_k5,phage
AGCTA,115,ecoli_phage_vB_EcoM_VR26_k5,phage
TCCGC,74,ecoli_phage_vB_EcoM_VR26_k5,phage
CTTCT,317,ecoli_phage_vB_EcoM_VR26_k5,phage
TCTCT,128,ecoli_phage_vB_EcoM_VR26_k5,phage
CCGTT,124,ecoli_phage_vB_EcoM_VR26_k5,phage
CGTTG,146,ecoli_phage_vB_EcoM_VR26_k5,phage
CGGTA,107,ecoli_phage_vB_EcoM_VR26_k5,phage
TTATG,244,ecoli_phage_vB_EcoM_VR26_k5,phage
GCTCC,98,ecoli_phage_vB_EcoM_VR26_k5,phage
CTCCA,106,ecoli_phage_vB_EcoM_VR26_k5,phage
CCAAT,223,ecoli_phage_vB_EcoM_VR26_k5,phage
TCTCC,99,ecoli_phage_vB_EcoM_VR26_k5,phage
CTCCT,105,ecoli_phage_vB_EcoM_VR26_k5,phage
CTACG,50,ecoli_phage_vB_EcoM_VR26_k5,phage
GTAGC,76,ecoli_phage_vB_EcoM_VR26_k5,phage
TAGCT,124,ecoli_phage_vB_EcoM_VR26_k5,phage
TATGT,141,ecoli_phage_vB_EcoM_VR26_k5,phage
TCTTG,205,ecoli_phage_vB_EcoM_VR26_k5,phage
GCAAG,122,ecoli_phage_vB_EcoM_VR26_k5,phage
GAGTG,67,ecoli_phage_vB_EcoM_VR26_k5,phage
AGTGC,78,ecoli_phage_vB_EcoM_VR26_k5,phage
GTGCT,116,ecoli_phage_vB_EcoM_VR26_k5,phage
TGGGA,115,ecoli_phage_vB_EcoM_VR26_k5,phage
GGGAC,69,ecoli_phage_vB_EcoM_VR26_k5,phage
GATGT,215,ecoli_phage_vB_EcoM_VR26_k5,phage
GCCAA,138,ecoli_phage_vB_EcoM_VR26_k5,phage
CAAGT,110,ecoli_phage_vB_EcoM_VR26_k5,phage
CTGTC,69,ecoli_phage_vB_EcoM_VR26_k5,phage
TGTCG,67,ecoli_phage_vB_EcoM_VR26_k5,phage
GTCGC,71,ecoli_phage_vB_EcoM_VR26_k5,phage
CGCTA,60,ecoli_phage_vB_EcoM_VR26_k5,phage
TATCT,213,ecoli_phage_vB_EcoM_VR26_k5,phage
GGGAG,48,ecoli_phage_vB_EcoM_VR26_k5,phage
GTACC,92,ecoli_phage_vB_EcoM_VR26_k5,phage
GAAGA,231,ecoli_phage_vB_EcoM_VR26_k5,phage
CGCGC,60,ecoli_phage_vB_EcoM_VR26_k5,phage
GCGCG,49,ecoli_phage_vB_EcoM_VR26_k5,phage
GATTA,208,ecoli_phage_vB_EcoM_VR26_k5,phage
CCGTC,69,ecoli_phage_vB_EcoM_VR26_k5,phage
ACCTC,79,ecoli_phage_vB_EcoM_VR26_k5,phage
CCTCA,112,ecoli_phage_vB_EcoM_VR26_k5,phage
GGACA,97,ecoli_phage_vB_EcoM_VR26_k5,phage
GTGGC,82,ecoli_phage_vB_EcoM_VR26_k5,phage
ACCCG,94,ecoli_phage_vB_EcoM_VR26_k5,phage
GTCCT,77,ecoli_phage_vB_EcoM_VR26_k5,phage
TACTC,118,ecoli_phage_vB_EcoM_VR26_k5,phage
GCCCA,101,ecoli_phage_vB_EcoM_VR26_k5,phage
CGCGG,66,ecoli_phage_vB_EcoM_VR26_k5,phage
ATAGT,156,ecoli_phage_vB_EcoM_VR26_k5,phage
TCCCA,138,ecoli_phage_vB_EcoM_VR26_k5,phage
GTCTC,81,ecoli_phage_vB_EcoM_VR26_k5,phage
AATGG,255,ecoli_phage_vB_EcoM_VR26_k5,phage
GTGAC,76,ecoli_phage_vB_EcoM_VR26_k5,phage
GTTTA,296,ecoli_phage_vB_EcoM_VR26_k5,phage
GGCCC,50,ecoli_phage_vB_EcoM_VR26_k5,phage
CCCAC,69,ecoli_phage_vB_EcoM_VR26_k5,phage
GGACT,90,ecoli_phage_vB_EcoM_VR26_k5,phage
TCCTA,72,ecoli_phage_vB_EcoM_VR26_k5,phage
CCTAT,63,ecoli_phage_vB_EcoM_VR26_k5,phage
TAAGA,160,ecoli_phage_vB_EcoM_VR26_k5,phage
CTCCC,36,ecoli_phage_vB_EcoM_VR26_k5,phage
TCTAT,101,ecoli_phage_vB_EcoM_VR26_k5,phage
ATAGC,154,ecoli_phage_vB_EcoM_VR26_k5,phage
TAGCG,56,ecoli_phage_vB_EcoM_VR26_k5,phage
GCGTC,37,ecoli_phage_vB_EcoM_VR26_k5,phage
CGTCG,62,ecoli_phage_vB_EcoM_VR26_k5,phage
TACCG,118,ecoli_phage_vB_EcoM_VR26_k5,phage
GAAAA,255,ecoli_phage_vB_EcoM_VR26_k5,phage
CCGGT,117,ecoli_phage_vB_EcoM_VR26_k5,phage
CGAGT,85,ecoli_phage_vB_EcoM_VR26_k5,phage
ACTCG,90,ecoli_phage_vB_EcoM_VR26_k5,phage
CTCGG,71,ecoli_phage_vB_EcoM_VR26_k5,phage
AGAGA,102,ecoli_phage_vB_EcoM_VR26_k5,phage
AGCCC,75,ecoli_phage_vB_EcoM_VR26_k5,phage
CCCCT,56,ecoli_phage_vB_EcoM_VR26_k5,phage
CTTAG,93,ecoli_phage_vB_EcoM_VR26_k5,phage
AAGAG,140,ecoli_phage_vB_EcoM_VR26_k5,phage
TAGAA,145,ecoli_phage_vB_EcoM_VR26_k5,phage
TGTGC,108,ecoli_phage_vB_EcoM_VR26_k5,phage
GTGCA,138,ecoli_phage_vB_EcoM_VR26_k5,phage
ACGTC,76,ecoli_phage_vB_EcoM_VR26_k5,phage
CGTCC,57,ecoli_phage_vB_EcoM_VR26_k5,phage
CTCCG,72,ecoli_phage_vB_EcoM_VR26_k5,phage
GGCCA,101,ecoli_phage_vB_EcoM_VR26_k5,phage
CGATG,152,ecoli_phage_vB_EcoM_VR26_k5,phage
CCGAC,52,ecoli_phage_vB_EcoM_VR26_k5,phage
GACAC,62,ecoli_phage_vB_EcoM_VR26_k5,phage
ACACC,152,ecoli_phage_vB_EcoM_VR26_k5,phage
ATCCG,94,ecoli_phage_vB_EcoM_VR26_k5,phage
TCGGT,139,ecoli_phage_vB_EcoM_VR26_k5,phage
TCTCG,83,ecoli_phage_vB_EcoM_VR26_k5,phage
GCTGG,164,ecoli_phage_vB_EcoM_VR26_k5,phage
GTTGT,187,ecoli_phage_vB_EcoM_VR26_k5,phage
AAGGC,140,ecoli_phage_vB_EcoM_VR26_k5,phage
AGGCT,98,ecoli_phage_vB_EcoM_VR26_k5,phage
CTGCG,84,ecoli_phage_vB_EcoM_VR26_k5,phage
ATGTG,104,ecoli_phage_vB_EcoM_VR26_k5,phage
CCGCG,60,ecoli_phage_vB_EcoM_VR26_k5,phage
GCGCA,73,ecoli_phage_vB_EcoM_VR26_k5,phage
AGCGC,69,ecoli_phage_vB_EcoM_VR26_k5,phage
CCCGT,60,ecoli_phage_vB_EcoM_VR26_k5,phage
TCCCC,43,ecoli_phage_vB_EcoM_VR26_k5,phage
AGTCG,85,ecoli_phage_vB_EcoM_VR26_k5,phage
TGCTG,167,ecoli_phage_vB_EcoM_VR26_k5,phage
GAGCC,75,ecoli_phage_vB_EcoM_VR26_k5,phage
ATGGG,105,ecoli_phage_vB_EcoM_VR26_k5,phage
CCCGC,46,ecoli_phage_vB_EcoM_VR26_k5,phage
CCGCC,73,ecoli_phage_vB_EcoM_VR26_k5,phage
AGCCG,94,ecoli_phage_vB_EcoM_VR26_k5,phage
GCCGG,66,ecoli_phage_vB_EcoM_VR26_k5,phage
CGCGT,48,ecoli_phage_vB_EcoM_VR26_k5,phage
TTGCT,245,ecoli_phage_vB_EcoM_VR26_k5,phage
GGGAT,104,ecoli_phage_vB_EcoM_VR26_k5,phage
TATGG,179,ecoli_phage_vB_EcoM_VR26_k5,phage
GTAAG,87,ecoli_phage_vB_EcoM_VR26_k5,phage
GTCTA,60,ecoli_phage_vB_EcoM_VR26_k5,phage
CCGAG,48,ecoli_phage_vB_EcoM_VR26_k5,phage
GGCTA,70,ecoli_phage_vB_EcoM_VR26_k5,phage
GCTAA,107,ecoli_phage_vB_EcoM_VR26_k5,phage
GTGCC,53,ecoli_phage_vB_EcoM_VR26_k5,phage
CGGCG,81,ecoli_phage_vB_EcoM_VR26_k5,phage
TACAC,134,ecoli_phage_vB_EcoM_VR26_k5,phage
TTCCC,117,ecoli_phage_vB_EcoM_VR26_k5,phage
GCCCG,47,ecoli_phage_vB_EcoM_VR26_k5,phage
GCTAC,90,ecoli_phage_vB_EcoM_VR26_k5,phage
CGGGC,48,ecoli_phage_vB_EcoM_VR26_k5,phage
GGGCC,52,ecoli_phage_vB_EcoM_VR26_k5,phage
ACAGT,140,ecoli_phage_vB_EcoM_VR26_k5,phage
CACCC,100,ecoli_phage_vB_EcoM_VR26_k5,phage
AAGAT,225,ecoli_phage_vB_EcoM_VR26_k5,phage
ACACT,91,ecoli_phage_vB_EcoM_VR26_k5,phage
CTATG,64,ecoli_phage_vB_EcoM_VR26_k5,phage
AGCAG,168,ecoli_phage_vB_EcoM_VR26_k5,phage
CTAAT,131,ecoli_phage_vB_EcoM_VR26_k5,phage
CCTAG,16,ecoli_phage_vB_EcoM_VR26_k5,phage
CTAGT,37,ecoli_phage_vB_EcoM_VR26_k5,phage
CCTCG,70,ecoli_phage_vB_EcoM_VR26_k5,phage
GTCGA,82,ecoli_phage_vB_EcoM_VR26_k5,phage
CTACA,93,ecoli_phage_vB_EcoM_VR26_k5,phage
CGTCT,75,ecoli_phage_vB_EcoM_VR26_k5,phage
GAATG,155,ecoli_phage_vB_EcoM_VR26_k5,phage
TCCGA,81,ecoli_phage_vB_EcoM_VR26_k5,phage
AGCAC,97,ecoli_phage_vB_EcoM_VR26_k5,phage
ACCCT,121,ecoli_phage_vB_EcoM_VR26_k5,phage
CTGGC,125,ecoli_phage_vB_EcoM_VR26_k5,phage
CCTCC,40,ecoli_phage_vB_EcoM_VR26_k5,phage
CTCTA,57,ecoli_phage_vB_EcoM_VR26_k5,phage
CCCAA,140,ecoli_phage_vB_EcoM_VR26_k5,phage
TTAAG,194,ecoli_phage_vB_EcoM_VR26_k5,phage
GGAGG,56,ecoli_phage_vB_EcoM_VR26_k5,phage
GAGGT,62,ecoli_phage_vB_EcoM_VR26_k5,phage
GCCTC,54,ecoli_phage_vB_EcoM_VR26_k5,phage
GCCGT,72,ecoli_phage_vB_EcoM_VR26_k5,phage
AGTAC,82,ecoli_phage_vB_EcoM_VR26_k5,phage
GCAGG,115,ecoli_phage_vB_EcoM_VR26_k5,phage
TTAGG,88,ecoli_phage_vB_EcoM_VR26_k5,phage
TAGGG,52,ecoli_phage_vB_EcoM_VR26_k5,phage
AGGGG,46,ecoli_phage_vB_EcoM_VR26_k5,phage
GGGGC,35,ecoli_phage_vB_EcoM_VR26_k5,phage
GAGAC,75,ecoli_phage_vB_EcoM_VR26_k5,phage
ACTAG,32,ecoli_phage_vB_EcoM_VR26_k5,phage
CTAGC,20,ecoli_phage_vB_EcoM_VR26_k5,phage
TAGCC,94,ecoli_phage_vB_EcoM_VR26_k5,phage
CAGGG,136,ecoli_phage_vB_EcoM_VR26_k5,phage
CGCCG,70,ecoli_phage_vB_EcoM_VR26_k5,phage
CTCTC,54,ecoli_phage_vB_EcoM_VR26_k5,phage
CCGTG,79,ecoli_phage_vB_EcoM_VR26_k5,phage
GCGGA,83,ecoli_phage_vB_EcoM_VR26_k5,phage
AGGGA,102,ecoli_phage_vB_EcoM_VR26_k5,phage
TACCC,91,ecoli_phage_vB_EcoM_VR26_k5,phage
CCCTA,38,ecoli_phage_vB_EcoM_VR26_k5,phage
GGTAC,99,ecoli_phage_vB_EcoM_VR26_k5,phage
CCCCC,11,ecoli_phage_vB_EcoM_VR26_k5,phage
CCCTC,35,ecoli_phage_vB_EcoM_VR26_k5,phage
TAGGC,52,ecoli_phage_vB_EcoM_VR26_k5,phage
AGGCG,78,ecoli_phage_vB_EcoM_VR26_k5,phage
GGCGA,103,ecoli_phage_vB_EcoM_VR26_k5,phage
ACCTA,65,ecoli_phage_vB_EcoM_VR26_k5,phage
CCTAA,80,ecoli_phage_vB_EcoM_VR26_k5,phage
TGAGA,62,ecoli_phage_vB_EcoM_VR26_k5,phage
GCCTA,25,ecoli_phage_vB_EcoM_VR26_k5,phage
CCTAC,41,ecoli_phage_vB_EcoM_VR26_k5,phage
CACTA,69,ecoli_phage_vB_EcoM_VR26_k5,phage
GCGGG,37,ecoli_phage_vB_EcoM_VR26_k5,phage
CGACG,70,ecoli_phage_vB_EcoM_VR26_k5,phage
CTAAC,91,ecoli_phage_vB_EcoM_VR26_k5,phage
TAGGT,71,ecoli_phage_vB_EcoM_VR26_k5,phage
AGAGC,119,ecoli_phage_vB_EcoM_VR26_k5,phage
GGCGG,83,ecoli_phage_vB_EcoM_VR26_k5,phage
GGGCG,57,ecoli_phage_vB_EcoM_VR26_k5,phage
GTAGA,79,ecoli_phage_vB_EcoM_VR26_k5,phage
AGTAG,91,ecoli_phage_vB_EcoM_VR26_k5,phage
GCGCT,87,ecoli_phage_vB_EcoM_VR26_k5,phage
CTCGC,78,ecoli_phage_vB_EcoM_VR26_k5,phage
TAAGG,119,ecoli_phage_vB_EcoM_VR26_k5,phage
GGCGC,71,ecoli_phage_vB_EcoM_VR26_k5,phage
TCTAG,38,ecoli_phage_vB_EcoM_VR26_k5,phage
CTAGG,25,ecoli_phage_vB_EcoM_VR26_k5,phage
GGCTC,81,ecoli_phage_vB_EcoM_VR26_k5,phage
CGTAG,64,ecoli_phage_vB_EcoM_VR26_k5,phage
GTCCG,54,ecoli_phage_vB_EcoM_VR26_k5,phage
CACTC,52,ecoli_phage_vB_EcoM_VR26_k5,phage
GGTGG,124,ecoli_phage_vB_EcoM_VR26_k5,phage
TAGAG,50,ecoli_phage_vB_EcoM_VR26_k5,phage
ACTCC,82,ecoli_phage_vB_EcoM_VR26_k5,phage
TGTAG,89,ecoli_phage_vB_EcoM_VR26_k5,phage
GTAGG,59,ecoli_phage_vB_EcoM_VR26_k5,phage
CTAAG,46,ecoli_phage_vB_EcoM_VR26_k5,phage
GAGGA,78,ecoli_phage_vB_EcoM_VR26_k5,phage
GCTAG,27,ecoli_phage_vB_EcoM_VR26_k5,phage
CTAGA,31,ecoli_phage_vB_EcoM_VR26_k5,phage
GAGGG,29,ecoli_phage_vB_EcoM_VR26_k5,phage
TGGGG,54,ecoli_phage_vB_EcoM_VR26_k5,phage
GAGCG,55,ecoli_phage_vB_EcoM_VR26_k5,phage
CGACT,78,ecoli_phage_vB_EcoM_VR26_k5,phage
GGGGT,49,ecoli_phage_vB_EcoM_VR26_k5,phage
GAGAG,33,ecoli_phage_vB_EcoM_VR26_k5,phage
AGAGG,60,ecoli_phage_vB_EcoM_VR26_k5,phage
CGTGA,93,ecoli_phage_vB_EcoM_VR26_k5,phage
GGCAC,63,ecoli_phage_vB_EcoM_VR26_k5,phage
CGAGG,43,ecoli_phage_vB_EcoM_VR26_k5,phage
GGATC,1,ecoli_phage_vB_EcoM_VR26_k5,phage
GATCG,1,ecoli_phage_vB_EcoM_VR26_k5,phage
CTGAG,2,ecoli_phage_vB_EcoM_VR26_k5,phage
GGGGG,17,ecoli_phage_vB_EcoM_VR26_k5,phage
CGATC,1,ecoli_phage_vB_EcoM_VR26_k5,phage
GATCC,2,ecoli_phage_vB_EcoM_VR26_k5,phage
AGATC,1,ecoli_phage_vB_EcoM_VR26_k5,phage
GATCA,1,ecoli_phage_vB_EcoM_VR26_k5,phage
TGATC,1,ecoli_phage_vB_EcoM_VR26_k5,phage
ATTCC,64,Enterobacter_phage_EcP1_k5,phage
TTCCC,36,Enterobacter_phage_EcP1_k5,phage
TCCCT,24,Enterobacter_phage_EcP1_k5,phage
CCCTT,21,Enterobacter_phage_EcP1_k5,phage
CCTTT,55,Enterobacter_phage_EcP1_k5,phage
CTTTA,144,Enterobacter_phage_EcP1_k5,phage
TTTAT,155,Enterobacter_phage_EcP1_k5,phage
TTATT,186,Enterobacter_phage_EcP1_k5,phage
TATTT,153,Enterobacter_phage_EcP1_k5,phage
ATTTT,160,Enterobacter_phage_EcP1_k5,phage
TTTTT,164,Enterobacter_phage_EcP1_k5,phage
TTTTG,83,Enterobacter_phage_EcP1_k5,phage
TTTGT,66,Enterobacter_phage_EcP1_k5,phage
TTGTA,86,Enterobacter_phage_EcP1_k5,phage
TGTAG,69,Enterobacter_phage_EcP1_k5,phage
GTAGG,36,Enterobacter_phage_EcP1_k5,phage
TAGGC,32,Enterobacter_phage_EcP1_k5,phage
AGGCT,40,Enterobacter_phage_EcP1_k5,phage
GGCTC,26,Enterobacter_phage_EcP1_k5,phage
GCTCA,60,Enterobacter_phage_EcP1_k5,phage
CTCAT,67,Enterobacter_phage_EcP1_k5,phage
TCATA,115,Enterobacter_phage_EcP1_k5,phage
CATAT,105,Enterobacter_phage_EcP1_k5,phage
ATATG,109,Enterobacter_phage_EcP1_k5,phage
TATGA,91,Enterobacter_phage_EcP1_k5,phage
ATGAT,109,Enterobacter_phage_EcP1_k5,phage
TGATT,126,Enterobacter_phage_EcP1_k5,phage
GATTG,66,Enterobacter_phage_EcP1_k5,phage
ATTGA,132,Enterobacter_phage_EcP1_k5,phage
TTGAT,116,Enterobacter_phage_EcP1_k5,phage
TGATA,135,Enterobacter_phage_EcP1_k5,phage
GATAT,130,Enterobacter_phage_EcP1_k5,phage
ATATC,136,Enterobacter_phage_EcP1_k5,phage
TATCA,152,Enterobacter_phage_EcP1_k5,phage
ATCAC,66,Enterobacter_phage_EcP1_k5,phage
TCACT,51,Enterobacter_phage_EcP1_k5,phage
CACTA,31,Enterobacter_phage_EcP1_k5,phage
ACTAA,81,Enterobacter_phage_EcP1_k5,phage
CTAAA,125,Enterobacter_phage_EcP1_k5,phage
TAAAT,190,Enterobacter_phage_EcP1_k5,phage
AAATT,190,Enterobacter_phage_EcP1_k5,phage
AATTG,119,Enterobacter_phage_EcP1_k5,phage
GATAG,54,Enterobacter_phage_EcP1_k5,phage
ATAGT,55,Enterobacter_phage_EcP1_k5,phage
TAGTA,77,Enterobacter_phage_EcP1_k5,phage
AGTAA,117,Enterobacter_phage_EcP1_k5,phage
GTAAT,142,Enterobacter_phage_EcP1_k5,phage
TAATA,160,Enterobacter_phage_EcP1_k5,phage
AATAA,174,Enterobacter_phage_EcP1_k5,phage
ATAAT,142,Enterobacter_phage_EcP1_k5,phage
ATAAA,173,Enterobacter_phage_EcP1_k5,phage
TAAAC,125,Enterobacter_phage_EcP1_k5,phage
AAACA,138,Enterobacter_phage_EcP1_k5,phage
AACAG,108,Enterobacter_phage_EcP1_k5,phage
ACAGT,68,Enterobacter_phage_EcP1_k5,phage
CAGTT,80,Enterobacter_phage_EcP1_k5,phage
AGTTT,88,Enterobacter_phage_EcP1_k5,phage
GTTTA,109,Enterobacter_phage_EcP1_k5,phage
TTTAG,130,Enterobacter_phage_EcP1_k5,phage
TTAGA,76,Enterobacter_phage_EcP1_k5,phage
TAGAT,66,Enterobacter_phage_EcP1_k5,phage
AGATA,119,Enterobacter_phage_EcP1_k5,phage
GATAC,82,Enterobacter_phage_EcP1_k5,phage
ATACT,96,Enterobacter_phage_EcP1_k5,phage
TACTG,126,Enterobacter_phage_EcP1_k5,phage
ACTGA,103,Enterobacter_phage_EcP1_k5,phage
CTGAA,165,Enterobacter_phage_EcP1_k5,phage
TGAAA,158,Enterobacter_phage_EcP1_k5,phage
GAAAC,83,Enterobacter_phage_EcP1_k5,phage
AAACT,116,Enterobacter_phage_EcP1_k5,phage
AACTA,78,Enterobacter_phage_EcP1_k5,phage
TAAAA,167,Enterobacter_phage_EcP1_k5,phage
AAAAC,101,Enterobacter_phage_EcP1_k5,phage
AAACC,84,Enterobacter_phage_EcP1_k5,phage
AACCA,171,Enterobacter_phage_EcP1_k5,phage
ACCAA,159,Enterobacter_phage_EcP1_k5,phage
CCAAT,86,Enterobacter_phage_EcP1_k5,phage
CAATA,114,Enterobacter_phage_EcP1_k5,phage
AATAT,159,Enterobacter_phage_EcP1_k5,phage
ATATA,80,Enterobacter_phage_EcP1_k5,phage
TATAT,87,Enterobacter_phage_EcP1_k5,phage
TATGC,72,Enterobacter_phage_EcP1_k5,phage
ATGCG,28,Enterobacter_phage_EcP1_k5,phage
TGCGC,14,Enterobacter_phage_EcP1_k5,phage
GCGCA,23,Enterobacter_phage_EcP1_k5,phage
CGCAT,35,Enterobacter_phage_EcP1_k5,phage
GCATC,82,Enterobacter_phage_EcP1_k5,phage
CATCA,136,Enterobacter_phage_EcP1_k5,phage
ATCAG,152,Enterobacter_phage_EcP1_k5,phage
TCAGT,119,Enterobacter_phage_EcP1_k5,phage
CAGTA,142,Enterobacter_phage_EcP1_k5,phage
AGTAT,131,Enterobacter_phage_EcP1_k5,phage
GTATA,71,Enterobacter_phage_EcP1_k5,phage
ATATT,156,Enterobacter_phage_EcP1_k5,phage
TATTG,120,Enterobacter_phage_EcP1_k5,phage
ATTGC,74,Enterobacter_phage_EcP1_k5,phage
TTGCT,83,Enterobacter_phage_EcP1_k5,phage
TGCTT,108,Enterobacter_phage_EcP1_k5,phage
GCTTT,96,Enterobacter_phage_EcP1_k5,phage
TTTAA,205,Enterobacter_phage_EcP1_k5,phage
TTAAA,217,Enterobacter_phage_EcP1_k5,phage
TAAAG,146,Enterobacter_phage_EcP1_k5,phage
AAAGG,75,Enterobacter_phage_EcP1_k5,phage
AAGGT,83,Enterobacter_phage_EcP1_k5,phage
AGGTA,102,Enterobacter_phage_EcP1_k5,phage
GGTAT,77,Enterobacter_phage_EcP1_k5,phage
TATAA,87,Enterobacter_phage_EcP1_k5,phage
ATTGT,93,Enterobacter_phage_EcP1_k5,phage
TTGTG,39,Enterobacter_phage_EcP1_k5,phage
TGTGA,41,Enterobacter_phage_EcP1_k5,phage
GTGAT,58,Enterobacter_phage_EcP1_k5,phage
TGATG,111,Enterobacter_phage_EcP1_k5,phage
GATGC,63,Enterobacter_phage_EcP1_k5,phage
ATGCT,101,Enterobacter_phage_EcP1_k5,phage
GCTTG,27,Enterobacter_phage_EcP1_k5,phage
CTTGC,36,Enterobacter_phage_EcP1_k5,phage
TTGCC,31,Enterobacter_phage_EcP1_k5,phage
TGCCC,21,Enterobacter_phage_EcP1_k5,phage
GCCCA,21,Enterobacter_phage_EcP1_k5,phage
CCCAT,51,Enterobacter_phage_EcP1_k5,phage
CCATT,93,Enterobacter_phage_EcP1_k5,phage
CATTA,153,Enterobacter_phage_EcP1_k5,phage
ATTAA,214,Enterobacter_phage_EcP1_k5,phage
TTAAC,121,Enterobacter_phage_EcP1_k5,phage
TAACT,114,Enterobacter_phage_EcP1_k5,phage
CTAAT,84,Enterobacter_phage_EcP1_k5,phage
TAATT,190,Enterobacter_phage_EcP1_k5,phage
AATTT,162,Enterobacter_phage_EcP1_k5,phage
ATTTA,188,Enterobacter_phage_EcP1_k5,phage
TTATA,104,Enterobacter_phage_EcP1_k5,phage
TATAC,73,Enterobacter_phage_EcP1_k5,phage
ATACG,65,Enterobacter_phage_EcP1_k5,phage
TACGA,35,Enterobacter_phage_EcP1_k5,phage
ACGAA,52,Enterobacter_phage_EcP1_k5,phage
CGAAA,28,Enterobacter_phage_EcP1_k5,phage
GAAAA,121,Enterobacter_phage_EcP1_k5,phage
AAAAA,187,Enterobacter_phage_EcP1_k5,phage
AAAAG,125,Enterobacter_phage_EcP1_k5,phage
AAAGA,160,Enterobacter_phage_EcP1_k5,phage
AAGAG,48,Enterobacter_phage_EcP1_k5,phage
AGAGG,27,Enterobacter_phage_EcP1_k5,phage
GAGGA,30,Enterobacter_phage_EcP1_k5,phage
AGGAA,96,Enterobacter_phage_EcP1_k5,phage
GGAAT,74,Enterobacter_phage_EcP1_k5,phage
GAATT,110,Enterobacter_phage_EcP1_k5,phage
ATTGG,91,Enterobacter_phage_EcP1_k5,phage
TTGGA,56,Enterobacter_phage_EcP1_k5,phage
TGGAT,91,Enterobacter_phage_EcP1_k5,phage
GGATG,40,Enterobacter_phage_EcP1_k5,phage
GATGA,96,Enterobacter_phage_EcP1_k5,phage
ATGAA,191,Enterobacter_phage_EcP1_k5,phage
TGAAT,152,Enterobacter_phage_EcP1_k5,phage
GAATG,77,Enterobacter_phage_EcP1_k5,phage
AATGG,86,Enterobacter_phage_EcP1_k5,phage
ATGGT,95,Enterobacter_phage_EcP1_k5,phage
TGGTA,89,Enterobacter_phage_EcP1_k5,phage
TATAG,57,Enterobacter_phage_EcP1_k5,phage
AGTAG,84,Enterobacter_phage_EcP1_k5,phage
GTAGA,58,Enterobacter_phage_EcP1_k5,phage
TAGAA,77,Enterobacter_phage_EcP1_k5,phage
AGAAG,147,Enterobacter_phage_EcP1_k5,phage
GAAGT,99,Enterobacter_phage_EcP1_k5,phage
AAGTA,133,Enterobacter_phage_EcP1_k5,phage
ATAAG,71,Enterobacter_phage_EcP1_k5,phage
TAAGC,68,Enterobacter_phage_EcP1_k5,phage
AAGCT,97,Enterobacter_phage_EcP1_k5,phage
AGCTT,89,Enterobacter_phage_EcP1_k5,phage
GCTTA,71,Enterobacter_phage_EcP1_k5,phage
CTTAA,98,Enterobacter_phage_EcP1_k5,phage
TTAAG,86,Enterobacter_phage_EcP1_k5,phage
TAAGT,74,Enterobacter_phage_EcP1_k5,phage
AAGTG,60,Enterobacter_phage_EcP1_k5,phage
AGTGA,49,Enterobacter_phage_EcP1_k5,phage
GTGAG,19,Enterobacter_phage_EcP1_k5,phage
TGAGT,51,Enterobacter_phage_EcP1_k5,phage
GAGTA,61,Enterobacter_phage_EcP1_k5,phage
GTATT,150,Enterobacter_phage_EcP1_k5,phage
TATTC,113,Enterobacter_phage_EcP1_k5,phage
ATTCT,116,Enterobacter_phage_EcP1_k5,phage
TTCTA,57,Enterobacter_phage_EcP1_k5,phage
TCTAA,57,Enterobacter_phage_EcP1_k5,phage
AAAAT,178,Enterobacter_phage_EcP1_k5,phage
AAATA,147,Enterobacter_phage_EcP1_k5,phage
AATAG,73,Enterobacter_phage_EcP1_k5,phage
ATAGA,62,Enterobacter_phage_EcP1_k5,phage
AGTAC,81,Enterobacter_phage_EcP1_k5,phage
GTACC,57,Enterobacter_phage_EcP1_k5,phage
TACCA,121,Enterobacter_phage_EcP1_k5,phage
CCAAG,37,Enterobacter_phage_EcP1_k5,phage
CAAGA,50,Enterobacter_phage_EcP1_k5,phage
AAGAT,125,Enterobacter_phage_EcP1_k5,phage
AGATT,126,Enterobacter_phage_EcP1_k5,phage
GATTA,120,Enterobacter_phage_EcP1_k5,phage
ATTAT,189,Enterobacter_phage_EcP1_k5,phage
TTATG,95,Enterobacter_phage_EcP1_k5,phage
TATGT,69,Enterobacter_phage_EcP1_k5,phage
ATGTC,53,Enterobacter_phage_EcP1_k5,phage
TGTCA,52,Enterobacter_phage_EcP1_k5,phage
GTCAT,54,Enterobacter_phage_EcP1_k5,phage
TCATG,70,Enterobacter_phage_EcP1_k5,phage
CATGA,72,Enterobacter_phage_EcP1_k5,phage
AACTG,105,Enterobacter_phage_EcP1_k5,phage
ACTGG,51,Enterobacter_phage_EcP1_k5,phage
CTGGT,58,Enterobacter_phage_EcP1_k5,phage
TGGTT,138,Enterobacter_phage_EcP1_k5,phage
GGTTG,34,Enterobacter_phage_EcP1_k5,phage
GTTGT,50,Enterobacter_phage_EcP1_k5,phage
TGAAG,128,Enterobacter_phage_EcP1_k5,phage
GAAGA,116,Enterobacter_phage_EcP1_k5,phage
AAGAC,46,Enterobacter_phage_EcP1_k5,phage
AGACA,48,Enterobacter_phage_EcP1_k5,phage
GACAC,18,Enterobacter_phage_EcP1_k5,phage
ACACC,43,Enterobacter_phage_EcP1_k5,phage
CACCG,36,Enterobacter_phage_EcP1_k5,phage
ACCGA,34,Enterobacter_phage_EcP1_k5,phage
CCGAT,33,Enterobacter_phage_EcP1_k5,phage
CGATA,59,Enterobacter_phage_EcP1_k5,phage
GATAA,126,Enterobacter_phage_EcP1_k5,phage
AATTA,190,Enterobacter_phage_EcP1_k5,phage
ATTAC,115,Enterobacter_phage_EcP1_k5,phage
TTACT,105,Enterobacter_phage_EcP1_k5,phage
TACTT,102,Enterobacter_phage_EcP1_k5,phage
ACTTA,84,Enterobacter_phage_EcP1_k5,phage
TTAAT,207,Enterobacter_phage_EcP1_k5,phage
TGTGT,42,Enterobacter_phage_EcP1_k5,phage
GTGTT,31,Enterobacter_phage_EcP1_k5,phage
TGTTA,83,Enterobacter_phage_EcP1_k5,phage
GTTAA,114,Enterobacter_phage_EcP1_k5,phage
TTGTC,31,Enterobacter_phage_EcP1_k5,phage
TGTCC,25,Enterobacter_phage_EcP1_k5,phage
GTCCT,21,Enterobacter_phage_EcP1_k5,phage
TCCTT,34,Enterobacter_phage_EcP1_k5,phage
AAGTT,108,Enterobacter_phage_EcP1_k5,phage
AGTTC,49,Enterobacter_phage_EcP1_k5,phage
GTTCT,55,Enterobacter_phage_EcP1_k5,phage
TCTAC,63,Enterobacter_phage_EcP1_k5,phage
CTACT,64,Enterobacter_phage_EcP1_k5,phage
TACTA,65,Enterobacter_phage_EcP1_k5,phage
AAGCA,101,Enterobacter_phage_EcP1_k5,phage
AGCAT,125,Enterobacter_phage_EcP1_k5,phage
GCATA,77,Enterobacter_phage_EcP1_k5,phage
CATAA,92,Enterobacter_phage_EcP1_k5,phage
TATTA,164,Enterobacter_phage_EcP1_k5,phage
TTTTA,162,Enterobacter_phage_EcP1_k5,phage
TATGG,84,Enterobacter_phage_EcP1_k5,phage
ATGGG,46,Enterobacter_phage_EcP1_k5,phage
TGGGG,12,Enterobacter_phage_EcP1_k5,phage
GGGGA,15,Enterobacter_phage_EcP1_k5,phage
GGGAT,20,Enterobacter_phage_EcP1_k5,phage
GGATA,79,Enterobacter_phage_EcP1_k5,phage
TAATG,131,Enterobacter_phage_EcP1_k5,phage
AATGA,128,Enterobacter_phage_EcP1_k5,phage
GAATA,108,Enterobacter_phage_EcP1_k5,phage
ACTAC,54,Enterobacter_phage_EcP1_k5,phage
ATAGC,76,Enterobacter_phage_EcP1_k5,phage
TAGCT,81,Enterobacter_phage_EcP1_k5,phage
AGCTA,72,Enterobacter_phage_EcP1_k5,phage
GCTAT,68,Enterobacter_phage_EcP1_k5,phage
CTATT,58,Enterobacter_phage_EcP1_k5,phage
AACAT,99,Enterobacter_phage_EcP1_k5,phage
ACATA,67,Enterobacter_phage_EcP1_k5,phage
AAAGT,116,Enterobacter_phage_EcP1_k5,phage
GTAAG,53,Enterobacter_phage_EcP1_k5,phage
CTATG,52,Enterobacter_phage_EcP1_k5,phage
ATGTT,76,Enterobacter_phage_EcP1_k5,phage
TGTTT,102,Enterobacter_phage_EcP1_k5,phage
TAATC,94,Enterobacter_phage_EcP1_k5,phage
AATCA,130,Enterobacter_phage_EcP1_k5,phage
ATCAA,134,Enterobacter_phage_EcP1_k5,phage
TCAAT,108,Enterobacter_phage_EcP1_k5,phage
CAATG,66,Enterobacter_phage_EcP1_k5,phage
AATGC,105,Enterobacter_phage_EcP1_k5,phage
ATGCA,115,Enterobacter_phage_EcP1_k5,phage
TGCAT,108,Enterobacter_phage_EcP1_k5,phage
GCATT,113,Enterobacter_phage_EcP1_k5,phage
CATTC,70,Enterobacter_phage_EcP1_k5,phage
TTCCT,72,Enterobacter_phage_EcP1_k5,phage
TCCTG,77,Enterobacter_phage_EcP1_k5,phage
CCTGA,107,Enterobacter_phage_EcP1_k5,phage
CTGAT,132,Enterobacter_phage_EcP1_k5,phage
GAAAT,125,Enterobacter_phage_EcP1_k5,phage
GTGAA,75,Enterobacter_phage_EcP1_k5,phage
GAATC,70,Enterobacter_phage_EcP1_k5,phage
AATCT,127,Enterobacter_phage_EcP1_k5,phage
ATCTT,115,Enterobacter_phage_EcP1_k5,phage
TCTTG,29,Enterobacter_phage_EcP1_k5,phage
GCCCT,14,Enterobacter_phage_EcP1_k5,phage
CTTTT,107,Enterobacter_phage_EcP1_k5,phage
GTCAA,32,Enterobacter_phage_EcP1_k5,phage
AATGT,79,Enterobacter_phage_EcP1_k5,phage
TGTCT,52,Enterobacter_phage_EcP1_k5,phage
GTCTG,63,Enterobacter_phage_EcP1_k5,phage
TCTGC,101,Enterobacter_phage_EcP1_k5,phage
CTGCT,110,Enterobacter_phage_EcP1_k5,phage
TGCTA,87,Enterobacter_phage_EcP1_k5,phage
GCTAA,89,Enterobacter_phage_EcP1_k5,phage
CTAAC,40,Enterobacter_phage_EcP1_k5,phage
TAACA,103,Enterobacter_phage_EcP1_k5,phage
AACAC,48,Enterobacter_phage_EcP1_k5,phage
ACACA,23,Enterobacter_phage_EcP1_k5,phage
CACAG,25,Enterobacter_phage_EcP1_k5,phage
ACAGA,110,Enterobacter_phage_EcP1_k5,phage
CAGAA,137,Enterobacter_phage_EcP1_k5,phage
AGAAT,111,Enterobacter_phage_EcP1_k5,phage
AAATC,129,Enterobacter_phage_EcP1_k5,phage
TCTTA,83,Enterobacter_phage_EcP1_k5,phage
CTTAT,91,Enterobacter_phage_EcP1_k5,phage
TGGTG,46,Enterobacter_phage_EcP1_k5,phage
GGTGA,50,Enterobacter_phage_EcP1_k5,phage
GTGAC,20,Enterobacter_phage_EcP1_k5,phage
TGACG,28,Enterobacter_phage_EcP1_k5,phage
GACGA,28,Enterobacter_phage_EcP1_k5,phage
AAATG,124,Enterobacter_phage_EcP1_k5,phage
TTATC,137,Enterobacter_phage_EcP1_k5,phage
TATCC,58,Enterobacter_phage_EcP1_k5,phage
ATCCT,55,Enterobacter_phage_EcP1_k5,phage
TCCTA,32,Enterobacter_phage_EcP1_k5,phage
CCTAT,22,Enterobacter_phage_EcP1_k5,phage
CTATC,52,Enterobacter_phage_EcP1_k5,phage
TATCT,126,Enterobacter_phage_EcP1_k5,phage
TCTTT,135,Enterobacter_phage_EcP1_k5,phage
TTCTC,67,Enterobacter_phage_EcP1_k5,phage
TCTCT,70,Enterobacter_phage_EcP1_k5,phage
CTCTT,43,Enterobacter_phage_EcP1_k5,phage
CTTGT,34,Enterobacter_phage_EcP1_k5,phage
TTGTT,87,Enterobacter_phage_EcP1_k5,phage
TGTTC,67,Enterobacter_phage_EcP1_k5,phage
TTCTT,149,Enterobacter_phage_EcP1_k5,phage
TTTGC,53,Enterobacter_phage_EcP1_k5,phage
CTTTG,69,Enterobacter_phage_EcP1_k5,phage
TTTGG,76,Enterobacter_phage_EcP1_k5,phage
TTGGT,102,Enterobacter_phage_EcP1_k5,phage
GGTTT,63,Enterobacter_phage_EcP1_k5,phage
TTTTC,110,Enterobacter_phage_EcP1_k5,phage
TTTCA,130,Enterobacter_phage_EcP1_k5,phage
TTCAT,158,Enterobacter_phage_EcP1_k5,phage
TCATT,131,Enterobacter_phage_EcP1_k5,phage
CATTG,85,Enterobacter_phage_EcP1_k5,phage
GTTCG,23,Enterobacter_phage_EcP1_k5,phage
TTCGT,41,Enterobacter_phage_EcP1_k5,phage
TCGTA,36,Enterobacter_phage_EcP1_k5,phage
CGTAT,44,Enterobacter_phage_EcP1_k5,phage
GTATC,78,Enterobacter_phage_EcP1_k5,phage
ATCAT,121,Enterobacter_phage_EcP1_k5,phage
TCATC,84,Enterobacter_phage_EcP1_k5,phage
CATCT,73,Enterobacter_phage_EcP1_k5,phage
ATCTG,122,Enterobacter_phage_EcP1_k5,phage
TCTGT,93,Enterobacter_phage_EcP1_k5,phage
CTGTG,41,Enterobacter_phage_EcP1_k5,phage
TGAAC,115,Enterobacter_phage_EcP1_k5,phage
GAACC,116,Enterobacter_phage_EcP1_k5,phage
AGAGA,65,Enterobacter_phage_EcP1_k5,phage
GAGAG,27,Enterobacter_phage_EcP1_k5,phage
GAGAA,75,Enterobacter_phage_EcP1_k5,phage
AGAAA,159,Enterobacter_phage_EcP1_k5,phage
ATAAC,93,Enterobacter_phage_EcP1_k5,phage
ACTAT,58,Enterobacter_phage_EcP1_k5,phage
TATCG,67,Enterobacter_phage_EcP1_k5,phage
ATCGT,52,Enterobacter_phage_EcP1_k5,phage
ATTCA,155,Enterobacter_phage_EcP1_k5,phage
TTCAA,104,Enterobacter_phage_EcP1_k5,phage
TCAAG,44,Enterobacter_phage_EcP1_k5,phage
CAAGG,28,Enterobacter_phage_EcP1_k5,phage
AGGTG,54,Enterobacter_phage_EcP1_k5,phage
ATGTA,86,Enterobacter_phage_EcP1_k5,phage
TGTAT,107,Enterobacter_phage_EcP1_k5,phage
ATTAG,109,Enterobacter_phage_EcP1_k5,phage
TTAGT,94,Enterobacter_phage_EcP1_k5,phage
TAGTT,85,Enterobacter_phage_EcP1_k5,phage
TTCTG,123,Enterobacter_phage_EcP1_k5,phage
TCTGG,65,Enterobacter_phage_EcP1_k5,phage
GGTGT,28,Enterobacter_phage_EcP1_k5,phage
GTGTG,24,Enterobacter_phage_EcP1_k5,phage
TGTGG,36,Enterobacter_phage_EcP1_k5,phage
GTGGA,41,Enterobacter_phage_EcP1_k5,phage
TGGAG,41,Enterobacter_phage_EcP1_k5,phage
GGAGA,43,Enterobacter_phage_EcP1_k5,phage
GAGAT,54,Enterobacter_phage_EcP1_k5,phage
AGATC,46,Enterobacter_phage_EcP1_k5,phage
GATCT,41,Enterobacter_phage_EcP1_k5,phage
TCTGA,105,Enterobacter_phage_EcP1_k5,phage
TAGGG,24,Enterobacter_phage_EcP1_k5,phage
AGGGG,18,Enterobacter_phage_EcP1_k5,phage
GGGGC,13,Enterobacter_phage_EcP1_k5,phage
GGGCT,19,Enterobacter_phage_EcP1_k5,phage
GGCTA,35,Enterobacter_phage_EcP1_k5,phage
GCTAC,53,Enterobacter_phage_EcP1_k5,phage
CTACA,73,Enterobacter_phage_EcP1_k5,phage
TACAG,116,Enterobacter_phage_EcP1_k5,phage
ACAGG,69,Enterobacter_phage_EcP1_k5,phage
CAGGA,95,Enterobacter_phage_EcP1_k5,phage
AGGAT,69,Enterobacter_phage_EcP1_k5,phage
TGCAG,85,Enterobacter_phage_EcP1_k5,phage
GCAGA,96,Enterobacter_phage_EcP1_k5,phage
ACATC,55,Enterobacter_phage_EcP1_k5,phage
ATCTA,76,Enterobacter_phage_EcP1_k5,phage
TCTAT,63,Enterobacter_phage_EcP1_k5,phage
TCAAA,125,Enterobacter_phage_EcP1_k5,phage
CAAAT,97,Enterobacter_phage_EcP1_k5,phage
GTTTG,45,Enterobacter_phage_EcP1_k5,phage
TTTGA,86,Enterobacter_phage_EcP1_k5,phage
AACAA,115,Enterobacter_phage_EcP1_k5,phage
ACAAT,65,Enterobacter_phage_EcP1_k5,phage
TGGGT,36,Enterobacter_phage_EcP1_k5,phage
GGGTT,32,Enterobacter_phage_EcP1_k5,phage
GGTTA,76,Enterobacter_phage_EcP1_k5,phage
GTTAT,87,Enterobacter_phage_EcP1_k5,phage
ATGTG,54,Enterobacter_phage_EcP1_k5,phage
GTATG,60,Enterobacter_phage_EcP1_k5,phage
AGATG,94,Enterobacter_phage_EcP1_k5,phage
TGCAA,90,Enterobacter_phage_EcP1_k5,phage
GCAAA,69,Enterobacter_phage_EcP1_k5,phage
CAAAA,116,Enterobacter_phage_EcP1_k5,phage
AATTC,111,Enterobacter_phage_EcP1_k5,phage
CCCTG,34,Enterobacter_phage_EcP1_k5,phage
CCTGG,6,Enterobacter_phage_EcP1_k5,phage
CTGGA,57,Enterobacter_phage_EcP1_k5,phage
GGATT,82,Enterobacter_phage_EcP1_k5,phage
AATAC,123,Enterobacter_phage_EcP1_k5,phage
ACGAT,46,Enterobacter_phage_EcP1_k5,phage
CGATG,32,Enterobacter_phage_EcP1_k5,phage
GATGT,63,Enterobacter_phage_EcP1_k5,phage
TGTAC,72,Enterobacter_phage_EcP1_k5,phage
GTACT,75,Enterobacter_phage_EcP1_k5,phage
GTCCC,3,Enterobacter_phage_EcP1_k5,phage
TCCCC,9,Enterobacter_phage_EcP1_k5,phage
CCCCT,15,Enterobacter_phage_EcP1_k5,phage
CAATC,73,Enterobacter_phage_EcP1_k5,phage
AGTTA,110,Enterobacter_phage_EcP1_k5,phage
GTTAG,66,Enterobacter_phage_EcP1_k5,phage
GTTTC,52,Enterobacter_phage_EcP1_k5,phage
TGACT,33,Enterobacter_phage_EcP1_k5,phage
GACTG,27,Enterobacter_phage_EcP1_k5,phage
ACTGC,79,Enterobacter_phage_EcP1_k5,phage
CTGCA,99,Enterobacter_phage_EcP1_k5,phage
GCAAT,86,Enterobacter_phage_EcP1_k5,phage
ATGAC,42,Enterobacter_phage_EcP1_k5,phage
TGACC,39,Enterobacter_phage_EcP1_k5,phage
GACCA,33,Enterobacter_phage_EcP1_k5,phage
CTGTT,104,Enterobacter_phage_EcP1_k5,phage
TTGAA,122,Enterobacter_phage_EcP1_k5,phage
AACTC,50,Enterobacter_phage_EcP1_k5,phage
ACTCA,62,Enterobacter_phage_EcP1_k5,phage
CTCAA,66,Enterobacter_phage_EcP1_k5,phage
GTACA,67,Enterobacter_phage_EcP1_k5,phage
TACAA,74,Enterobacter_phage_EcP1_k5,phage
ACAAC,39,Enterobacter_phage_EcP1_k5,phage
CAACA,80,Enterobacter_phage_EcP1_k5,phage
ACAAA,93,Enterobacter_phage_EcP1_k5,phage
TCAGG,101,Enterobacter_phage_EcP1_k5,phage
GATTT,104,Enterobacter_phage_EcP1_k5,phage
ATTTG,84,Enterobacter_phage_EcP1_k5,phage
GAGAC,17,Enterobacter_phage_EcP1_k5,phage
AGACT,50,Enterobacter_phage_EcP1_k5,phage
GACTT,40,Enterobacter_phage_EcP1_k5,phage
ACTTC,70,Enterobacter_phage_EcP1_k5,phage
CTTCA,116,Enterobacter_phage_EcP1_k5,phage
ACCAG,86,Enterobacter_phage_EcP1_k5,phage
CCAGA,83,Enterobacter_phage_EcP1_k5,phage
GAAAG,87,Enterobacter_phage_EcP1_k5,phage
GTAGT,61,Enterobacter_phage_EcP1_k5,phage
TAGTG,21,Enterobacter_phage_EcP1_k5,phage
TTAGG,68,Enterobacter_phage_EcP1_k5,phage
TAGGA,45,Enterobacter_phage_EcP1_k5,phage
TTACC,104,Enterobacter_phage_EcP1_k5,phage
ACCAC,44,Enterobacter_phage_EcP1_k5,phage
CCACC,37,Enterobacter_phage_EcP1_k5,phage
CACCT,56,Enterobacter_phage_EcP1_k5,phage
ACCTG,72,Enterobacter_phage_EcP1_k5,phage
TCTTC,97,Enterobacter_phage_EcP1_k5,phage
CTTCC,53,Enterobacter_phage_EcP1_k5,phage
CCTTG,24,Enterobacter_phage_EcP1_k5,phage
CTTGA,31,Enterobacter_phage_EcP1_k5,phage
TAAGA,76,Enterobacter_phage_EcP1_k5,phage
GATGG,55,Enterobacter_phage_EcP1_k5,phage
ATGGC,56,Enterobacter_phage_EcP1_k5,phage
TGGCA,62,Enterobacter_phage_EcP1_k5,phage
GGCAG,49,Enterobacter_phage_EcP1_k5,phage
GCAGT,62,Enterobacter_phage_EcP1_k5,phage
CAGAC,63,Enterobacter_phage_EcP1_k5,phage
TGTGC,39,Enterobacter_phage_EcP1_k5,phage
GTGCT,51,Enterobacter_phage_EcP1_k5,phage
TGCTC,51,Enterobacter_phage_EcP1_k5,phage
ATACA,107,Enterobacter_phage_EcP1_k5,phage
TACAT,93,Enterobacter_phage_EcP1_k5,phage
ACATT,84,Enterobacter_phage_EcP1_k5,phage
TAGGT,50,Enterobacter_phage_EcP1_k5,phage
AGGTC,16,Enterobacter_phage_EcP1_k5,phage
GGTCA,33,Enterobacter_phage_EcP1_k5,phage
GTCAG,42,Enterobacter_phage_EcP1_k5,phage
TACGC,42,Enterobacter_phage_EcP1_k5,phage
ACGCT,37,Enterobacter_phage_EcP1_k5,phage
CGCTC,12,Enterobacter_phage_EcP1_k5,phage
GCTCC,16,Enterobacter_phage_EcP1_k5,phage
CTCCT,22,Enterobacter_phage_EcP1_k5,phage
TGATC,43,Enterobacter_phage_EcP1_k5,phage
CTGTC,43,Enterobacter_phage_EcP1_k5,phage
GTCTC,28,Enterobacter_phage_EcP1_k5,phage
CTCTA,25,Enterobacter_phage_EcP1_k5,phage
TTGGC,36,Enterobacter_phage_EcP1_k5,phage
TGGCT,58,Enterobacter_phage_EcP1_k5,phage
CTCAG,63,Enterobacter_phage_EcP1_k5,phage
CAGGG,29,Enterobacter_phage_EcP1_k5,phage
AGGGT,30,Enterobacter_phage_EcP1_k5,phage
GGGTA,35,Enterobacter_phage_EcP1_k5,phage
ACTTG,30,Enterobacter_phage_EcP1_k5,phage
TGCTG,99,Enterobacter_phage_EcP1_k5,phage
GCTGC,39,Enterobacter_phage_EcP1_k5,phage
GCTGA,86,Enterobacter_phage_EcP1_k5,phage
GAACG,29,Enterobacter_phage_EcP1_k5,phage
AACGT,62,Enterobacter_phage_EcP1_k5,phage
ACGTG,37,Enterobacter_phage_EcP1_k5,phage
CGTGA,32,Enterobacter_phage_EcP1_k5,phage
ACATG,52,Enterobacter_phage_EcP1_k5,phage
ATGAG,45,Enterobacter_phage_EcP1_k5,phage
GAGTG,21,Enterobacter_phage_EcP1_k5,phage
AGTGT,32,Enterobacter_phage_EcP1_k5,phage
GTGTA,58,Enterobacter_phage_EcP1_k5,phage
GTACG,38,Enterobacter_phage_EcP1_k5,phage
CGATT,39,Enterobacter_phage_EcP1_k5,phage
GGTAA,101,Enterobacter_phage_EcP1_k5,phage
GTAAA,114,Enterobacter_phage_EcP1_k5,phage
TAGCA,108,Enterobacter_phage_EcP1_k5,phage
AGCAA,101,Enterobacter_phage_EcP1_k5,phage
CAATT,92,Enterobacter_phage_EcP1_k5,phage
TTACA,75,Enterobacter_phage_EcP1_k5,phage
ACAGC,50,Enterobacter_phage_EcP1_k5,phage
CAGCT,54,Enterobacter_phage_EcP1_k5,phage
CTATA,49,Enterobacter_phage_EcP1_k5,phage
TACGT,58,Enterobacter_phage_EcP1_k5,phage
ACGTA,63,Enterobacter_phage_EcP1_k5,phage
CGTAG,21,Enterobacter_phage_EcP1_k5,phage
TAGAC,30,Enterobacter_phage_EcP1_k5,phage
AGACC,27,Enterobacter_phage_EcP1_k5,phage
CCACA,14,Enterobacter_phage_EcP1_k5,phage
CACAA,28,Enterobacter_phage_EcP1_k5,phage
CAGAT,140,Enterobacter_phage_EcP1_k5,phage
CTACC,44,Enterobacter_phage_EcP1_k5,phage
TACCT,96,Enterobacter_phage_EcP1_k5,phage
ACCTA,71,Enterobacter_phage_EcP1_k5,phage
GCTGG,35,Enterobacter_phage_EcP1_k5,phage
GGTTC,82,Enterobacter_phage_EcP1_k5,phage
GTTCA,106,Enterobacter_phage_EcP1_k5,phage
TTCAG,159,Enterobacter_phage_EcP1_k5,phage
TCAGC,81,Enterobacter_phage_EcP1_k5,phage
CAGCC,42,Enterobacter_phage_EcP1_k5,phage
AGCCT,42,Enterobacter_phage_EcP1_k5,phage
GCCTA,11,Enterobacter_phage_EcP1_k5,phage
CCTAA,70,Enterobacter_phage_EcP1_k5,phage
GAGGT,17,Enterobacter_phage_EcP1_k5,phage
AGGTT,53,Enterobacter_phage_EcP1_k5,phage
GTTAC,55,Enterobacter_phage_EcP1_k5,phage
ACAAG,44,Enterobacter_phage_EcP1_k5,phage
CAAGT,49,Enterobacter_phage_EcP1_k5,phage
ATAGG,43,Enterobacter_phage_EcP1_k5,phage
GGTAG,45,Enterobacter_phage_EcP1_k5,phage
AGTGG,28,Enterobacter_phage_EcP1_k5,phage
GTGGT,36,Enterobacter_phage_EcP1_k5,phage
CTGAC,51,Enterobacter_phage_EcP1_k5,phage
GACTA,28,Enterobacter_phage_EcP1_k5,phage
GATTC,83,Enterobacter_phage_EcP1_k5,phage
TTCAC,86,Enterobacter_phage_EcP1_k5,phage
CACTT,37,Enterobacter_phage_EcP1_k5,phage
AGCTC,32,Enterobacter_phage_EcP1_k5,phage
GCTCT,36,Enterobacter_phage_EcP1_k5,phage
CTCTG,56,Enterobacter_phage_EcP1_k5,phage
TCAAC,59,Enterobacter_phage_EcP1_k5,phage
ACTCT,30,Enterobacter_phage_EcP1_k5,phage
TTCCA,64,Enterobacter_phage_EcP1_k5,phage
TCCAT,67,Enterobacter_phage_EcP1_k5,phage
CTCTC,30,Enterobacter_phage_EcP1_k5,phage
TCTCA,69,Enterobacter_phage_EcP1_k5,phage
CGTGT,27,Enterobacter_phage_EcP1_k5,phage
GTGTC,16,Enterobacter_phage_EcP1_k5,phage
CATAC,87,Enterobacter_phage_EcP1_k5,phage
ACGCA,43,Enterobacter_phage_EcP1_k5,phage
CGCAA,22,Enterobacter_phage_EcP1_k5,phage
GCAAC,60,Enterobacter_phage_EcP1_k5,phage
TCAGA,115,Enterobacter_phage_EcP1_k5,phage
CAGAG,64,Enterobacter_phage_EcP1_k5,phage
CACCA,81,Enterobacter_phage_EcP1_k5,phage
AGAGT,44,Enterobacter_phage_EcP1_k5,phage
GAGTT,43,Enterobacter_phage_EcP1_k5,phage
ATCCA,80,Enterobacter_phage_EcP1_k5,phage
TCCAA,51,Enterobacter_phage_EcP1_k5,phage
CAAGC,35,Enterobacter_phage_EcP1_k5,phage
AAGCC,44,Enterobacter_phage_EcP1_k5,phage
AGCCA,67,Enterobacter_phage_EcP1_k5,phage
GCCAA,40,Enterobacter_phage_EcP1_k5,phage
CCAAA,89,Enterobacter_phage_EcP1_k5,phage
CAAAG,77,Enterobacter_phage_EcP1_k5,phage
AAGGA,66,Enterobacter_phage_EcP1_k5,phage
GGAAG,51,Enterobacter_phage_EcP1_k5,phage
GAGTC,24,Enterobacter_phage_EcP1_k5,phage
AGTCT,56,Enterobacter_phage_EcP1_k5,phage
GTCTA,28,Enterobacter_phage_EcP1_k5,phage
ATCGA,40,Enterobacter_phage_EcP1_k5,phage
TCGAA,19,Enterobacter_phage_EcP1_k5,phage
CGAAG,27,Enterobacter_phage_EcP1_k5,phage
TGGAA,88,Enterobacter_phage_EcP1_k5,phage
GGAAA,71,Enterobacter_phage_EcP1_k5,phage
AGAGC,35,Enterobacter_phage_EcP1_k5,phage
GAGCG,18,Enterobacter_phage_EcP1_k5,phage
AGCGT,28,Enterobacter_phage_EcP1_k5,phage
GCGTG,16,Enterobacter_phage_EcP1_k5,phage
GTAGC,64,Enterobacter_phage_EcP1_k5,phage
TAGCG,10,Enterobacter_phage_EcP1_k5,phage
AGCGG,16,Enterobacter_phage_EcP1_k5,phage
GCGGA,22,Enterobacter_phage_EcP1_k5,phage
CGGAC,13,Enterobacter_phage_EcP1_k5,phage
GGACT,19,Enterobacter_phage_EcP1_k5,phage
ACTTT,120,Enterobacter_phage_EcP1_k5,phage
TTGAG,44,Enterobacter_phage_EcP1_k5,phage
TGAGC,41,Enterobacter_phage_EcP1_k5,phage
AGCGC,9,Enterobacter_phage_EcP1_k5,phage
GCATG,44,Enterobacter_phage_EcP1_k5,phage
CATGG,50,Enterobacter_phage_EcP1_k5,phage
ATGGA,78,Enterobacter_phage_EcP1_k5,phage
TTGCA,66,Enterobacter_phage_EcP1_k5,phage
TAACG,39,Enterobacter_phage_EcP1_k5,phage
AACGG,28,Enterobacter_phage_EcP1_k5,phage
ACGGT,39,Enterobacter_phage_EcP1_k5,phage
CGGTA,54,Enterobacter_phage_EcP1_k5,phage
GTAAC,53,Enterobacter_phage_EcP1_k5,phage
CTTAC,56,Enterobacter_phage_EcP1_k5,phage
TACCC,28,Enterobacter_phage_EcP1_k5,phage
ACCCA,28,Enterobacter_phage_EcP1_k5,phage
CCATA,77,Enterobacter_phage_EcP1_k5,phage
AGTTG,69,Enterobacter_phage_EcP1_k5,phage
GTTGA,59,Enterobacter_phage_EcP1_k5,phage
AAACG,57,Enterobacter_phage_EcP1_k5,phage
CGTGG,18,Enterobacter_phage_EcP1_k5,phage
GTGGG,14,Enterobacter_phage_EcP1_k5,phage
TGGGA,27,Enterobacter_phage_EcP1_k5,phage
GGGAG,11,Enterobacter_phage_EcP1_k5,phage
GGAGG,8,Enterobacter_phage_EcP1_k5,phage
AGGAC,19,Enterobacter_phage_EcP1_k5,phage
TGCAC,39,Enterobacter_phage_EcP1_k5,phage
GCACA,30,Enterobacter_phage_EcP1_k5,phage
TCACA,34,Enterobacter_phage_EcP1_k5,phage
CACAT,34,Enterobacter_phage_EcP1_k5,phage
ATCGC,32,Enterobacter_phage_EcP1_k5,phage
TCGCA,22,Enterobacter_phage_EcP1_k5,phage
GCAAG,37,Enterobacter_phage_EcP1_k5,phage
AAGGC,32,Enterobacter_phage_EcP1_k5,phage
GGCTG,46,Enterobacter_phage_EcP1_k5,phage
GCTGT,71,Enterobacter_phage_EcP1_k5,phage
CTGTA,101,Enterobacter_phage_EcP1_k5,phage
TGTAA,83,Enterobacter_phage_EcP1_k5,phage
TTAGC,100,Enterobacter_phage_EcP1_k5,phage
AGCAG,134,Enterobacter_phage_EcP1_k5,phage
TAAGG,40,Enterobacter_phage_EcP1_k5,phage
GTTTT,88,Enterobacter_phage_EcP1_k5,phage
TCACC,62,Enterobacter_phage_EcP1_k5,phage
TGCGA,25,Enterobacter_phage_EcP1_k5,phage
GCGAT,31,Enterobacter_phage_EcP1_k5,phage
GAAGC,82,Enterobacter_phage_EcP1_k5,phage
AACTT,125,Enterobacter_phage_EcP1_k5,phage
TTGCG,17,Enterobacter_phage_EcP1_k5,phage
GCGAA,13,Enterobacter_phage_EcP1_k5,phage
CGAAC,17,Enterobacter_phage_EcP1_k5,phage
GAACT,58,Enterobacter_phage_EcP1_k5,phage
GACCT,22,Enterobacter_phage_EcP1_k5,phage
ACCTT,75,Enterobacter_phage_EcP1_k5,phage
ATGCC,41,Enterobacter_phage_EcP1_k5,phage
TTTCC,54,Enterobacter_phage_EcP1_k5,phage
TCCCA,28,Enterobacter_phage_EcP1_k5,phage
CCCAC,11,Enterobacter_phage_EcP1_k5,phage
CCACT,27,Enterobacter_phage_EcP1_k5,phage
ACTAG,9,Enterobacter_phage_EcP1_k5,phage
CTAGA,9,Enterobacter_phage_EcP1_k5,phage
TAGAG,32,Enterobacter_phage_EcP1_k5,phage
TGAGG,22,Enterobacter_phage_EcP1_k5,phage
ACCAT,117,Enterobacter_phage_EcP1_k5,phage
CCATG,59,Enterobacter_phage_EcP1_k5,phage
TACGG,45,Enterobacter_phage_EcP1_k5,phage
ACGGA,35,Enterobacter_phage_EcP1_k5,phage
CGGAT,37,Enterobacter_phage_EcP1_k5,phage
ATTTC,100,Enterobacter_phage_EcP1_k5,phage
AAGAA,183,Enterobacter_phage_EcP1_k5,phage
GGGAA,31,Enterobacter_phage_EcP1_k5,phage
GGAAC,65,Enterobacter_phage_EcP1_k5,phage
AGACG,31,Enterobacter_phage_EcP1_k5,phage
CGCTG,23,Enterobacter_phage_EcP1_k5,phage
TTTAC,113,Enterobacter_phage_EcP1_k5,phage
TTACG,55,Enterobacter_phage_EcP1_k5,phage
CGGAG,16,Enterobacter_phage_EcP1_k5,phage
GTCAC,25,Enterobacter_phage_EcP1_k5,phage
AACCT,63,Enterobacter_phage_EcP1_k5,phage
CCTTA,40,Enterobacter_phage_EcP1_k5,phage
GAACA,49,Enterobacter_phage_EcP1_k5,phage
CAAAC,86,Enterobacter_phage_EcP1_k5,phage
GCTCG,9,Enterobacter_phage_EcP1_k5,phage
CTCGT,28,Enterobacter_phage_EcP1_k5,phage
CTTCG,20,Enterobacter_phage_EcP1_k5,phage
TCGTG,39,Enterobacter_phage_EcP1_k5,phage
TCCAG,38,Enterobacter_phage_EcP1_k5,phage
CATTT,113,Enterobacter_phage_EcP1_k5,phage
TTTCT,142,Enterobacter_phage_EcP1_k5,phage
CATCG,26,Enterobacter_phage_EcP1_k5,phage
TCGCC,16,Enterobacter_phage_EcP1_k5,phage
CGCCT,22,Enterobacter_phage_EcP1_k5,phage
GCCTG,48,Enterobacter_phage_EcP1_k5,phage
GGTGG,23,Enterobacter_phage_EcP1_k5,phage
GCTTC,58,Enterobacter_phage_EcP1_k5,phage
GACAG,48,Enterobacter_phage_EcP1_k5,phage
CCTGT,52,Enterobacter_phage_EcP1_k5,phage
TGTTG,46,Enterobacter_phage_EcP1_k5,phage
AGGAG,52,Enterobacter_phage_EcP1_k5,phage
AAAGC,84,Enterobacter_phage_EcP1_k5,phage
AAGCG,27,Enterobacter_phage_EcP1_k5,phage
GCGGT,17,Enterobacter_phage_EcP1_k5,phage
AATCG,35,Enterobacter_phage_EcP1_k5,phage
CGCAG,39,Enterobacter_phage_EcP1_k5,phage
GCAGC,92,Enterobacter_phage_EcP1_k5,phage
CAGCG,19,Enterobacter_phage_EcP1_k5,phage
CGGAA,46,Enterobacter_phage_EcP1_k5,phage
AAGTC,37,Enterobacter_phage_EcP1_k5,phage
AGTCA,44,Enterobacter_phage_EcP1_k5,phage
AGCTG,63,Enterobacter_phage_EcP1_k5,phage
GTGCA,42,Enterobacter_phage_EcP1_k5,phage
CTAAG,48,Enterobacter_phage_EcP1_k5,phage
CATCC,45,Enterobacter_phage_EcP1_k5,phage
ACTGT,73,Enterobacter_phage_EcP1_k5,phage
GTTGC,34,Enterobacter_phage_EcP1_k5,phage
TGCGT,33,Enterobacter_phage_EcP1_k5,phage
GCGTA,33,Enterobacter_phage_EcP1_k5,phage
CGTAA,61,Enterobacter_phage_EcP1_k5,phage
CTTTC,86,Enterobacter_phage_EcP1_k5,phage
CCAGT,38,Enterobacter_phage_EcP1_k5,phage
CAGGT,75,Enterobacter_phage_EcP1_k5,phage
TCGCT,32,Enterobacter_phage_EcP1_k5,phage
CGCTA,20,Enterobacter_phage_EcP1_k5,phage
CGAAT,28,Enterobacter_phage_EcP1_k5,phage
TTGAC,26,Enterobacter_phage_EcP1_k5,phage
TGACA,39,Enterobacter_phage_EcP1_k5,phage
GTTCC,39,Enterobacter_phage_EcP1_k5,phage
TTCCG,38,Enterobacter_phage_EcP1_k5,phage
TCCGT,23,Enterobacter_phage_EcP1_k5,phage
CCGTC,6,Enterobacter_phage_EcP1_k5,phage
CGTCT,20,Enterobacter_phage_EcP1_k5,phage
AGAAC,55,Enterobacter_phage_EcP1_k5,phage
CTGAG,53,Enterobacter_phage_EcP1_k5,phage
CCAGC,41,Enterobacter_phage_EcP1_k5,phage
CAGCA,149,Enterobacter_phage_EcP1_k5,phage
GCAGG,57,Enterobacter_phage_EcP1_k5,phage
TTCGC,23,Enterobacter_phage_EcP1_k5,phage
CGCTT,28,Enterobacter_phage_EcP1_k5,phage
CCTAC,33,Enterobacter_phage_EcP1_k5,phage
TACCG,57,Enterobacter_phage_EcP1_k5,phage
ACCGG,53,Enterobacter_phage_EcP1_k5,phage
CCGGT,40,Enterobacter_phage_EcP1_k5,phage
CGGTT,32,Enterobacter_phage_EcP1_k5,phage
CATGC,45,Enterobacter_phage_EcP1_k5,phage
TGTCG,14,Enterobacter_phage_EcP1_k5,phage
GTCGT,16,Enterobacter_phage_EcP1_k5,phage
GGTCT,28,Enterobacter_phage_EcP1_k5,phage
GATCC,14,Enterobacter_phage_EcP1_k5,phage
TCGTC,16,Enterobacter_phage_EcP1_k5,phage
CGTCC,8,Enterobacter_phage_EcP1_k5,phage
GACGT,24,Enterobacter_phage_EcP1_k5,phage
ATACC,97,Enterobacter_phage_EcP1_k5,phage
CGGTC,14,Enterobacter_phage_EcP1_k5,phage
ATCCG,28,Enterobacter_phage_EcP1_k5,phage
TCCGA,17,Enterobacter_phage_EcP1_k5,phage
CCGAG,12,Enterobacter_phage_EcP1_k5,phage
CGAGG,6,Enterobacter_phage_EcP1_k5,phage
GAGGC,11,Enterobacter_phage_EcP1_k5,phage
AGGCA,45,Enterobacter_phage_EcP1_k5,phage
GGCAT,48,Enterobacter_phage_EcP1_k5,phage
TGCCA,53,Enterobacter_phage_EcP1_k5,phage
GCCAT,53,Enterobacter_phage_EcP1_k5,phage
CCATC,59,Enterobacter_phage_EcP1_k5,phage
AGCAC,62,Enterobacter_phage_EcP1_k5,phage
GCACG,22,Enterobacter_phage_EcP1_k5,phage
CACGT,46,Enterobacter_phage_EcP1_k5,phage
ACGTC,24,Enterobacter_phage_EcP1_k5,phage
GAAGG,56,Enterobacter_phage_EcP1_k5,phage
GATCA,55,Enterobacter_phage_EcP1_k5,phage
CCTGC,66,Enterobacter_phage_EcP1_k5,phage
CTGCG,40,Enterobacter_phage_EcP1_k5,phage
TAGCC,45,Enterobacter_phage_EcP1_k5,phage
GGCAA,39,Enterobacter_phage_EcP1_k5,phage
CAACC,32,Enterobacter_phage_EcP1_k5,phage
GGTAC,57,Enterobacter_phage_EcP1_k5,phage
CATGT,58,Enterobacter_phage_EcP1_k5,phage
GGACA,21,Enterobacter_phage_EcP1_k5,phage
CTGGC,36,Enterobacter_phage_EcP1_k5,phage
ATTCG,43,Enterobacter_phage_EcP1_k5,phage
TCGTT,46,Enterobacter_phage_EcP1_k5,phage
CGTTG,34,Enterobacter_phage_EcP1_k5,phage
TGAGA,47,Enterobacter_phage_EcP1_k5,phage
CTGCC,36,Enterobacter_phage_EcP1_k5,phage
TGCCT,39,Enterobacter_phage_EcP1_k5,phage
GCCTT,36,Enterobacter_phage_EcP1_k5,phage
GACAA,24,Enterobacter_phage_EcP1_k5,phage
AAGGG,18,Enterobacter_phage_EcP1_k5,phage
AGTGC,26,Enterobacter_phage_EcP1_k5,phage
GGAGT,41,Enterobacter_phage_EcP1_k5,phage
ACGTT,66,Enterobacter_phage_EcP1_k5,phage
TCGAT,40,Enterobacter_phage_EcP1_k5,phage
CTACG,22,Enterobacter_phage_EcP1_k5,phage
CCGGA,42,Enterobacter_phage_EcP1_k5,phage
CACCC,16,Enterobacter_phage_EcP1_k5,phage
ACCCT,25,Enterobacter_phage_EcP1_k5,phage
CCCTA,15,Enterobacter_phage_EcP1_k5,phage
TTGGG,22,Enterobacter_phage_EcP1_k5,phage
ACGAC,16,Enterobacter_phage_EcP1_k5,phage
CGACT,14,Enterobacter_phage_EcP1_k5,phage
CAACT,70,Enterobacter_phage_EcP1_k5,phage
TGGCG,16,Enterobacter_phage_EcP1_k5,phage
GGCGG,10,Enterobacter_phage_EcP1_k5,phage
CAGTG,33,Enterobacter_phage_EcP1_k5,phage
GACAT,32,Enterobacter_phage_EcP1_k5,phage
CCAAC,53,Enterobacter_phage_EcP1_k5,phage
GAGCA,64,Enterobacter_phage_EcP1_k5,phage
AGTCC,12,Enterobacter_phage_EcP1_k5,phage
GTCCA,12,Enterobacter_phage_EcP1_k5,phage
CTTAG,33,Enterobacter_phage_EcP1_k5,phage
GTTGG,40,Enterobacter_phage_EcP1_k5,phage
GGCTT,27,Enterobacter_phage_EcP1_k5,phage
GGACG,12,Enterobacter_phage_EcP1_k5,phage
AATCC,74,Enterobacter_phage_EcP1_k5,phage
TCACG,58,Enterobacter_phage_EcP1_k5,phage
CACGA,41,Enterobacter_phage_EcP1_k5,phage
GCGGG,11,Enterobacter_phage_EcP1_k5,phage
CGGGC,10,Enterobacter_phage_EcP1_k5,phage
GGGCG,9,Enterobacter_phage_EcP1_k5,phage
GGCGA,12,Enterobacter_phage_EcP1_k5,phage
GACGG,17,Enterobacter_phage_EcP1_k5,phage
ACCGC,21,Enterobacter_phage_EcP1_k5,phage
CCGCA,21,Enterobacter_phage_EcP1_k5,phage
CCTTC,47,Enterobacter_phage_EcP1_k5,phage
GTGGC,14,Enterobacter_phage_EcP1_k5,phage
GGCGT,11,Enterobacter_phage_EcP1_k5,phage
GCGTC,10,Enterobacter_phage_EcP1_k5,phage
CGTCA,24,Enterobacter_phage_EcP1_k5,phage
TAGTC,30,Enterobacter_phage_EcP1_k5,phage
CGTTA,53,Enterobacter_phage_EcP1_k5,phage
GGGGT,7,Enterobacter_phage_EcP1_k5,phage
ATCGG,19,Enterobacter_phage_EcP1_k5,phage
TCGGA,13,Enterobacter_phage_EcP1_k5,phage
TCCGG,45,Enterobacter_phage_EcP1_k5,phage
GCCAC,14,Enterobacter_phage_EcP1_k5,phage
ATCTC,54,Enterobacter_phage_EcP1_k5,phage
AGCCG,21,Enterobacter_phage_EcP1_k5,phage
GCCGC,7,Enterobacter_phage_EcP1_k5,phage
CCGCT,9,Enterobacter_phage_EcP1_k5,phage
GAGCC,15,Enterobacter_phage_EcP1_k5,phage
CATAG,52,Enterobacter_phage_EcP1_k5,phage
AGGGA,19,Enterobacter_phage_EcP1_k5,phage
GGGGG,3,Enterobacter_phage_EcP1_k5,phage
CACTG,48,Enterobacter_phage_EcP1_k5,phage
GACCC,8,Enterobacter_phage_EcP1_k5,phage
AACCC,19,Enterobacter_phage_EcP1_k5,phage
ACCCG,14,Enterobacter_phage_EcP1_k5,phage
CCCGG,5,Enterobacter_phage_EcP1_k5,phage
CCGGC,26,Enterobacter_phage_EcP1_k5,phage
CGGCG,3,Enterobacter_phage_EcP1_k5,phage
GACGC,14,Enterobacter_phage_EcP1_k5,phage
TCGAC,13,Enterobacter_phage_EcP1_k5,phage
CGACC,9,Enterobacter_phage_EcP1_k5,phage
TGGTC,18,Enterobacter_phage_EcP1_k5,phage
GTGCG,13,Enterobacter_phage_EcP1_k5,phage
GCCGA,8,Enterobacter_phage_EcP1_k5,phage
CCGAC,10,Enterobacter_phage_EcP1_k5,phage
GAGGG,5,Enterobacter_phage_EcP1_k5,phage
GGGTG,13,Enterobacter_phage_EcP1_k5,phage
GGTGC,29,Enterobacter_phage_EcP1_k5,phage
ACACG,25,Enterobacter_phage_EcP1_k5,phage
CACGC,25,Enterobacter_phage_EcP1_k5,phage
TACTC,47,Enterobacter_phage_EcP1_k5,phage
ACTCC,23,Enterobacter_phage_EcP1_k5,phage
CTGGG,6,Enterobacter_phage_EcP1_k5,phage
TGGGC,13,Enterobacter_phage_EcP1_k5,phage
GCCAG,33,Enterobacter_phage_EcP1_k5,phage
CCGAA,16,Enterobacter_phage_EcP1_k5,phage
AGCGA,21,Enterobacter_phage_EcP1_k5,phage
GCGAG,9,Enterobacter_phage_EcP1_k5,phage
CGAGT,13,Enterobacter_phage_EcP1_k5,phage
AGGCG,12,Enterobacter_phage_EcP1_k5,phage
TCCAC,27,Enterobacter_phage_EcP1_k5,phage
CCACG,18,Enterobacter_phage_EcP1_k5,phage
CAGGC,30,Enterobacter_phage_EcP1_k5,phage
CGATC,20,Enterobacter_phage_EcP1_k5,phage
ATCCC,28,Enterobacter_phage_EcP1_k5,phage
TCCCG,11,Enterobacter_phage_EcP1_k5,phage
CCCGA,12,Enterobacter_phage_EcP1_k5,phage
CCGGG,11,Enterobacter_phage_EcP1_k5,phage
CGGGA,9,Enterobacter_phage_EcP1_k5,phage
GTCCG,9,Enterobacter_phage_EcP1_k5,phage
CGAGA,18,Enterobacter_phage_EcP1_k5,phage
TACAC,39,Enterobacter_phage_EcP1_k5,phage
AACGA,40,Enterobacter_phage_EcP1_k5,phage
ACGGG,18,Enterobacter_phage_EcP1_k5,phage
CGGGG,5,Enterobacter_phage_EcP1_k5,phage
CCCTC,8,Enterobacter_phage_EcP1_k5,phage
CCTCA,33,Enterobacter_phage_EcP1_k5,phage
CCGTG,13,Enterobacter_phage_EcP1_k5,phage
CTTCT,83,Enterobacter_phage_EcP1_k5,phage
TGCCG,11,Enterobacter_phage_EcP1_k5,phage
GGCAC,14,Enterobacter_phage_EcP1_k5,phage
CACTC,19,Enterobacter_phage_EcP1_k5,phage
CTCCA,27,Enterobacter_phage_EcP1_k5,phage
ACTCG,22,Enterobacter_phage_EcP1_k5,phage
CTCGC,17,Enterobacter_phage_EcP1_k5,phage
CGCCC,9,Enterobacter_phage_EcP1_k5,phage
CGTAC,27,Enterobacter_phage_EcP1_k5,phage
ACACT,28,Enterobacter_phage_EcP1_k5,phage
GCACT,29,Enterobacter_phage_EcP1_k5,phage
CCAGG,2,Enterobacter_phage_EcP1_k5,phage
CGGTG,17,Enterobacter_phage_EcP1_k5,phage
TGGCC,6,Enterobacter_phage_EcP1_k5,phage
GGCCC,2,Enterobacter_phage_EcP1_k5,phage
GCCCC,10,Enterobacter_phage_EcP1_k5,phage
CCTCG,8,Enterobacter_phage_EcP1_k5,phage
CGTTC,25,Enterobacter_phage_EcP1_k5,phage
GTGCC,16,Enterobacter_phage_EcP1_k5,phage
GCCGG,16,Enterobacter_phage_EcP1_k5,phage
AACCG,30,Enterobacter_phage_EcP1_k5,phage
CGCAC,13,Enterobacter_phage_EcP1_k5,phage
TTCGA,26,Enterobacter_phage_EcP1_k5,phage
TTTCG,22,Enterobacter_phage_EcP1_k5,phage
TTCGG,18,Enterobacter_phage_EcP1_k5,phage
CACGG,11,Enterobacter_phage_EcP1_k5,phage
CGGCT,17,Enterobacter_phage_EcP1_k5,phage
GGGAC,8,Enterobacter_phage_EcP1_k5,phage
GGAGC,28,Enterobacter_phage_EcP1_k5,phage
AGCCC,16,Enterobacter_phage_EcP1_k5,phage
CGTTT,41,Enterobacter_phage_EcP1_k5,phage
GGGCA,16,Enterobacter_phage_EcP1_k5,phage
TCCTC,27,Enterobacter_phage_EcP1_k5,phage
TGCGG,26,Enterobacter_phage_EcP1_k5,phage
CGGGT,23,Enterobacter_phage_EcP1_k5,phage
AACGC,24,Enterobacter_phage_EcP1_k5,phage
ACGGC,9,Enterobacter_phage_EcP1_k5,phage
CAGTC,32,Enterobacter_phage_EcP1_k5,phage
GGCGC,7,Enterobacter_phage_EcP1_k5,phage
GCGCT,5,Enterobacter_phage_EcP1_k5,phage
GGGTC,16,Enterobacter_phage_EcP1_k5,phage
CAACG,29,Enterobacter_phage_EcP1_k5,phage
ACGCG,7,Enterobacter_phage_EcP1_k5,phage
CGCGC,7,Enterobacter_phage_EcP1_k5,phage
CGACG,12,Enterobacter_phage_EcP1_k5,phage
ACCTC,19,Enterobacter_phage_EcP1_k5,phage
CCTCC,8,Enterobacter_phage_EcP1_k5,phage
CTCCC,5,Enterobacter_phage_EcP1_k5,phage
GCGTT,20,Enterobacter_phage_EcP1_k5,phage
CTCAC,28,Enterobacter_phage_EcP1_k5,phage
TGGAC,12,Enterobacter_phage_EcP1_k5,phage
GACTC,21,Enterobacter_phage_EcP1_k5,phage
CCGTT,21,Enterobacter_phage_EcP1_k5,phage
GATCG,15,Enterobacter_phage_EcP1_k5,phage
GCGGC,7,Enterobacter_phage_EcP1_k5,phage
TAACC,51,Enterobacter_phage_EcP1_k5,phage
CTAGG,4,Enterobacter_phage_EcP1_k5,phage
CGCGG,5,Enterobacter_phage_EcP1_k5,phage
CGACA,14,Enterobacter_phage_EcP1_k5,phage
AGGGC,9,Enterobacter_phage_EcP1_k5,phage
GCCTC,13,Enterobacter_phage_EcP1_k5,phage
CCTCT,18,Enterobacter_phage_EcP1_k5,phage
CTTGG,9,Enterobacter_phage_EcP1_k5,phage
ACCGT,27,Enterobacter_phage_EcP1_k5,phage
GTCGG,6,Enterobacter_phage_EcP1_k5,phage
TCGGC,6,Enterobacter_phage_EcP1_k5,phage
CGGCA,27,Enterobacter_phage_EcP1_k5,phage
GCACC,47,Enterobacter_phage_EcP1_k5,phage
GTCTT,37,Enterobacter_phage_EcP1_k5,phage
TCTCG,14,Enterobacter_phage_EcP1_k5,phage
CTCGA,4,Enterobacter_phage_EcP1_k5,phage
TCTCC,26,Enterobacter_phage_EcP1_k5,phage
CTCCG,19,Enterobacter_phage_EcP1_k5,phage
CCCGT,2,Enterobacter_phage_EcP1_k5,phage
TCGGT,21,Enterobacter_phage_EcP1_k5,phage
TCTAG,3,Enterobacter_phage_EcP1_k5,phage
CTAGC,4,Enterobacter_phage_EcP1_k5,phage
CGTGC,28,Enterobacter_phage_EcP1_k5,phage
GGTCG,3,Enterobacter_phage_EcP1_k5,phage
CGTCG,4,Enterobacter_phage_EcP1_k5,phage
AGGCC,8,Enterobacter_phage_EcP1_k5,phage
GGCCA,6,Enterobacter_phage_EcP1_k5,phage
AGTCG,11,Enterobacter_phage_EcP1_k5,phage
GCCGT,9,Enterobacter_phage_EcP1_k5,phage
ACGCC,18,Enterobacter_phage_EcP1_k5,phage
CGCCG,5,Enterobacter_phage_EcP1_k5,phage
ACGAG,30,Enterobacter_phage_EcP1_k5,phage
GGATC,16,Enterobacter_phage_EcP1_k5,phage
GCTAG,4,Enterobacter_phage_EcP1_k5,phage
CCCAG,7,Enterobacter_phage_EcP1_k5,phage
GTCGC,5,Enterobacter_phage_EcP1_k5,phage
CCCAA,15,Enterobacter_phage_EcP1_k5,phage
CCGTA,21,Enterobacter_phage_EcP1_k5,phage
CTCGG,4,Enterobacter_phage_EcP1_k5,phage
TCGGG,7,Enterobacter_phage_EcP1_k5,phage
TCCGC,9,Enterobacter_phage_EcP1_k5,phage
GCGAC,10,Enterobacter_phage_EcP1_k5,phage
CCCGC,10,Enterobacter_phage_EcP1_k5,phage
CACAC,14,Enterobacter_phage_EcP1_k5,phage
CGCCA,14,Enterobacter_phage_EcP1_k5,phage
CCTAG,4,Enterobacter_phage_EcP1_k5,phage
CTAGT,3,Enterobacter_phage_EcP1_k5,phage
GCCCG,3,Enterobacter_phage_EcP1_k5,phage
GCGCG,4,Enterobacter_phage_EcP1_k5,phage
CGCGT,7,Enterobacter_phage_EcP1_k5,phage
GACCG,12,Enterobacter_phage_EcP1_k5,phage
CGAGC,17,Enterobacter_phage_EcP1_k5,phage
GTCGA,5,Enterobacter_phage_EcP1_k5,phage
ACCCC,4,Enterobacter_phage_EcP1_k5,phage
GGCCT,5,Enterobacter_phage_EcP1_k5,phage
CCCCC,8,Enterobacter_phage_EcP1_k5,phage
TCGCG,7,Enterobacter_phage_EcP1_k5,phage
GGCCG,3,Enterobacter_phage_EcP1_k5,phage
CCGCG,6,Enterobacter_phage_EcP1_k5,phage
CGCGA,5,Enterobacter_phage_EcP1_k5,phage
GCGCC,5,Enterobacter_phage_EcP1_k5,phage
CCGCC,11,Enterobacter_phage_EcP1_k5,phage
CCCCA,7,Enterobacter_phage_EcP1_k5,phage
GGGCC,1,Enterobacter_phage_EcP1_k5,phage
GAGCT,24,Enterobacter_phage_EcP1_k5,phage
TCGAG,3,Enterobacter_phage_EcP1_k5,phage
CGGCC,1,Enterobacter_phage_EcP1_k5,phage
CCCCG,1,Enterobacter_phage_EcP1_k5,phage
AAAAA,185,Enterococcus_phage_IME-EFm5_k5,phage
AAAAT,140,Enterococcus_phage_IME-EFm5_k5,phage
AAATC,63,Enterococcus_phage_IME-EFm5_k5,phage
AATCA,87,Enterococcus_phage_IME-EFm5_k5,phage
ATCAT,83,Enterococcus_phage_IME-EFm5_k5,phage
TCATA,87,Enterococcus_phage_IME-EFm5_k5,phage
CATAT,77,Enterococcus_phage_IME-EFm5_k5,phage
ATATA,97,Enterococcus_phage_IME-EFm5_k5,phage
TATAA,97,Enterococcus_phage_IME-EFm5_k5,phage
ATAAC,45,Enterococcus_phage_IME-EFm5_k5,phage
TAACG,29,Enterococcus_phage_IME-EFm5_k5,phage
AACGA,44,Enterococcus_phage_IME-EFm5_k5,phage
ACGAG,23,Enterococcus_phage_IME-EFm5_k5,phage
CGAGA,12,Enterococcus_phage_IME-EFm5_k5,phage
GAGAG,30,Enterococcus_phage_IME-EFm5_k5,phage
AGAGG,44,Enterococcus_phage_IME-EFm5_k5,phage
GAGGA,71,Enterococcus_phage_IME-EFm5_k5,phage
AGGAA,68,Enterococcus_phage_IME-EFm5_k5,phage
GGAAG,41,Enterococcus_phage_IME-EFm5_k5,phage
GAAGT,47,Enterococcus_phage_IME-EFm5_k5,phage
AAGTT,77,Enterococcus_phage_IME-EFm5_k5,phage
AGTTA,79,Enterococcus_phage_IME-EFm5_k5,phage
GTTAT,52,Enterococcus_phage_IME-EFm5_k5,phage
TTATT,141,Enterococcus_phage_IME-EFm5_k5,phage
TATTA,110,Enterococcus_phage_IME-EFm5_k5,phage
ATTAT,150,Enterococcus_phage_IME-EFm5_k5,phage
TTATG,50,Enterococcus_phage_IME-EFm5_k5,phage
TATGA,84,Enterococcus_phage_IME-EFm5_k5,phage
ATGAC,52,Enterococcus_phage_IME-EFm5_k5,phage
TGACA,64,Enterococcus_phage_IME-EFm5_k5,phage
GACAC,26,Enterococcus_phage_IME-EFm5_k5,phage
ACACC,39,Enterococcus_phage_IME-EFm5_k5,phage
CACCA,66,Enterococcus_phage_IME-EFm5_k5,phage
ACCAG,68,Enterococcus_phage_IME-EFm5_k5,phage
CCAGA,38,Enterococcus_phage_IME-EFm5_k5,phage
CAGAA,66,Enterococcus_phage_IME-EFm5_k5,phage
AGAAC,50,Enterococcus_phage_IME-EFm5_k5,phage
GAACT,58,Enterococcus_phage_IME-EFm5_k5,phage
AACTA,65,Enterococcus_phage_IME-EFm5_k5,phage
ACTAG,35,Enterococcus_phage_IME-EFm5_k5,phage
CTAGC,26,Enterococcus_phage_IME-EFm5_k5,phage
TAGCA,52,Enterococcus_phage_IME-EFm5_k5,phage
AGCAG,28,Enterococcus_phage_IME-EFm5_k5,phage
GCAGA,18,Enterococcus_phage_IME-EFm5_k5,phage
CAGAC,24,Enterococcus_phage_IME-EFm5_k5,phage
AGACA,45,Enterococcus_phage_IME-EFm5_k5,phage
GACAT,27,Enterococcus_phage_IME-EFm5_k5,phage
ACATG,32,Enterococcus_phage_IME-EFm5_k5,phage
CATGA,45,Enterococcus_phage_IME-EFm5_k5,phage
ATGAA,119,Enterococcus_phage_IME-EFm5_k5,phage
TGAAC,75,Enterococcus_phage_IME-EFm5_k5,phage
GAACC,26,Enterococcus_phage_IME-EFm5_k5,phage
AACCT,40,Enterococcus_phage_IME-EFm5_k5,phage
ACCTA,50,Enterococcus_phage_IME-EFm5_k5,phage
CCTAA,45,Enterococcus_phage_IME-EFm5_k5,phage
CTAAC,52,Enterococcus_phage_IME-EFm5_k5,phage
TAACA,72,Enterococcus_phage_IME-EFm5_k5,phage
AACAG,63,Enterococcus_phage_IME-EFm5_k5,phage
ACAGA,60,Enterococcus_phage_IME-EFm5_k5,phage
GAACA,41,Enterococcus_phage_IME-EFm5_k5,phage
AACAA,96,Enterococcus_phage_IME-EFm5_k5,phage
ACAAG,49,Enterococcus_phage_IME-EFm5_k5,phage
CAAGA,43,Enterococcus_phage_IME-EFm5_k5,phage
AAGAC,43,Enterococcus_phage_IME-EFm5_k5,phage
GACAA,51,Enterococcus_phage_IME-EFm5_k5,phage
ACAAT,75,Enterococcus_phage_IME-EFm5_k5,phage
CAATC,52,Enterococcus_phage_IME-EFm5_k5,phage
AATCC,42,Enterococcus_phage_IME-EFm5_k5,phage
ATCCA,58,Enterococcus_phage_IME-EFm5_k5,phage
TCCAT,81,Enterococcus_phage_IME-EFm5_k5,phage
CCATT,77,Enterococcus_phage_IME-EFm5_k5,phage
CATTT,112,Enterococcus_phage_IME-EFm5_k5,phage
ATTTT,123,Enterococcus_phage_IME-EFm5_k5,phage
TTTTC,91,Enterococcus_phage_IME-EFm5_k5,phage
TTTCA,119,Enterococcus_phage_IME-EFm5_k5,phage
TTCAT,115,Enterococcus_phage_IME-EFm5_k5,phage
TCATT,116,Enterococcus_phage_IME-EFm5_k5,phage
CATTC,51,Enterococcus_phage_IME-EFm5_k5,phage
ATTCG,14,Enterococcus_phage_IME-EFm5_k5,phage
TTCGT,31,Enterococcus_phage_IME-EFm5_k5,phage
TCGTT,29,Enterococcus_phage_IME-EFm5_k5,phage
CGTTG,29,Enterococcus_phage_IME-EFm5_k5,phage
GTTGA,73,Enterococcus_phage_IME-EFm5_k5,phage
TTGAC,68,Enterococcus_phage_IME-EFm5_k5,phage
TGACG,26,Enterococcus_phage_IME-EFm5_k5,phage
GACGA,14,Enterococcus_phage_IME-EFm5_k5,phage
ACGAA,36,Enterococcus_phage_IME-EFm5_k5,phage
CGAAG,9,Enterococcus_phage_IME-EFm5_k5,phage
GAAGA,83,Enterococcus_phage_IME-EFm5_k5,phage
AGACG,26,Enterococcus_phage_IME-EFm5_k5,phage
GACGG,8,Enterococcus_phage_IME-EFm5_k5,phage
ACGGC,6,Enterococcus_phage_IME-EFm5_k5,phage
CGGCA,2,Enterococcus_phage_IME-EFm5_k5,phage
GGCAA,22,Enterococcus_phage_IME-EFm5_k5,phage
GCAAC,23,Enterococcus_phage_IME-EFm5_k5,phage
CAACT,51,Enterococcus_phage_IME-EFm5_k5,phage
AACTT,65,Enterococcus_phage_IME-EFm5_k5,phage
ACTTC,46,Enterococcus_phage_IME-EFm5_k5,phage
CTTCA,82,Enterococcus_phage_IME-EFm5_k5,phage
CATTG,75,Enterococcus_phage_IME-EFm5_k5,phage
ATTGA,128,Enterococcus_phage_IME-EFm5_k5,phage
TTGAA,139,Enterococcus_phage_IME-EFm5_k5,phage
AACCA,84,Enterococcus_phage_IME-EFm5_k5,phage
ACCAA,72,Enterococcus_phage_IME-EFm5_k5,phage
CCAAT,52,Enterococcus_phage_IME-EFm5_k5,phage
ATCAA,79,Enterococcus_phage_IME-EFm5_k5,phage
TCAAA,95,Enterococcus_phage_IME-EFm5_k5,phage
CAAAA,100,Enterococcus_phage_IME-EFm5_k5,phage
ATTCA,108,Enterococcus_phage_IME-EFm5_k5,phage
TTCAG,59,Enterococcus_phage_IME-EFm5_k5,phage
TCAGC,35,Enterococcus_phage_IME-EFm5_k5,phage
CAGCT,31,Enterococcus_phage_IME-EFm5_k5,phage
AGCTG,39,Enterococcus_phage_IME-EFm5_k5,phage
GCTGT,44,Enterococcus_phage_IME-EFm5_k5,phage
CTGTG,36,Enterococcus_phage_IME-EFm5_k5,phage
TGTGA,50,Enterococcus_phage_IME-EFm5_k5,phage
GTGAG,23,Enterococcus_phage_IME-EFm5_k5,phage
TGAGG,37,Enterococcus_phage_IME-EFm5_k5,phage
GAGGG,15,Enterococcus_phage_IME-EFm5_k5,phage
AGGGT,27,Enterococcus_phage_IME-EFm5_k5,phage
GGGTG,7,Enterococcus_phage_IME-EFm5_k5,phage
GGTGC,25,Enterococcus_phage_IME-EFm5_k5,phage
GTGCT,38,Enterococcus_phage_IME-EFm5_k5,phage
TGCTT,67,Enterococcus_phage_IME-EFm5_k5,phage
GCTTA,39,Enterococcus_phage_IME-EFm5_k5,phage
CTTAT,50,Enterococcus_phage_IME-EFm5_k5,phage
TATTT,147,Enterococcus_phage_IME-EFm5_k5,phage
ATTTA,148,Enterococcus_phage_IME-EFm5_k5,phage
TTTAC,98,Enterococcus_phage_IME-EFm5_k5,phage
TTACT,72,Enterococcus_phage_IME-EFm5_k5,phage
TACTA,75,Enterococcus_phage_IME-EFm5_k5,phage
TAGCT,72,Enterococcus_phage_IME-EFm5_k5,phage
AGCTT,51,Enterococcus_phage_IME-EFm5_k5,phage
GCTTG,44,Enterococcus_phage_IME-EFm5_k5,phage
CTTGT,61,Enterococcus_phage_IME-EFm5_k5,phage
TTGTG,78,Enterococcus_phage_IME-EFm5_k5,phage
GTGAA,60,Enterococcus_phage_IME-EFm5_k5,phage
TGAAG,78,Enterococcus_phage_IME-EFm5_k5,phage
GACGT,22,Enterococcus_phage_IME-EFm5_k5,phage
ACGTA,45,Enterococcus_phage_IME-EFm5_k5,phage
CGTAG,20,Enterococcus_phage_IME-EFm5_k5,phage
GTAGC,30,Enterococcus_phage_IME-EFm5_k5,phage
AGCTA,58,Enterococcus_phage_IME-EFm5_k5,phage
GCTAA,49,Enterococcus_phage_IME-EFm5_k5,phage
CTAAT,75,Enterococcus_phage_IME-EFm5_k5,phage
TAATA,96,Enterococcus_phage_IME-EFm5_k5,phage
AATAG,74,Enterococcus_phage_IME-EFm5_k5,phage
ATAGT,50,Enterococcus_phage_IME-EFm5_k5,phage
TAGTT,71,Enterococcus_phage_IME-EFm5_k5,phage
AGTTT,81,Enterococcus_phage_IME-EFm5_k5,phage
GTTTA,86,Enterococcus_phage_IME-EFm5_k5,phage
TTTAA,138,Enterococcus_phage_IME-EFm5_k5,phage
TTAAA,131,Enterococcus_phage_IME-EFm5_k5,phage
TAAAA,167,Enterococcus_phage_IME-EFm5_k5,phage
AAAAG,123,Enterococcus_phage_IME-EFm5_k5,phage
AAAGC,51,Enterococcus_phage_IME-EFm5_k5,phage
AAGCG,32,Enterococcus_phage_IME-EFm5_k5,phage
AGCGT,45,Enterococcus_phage_IME-EFm5_k5,phage
GCGTA,22,Enterococcus_phage_IME-EFm5_k5,phage
CGTAT,31,Enterococcus_phage_IME-EFm5_k5,phage
GTATA,52,Enterococcus_phage_IME-EFm5_k5,phage
ATAAG,48,Enterococcus_phage_IME-EFm5_k5,phage
TAAGG,27,Enterococcus_phage_IME-EFm5_k5,phage
AAGGA,48,Enterococcus_phage_IME-EFm5_k5,phage
AGGAG,59,Enterococcus_phage_IME-EFm5_k5,phage
GGAGG,50,Enterococcus_phage_IME-EFm5_k5,phage
GAGGT,35,Enterococcus_phage_IME-EFm5_k5,phage
AGGTA,58,Enterococcus_phage_IME-EFm5_k5,phage
GGTAG,28,Enterococcus_phage_IME-EFm5_k5,phage
GTAGG,26,Enterococcus_phage_IME-EFm5_k5,phage
TAGGG,22,Enterococcus_phage_IME-EFm5_k5,phage
AGGGG,10,Enterococcus_phage_IME-EFm5_k5,phage
GGGGG,7,Enterococcus_phage_IME-EFm5_k5,phage
GGGGC,7,Enterococcus_phage_IME-EFm5_k5,phage
GGGCG,2,Enterococcus_phage_IME-EFm5_k5,phage
GGCGA,4,Enterococcus_phage_IME-EFm5_k5,phage
GCGAC,5,Enterococcus_phage_IME-EFm5_k5,phage
CGACG,2,Enterococcus_phage_IME-EFm5_k5,phage
ACGTC,28,Enterococcus_phage_IME-EFm5_k5,phage
CGTCA,36,Enterococcus_phage_IME-EFm5_k5,phage
GTCAG,27,Enterococcus_phage_IME-EFm5_k5,phage
CAGCA,39,Enterococcus_phage_IME-EFm5_k5,phage
AGCAC,28,Enterococcus_phage_IME-EFm5_k5,phage
GCACT,22,Enterococcus_phage_IME-EFm5_k5,phage
CACTG,39,Enterococcus_phage_IME-EFm5_k5,phage
ACTGA,41,Enterococcus_phage_IME-EFm5_k5,phage
CTGAA,50,Enterococcus_phage_IME-EFm5_k5,phage
TGAAA,132,Enterococcus_phage_IME-EFm5_k5,phage
GAAAT,93,Enterococcus_phage_IME-EFm5_k5,phage
AAATT,132,Enterococcus_phage_IME-EFm5_k5,phage
AATTA,142,Enterococcus_phage_IME-EFm5_k5,phage
ATTAA,116,Enterococcus_phage_IME-EFm5_k5,phage
TTAAG,48,Enterococcus_phage_IME-EFm5_k5,phage
TAAGA,37,Enterococcus_phage_IME-EFm5_k5,phage
AAGAT,79,Enterococcus_phage_IME-EFm5_k5,phage
AGATG,56,Enterococcus_phage_IME-EFm5_k5,phage
GATGT,39,Enterococcus_phage_IME-EFm5_k5,phage
ATGTT,86,Enterococcus_phage_IME-EFm5_k5,phage
TGTTA,81,Enterococcus_phage_IME-EFm5_k5,phage
GTTAA,74,Enterococcus_phage_IME-EFm5_k5,phage
AAATG,109,Enterococcus_phage_IME-EFm5_k5,phage
AATGG,71,Enterococcus_phage_IME-EFm5_k5,phage
ATGGT,58,Enterococcus_phage_IME-EFm5_k5,phage
TGGTT,82,Enterococcus_phage_IME-EFm5_k5,phage
GGTTG,30,Enterococcus_phage_IME-EFm5_k5,phage
GTTGG,40,Enterococcus_phage_IME-EFm5_k5,phage
TTGGA,57,Enterococcus_phage_IME-EFm5_k5,phage
TGGAT,56,Enterococcus_phage_IME-EFm5_k5,phage
GGATA,40,Enterococcus_phage_IME-EFm5_k5,phage
GATAA,80,Enterococcus_phage_IME-EFm5_k5,phage
ATAAA,160,Enterococcus_phage_IME-EFm5_k5,phage
TAAAT,117,Enterococcus_phage_IME-EFm5_k5,phage
ATTAG,84,Enterococcus_phage_IME-EFm5_k5,phage
TTAGC,65,Enterococcus_phage_IME-EFm5_k5,phage
TAGCG,24,Enterococcus_phage_IME-EFm5_k5,phage
GTATG,48,Enterococcus_phage_IME-EFm5_k5,phage
ATGAG,49,Enterococcus_phage_IME-EFm5_k5,phage
TGAGT,53,Enterococcus_phage_IME-EFm5_k5,phage
GAGTA,44,Enterococcus_phage_IME-EFm5_k5,phage
AGTAT,77,Enterococcus_phage_IME-EFm5_k5,phage
TATAT,104,Enterococcus_phage_IME-EFm5_k5,phage
ATATT,127,Enterococcus_phage_IME-EFm5_k5,phage
TAAAC,79,Enterococcus_phage_IME-EFm5_k5,phage
AAACC,68,Enterococcus_phage_IME-EFm5_k5,phage
ACCAT,66,Enterococcus_phage_IME-EFm5_k5,phage
CCATA,47,Enterococcus_phage_IME-EFm5_k5,phage
TATAG,54,Enterococcus_phage_IME-EFm5_k5,phage
ATAGA,72,Enterococcus_phage_IME-EFm5_k5,phage
TAGAG,47,Enterococcus_phage_IME-EFm5_k5,phage
GGAAT,47,Enterococcus_phage_IME-EFm5_k5,phage
GAATT,78,Enterococcus_phage_IME-EFm5_k5,phage
TTAAC,70,Enterococcus_phage_IME-EFm5_k5,phage
AACAT,67,Enterococcus_phage_IME-EFm5_k5,phage
ACATT,77,Enterococcus_phage_IME-EFm5_k5,phage
TCATG,45,Enterococcus_phage_IME-EFm5_k5,phage
ATGAT,100,Enterococcus_phage_IME-EFm5_k5,phage
TGATG,87,Enterococcus_phage_IME-EFm5_k5,phage
GATGA,84,Enterococcus_phage_IME-EFm5_k5,phage
GATGG,37,Enterococcus_phage_IME-EFm5_k5,phage
ATGGG,22,Enterococcus_phage_IME-EFm5_k5,phage
TGGGA,30,Enterococcus_phage_IME-EFm5_k5,phage
GGGAT,22,Enterococcus_phage_IME-EFm5_k5,phage
GGATT,40,Enterococcus_phage_IME-EFm5_k5,phage
GATTA,70,Enterococcus_phage_IME-EFm5_k5,phage
TTTAT,108,Enterococcus_phage_IME-EFm5_k5,phage
TATTG,88,Enterococcus_phage_IME-EFm5_k5,phage
ATTGG,64,Enterococcus_phage_IME-EFm5_k5,phage
TGGAG,43,Enterococcus_phage_IME-EFm5_k5,phage
GGAGT,30,Enterococcus_phage_IME-EFm5_k5,phage
AGTAG,45,Enterococcus_phage_IME-EFm5_k5,phage
GTAGT,55,Enterococcus_phage_IME-EFm5_k5,phage
TAGTA,69,Enterococcus_phage_IME-EFm5_k5,phage
AGTAA,78,Enterococcus_phage_IME-EFm5_k5,phage
GTAAT,46,Enterococcus_phage_IME-EFm5_k5,phage
TAATT,117,Enterococcus_phage_IME-EFm5_k5,phage
AATTT,114,Enterococcus_phage_IME-EFm5_k5,phage
TTACG,35,Enterococcus_phage_IME-EFm5_k5,phage
TACGG,10,Enterococcus_phage_IME-EFm5_k5,phage
ACGGA,8,Enterococcus_phage_IME-EFm5_k5,phage
CGGAG,5,Enterococcus_phage_IME-EFm5_k5,phage
GGAGC,15,Enterococcus_phage_IME-EFm5_k5,phage
GAGCT,16,Enterococcus_phage_IME-EFm5_k5,phage
GCTGG,29,Enterococcus_phage_IME-EFm5_k5,phage
CTGGA,39,Enterococcus_phage_IME-EFm5_k5,phage
AGTAC,46,Enterococcus_phage_IME-EFm5_k5,phage
GTACT,57,Enterococcus_phage_IME-EFm5_k5,phage
TACTT,94,Enterococcus_phage_IME-EFm5_k5,phage
ACTTA,53,Enterococcus_phage_IME-EFm5_k5,phage
TTATA,106,Enterococcus_phage_IME-EFm5_k5,phage
TATAC,61,Enterococcus_phage_IME-EFm5_k5,phage
ATACA,65,Enterococcus_phage_IME-EFm5_k5,phage
TACAC,36,Enterococcus_phage_IME-EFm5_k5,phage
ACACT,43,Enterococcus_phage_IME-EFm5_k5,phage
ACTGG,43,Enterococcus_phage_IME-EFm5_k5,phage
CTGGC,16,Enterococcus_phage_IME-EFm5_k5,phage
TGGCT,53,Enterococcus_phage_IME-EFm5_k5,phage
GGCTA,20,Enterococcus_phage_IME-EFm5_k5,phage
GCTAG,19,Enterococcus_phage_IME-EFm5_k5,phage
CTAGA,28,Enterococcus_phage_IME-EFm5_k5,phage
TAGAA,76,Enterococcus_phage_IME-EFm5_k5,phage
AGAAG,75,Enterococcus_phage_IME-EFm5_k5,phage
AAGAA,128,Enterococcus_phage_IME-EFm5_k5,phage
GAAGG,29,Enterococcus_phage_IME-EFm5_k5,phage
AGGAT,31,Enterococcus_phage_IME-EFm5_k5,phage
GATAC,43,Enterococcus_phage_IME-EFm5_k5,phage
ATACT,72,Enterococcus_phage_IME-EFm5_k5,phage
TACTG,60,Enterococcus_phage_IME-EFm5_k5,phage
CTGAG,39,Enterococcus_phage_IME-EFm5_k5,phage
TGAGA,46,Enterococcus_phage_IME-EFm5_k5,phage
GAGAT,42,Enterococcus_phage_IME-EFm5_k5,phage
ATGGA,58,Enterococcus_phage_IME-EFm5_k5,phage
GGAGA,25,Enterococcus_phage_IME-EFm5_k5,phage
GAGAA,50,Enterococcus_phage_IME-EFm5_k5,phage
AGAAA,116,Enterococcus_phage_IME-EFm5_k5,phage
AATTG,107,Enterococcus_phage_IME-EFm5_k5,phage
TGAAT,83,Enterococcus_phage_IME-EFm5_k5,phage
AAAGA,148,Enterococcus_phage_IME-EFm5_k5,phage
AGAAT,79,Enterococcus_phage_IME-EFm5_k5,phage
GAAAA,92,Enterococcus_phage_IME-EFm5_k5,phage
AAATA,141,Enterococcus_phage_IME-EFm5_k5,phage
AATAA,124,Enterococcus_phage_IME-EFm5_k5,phage
ATAAT,116,Enterococcus_phage_IME-EFm5_k5,phage
TAATG,81,Enterococcus_phage_IME-EFm5_k5,phage
AATGA,107,Enterococcus_phage_IME-EFm5_k5,phage
GAAAG,48,Enterococcus_phage_IME-EFm5_k5,phage
AAAGT,72,Enterococcus_phage_IME-EFm5_k5,phage
AAGTA,96,Enterococcus_phage_IME-EFm5_k5,phage
GTACG,27,Enterococcus_phage_IME-EFm5_k5,phage
TACGA,19,Enterococcus_phage_IME-EFm5_k5,phage
CGAGT,6,Enterococcus_phage_IME-EFm5_k5,phage
GAGTT,55,Enterococcus_phage_IME-EFm5_k5,phage
AGTTG,55,Enterococcus_phage_IME-EFm5_k5,phage
TGGAA,63,Enterococcus_phage_IME-EFm5_k5,phage
GGAAC,19,Enterococcus_phage_IME-EFm5_k5,phage
GAACG,31,Enterococcus_phage_IME-EFm5_k5,phage
AACGT,46,Enterococcus_phage_IME-EFm5_k5,phage
TGATA,94,Enterococcus_phage_IME-EFm5_k5,phage
TAATC,62,Enterococcus_phage_IME-EFm5_k5,phage
AATCG,22,Enterococcus_phage_IME-EFm5_k5,phage
ATCGT,22,Enterococcus_phage_IME-EFm5_k5,phage
TCGTG,16,Enterococcus_phage_IME-EFm5_k5,phage
CGTGA,30,Enterococcus_phage_IME-EFm5_k5,phage
GTGAC,26,Enterococcus_phage_IME-EFm5_k5,phage
TTACA,66,Enterococcus_phage_IME-EFm5_k5,phage
TACAT,63,Enterococcus_phage_IME-EFm5_k5,phage
CATTA,95,Enterococcus_phage_IME-EFm5_k5,phage
TTAGA,85,Enterococcus_phage_IME-EFm5_k5,phage
TAGAT,65,Enterococcus_phage_IME-EFm5_k5,phage
AGATT,83,Enterococcus_phage_IME-EFm5_k5,phage
TTAAT,119,Enterococcus_phage_IME-EFm5_k5,phage
ATAGG,33,Enterococcus_phage_IME-EFm5_k5,phage
TAGGT,49,Enterococcus_phage_IME-EFm5_k5,phage
AGGTG,41,Enterococcus_phage_IME-EFm5_k5,phage
GGTGA,33,Enterococcus_phage_IME-EFm5_k5,phage
GATTG,73,Enterococcus_phage_IME-EFm5_k5,phage
ATTGC,68,Enterococcus_phage_IME-EFm5_k5,phage
TTGCG,27,Enterococcus_phage_IME-EFm5_k5,phage
TGCGC,18,Enterococcus_phage_IME-EFm5_k5,phage
GCGCA,8,Enterococcus_phage_IME-EFm5_k5,phage
CGCAA,21,Enterococcus_phage_IME-EFm5_k5,phage
GCAAT,52,Enterococcus_phage_IME-EFm5_k5,phage
CAATA,73,Enterococcus_phage_IME-EFm5_k5,phage
GTAAC,42,Enterococcus_phage_IME-EFm5_k5,phage
AACAC,51,Enterococcus_phage_IME-EFm5_k5,phage
CACTA,52,Enterococcus_phage_IME-EFm5_k5,phage
ACTAA,72,Enterococcus_phage_IME-EFm5_k5,phage
ACACG,20,Enterococcus_phage_IME-EFm5_k5,phage
CACGT,37,Enterococcus_phage_IME-EFm5_k5,phage
CGTAA,23,Enterococcus_phage_IME-EFm5_k5,phage
GTAAA,88,Enterococcus_phage_IME-EFm5_k5,phage
TAAAG,99,Enterococcus_phage_IME-EFm5_k5,phage
AAGAG,61,Enterococcus_phage_IME-EFm5_k5,phage
GAGGC,13,Enterococcus_phage_IME-EFm5_k5,phage
AGGCT,23,Enterococcus_phage_IME-EFm5_k5,phage
GGCTC,16,Enterococcus_phage_IME-EFm5_k5,phage
GCTCA,16,Enterococcus_phage_IME-EFm5_k5,phage
CTCAA,31,Enterococcus_phage_IME-EFm5_k5,phage
TCAAC,33,Enterococcus_phage_IME-EFm5_k5,phage
CAACG,22,Enterococcus_phage_IME-EFm5_k5,phage
ACGTG,48,Enterococcus_phage_IME-EFm5_k5,phage
CGTGT,30,Enterococcus_phage_IME-EFm5_k5,phage
GTGTG,30,Enterococcus_phage_IME-EFm5_k5,phage
GAAGC,44,Enterococcus_phage_IME-EFm5_k5,phage
AGCGC,15,Enterococcus_phage_IME-EFm5_k5,phage
GCGCT,20,Enterococcus_phage_IME-EFm5_k5,phage
CGCTA,21,Enterococcus_phage_IME-EFm5_k5,phage
GCTAT,36,Enterococcus_phage_IME-EFm5_k5,phage
CTATT,68,Enterococcus_phage_IME-EFm5_k5,phage
TTTAG,85,Enterococcus_phage_IME-EFm5_k5,phage
GACGC,19,Enterococcus_phage_IME-EFm5_k5,phage
ACGCT,48,Enterococcus_phage_IME-EFm5_k5,phage
CTATC,42,Enterococcus_phage_IME-EFm5_k5,phage
TATCA,88,Enterococcus_phage_IME-EFm5_k5,phage
ATCAC,49,Enterococcus_phage_IME-EFm5_k5,phage
TCACA,38,Enterococcus_phage_IME-EFm5_k5,phage
CACAA,43,Enterococcus_phage_IME-EFm5_k5,phage
ACAAC,43,Enterococcus_phage_IME-EFm5_k5,phage
AACTC,63,Enterococcus_phage_IME-EFm5_k5,phage
ACTCA,59,Enterococcus_phage_IME-EFm5_k5,phage
CTCAT,50,Enterococcus_phage_IME-EFm5_k5,phage
TTGGG,24,Enterococcus_phage_IME-EFm5_k5,phage
GGGAG,13,Enterococcus_phage_IME-EFm5_k5,phage
GAATG,58,Enterococcus_phage_IME-EFm5_k5,phage
AGATA,79,Enterococcus_phage_IME-EFm5_k5,phage
GATAT,70,Enterococcus_phage_IME-EFm5_k5,phage
ATATG,67,Enterococcus_phage_IME-EFm5_k5,phage
TGATT,116,Enterococcus_phage_IME-EFm5_k5,phage
ATATC,62,Enterococcus_phage_IME-EFm5_k5,phage
ATCAG,34,Enterococcus_phage_IME-EFm5_k5,phage
TCAGA,48,Enterococcus_phage_IME-EFm5_k5,phage
GAATA,56,Enterococcus_phage_IME-EFm5_k5,phage
AATAT,102,Enterococcus_phage_IME-EFm5_k5,phage
AAAAC,96,Enterococcus_phage_IME-EFm5_k5,phage
ACCAC,47,Enterococcus_phage_IME-EFm5_k5,phage
CCACA,32,Enterococcus_phage_IME-EFm5_k5,phage
CACAG,23,Enterococcus_phage_IME-EFm5_k5,phage
ACAGT,34,Enterococcus_phage_IME-EFm5_k5,phage
CAGTA,37,Enterococcus_phage_IME-EFm5_k5,phage
GTATT,82,Enterococcus_phage_IME-EFm5_k5,phage
TTAGG,38,Enterococcus_phage_IME-EFm5_k5,phage
TAGGA,25,Enterococcus_phage_IME-EFm5_k5,phage
GAGTG,24,Enterococcus_phage_IME-EFm5_k5,phage
AGTGA,41,Enterococcus_phage_IME-EFm5_k5,phage
CGAGG,3,Enterococcus_phage_IME-EFm5_k5,phage
GGATG,20,Enterococcus_phage_IME-EFm5_k5,phage
GATGC,4,Enterococcus_phage_IME-EFm5_k5,phage
ATGCA,33,Enterococcus_phage_IME-EFm5_k5,phage
TGCAG,18,Enterococcus_phage_IME-EFm5_k5,phage
GCAGC,12,Enterococcus_phage_IME-EFm5_k5,phage
CTAGG,10,Enterococcus_phage_IME-EFm5_k5,phage
AGGGC,10,Enterococcus_phage_IME-EFm5_k5,phage
GGGCA,14,Enterococcus_phage_IME-EFm5_k5,phage
GGCAG,7,Enterococcus_phage_IME-EFm5_k5,phage
ACGTT,42,Enterococcus_phage_IME-EFm5_k5,phage
CGTTT,47,Enterococcus_phage_IME-EFm5_k5,phage
TATTC,73,Enterococcus_phage_IME-EFm5_k5,phage
ATTCT,75,Enterococcus_phage_IME-EFm5_k5,phage
TTCTC,39,Enterococcus_phage_IME-EFm5_k5,phage
TCTCA,32,Enterococcus_phage_IME-EFm5_k5,phage
TCAAG,53,Enterococcus_phage_IME-EFm5_k5,phage
CAAGT,67,Enterococcus_phage_IME-EFm5_k5,phage
AAGTG,34,Enterococcus_phage_IME-EFm5_k5,phage
GTGAT,45,Enterococcus_phage_IME-EFm5_k5,phage
GATTC,51,Enterococcus_phage_IME-EFm5_k5,phage
TTCAA,128,Enterococcus_phage_IME-EFm5_k5,phage
AGACT,31,Enterococcus_phage_IME-EFm5_k5,phage
GACTT,29,Enterococcus_phage_IME-EFm5_k5,phage
ACTTG,57,Enterococcus_phage_IME-EFm5_k5,phage
TTGTA,74,Enterococcus_phage_IME-EFm5_k5,phage
TGTAT,70,Enterococcus_phage_IME-EFm5_k5,phage
AAAGG,51,Enterococcus_phage_IME-EFm5_k5,phage
AGAGT,52,Enterococcus_phage_IME-EFm5_k5,phage
AATTC,50,Enterococcus_phage_IME-EFm5_k5,phage
TCAGT,40,Enterococcus_phage_IME-EFm5_k5,phage
AGTGG,31,Enterococcus_phage_IME-EFm5_k5,phage
GTGGT,46,Enterococcus_phage_IME-EFm5_k5,phage
TGGTA,54,Enterococcus_phage_IME-EFm5_k5,phage
GGTAA,45,Enterococcus_phage_IME-EFm5_k5,phage
ATTTG,107,Enterococcus_phage_IME-EFm5_k5,phage
TTTGA,125,Enterococcus_phage_IME-EFm5_k5,phage
AAGGT,44,Enterococcus_phage_IME-EFm5_k5,phage
GTGCA,22,Enterococcus_phage_IME-EFm5_k5,phage
TGCAT,39,Enterococcus_phage_IME-EFm5_k5,phage
GCATT,63,Enterococcus_phage_IME-EFm5_k5,phage
TTAGT,72,Enterococcus_phage_IME-EFm5_k5,phage
AATGT,87,Enterococcus_phage_IME-EFm5_k5,phage
ATGTC,27,Enterococcus_phage_IME-EFm5_k5,phage
TGTCA,52,Enterococcus_phage_IME-EFm5_k5,phage
GTCAA,46,Enterococcus_phage_IME-EFm5_k5,phage
CAACA,49,Enterococcus_phage_IME-EFm5_k5,phage
ACACA,47,Enterococcus_phage_IME-EFm5_k5,phage
ACAGC,23,Enterococcus_phage_IME-EFm5_k5,phage
CAGCC,13,Enterococcus_phage_IME-EFm5_k5,phage
AGCCA,41,Enterococcus_phage_IME-EFm5_k5,phage
GCCAA,20,Enterococcus_phage_IME-EFm5_k5,phage
TATGT,39,Enterococcus_phage_IME-EFm5_k5,phage
TGTTT,125,Enterococcus_phage_IME-EFm5_k5,phage
GTTTG,62,Enterococcus_phage_IME-EFm5_k5,phage
ACAAA,111,Enterococcus_phage_IME-EFm5_k5,phage
CAAAG,52,Enterococcus_phage_IME-EFm5_k5,phage
GTGGG,23,Enterococcus_phage_IME-EFm5_k5,phage
TGGGC,11,Enterococcus_phage_IME-EFm5_k5,phage
ATGTA,57,Enterococcus_phage_IME-EFm5_k5,phage
TGTAG,62,Enterococcus_phage_IME-EFm5_k5,phage
GTAGA,44,Enterococcus_phage_IME-EFm5_k5,phage
TGTTG,95,Enterococcus_phage_IME-EFm5_k5,phage
GTTGT,68,Enterococcus_phage_IME-EFm5_k5,phage
TTGTT,115,Enterococcus_phage_IME-EFm5_k5,phage
GTTAC,49,Enterococcus_phage_IME-EFm5_k5,phage
TACAA,88,Enterococcus_phage_IME-EFm5_k5,phage
AGGTT,36,Enterococcus_phage_IME-EFm5_k5,phage
GGTTA,45,Enterococcus_phage_IME-EFm5_k5,phage
TGGGT,35,Enterococcus_phage_IME-EFm5_k5,phage
GGGTA,21,Enterococcus_phage_IME-EFm5_k5,phage
GCTAC,49,Enterococcus_phage_IME-EFm5_k5,phage
CTACC,34,Enterococcus_phage_IME-EFm5_k5,phage
TACCA,74,Enterococcus_phage_IME-EFm5_k5,phage
CCAGC,30,Enterococcus_phage_IME-EFm5_k5,phage
GCCAG,20,Enterococcus_phage_IME-EFm5_k5,phage
CAGAT,44,Enterococcus_phage_IME-EFm5_k5,phage
AGATC,12,Enterococcus_phage_IME-EFm5_k5,phage
GATCC,14,Enterococcus_phage_IME-EFm5_k5,phage
ATCCG,13,Enterococcus_phage_IME-EFm5_k5,phage
TCCGT,18,Enterococcus_phage_IME-EFm5_k5,phage
CCGTT,22,Enterococcus_phage_IME-EFm5_k5,phage
CGTTA,29,Enterococcus_phage_IME-EFm5_k5,phage
TACAG,34,Enterococcus_phage_IME-EFm5_k5,phage
ATTAC,67,Enterococcus_phage_IME-EFm5_k5,phage
TACGT,58,Enterococcus_phage_IME-EFm5_k5,phage
CGCTG,16,Enterococcus_phage_IME-EFm5_k5,phage
GGCTT,29,Enterococcus_phage_IME-EFm5_k5,phage
GCTTT,58,Enterococcus_phage_IME-EFm5_k5,phage
CTTTG,58,Enterococcus_phage_IME-EFm5_k5,phage
TTTGG,52,Enterococcus_phage_IME-EFm5_k5,phage
TGGAC,18,Enterococcus_phage_IME-EFm5_k5,phage
GGACT,10,Enterococcus_phage_IME-EFm5_k5,phage
GACTG,17,Enterococcus_phage_IME-EFm5_k5,phage
ACTGC,29,Enterococcus_phage_IME-EFm5_k5,phage
CTGCT,45,Enterococcus_phage_IME-EFm5_k5,phage
GCTTC,47,Enterococcus_phage_IME-EFm5_k5,phage
CTTCT,91,Enterococcus_phage_IME-EFm5_k5,phage
TTCTG,79,Enterococcus_phage_IME-EFm5_k5,phage
TCTGC,35,Enterococcus_phage_IME-EFm5_k5,phage
CTGCG,20,Enterococcus_phage_IME-EFm5_k5,phage
TGCGT,39,Enterococcus_phage_IME-EFm5_k5,phage
GCGTG,19,Enterococcus_phage_IME-EFm5_k5,phage
CACTC,22,Enterococcus_phage_IME-EFm5_k5,phage
ACTCT,52,Enterococcus_phage_IME-EFm5_k5,phage
CTCTT,49,Enterococcus_phage_IME-EFm5_k5,phage
TCTTC,74,Enterococcus_phage_IME-EFm5_k5,phage
CATGG,25,Enterococcus_phage_IME-EFm5_k5,phage
GGTTT,55,Enterococcus_phage_IME-EFm5_k5,phage
GTTTT,97,Enterococcus_phage_IME-EFm5_k5,phage
TTTTA,118,Enterococcus_phage_IME-EFm5_k5,phage
TTATC,63,Enterococcus_phage_IME-EFm5_k5,phage
TATCT,80,Enterococcus_phage_IME-EFm5_k5,phage
ATCTT,70,Enterococcus_phage_IME-EFm5_k5,phage
TCTTG,56,Enterococcus_phage_IME-EFm5_k5,phage
CTTGC,34,Enterococcus_phage_IME-EFm5_k5,phage
TTGCA,46,Enterococcus_phage_IME-EFm5_k5,phage
TTGAT,126,Enterococcus_phage_IME-EFm5_k5,phage
AATAC,66,Enterococcus_phage_IME-EFm5_k5,phage
CAAAC,60,Enterococcus_phage_IME-EFm5_k5,phage
AAACA,115,Enterococcus_phage_IME-EFm5_k5,phage
CAACC,19,Enterococcus_phage_IME-EFm5_k5,phage
TTGCC,37,Enterococcus_phage_IME-EFm5_k5,phage
TGCCA,40,Enterococcus_phage_IME-EFm5_k5,phage
GTGGA,26,Enterococcus_phage_IME-EFm5_k5,phage
GAATC,30,Enterococcus_phage_IME-EFm5_k5,phage
AATCT,56,Enterococcus_phage_IME-EFm5_k5,phage
ATCTG,43,Enterococcus_phage_IME-EFm5_k5,phage
TCTGA,43,Enterococcus_phage_IME-EFm5_k5,phage
CTGAT,46,Enterococcus_phage_IME-EFm5_k5,phage
GGACG,9,Enterococcus_phage_IME-EFm5_k5,phage
CTCTA,45,Enterococcus_phage_IME-EFm5_k5,phage
TCTAC,66,Enterococcus_phage_IME-EFm5_k5,phage
CTACA,51,Enterococcus_phage_IME-EFm5_k5,phage
ACATC,34,Enterococcus_phage_IME-EFm5_k5,phage
CATCA,50,Enterococcus_phage_IME-EFm5_k5,phage
CACAT,38,Enterococcus_phage_IME-EFm5_k5,phage
ACATA,52,Enterococcus_phage_IME-EFm5_k5,phage
CATAA,68,Enterococcus_phage_IME-EFm5_k5,phage
ATACC,46,Enterococcus_phage_IME-EFm5_k5,phage
AGCAT,44,Enterococcus_phage_IME-EFm5_k5,phage
CACTT,47,Enterococcus_phage_IME-EFm5_k5,phage
ACTTT,79,Enterococcus_phage_IME-EFm5_k5,phage
CTTTT,104,Enterococcus_phage_IME-EFm5_k5,phage
TTTTT,137,Enterococcus_phage_IME-EFm5_k5,phage
TTTTG,115,Enterococcus_phage_IME-EFm5_k5,phage
CTGTA,62,Enterococcus_phage_IME-EFm5_k5,phage
TACGC,31,Enterococcus_phage_IME-EFm5_k5,phage
ACGCA,34,Enterococcus_phage_IME-EFm5_k5,phage
CGCAC,16,Enterococcus_phage_IME-EFm5_k5,phage
GCACA,23,Enterococcus_phage_IME-EFm5_k5,phage
CACAC,36,Enterococcus_phage_IME-EFm5_k5,phage
ATCTA,66,Enterococcus_phage_IME-EFm5_k5,phage
TCTAG,35,Enterococcus_phage_IME-EFm5_k5,phage
AGAGA,56,Enterococcus_phage_IME-EFm5_k5,phage
CAGAG,30,Enterococcus_phage_IME-EFm5_k5,phage
GGTAT,42,Enterococcus_phage_IME-EFm5_k5,phage
AAGCA,43,Enterococcus_phage_IME-EFm5_k5,phage
GCATG,19,Enterococcus_phage_IME-EFm5_k5,phage
GGATC,13,Enterococcus_phage_IME-EFm5_k5,phage
GATCA,20,Enterococcus_phage_IME-EFm5_k5,phage
AAGCT,47,Enterococcus_phage_IME-EFm5_k5,phage
CTAAA,83,Enterococcus_phage_IME-EFm5_k5,phage
GTATC,38,Enterococcus_phage_IME-EFm5_k5,phage
TATCC,30,Enterococcus_phage_IME-EFm5_k5,phage
CCGTA,13,Enterococcus_phage_IME-EFm5_k5,phage
TATGC,31,Enterococcus_phage_IME-EFm5_k5,phage
AGCAA,53,Enterococcus_phage_IME-EFm5_k5,phage
TCTAT,65,Enterococcus_phage_IME-EFm5_k5,phage
TTACC,69,Enterococcus_phage_IME-EFm5_k5,phage
TACCT,60,Enterococcus_phage_IME-EFm5_k5,phage
CCTAT,28,Enterococcus_phage_IME-EFm5_k5,phage
CTATA,61,Enterococcus_phage_IME-EFm5_k5,phage
CTTGA,60,Enterococcus_phage_IME-EFm5_k5,phage
AAACG,53,Enterococcus_phage_IME-EFm5_k5,phage
GATAG,34,Enterococcus_phage_IME-EFm5_k5,phage
GAAAC,76,Enterococcus_phage_IME-EFm5_k5,phage
AAACT,75,Enterococcus_phage_IME-EFm5_k5,phage
CTTTC,54,Enterococcus_phage_IME-EFm5_k5,phage
CATGT,48,Enterococcus_phage_IME-EFm5_k5,phage
ATGTG,43,Enterococcus_phage_IME-EFm5_k5,phage
TGTGG,42,Enterococcus_phage_IME-EFm5_k5,phage
TGGGG,11,Enterococcus_phage_IME-EFm5_k5,phage
GCAGT,20,Enterococcus_phage_IME-EFm5_k5,phage
CATAC,38,Enterococcus_phage_IME-EFm5_k5,phage
CCATG,44,Enterococcus_phage_IME-EFm5_k5,phage
TGATC,20,Enterococcus_phage_IME-EFm5_k5,phage
CAAAT,95,Enterococcus_phage_IME-EFm5_k5,phage
CGCTC,19,Enterococcus_phage_IME-EFm5_k5,phage
CTCAG,25,Enterococcus_phage_IME-EFm5_k5,phage
GACTA,31,Enterococcus_phage_IME-EFm5_k5,phage
ACTAC,47,Enterococcus_phage_IME-EFm5_k5,phage
CTACG,31,Enterococcus_phage_IME-EFm5_k5,phage
TAGTC,27,Enterococcus_phage_IME-EFm5_k5,phage
AGTCT,28,Enterococcus_phage_IME-EFm5_k5,phage
GTCTT,46,Enterococcus_phage_IME-EFm5_k5,phage
GACAG,21,Enterococcus_phage_IME-EFm5_k5,phage
GGAAA,43,Enterococcus_phage_IME-EFm5_k5,phage
TAGAC,41,Enterococcus_phage_IME-EFm5_k5,phage
ACTAT,69,Enterococcus_phage_IME-EFm5_k5,phage
TTCTA,92,Enterococcus_phage_IME-EFm5_k5,phage
CTACT,70,Enterococcus_phage_IME-EFm5_k5,phage
GCAAA,42,Enterococcus_phage_IME-EFm5_k5,phage
TATGG,38,Enterococcus_phage_IME-EFm5_k5,phage
TTGAG,53,Enterococcus_phage_IME-EFm5_k5,phage
GTTAG,59,Enterococcus_phage_IME-EFm5_k5,phage
TGACT,46,Enterococcus_phage_IME-EFm5_k5,phage
AGGCA,19,Enterococcus_phage_IME-EFm5_k5,phage
CAATT,86,Enterococcus_phage_IME-EFm5_k5,phage
GAGAC,17,Enterococcus_phage_IME-EFm5_k5,phage
CTAAG,32,Enterococcus_phage_IME-EFm5_k5,phage
TAAGC,34,Enterococcus_phage_IME-EFm5_k5,phage
AAGCC,33,Enterococcus_phage_IME-EFm5_k5,phage
AGCCG,7,Enterococcus_phage_IME-EFm5_k5,phage
GCCGC,7,Enterococcus_phage_IME-EFm5_k5,phage
CCGCT,18,Enterococcus_phage_IME-EFm5_k5,phage
TCAAT,103,Enterococcus_phage_IME-EFm5_k5,phage
AACTG,59,Enterococcus_phage_IME-EFm5_k5,phage
CTGGG,18,Enterococcus_phage_IME-EFm5_k5,phage
GGGAA,14,Enterococcus_phage_IME-EFm5_k5,phage
AAGTC,40,Enterococcus_phage_IME-EFm5_k5,phage
AGTCA,44,Enterococcus_phage_IME-EFm5_k5,phage
GTCAT,53,Enterococcus_phage_IME-EFm5_k5,phage
TTGGC,32,Enterococcus_phage_IME-EFm5_k5,phage
AGCGA,18,Enterococcus_phage_IME-EFm5_k5,phage
GCGAG,6,Enterococcus_phage_IME-EFm5_k5,phage
AGTGT,53,Enterococcus_phage_IME-EFm5_k5,phage
GTGTA,47,Enterococcus_phage_IME-EFm5_k5,phage
TGTAC,47,Enterococcus_phage_IME-EFm5_k5,phage
AGCTC,18,Enterococcus_phage_IME-EFm5_k5,phage
GCTCC,31,Enterococcus_phage_IME-EFm5_k5,phage
CTCCT,41,Enterococcus_phage_IME-EFm5_k5,phage
TCCTA,25,Enterococcus_phage_IME-EFm5_k5,phage
GTGTT,69,Enterococcus_phage_IME-EFm5_k5,phage
GATTT,77,Enterococcus_phage_IME-EFm5_k5,phage
ATTTC,72,Enterococcus_phage_IME-EFm5_k5,phage
TTTCG,16,Enterococcus_phage_IME-EFm5_k5,phage
CGTGG,16,Enterococcus_phage_IME-EFm5_k5,phage
TTGGT,69,Enterococcus_phage_IME-EFm5_k5,phage
CCACT,49,Enterococcus_phage_IME-EFm5_k5,phage
AAGGC,19,Enterococcus_phage_IME-EFm5_k5,phage
GGCAC,14,Enterococcus_phage_IME-EFm5_k5,phage
CAGTT,53,Enterococcus_phage_IME-EFm5_k5,phage
TGGCG,12,Enterococcus_phage_IME-EFm5_k5,phage
GGCGC,7,Enterococcus_phage_IME-EFm5_k5,phage
CGCTT,41,Enterococcus_phage_IME-EFm5_k5,phage
CTTAA,40,Enterococcus_phage_IME-EFm5_k5,phage
TAACT,68,Enterococcus_phage_IME-EFm5_k5,phage
CGTTC,16,Enterococcus_phage_IME-EFm5_k5,phage
GTTCA,45,Enterococcus_phage_IME-EFm5_k5,phage
GAGTC,18,Enterococcus_phage_IME-EFm5_k5,phage
GTCAC,33,Enterococcus_phage_IME-EFm5_k5,phage
GTAAG,31,Enterococcus_phage_IME-EFm5_k5,phage
TAAGT,61,Enterococcus_phage_IME-EFm5_k5,phage
TGACC,25,Enterococcus_phage_IME-EFm5_k5,phage
GACCA,29,Enterococcus_phage_IME-EFm5_k5,phage
CCAAG,31,Enterococcus_phage_IME-EFm5_k5,phage
TTTGT,113,Enterococcus_phage_IME-EFm5_k5,phage
TTGTC,58,Enterococcus_phage_IME-EFm5_k5,phage
CATGC,22,Enterococcus_phage_IME-EFm5_k5,phage
TGCAA,44,Enterococcus_phage_IME-EFm5_k5,phage
GCAAG,23,Enterococcus_phage_IME-EFm5_k5,phage
AGAGC,16,Enterococcus_phage_IME-EFm5_k5,phage
GAGCA,19,Enterococcus_phage_IME-EFm5_k5,phage
ATACG,25,Enterococcus_phage_IME-EFm5_k5,phage
TGCAC,23,Enterococcus_phage_IME-EFm5_k5,phage
AACGC,29,Enterococcus_phage_IME-EFm5_k5,phage
ACGCC,18,Enterococcus_phage_IME-EFm5_k5,phage
CGCCT,18,Enterococcus_phage_IME-EFm5_k5,phage
GCCTG,16,Enterococcus_phage_IME-EFm5_k5,phage
CCTGT,37,Enterococcus_phage_IME-EFm5_k5,phage
CTGTC,24,Enterococcus_phage_IME-EFm5_k5,phage
CAATG,71,Enterococcus_phage_IME-EFm5_k5,phage
GGTAC,27,Enterococcus_phage_IME-EFm5_k5,phage
TACTC,42,Enterococcus_phage_IME-EFm5_k5,phage
CTCAC,26,Enterococcus_phage_IME-EFm5_k5,phage
TATCG,7,Enterococcus_phage_IME-EFm5_k5,phage
ATCGC,19,Enterococcus_phage_IME-EFm5_k5,phage
TCGCA,17,Enterococcus_phage_IME-EFm5_k5,phage
TGTCT,50,Enterococcus_phage_IME-EFm5_k5,phage
TCTTT,104,Enterococcus_phage_IME-EFm5_k5,phage
CTTTA,77,Enterococcus_phage_IME-EFm5_k5,phage
AGCCT,17,Enterococcus_phage_IME-EFm5_k5,phage
GCCTA,18,Enterococcus_phage_IME-EFm5_k5,phage
AATGC,54,Enterococcus_phage_IME-EFm5_k5,phage
ATGCG,14,Enterococcus_phage_IME-EFm5_k5,phage
GCGTT,28,Enterococcus_phage_IME-EFm5_k5,phage
GTTTC,63,Enterococcus_phage_IME-EFm5_k5,phage
GGGCT,12,Enterococcus_phage_IME-EFm5_k5,phage
TGAGC,28,Enterococcus_phage_IME-EFm5_k5,phage
TTCTT,104,Enterococcus_phage_IME-EFm5_k5,phage
CCAGT,48,Enterococcus_phage_IME-EFm5_k5,phage
CAGTG,39,Enterococcus_phage_IME-EFm5_k5,phage
CTTCC,23,Enterococcus_phage_IME-EFm5_k5,phage
TTCCG,10,Enterococcus_phage_IME-EFm5_k5,phage
TCCGC,15,Enterococcus_phage_IME-EFm5_k5,phage
CCGCA,6,Enterococcus_phage_IME-EFm5_k5,phage
CGCAG,6,Enterococcus_phage_IME-EFm5_k5,phage
GCAGG,9,Enterococcus_phage_IME-EFm5_k5,phage
CAGGA,27,Enterococcus_phage_IME-EFm5_k5,phage
GTACA,39,Enterococcus_phage_IME-EFm5_k5,phage
CTATG,27,Enterococcus_phage_IME-EFm5_k5,phage
ATTGT,83,Enterococcus_phage_IME-EFm5_k5,phage
ATGCT,46,Enterococcus_phage_IME-EFm5_k5,phage
TGCTA,54,Enterococcus_phage_IME-EFm5_k5,phage
CTAGT,38,Enterococcus_phage_IME-EFm5_k5,phage
TAACC,40,Enterococcus_phage_IME-EFm5_k5,phage
ACAGG,24,Enterococcus_phage_IME-EFm5_k5,phage
CAGGC,9,Enterococcus_phage_IME-EFm5_k5,phage
TTTCC,50,Enterococcus_phage_IME-EFm5_k5,phage
TTCCT,41,Enterococcus_phage_IME-EFm5_k5,phage
CCTAG,13,Enterococcus_phage_IME-EFm5_k5,phage
CAAGC,26,Enterococcus_phage_IME-EFm5_k5,phage
TCCAA,62,Enterococcus_phage_IME-EFm5_k5,phage
CCAAA,59,Enterococcus_phage_IME-EFm5_k5,phage
CTTAG,32,Enterococcus_phage_IME-EFm5_k5,phage
GCGAT,15,Enterococcus_phage_IME-EFm5_k5,phage
CGATT,32,Enterococcus_phage_IME-EFm5_k5,phage
GTGTC,36,Enterococcus_phage_IME-EFm5_k5,phage
TGTCG,7,Enterococcus_phage_IME-EFm5_k5,phage
GTCGT,9,Enterococcus_phage_IME-EFm5_k5,phage
GCTGA,40,Enterococcus_phage_IME-EFm5_k5,phage
TGTAA,61,Enterococcus_phage_IME-EFm5_k5,phage
CTTAC,28,Enterococcus_phage_IME-EFm5_k5,phage
ACGAC,7,Enterococcus_phage_IME-EFm5_k5,phage
CGACC,3,Enterococcus_phage_IME-EFm5_k5,phage
GTCTA,39,Enterococcus_phage_IME-EFm5_k5,phage
ATGGC,33,Enterococcus_phage_IME-EFm5_k5,phage
TGGCA,28,Enterococcus_phage_IME-EFm5_k5,phage
AACGG,16,Enterococcus_phage_IME-EFm5_k5,phage
ACGGT,19,Enterococcus_phage_IME-EFm5_k5,phage
CGGTG,6,Enterococcus_phage_IME-EFm5_k5,phage
GGTGT,34,Enterococcus_phage_IME-EFm5_k5,phage
AGTTC,41,Enterococcus_phage_IME-EFm5_k5,phage
GTTCT,53,Enterococcus_phage_IME-EFm5_k5,phage
CAGGT,23,Enterococcus_phage_IME-EFm5_k5,phage
ACGAT,37,Enterococcus_phage_IME-EFm5_k5,phage
ACCTT,47,Enterococcus_phage_IME-EFm5_k5,phage
CCTTT,52,Enterococcus_phage_IME-EFm5_k5,phage
TGGTC,18,Enterococcus_phage_IME-EFm5_k5,phage
GGTCA,27,Enterococcus_phage_IME-EFm5_k5,phage
AACCC,21,Enterococcus_phage_IME-EFm5_k5,phage
ACCCC,13,Enterococcus_phage_IME-EFm5_k5,phage
CCCCG,1,Enterococcus_phage_IME-EFm5_k5,phage
CCCGC,4,Enterococcus_phage_IME-EFm5_k5,phage
TGTGC,30,Enterococcus_phage_IME-EFm5_k5,phage
GTGCC,8,Enterococcus_phage_IME-EFm5_k5,phage
TGCCT,24,Enterococcus_phage_IME-EFm5_k5,phage
CCTGA,26,Enterococcus_phage_IME-EFm5_k5,phage
GATCT,11,Enterococcus_phage_IME-EFm5_k5,phage
CCAAC,42,Enterococcus_phage_IME-EFm5_k5,phage
CACGC,27,Enterococcus_phage_IME-EFm5_k5,phage
ACCTG,33,Enterococcus_phage_IME-EFm5_k5,phage
TTCAC,52,Enterococcus_phage_IME-EFm5_k5,phage
GCCAC,28,Enterococcus_phage_IME-EFm5_k5,phage
CCACG,30,Enterococcus_phage_IME-EFm5_k5,phage
ACTGT,62,Enterococcus_phage_IME-EFm5_k5,phage
TCTAA,76,Enterococcus_phage_IME-EFm5_k5,phage
CACCC,11,Enterococcus_phage_IME-EFm5_k5,phage
CCCCT,10,Enterococcus_phage_IME-EFm5_k5,phage
CCCTT,16,Enterococcus_phage_IME-EFm5_k5,phage
CCTTA,23,Enterococcus_phage_IME-EFm5_k5,phage
GGGGT,10,Enterococcus_phage_IME-EFm5_k5,phage
ATGCC,18,Enterococcus_phage_IME-EFm5_k5,phage
CGAAC,12,Enterococcus_phage_IME-EFm5_k5,phage
AACCG,8,Enterococcus_phage_IME-EFm5_k5,phage
ACCGT,21,Enterococcus_phage_IME-EFm5_k5,phage
TAGTG,48,Enterococcus_phage_IME-EFm5_k5,phage
GTGGC,16,Enterococcus_phage_IME-EFm5_k5,phage
CACGA,26,Enterococcus_phage_IME-EFm5_k5,phage
TGTGT,65,Enterococcus_phage_IME-EFm5_k5,phage
TCACC,46,Enterococcus_phage_IME-EFm5_k5,phage
AGCCC,14,Enterococcus_phage_IME-EFm5_k5,phage
GCCCC,8,Enterococcus_phage_IME-EFm5_k5,phage
CCCCA,14,Enterococcus_phage_IME-EFm5_k5,phage
CCCAC,24,Enterococcus_phage_IME-EFm5_k5,phage
GAGCG,18,Enterococcus_phage_IME-EFm5_k5,phage
TGGTG,60,Enterococcus_phage_IME-EFm5_k5,phage
GGTGG,22,Enterococcus_phage_IME-EFm5_k5,phage
CCTGG,8,Enterococcus_phage_IME-EFm5_k5,phage
ACGGG,2,Enterococcus_phage_IME-EFm5_k5,phage
CGGGA,2,Enterococcus_phage_IME-EFm5_k5,phage
AGACC,23,Enterococcus_phage_IME-EFm5_k5,phage
CAAGG,20,Enterococcus_phage_IME-EFm5_k5,phage
GACTC,17,Enterococcus_phage_IME-EFm5_k5,phage
ACTCC,28,Enterococcus_phage_IME-EFm5_k5,phage
CTCCA,60,Enterococcus_phage_IME-EFm5_k5,phage
AGCGG,13,Enterococcus_phage_IME-EFm5_k5,phage
GCGGA,4,Enterococcus_phage_IME-EFm5_k5,phage
TCATC,53,Enterococcus_phage_IME-EFm5_k5,phage
CATCC,29,Enterococcus_phage_IME-EFm5_k5,phage
TTCCA,59,Enterococcus_phage_IME-EFm5_k5,phage
ACCCA,31,Enterococcus_phage_IME-EFm5_k5,phage
CACGG,1,Enterococcus_phage_IME-EFm5_k5,phage
GTTGC,28,Enterococcus_phage_IME-EFm5_k5,phage
GCACC,25,Enterococcus_phage_IME-EFm5_k5,phage
CCACC,28,Enterococcus_phage_IME-EFm5_k5,phage
ATAGC,45,Enterococcus_phage_IME-EFm5_k5,phage
TGTTC,54,Enterococcus_phage_IME-EFm5_k5,phage
GGACA,13,Enterococcus_phage_IME-EFm5_k5,phage
AGGGA,14,Enterococcus_phage_IME-EFm5_k5,phage
ACCTC,29,Enterococcus_phage_IME-EFm5_k5,phage
CCTCA,25,Enterococcus_phage_IME-EFm5_k5,phage
TTTGC,52,Enterococcus_phage_IME-EFm5_k5,phage
TTGCT,72,Enterococcus_phage_IME-EFm5_k5,phage
AGGAC,13,Enterococcus_phage_IME-EFm5_k5,phage
GTGCG,16,Enterococcus_phage_IME-EFm5_k5,phage
GGTCT,35,Enterococcus_phage_IME-EFm5_k5,phage
GTCTC,23,Enterococcus_phage_IME-EFm5_k5,phage
TCTCT,38,Enterococcus_phage_IME-EFm5_k5,phage
TAGGC,11,Enterococcus_phage_IME-EFm5_k5,phage
GGCTG,27,Enterococcus_phage_IME-EFm5_k5,phage
GTTCC,28,Enterococcus_phage_IME-EFm5_k5,phage
TCCAC,40,Enterococcus_phage_IME-EFm5_k5,phage
CTCTC,22,Enterococcus_phage_IME-EFm5_k5,phage
CGTAC,19,Enterococcus_phage_IME-EFm5_k5,phage
CATAG,38,Enterococcus_phage_IME-EFm5_k5,phage
GCCTC,11,Enterococcus_phage_IME-EFm5_k5,phage
TCACT,46,Enterococcus_phage_IME-EFm5_k5,phage
CTGTT,85,Enterococcus_phage_IME-EFm5_k5,phage
CAGTC,13,Enterococcus_phage_IME-EFm5_k5,phage
GCACG,11,Enterococcus_phage_IME-EFm5_k5,phage
TCTTA,35,Enterococcus_phage_IME-EFm5_k5,phage
ATCCC,17,Enterococcus_phage_IME-EFm5_k5,phage
TCCCC,4,Enterococcus_phage_IME-EFm5_k5,phage
CCCAT,32,Enterococcus_phage_IME-EFm5_k5,phage
GCATA,35,Enterococcus_phage_IME-EFm5_k5,phage
ATTCC,28,Enterococcus_phage_IME-EFm5_k5,phage
CCATC,52,Enterococcus_phage_IME-EFm5_k5,phage
CCGCG,1,Enterococcus_phage_IME-EFm5_k5,phage
CGCGG,1,Enterococcus_phage_IME-EFm5_k5,phage
GCGGT,15,Enterococcus_phage_IME-EFm5_k5,phage
CGGTA,9,Enterococcus_phage_IME-EFm5_k5,phage
CACCT,49,Enterococcus_phage_IME-EFm5_k5,phage
CCTTG,24,Enterococcus_phage_IME-EFm5_k5,phage
CTTGG,26,Enterococcus_phage_IME-EFm5_k5,phage
CGAAT,13,Enterococcus_phage_IME-EFm5_k5,phage
TCAGG,22,Enterococcus_phage_IME-EFm5_k5,phage
GCTGC,24,Enterococcus_phage_IME-EFm5_k5,phage
TTTCT,95,Enterococcus_phage_IME-EFm5_k5,phage
GGCAT,20,Enterococcus_phage_IME-EFm5_k5,phage
AGGTC,16,Enterococcus_phage_IME-EFm5_k5,phage
CGAGC,9,Enterococcus_phage_IME-EFm5_k5,phage
GAGCC,15,Enterococcus_phage_IME-EFm5_k5,phage
GCCGT,10,Enterococcus_phage_IME-EFm5_k5,phage
CGCCA,25,Enterococcus_phage_IME-EFm5_k5,phage
GCCAT,41,Enterococcus_phage_IME-EFm5_k5,phage
GGGTC,24,Enterococcus_phage_IME-EFm5_k5,phage
TCACG,30,Enterococcus_phage_IME-EFm5_k5,phage
CGATA,14,Enterococcus_phage_IME-EFm5_k5,phage
CGGAA,5,Enterococcus_phage_IME-EFm5_k5,phage
GGTTC,21,Enterococcus_phage_IME-EFm5_k5,phage
ATCTC,28,Enterococcus_phage_IME-EFm5_k5,phage
AAGGG,16,Enterococcus_phage_IME-EFm5_k5,phage
GCGCG,4,Enterococcus_phage_IME-EFm5_k5,phage
CGCGT,4,Enterococcus_phage_IME-EFm5_k5,phage
GCGTC,29,Enterococcus_phage_IME-EFm5_k5,phage
CGTCC,22,Enterococcus_phage_IME-EFm5_k5,phage
GTCCT,28,Enterococcus_phage_IME-EFm5_k5,phage
TCCTT,55,Enterococcus_phage_IME-EFm5_k5,phage
CGACA,3,Enterococcus_phage_IME-EFm5_k5,phage
CTCTG,26,Enterococcus_phage_IME-EFm5_k5,phage
ACGCG,6,Enterococcus_phage_IME-EFm5_k5,phage
CGTGC,9,Enterococcus_phage_IME-EFm5_k5,phage
TGCGA,14,Enterococcus_phage_IME-EFm5_k5,phage
CGCAT,22,Enterococcus_phage_IME-EFm5_k5,phage
GCATC,8,Enterococcus_phage_IME-EFm5_k5,phage
CATCG,8,Enterococcus_phage_IME-EFm5_k5,phage
TCGTA,13,Enterococcus_phage_IME-EFm5_k5,phage
GGGTT,20,Enterococcus_phage_IME-EFm5_k5,phage
TCGTC,13,Enterococcus_phage_IME-EFm5_k5,phage
CCAGG,12,Enterococcus_phage_IME-EFm5_k5,phage
CATCT,60,Enterococcus_phage_IME-EFm5_k5,phage
TCTGG,34,Enterococcus_phage_IME-EFm5_k5,phage
CTGGT,41,Enterococcus_phage_IME-EFm5_k5,phage
TTCCC,19,Enterococcus_phage_IME-EFm5_k5,phage
TCCCA,37,Enterococcus_phage_IME-EFm5_k5,phage
GACCT,10,Enterococcus_phage_IME-EFm5_k5,phage
GGGGA,4,Enterococcus_phage_IME-EFm5_k5,phage
GACCC,10,Enterococcus_phage_IME-EFm5_k5,phage
CCCTA,17,Enterococcus_phage_IME-EFm5_k5,phage
TCTGT,64,Enterococcus_phage_IME-EFm5_k5,phage
ACCCT,19,Enterococcus_phage_IME-EFm5_k5,phage
TCGCC,11,Enterococcus_phage_IME-EFm5_k5,phage
TGCTG,55,Enterococcus_phage_IME-EFm5_k5,phage
GACCG,3,Enterococcus_phage_IME-EFm5_k5,phage
CCTAC,24,Enterococcus_phage_IME-EFm5_k5,phage
CGTCT,23,Enterococcus_phage_IME-EFm5_k5,phage
CGAAA,18,Enterococcus_phage_IME-EFm5_k5,phage
CGGTT,13,Enterococcus_phage_IME-EFm5_k5,phage
CGATG,1,Enterococcus_phage_IME-EFm5_k5,phage
TGCTC,25,Enterococcus_phage_IME-EFm5_k5,phage
AGTGC,20,Enterococcus_phage_IME-EFm5_k5,phage
TACCC,22,Enterococcus_phage_IME-EFm5_k5,phage
CCCTG,11,Enterococcus_phage_IME-EFm5_k5,phage
CTGAC,15,Enterococcus_phage_IME-EFm5_k5,phage
CGATC,6,Enterococcus_phage_IME-EFm5_k5,phage
GATCG,6,Enterococcus_phage_IME-EFm5_k5,phage
TAGCC,18,Enterococcus_phage_IME-EFm5_k5,phage
CAGCG,17,Enterococcus_phage_IME-EFm5_k5,phage
GCGAA,11,Enterococcus_phage_IME-EFm5_k5,phage
GCCTT,17,Enterococcus_phage_IME-EFm5_k5,phage
GTACC,16,Enterococcus_phage_IME-EFm5_k5,phage
ATCGG,1,Enterococcus_phage_IME-EFm5_k5,phage
TCGGA,3,Enterococcus_phage_IME-EFm5_k5,phage
TACCG,9,Enterococcus_phage_IME-EFm5_k5,phage
TCTCC,38,Enterococcus_phage_IME-EFm5_k5,phage
CTCCG,8,Enterococcus_phage_IME-EFm5_k5,phage
CGGCT,4,Enterococcus_phage_IME-EFm5_k5,phage
TCCAG,31,Enterococcus_phage_IME-EFm5_k5,phage
CGTCG,1,Enterococcus_phage_IME-EFm5_k5,phage
GTCGC,6,Enterococcus_phage_IME-EFm5_k5,phage
CGGAC,1,Enterococcus_phage_IME-EFm5_k5,phage
ACCGA,2,Enterococcus_phage_IME-EFm5_k5,phage
CCGAA,3,Enterococcus_phage_IME-EFm5_k5,phage
CCGTC,12,Enterococcus_phage_IME-EFm5_k5,phage
CAGGG,8,Enterococcus_phage_IME-EFm5_k5,phage
TGCGG,6,Enterococcus_phage_IME-EFm5_k5,phage
CGGTC,6,Enterococcus_phage_IME-EFm5_k5,phage
AGTCC,21,Enterococcus_phage_IME-EFm5_k5,phage
GTCCA,37,Enterococcus_phage_IME-EFm5_k5,phage
GGCGT,10,Enterococcus_phage_IME-EFm5_k5,phage
AGGCC,3,Enterococcus_phage_IME-EFm5_k5,phage
GGCCA,3,Enterococcus_phage_IME-EFm5_k5,phage
ATCCT,27,Enterococcus_phage_IME-EFm5_k5,phage
CCCAA,30,Enterococcus_phage_IME-EFm5_k5,phage
TCCTC,34,Enterococcus_phage_IME-EFm5_k5,phage
CGCGC,5,Enterococcus_phage_IME-EFm5_k5,phage
CTGCA,23,Enterococcus_phage_IME-EFm5_k5,phage
GCTCT,28,Enterococcus_phage_IME-EFm5_k5,phage
CTGCC,12,Enterococcus_phage_IME-EFm5_k5,phage
CCCAG,9,Enterococcus_phage_IME-EFm5_k5,phage
AGGCG,7,Enterococcus_phage_IME-EFm5_k5,phage
CGCCC,5,Enterococcus_phage_IME-EFm5_k5,phage
GCCCA,13,Enterococcus_phage_IME-EFm5_k5,phage
CGGAT,4,Enterococcus_phage_IME-EFm5_k5,phage
CCTCT,24,Enterococcus_phage_IME-EFm5_k5,phage
CCTGC,12,Enterococcus_phage_IME-EFm5_k5,phage
CCCTC,7,Enterococcus_phage_IME-EFm5_k5,phage
TCCCT,18,Enterococcus_phage_IME-EFm5_k5,phage
CACCG,12,Enterococcus_phage_IME-EFm5_k5,phage
GCGCC,13,Enterococcus_phage_IME-EFm5_k5,phage
CCTTC,36,Enterococcus_phage_IME-EFm5_k5,phage
CTTCG,7,Enterococcus_phage_IME-EFm5_k5,phage
TTCGC,10,Enterococcus_phage_IME-EFm5_k5,phage
CGCCG,4,Enterococcus_phage_IME-EFm5_k5,phage
TCGCT,11,Enterococcus_phage_IME-EFm5_k5,phage
TGTCC,36,Enterococcus_phage_IME-EFm5_k5,phage
GTCTG,28,Enterococcus_phage_IME-EFm5_k5,phage
GGTCG,2,Enterococcus_phage_IME-EFm5_k5,phage
GCGGG,1,Enterococcus_phage_IME-EFm5_k5,phage
CGGGC,1,Enterococcus_phage_IME-EFm5_k5,phage
TGCCG,6,Enterococcus_phage_IME-EFm5_k5,phage
GCCCG,1,Enterococcus_phage_IME-EFm5_k5,phage
CCGCC,10,Enterococcus_phage_IME-EFm5_k5,phage
TCCTG,23,Enterococcus_phage_IME-EFm5_k5,phage
CGACT,7,Enterococcus_phage_IME-EFm5_k5,phage
CCTCG,3,Enterococcus_phage_IME-EFm5_k5,phage
CTCGT,9,Enterococcus_phage_IME-EFm5_k5,phage
TGGCC,4,Enterococcus_phage_IME-EFm5_k5,phage
GGCCC,2,Enterococcus_phage_IME-EFm5_k5,phage
ACCCG,1,Enterococcus_phage_IME-EFm5_k5,phage
TCCGA,3,Enterococcus_phage_IME-EFm5_k5,phage
GTTCG,6,Enterococcus_phage_IME-EFm5_k5,phage
GTCCC,9,Enterococcus_phage_IME-EFm5_k5,phage
CCTCC,29,Enterococcus_phage_IME-EFm5_k5,phage
GTCCG,5,Enterococcus_phage_IME-EFm5_k5,phage
ACCGC,9,Enterococcus_phage_IME-EFm5_k5,phage
CTCCC,17,Enterococcus_phage_IME-EFm5_k5,phage
GCCCT,4,Enterococcus_phage_IME-EFm5_k5,phage
AGTCG,5,Enterococcus_phage_IME-EFm5_k5,phage
ACTCG,5,Enterococcus_phage_IME-EFm5_k5,phage
CGGCG,2,Enterococcus_phage_IME-EFm5_k5,phage
GGCGG,2,Enterococcus_phage_IME-EFm5_k5,phage
CTCGA,2,Enterococcus_phage_IME-EFm5_k5,phage
TCGAA,2,Enterococcus_phage_IME-EFm5_k5,phage
GGGCC,1,Enterococcus_phage_IME-EFm5_k5,phage
TTCGG,2,Enterococcus_phage_IME-EFm5_k5,phage
TGCCC,5,Enterococcus_phage_IME-EFm5_k5,phage
TCCCG,3,Enterococcus_phage_IME-EFm5_k5,phage
CCCGA,2,Enterococcus_phage_IME-EFm5_k5,phage
CCGAC,3,Enterococcus_phage_IME-EFm5_k5,phage
GCTCG,3,Enterococcus_phage_IME-EFm5_k5,phage
CTCGC,4,Enterococcus_phage_IME-EFm5_k5,phage
ATCGA,1,Enterococcus_phage_IME-EFm5_k5,phage
TCGAG,1,Enterococcus_phage_IME-EFm5_k5,phage
GGGAC,1,Enterococcus_phage_IME-EFm5_k5,phage
CGCGA,1,Enterococcus_phage_IME-EFm5_k5,phage
GGCCT,3,Enterococcus_phage_IME-EFm5_k5,phage
CCCCC,2,Enterococcus_phage_IME-EFm5_k5,phage
TCTCG,4,Enterococcus_phage_IME-EFm5_k5,phage
GCGGC,2,Enterococcus_phage_IME-EFm5_k5,phage
CCGTG,2,Enterococcus_phage_IME-EFm5_k5,phage
CCGAT,1,Enterococcus_phage_IME-EFm5_k5,phage
GGACC,1,Enterococcus_phage_IME-EFm5_k5,phage
GTTGT,153,Enterococcus_phage_phiEF24C_k5,phage
TTGTT,270,Enterococcus_phage_phiEF24C_k5,phage
TGTTC,138,Enterococcus_phage_phiEF24C_k5,phage
GTTCC,79,Enterococcus_phage_phiEF24C_k5,phage
TTCCC,70,Enterococcus_phage_phiEF24C_k5,phage
TCCCT,72,Enterococcus_phage_phiEF24C_k5,phage
CCCTC,62,Enterococcus_phage_phiEF24C_k5,phage
CCTCC,81,Enterococcus_phage_phiEF24C_k5,phage
CTCCT,130,Enterococcus_phage_phiEF24C_k5,phage
TCCTC,95,Enterococcus_phage_phiEF24C_k5,phage
CCTCT,108,Enterococcus_phage_phiEF24C_k5,phage
CTCTC,70,Enterococcus_phage_phiEF24C_k5,phage
TCTCC,87,Enterococcus_phage_phiEF24C_k5,phage
CTCCC,66,Enterococcus_phage_phiEF24C_k5,phage
CCCTT,68,Enterococcus_phage_phiEF24C_k5,phage
CCTTA,138,Enterococcus_phage_phiEF24C_k5,phage
CTTAG,174,Enterococcus_phage_phiEF24C_k5,phage
TTAGA,403,Enterococcus_phage_phiEF24C_k5,phage
TAGAG,306,Enterococcus_phage_phiEF24C_k5,phage
AGAGC,193,Enterococcus_phage_phiEF24C_k5,phage
GAGCT,150,Enterococcus_phage_phiEF24C_k5,phage
AGCTA,325,Enterococcus_phage_phiEF24C_k5,phage
GCTAC,145,Enterococcus_phage_phiEF24C_k5,phage
CTACT,216,Enterococcus_phage_phiEF24C_k5,phage
TACTA,328,Enterococcus_phage_phiEF24C_k5,phage
ACTAT,342,Enterococcus_phage_phiEF24C_k5,phage
CTATT,319,Enterococcus_phage_phiEF24C_k5,phage
TATTA,463,Enterococcus_phage_phiEF24C_k5,phage
ATTAA,445,Enterococcus_phage_phiEF24C_k5,phage
TTAAT,383,Enterococcus_phage_phiEF24C_k5,phage
TAATA,400,Enterococcus_phage_phiEF24C_k5,phage
AATAT,370,Enterococcus_phage_phiEF24C_k5,phage
ATATA,359,Enterococcus_phage_phiEF24C_k5,phage
TATAG,247,Enterococcus_phage_phiEF24C_k5,phage
ATAGT,243,Enterococcus_phage_phiEF24C_k5,phage
TAGTA,292,Enterococcus_phage_phiEF24C_k5,phage
AGTAC,167,Enterococcus_phage_phiEF24C_k5,phage
GTACA,173,Enterococcus_phage_phiEF24C_k5,phage
TACAC,154,Enterococcus_phage_phiEF24C_k5,phage
ACACT,150,Enterococcus_phage_phiEF24C_k5,phage
CACTG,67,Enterococcus_phage_phiEF24C_k5,phage
ACTGA,90,Enterococcus_phage_phiEF24C_k5,phage
CTGAG,68,Enterococcus_phage_phiEF24C_k5,phage
TGAGC,78,Enterococcus_phage_phiEF24C_k5,phage
AGCTG,84,Enterococcus_phage_phiEF24C_k5,phage
GCTGT,101,Enterococcus_phage_phiEF24C_k5,phage
CTGTT,170,Enterococcus_phage_phiEF24C_k5,phage
TGTTA,322,Enterococcus_phage_phiEF24C_k5,phage
GTTAG,199,Enterococcus_phage_phiEF24C_k5,phage
TTAGC,181,Enterococcus_phage_phiEF24C_k5,phage
TAGCA,229,Enterococcus_phage_phiEF24C_k5,phage
AGCAA,263,Enterococcus_phage_phiEF24C_k5,phage
GCAAA,196,Enterococcus_phage_phiEF24C_k5,phage
CAAAC,163,Enterococcus_phage_phiEF24C_k5,phage
AAACA,438,Enterococcus_phage_phiEF24C_k5,phage
AACAG,329,Enterococcus_phage_phiEF24C_k5,phage
ACAGG,167,Enterococcus_phage_phiEF24C_k5,phage
CAGGT,150,Enterococcus_phage_phiEF24C_k5,phage
AGGTG,173,Enterococcus_phage_phiEF24C_k5,phage
GGTGT,126,Enterococcus_phage_phiEF24C_k5,phage
GTGTG,72,Enterococcus_phage_phiEF24C_k5,phage
TGTGC,74,Enterococcus_phage_phiEF24C_k5,phage
GTGCT,93,Enterococcus_phage_phiEF24C_k5,phage
TGCTA,256,Enterococcus_phage_phiEF24C_k5,phage
GCTAA,293,Enterococcus_phage_phiEF24C_k5,phage
CTAAA,345,Enterococcus_phage_phiEF24C_k5,phage
TAAAT,398,Enterococcus_phage_phiEF24C_k5,phage
AAATT,388,Enterococcus_phage_phiEF24C_k5,phage
AATTA,389,Enterococcus_phage_phiEF24C_k5,phage
ATAGA,283,Enterococcus_phage_phiEF24C_k5,phage
AGAGA,353,Enterococcus_phage_phiEF24C_k5,phage
GAGAC,102,Enterococcus_phage_phiEF24C_k5,phage
AGACT,205,Enterococcus_phage_phiEF24C_k5,phage
GACTA,189,Enterococcus_phage_phiEF24C_k5,phage
ACTAA,240,Enterococcus_phage_phiEF24C_k5,phage
TAAAA,606,Enterococcus_phage_phiEF24C_k5,phage
AAAAA,843,Enterococcus_phage_phiEF24C_k5,phage
AAAAT,513,Enterococcus_phage_phiEF24C_k5,phage
AAATG,333,Enterococcus_phage_phiEF24C_k5,phage
AATGT,238,Enterococcus_phage_phiEF24C_k5,phage
ATGTG,109,Enterococcus_phage_phiEF24C_k5,phage
TGTGG,86,Enterococcus_phage_phiEF24C_k5,phage
GTGGA,98,Enterococcus_phage_phiEF24C_k5,phage
TGGAC,81,Enterococcus_phage_phiEF24C_k5,phage
GGACG,65,Enterococcus_phage_phiEF24C_k5,phage
GACGG,56,Enterococcus_phage_phiEF24C_k5,phage
ACGGG,39,Enterococcus_phage_phiEF24C_k5,phage
CGGGA,32,Enterococcus_phage_phiEF24C_k5,phage
GGGAG,99,Enterococcus_phage_phiEF24C_k5,phage
GGAGA,185,Enterococcus_phage_phiEF24C_k5,phage
GAGAG,164,Enterococcus_phage_phiEF24C_k5,phage
AGAGT,214,Enterococcus_phage_phiEF24C_k5,phage
GAGTG,84,Enterococcus_phage_phiEF24C_k5,phage
AGTGG,110,Enterococcus_phage_phiEF24C_k5,phage
GTGGT,119,Enterococcus_phage_phiEF24C_k5,phage
TGGTA,227,Enterococcus_phage_phiEF24C_k5,phage
GGTAA,262,Enterococcus_phage_phiEF24C_k5,phage
GTAAA,322,Enterococcus_phage_phiEF24C_k5,phage
AATGG,276,Enterococcus_phage_phiEF24C_k5,phage
ATGGA,242,Enterococcus_phage_phiEF24C_k5,phage
TGGAT,84,Enterococcus_phage_phiEF24C_k5,phage
GGATA,171,Enterococcus_phage_phiEF24C_k5,phage
GATAA,341,Enterococcus_phage_phiEF24C_k5,phage
ATAAT,328,Enterococcus_phage_phiEF24C_k5,phage
AATAG,279,Enterococcus_phage_phiEF24C_k5,phage
ATAGC,138,Enterococcus_phage_phiEF24C_k5,phage
AAACG,164,Enterococcus_phage_phiEF24C_k5,phage
AACGA,171,Enterococcus_phage_phiEF24C_k5,phage
ACGAA,137,Enterococcus_phage_phiEF24C_k5,phage
CGAAT,54,Enterococcus_phage_phiEF24C_k5,phage
GAATT,198,Enterococcus_phage_phiEF24C_k5,phage
ATTAT,318,Enterococcus_phage_phiEF24C_k5,phage
TTATT,421,Enterococcus_phage_phiEF24C_k5,phage
TTAAA,569,Enterococcus_phage_phiEF24C_k5,phage
TATTT,400,Enterococcus_phage_phiEF24C_k5,phage
ATTTT,364,Enterococcus_phage_phiEF24C_k5,phage
TTTTT,433,Enterococcus_phage_phiEF24C_k5,phage
TTTTA,437,Enterococcus_phage_phiEF24C_k5,phage
TTTAT,438,Enterococcus_phage_phiEF24C_k5,phage
ATTAC,211,Enterococcus_phage_phiEF24C_k5,phage
TTACC,167,Enterococcus_phage_phiEF24C_k5,phage
TACCA,161,Enterococcus_phage_phiEF24C_k5,phage
ACCAT,148,Enterococcus_phage_phiEF24C_k5,phage
CCATC,75,Enterococcus_phage_phiEF24C_k5,phage
CATCT,142,Enterococcus_phage_phiEF24C_k5,phage
ATCTC,74,Enterococcus_phage_phiEF24C_k5,phage
TCTCT,131,Enterococcus_phage_phiEF24C_k5,phage
CTCTG,98,Enterococcus_phage_phiEF24C_k5,phage
TCTGC,93,Enterococcus_phage_phiEF24C_k5,phage
CTGCA,93,Enterococcus_phage_phiEF24C_k5,phage
TGCAT,102,Enterococcus_phage_phiEF24C_k5,phage
GCATT,127,Enterococcus_phage_phiEF24C_k5,phage
CATTA,248,Enterococcus_phage_phiEF24C_k5,phage
ATTAG,270,Enterococcus_phage_phiEF24C_k5,phage
TTAGT,199,Enterococcus_phage_phiEF24C_k5,phage
TAGTC,102,Enterococcus_phage_phiEF24C_k5,phage
AGTCA,117,Enterococcus_phage_phiEF24C_k5,phage
GTCAT,72,Enterococcus_phage_phiEF24C_k5,phage
TCATG,105,Enterococcus_phage_phiEF24C_k5,phage
CATGG,114,Enterococcus_phage_phiEF24C_k5,phage
ATGGT,245,Enterococcus_phage_phiEF24C_k5,phage
TGGTT,181,Enterococcus_phage_phiEF24C_k5,phage
GGTTA,171,Enterococcus_phage_phiEF24C_k5,phage
GTTAC,192,Enterococcus_phage_phiEF24C_k5,phage
TTACT,289,Enterococcus_phage_phiEF24C_k5,phage
TACTT,292,Enterococcus_phage_phiEF24C_k5,phage
ACTTT,254,Enterococcus_phage_phiEF24C_k5,phage
CTTTA,304,Enterococcus_phage_phiEF24C_k5,phage
TTTAA,452,Enterococcus_phage_phiEF24C_k5,phage
TTAAG,221,Enterococcus_phage_phiEF24C_k5,phage
TAAGT,250,Enterococcus_phage_phiEF24C_k5,phage
AAGTA,382,Enterococcus_phage_phiEF24C_k5,phage
AGTAA,282,Enterococcus_phage_phiEF24C_k5,phage
GTAAG,167,Enterococcus_phage_phiEF24C_k5,phage
TAAGC,137,Enterococcus_phage_phiEF24C_k5,phage
AAGCT,235,Enterococcus_phage_phiEF24C_k5,phage
GTTCT,184,Enterococcus_phage_phiEF24C_k5,phage
TTCTC,154,Enterococcus_phage_phiEF24C_k5,phage
CTCTA,142,Enterococcus_phage_phiEF24C_k5,phage
TCTAA,235,Enterococcus_phage_phiEF24C_k5,phage
AAATA,488,Enterococcus_phage_phiEF24C_k5,phage
ATATG,270,Enterococcus_phage_phiEF24C_k5,phage
TATGT,214,Enterococcus_phage_phiEF24C_k5,phage
ATGTT,271,Enterococcus_phage_phiEF24C_k5,phage
GTTAT,241,Enterococcus_phage_phiEF24C_k5,phage
TATTG,322,Enterococcus_phage_phiEF24C_k5,phage
ATTGT,206,Enterococcus_phage_phiEF24C_k5,phage
TTGTA,244,Enterococcus_phage_phiEF24C_k5,phage
TGTAG,242,Enterococcus_phage_phiEF24C_k5,phage
GTAGA,315,Enterococcus_phage_phiEF24C_k5,phage
TAGAA,394,Enterococcus_phage_phiEF24C_k5,phage
AGAAC,295,Enterococcus_phage_phiEF24C_k5,phage
GAACA,254,Enterococcus_phage_phiEF24C_k5,phage
AACAA,531,Enterococcus_phage_phiEF24C_k5,phage
ACAAA,431,Enterococcus_phage_phiEF24C_k5,phage
CAAAA,384,Enterococcus_phage_phiEF24C_k5,phage
AATGC,154,Enterococcus_phage_phiEF24C_k5,phage
ATGCC,76,Enterococcus_phage_phiEF24C_k5,phage
TGCCC,50,Enterococcus_phage_phiEF24C_k5,phage
GCCCC,40,Enterococcus_phage_phiEF24C_k5,phage
CCCCA,57,Enterococcus_phage_phiEF24C_k5,phage
CCCAT,96,Enterococcus_phage_phiEF24C_k5,phage
CCATT,142,Enterococcus_phage_phiEF24C_k5,phage
CATTT,204,Enterococcus_phage_phiEF24C_k5,phage
ATTTC,151,Enterococcus_phage_phiEF24C_k5,phage
TTTCA,183,Enterococcus_phage_phiEF24C_k5,phage
TTCAG,136,Enterococcus_phage_phiEF24C_k5,phage
TCAGG,108,Enterococcus_phage_phiEF24C_k5,phage
CAGGC,49,Enterococcus_phage_phiEF24C_k5,phage
AGGCA,116,Enterococcus_phage_phiEF24C_k5,phage
GGCAT,72,Enterococcus_phage_phiEF24C_k5,phage
TAATT,312,Enterococcus_phage_phiEF24C_k5,phage
AATTG,235,Enterococcus_phage_phiEF24C_k5,phage
ATTGG,137,Enterococcus_phage_phiEF24C_k5,phage
TTGGC,39,Enterococcus_phage_phiEF24C_k5,phage
TGGCG,16,Enterococcus_phage_phiEF24C_k5,phage
GGCGG,38,Enterococcus_phage_phiEF24C_k5,phage
GCGGT,37,Enterococcus_phage_phiEF24C_k5,phage
CGGTG,39,Enterococcus_phage_phiEF24C_k5,phage
GGTGC,58,Enterococcus_phage_phiEF24C_k5,phage
GTGCC,40,Enterococcus_phage_phiEF24C_k5,phage
TGCCT,80,Enterococcus_phage_phiEF24C_k5,phage
GCCTC,35,Enterococcus_phage_phiEF24C_k5,phage
CCTCA,62,Enterococcus_phage_phiEF24C_k5,phage
CTCAT,110,Enterococcus_phage_phiEF24C_k5,phage
CATGT,125,Enterococcus_phage_phiEF24C_k5,phage
GTGCA,80,Enterococcus_phage_phiEF24C_k5,phage
CATTG,136,Enterococcus_phage_phiEF24C_k5,phage
ATTGC,156,Enterococcus_phage_phiEF24C_k5,phage
TTGCT,188,Enterococcus_phage_phiEF24C_k5,phage
GCTAT,194,Enterococcus_phage_phiEF24C_k5,phage
CTATC,151,Enterococcus_phage_phiEF24C_k5,phage
TATCT,243,Enterococcus_phage_phiEF24C_k5,phage
ATCTA,197,Enterococcus_phage_phiEF24C_k5,phage
TCTAG,105,Enterococcus_phage_phiEF24C_k5,phage
CTAGT,166,Enterococcus_phage_phiEF24C_k5,phage
AGTAT,298,Enterococcus_phage_phiEF24C_k5,phage
GTATT,264,Enterococcus_phage_phiEF24C_k5,phage
TATTC,199,Enterococcus_phage_phiEF24C_k5,phage
ATTCT,169,Enterococcus_phage_phiEF24C_k5,phage
TTCTG,153,Enterococcus_phage_phiEF24C_k5,phage
TCTGT,146,Enterococcus_phage_phiEF24C_k5,phage
TGTTT,246,Enterococcus_phage_phiEF24C_k5,phage
GTTTG,138,Enterococcus_phage_phiEF24C_k5,phage
TTTGA,203,Enterococcus_phage_phiEF24C_k5,phage
TTGAT,174,Enterococcus_phage_phiEF24C_k5,phage
TGATT,189,Enterococcus_phage_phiEF24C_k5,phage
GATTG,134,Enterococcus_phage_phiEF24C_k5,phage
TTGGT,160,Enterococcus_phage_phiEF24C_k5,phage
GGTAT,199,Enterococcus_phage_phiEF24C_k5,phage
GTATA,248,Enterococcus_phage_phiEF24C_k5,phage
TATAC,237,Enterococcus_phage_phiEF24C_k5,phage
ATACT,209,Enterococcus_phage_phiEF24C_k5,phage
CTAAT,238,Enterococcus_phage_phiEF24C_k5,phage
AATAA,533,Enterococcus_phage_phiEF24C_k5,phage
ATAAA,559,Enterococcus_phage_phiEF24C_k5,phage
AAAAG,545,Enterococcus_phage_phiEF24C_k5,phage
AAAGA,662,Enterococcus_phage_phiEF24C_k5,phage
AAGAA,641,Enterococcus_phage_phiEF24C_k5,phage
AGAAA,545,Enterococcus_phage_phiEF24C_k5,phage
GAAAA,406,Enterococcus_phage_phiEF24C_k5,phage
AAGAG,375,Enterococcus_phage_phiEF24C_k5,phage
GAGAA,288,Enterococcus_phage_phiEF24C_k5,phage
GAACG,108,Enterococcus_phage_phiEF24C_k5,phage
AACGT,155,Enterococcus_phage_phiEF24C_k5,phage
ACGTA,152,Enterococcus_phage_phiEF24C_k5,phage
CGTAG,79,Enterococcus_phage_phiEF24C_k5,phage
AGAAT,307,Enterococcus_phage_phiEF24C_k5,phage
GAATC,110,Enterococcus_phage_phiEF24C_k5,phage
AATCA,234,Enterococcus_phage_phiEF24C_k5,phage
ATCAA,196,Enterococcus_phage_phiEF24C_k5,phage
TCAAC,103,Enterococcus_phage_phiEF24C_k5,phage
CAACT,164,Enterococcus_phage_phiEF24C_k5,phage
AACTT,268,Enterococcus_phage_phiEF24C_k5,phage
ACTTA,299,Enterococcus_phage_phiEF24C_k5,phage
CTTAA,227,Enterococcus_phage_phiEF24C_k5,phage
TAAAG,442,Enterococcus_phage_phiEF24C_k5,phage
AGAAG,458,Enterococcus_phage_phiEF24C_k5,phage
GAAGC,140,Enterococcus_phage_phiEF24C_k5,phage
AAGCA,246,Enterococcus_phage_phiEF24C_k5,phage
GCAAT,154,Enterococcus_phage_phiEF24C_k5,phage
CAATC,120,Enterococcus_phage_phiEF24C_k5,phage
ATCAG,143,Enterococcus_phage_phiEF24C_k5,phage
TCAGT,103,Enterococcus_phage_phiEF24C_k5,phage
CAGTG,71,Enterococcus_phage_phiEF24C_k5,phage
AGTGA,152,Enterococcus_phage_phiEF24C_k5,phage
GTGAC,82,Enterococcus_phage_phiEF24C_k5,phage
TGACT,135,Enterococcus_phage_phiEF24C_k5,phage
GACTT,166,Enterococcus_phage_phiEF24C_k5,phage
ACTTG,141,Enterococcus_phage_phiEF24C_k5,phage
CTTGC,64,Enterococcus_phage_phiEF24C_k5,phage
TTGCA,152,Enterococcus_phage_phiEF24C_k5,phage
TGCAG,140,Enterococcus_phage_phiEF24C_k5,phage
GCAGA,210,Enterococcus_phage_phiEF24C_k5,phage
CAGAA,282,Enterococcus_phage_phiEF24C_k5,phage
GAAGA,419,Enterococcus_phage_phiEF24C_k5,phage
AAGAT,288,Enterococcus_phage_phiEF24C_k5,phage
AGATT,238,Enterococcus_phage_phiEF24C_k5,phage
GATTA,144,Enterococcus_phage_phiEF24C_k5,phage
AAAGC,193,Enterococcus_phage_phiEF24C_k5,phage
TATCA,205,Enterococcus_phage_phiEF24C_k5,phage
ATCAT,159,Enterococcus_phage_phiEF24C_k5,phage
TCATA,151,Enterococcus_phage_phiEF24C_k5,phage
CATAA,175,Enterococcus_phage_phiEF24C_k5,phage
AGATA,396,Enterococcus_phage_phiEF24C_k5,phage
GATAG,163,Enterococcus_phage_phiEF24C_k5,phage
TAGCC,91,Enterococcus_phage_phiEF24C_k5,phage
AGCCT,82,Enterococcus_phage_phiEF24C_k5,phage
GCCTA,63,Enterococcus_phage_phiEF24C_k5,phage
CCTAT,156,Enterococcus_phage_phiEF24C_k5,phage
TTAGG,188,Enterococcus_phage_phiEF24C_k5,phage
TAGGA,119,Enterococcus_phage_phiEF24C_k5,phage
AGGAG,215,Enterococcus_phage_phiEF24C_k5,phage
GGAGG,143,Enterococcus_phage_phiEF24C_k5,phage
GAGGT,143,Enterococcus_phage_phiEF24C_k5,phage
GGTGG,113,Enterococcus_phage_phiEF24C_k5,phage
GTGGG,79,Enterococcus_phage_phiEF24C_k5,phage
TGGGA,114,Enterococcus_phage_phiEF24C_k5,phage
GGGAT,91,Enterococcus_phage_phiEF24C_k5,phage
GGATG,94,Enterococcus_phage_phiEF24C_k5,phage
GATGG,148,Enterococcus_phage_phiEF24C_k5,phage
ATGGG,158,Enterococcus_phage_phiEF24C_k5,phage
TGGGT,122,Enterococcus_phage_phiEF24C_k5,phage
GGGTG,56,Enterococcus_phage_phiEF24C_k5,phage
GTGTC,76,Enterococcus_phage_phiEF24C_k5,phage
TGTCT,140,Enterococcus_phage_phiEF24C_k5,phage
GTCTA,143,Enterococcus_phage_phiEF24C_k5,phage
TCTAT,208,Enterococcus_phage_phiEF24C_k5,phage
ACCAA,220,Enterococcus_phage_phiEF24C_k5,phage
CCAAT,122,Enterococcus_phage_phiEF24C_k5,phage
CAATA,287,Enterococcus_phage_phiEF24C_k5,phage
AAGAC,241,Enterococcus_phage_phiEF24C_k5,phage
AGACA,274,Enterococcus_phage_phiEF24C_k5,phage
GACAT,151,Enterococcus_phage_phiEF24C_k5,phage
ACATT,248,Enterococcus_phage_phiEF24C_k5,phage
TAAGG,184,Enterococcus_phage_phiEF24C_k5,phage
AAGGA,223,Enterococcus_phage_phiEF24C_k5,phage
AGGAT,118,Enterococcus_phage_phiEF24C_k5,phage
TAAAC,349,Enterococcus_phage_phiEF24C_k5,phage
TAGAT,272,Enterococcus_phage_phiEF24C_k5,phage
GATAT,255,Enterococcus_phage_phiEF24C_k5,phage
TATAT,368,Enterococcus_phage_phiEF24C_k5,phage
ATATT,380,Enterococcus_phage_phiEF24C_k5,phage
TTTAG,328,Enterococcus_phage_phiEF24C_k5,phage
GTCAA,114,Enterococcus_phage_phiEF24C_k5,phage
TCAAT,191,Enterococcus_phage_phiEF24C_k5,phage
AATCT,167,Enterococcus_phage_phiEF24C_k5,phage
AAAAC,338,Enterococcus_phage_phiEF24C_k5,phage
ACAAC,239,Enterococcus_phage_phiEF24C_k5,phage
CAACA,228,Enterococcus_phage_phiEF24C_k5,phage
AACTA,371,Enterococcus_phage_phiEF24C_k5,phage
CTATA,244,Enterococcus_phage_phiEF24C_k5,phage
TATAA,374,Enterococcus_phage_phiEF24C_k5,phage
AGAGG,289,Enterococcus_phage_phiEF24C_k5,phage
GAGGG,131,Enterococcus_phage_phiEF24C_k5,phage
AGGGG,134,Enterococcus_phage_phiEF24C_k5,phage
GGGGA,121,Enterococcus_phage_phiEF24C_k5,phage
GGGAC,69,Enterococcus_phage_phiEF24C_k5,phage
GGACA,113,Enterococcus_phage_phiEF24C_k5,phage
GACAA,247,Enterococcus_phage_phiEF24C_k5,phage
AACGC,55,Enterococcus_phage_phiEF24C_k5,phage
ACGCA,48,Enterococcus_phage_phiEF24C_k5,phage
CGCAT,30,Enterococcus_phage_phiEF24C_k5,phage
GCATA,103,Enterococcus_phage_phiEF24C_k5,phage
ATAAG,268,Enterococcus_phage_phiEF24C_k5,phage
AGTAG,311,Enterococcus_phage_phiEF24C_k5,phage
GTAGT,210,Enterococcus_phage_phiEF24C_k5,phage
TAGTG,180,Enterococcus_phage_phiEF24C_k5,phage
AGTGC,76,Enterococcus_phage_phiEF24C_k5,phage
TGCAA,189,Enterococcus_phage_phiEF24C_k5,phage
GCAAC,135,Enterococcus_phage_phiEF24C_k5,phage
ACAAG,291,Enterococcus_phage_phiEF24C_k5,phage
CAAGA,209,Enterococcus_phage_phiEF24C_k5,phage
GAATA,229,Enterococcus_phage_phiEF24C_k5,phage
GCAGT,120,Enterococcus_phage_phiEF24C_k5,phage
CAGTT,171,Enterococcus_phage_phiEF24C_k5,phage
AGTTT,259,Enterococcus_phage_phiEF24C_k5,phage
TTTGT,219,Enterococcus_phage_phiEF24C_k5,phage
TTGTG,98,Enterococcus_phage_phiEF24C_k5,phage
TGGAA,176,Enterococcus_phage_phiEF24C_k5,phage
GGAAG,186,Enterococcus_phage_phiEF24C_k5,phage
AGACC,149,Enterococcus_phage_phiEF24C_k5,phage
GACCG,39,Enterococcus_phage_phiEF24C_k5,phage
ACCGC,33,Enterococcus_phage_phiEF24C_k5,phage
CCGCT,19,Enterococcus_phage_phiEF24C_k5,phage
CGCTA,51,Enterococcus_phage_phiEF24C_k5,phage
CTAAG,170,Enterococcus_phage_phiEF24C_k5,phage
AGCTC,113,Enterococcus_phage_phiEF24C_k5,phage
GCTCG,28,Enterococcus_phage_phiEF24C_k5,phage
CTCGT,86,Enterococcus_phage_phiEF24C_k5,phage
TCGTA,106,Enterococcus_phage_phiEF24C_k5,phage
CGTAT,120,Enterococcus_phage_phiEF24C_k5,phage
TAAGA,255,Enterococcus_phage_phiEF24C_k5,phage
AGGCG,38,Enterococcus_phage_phiEF24C_k5,phage
GGCGT,14,Enterococcus_phage_phiEF24C_k5,phage
GCGTA,62,Enterococcus_phage_phiEF24C_k5,phage
CGTAC,57,Enterococcus_phage_phiEF24C_k5,phage
GTACC,113,Enterococcus_phage_phiEF24C_k5,phage
CCAAC,110,Enterococcus_phage_phiEF24C_k5,phage
ACAGT,187,Enterococcus_phage_phiEF24C_k5,phage
CAGTA,200,Enterococcus_phage_phiEF24C_k5,phage
TAGAC,246,Enterococcus_phage_phiEF24C_k5,phage
GACCA,79,Enterococcus_phage_phiEF24C_k5,phage
CCATA,136,Enterococcus_phage_phiEF24C_k5,phage
CATAT,178,Enterococcus_phage_phiEF24C_k5,phage
TAGCT,255,Enterococcus_phage_phiEF24C_k5,phage
CTGTA,166,Enterococcus_phage_phiEF24C_k5,phage
TGTAA,243,Enterococcus_phage_phiEF24C_k5,phage
GATTT,218,Enterococcus_phage_phiEF24C_k5,phage
TCAGA,164,Enterococcus_phage_phiEF24C_k5,phage
CAGAC,138,Enterococcus_phage_phiEF24C_k5,phage
ATGTC,107,Enterococcus_phage_phiEF24C_k5,phage
GTCTG,69,Enterococcus_phage_phiEF24C_k5,phage
CTGTG,84,Enterococcus_phage_phiEF24C_k5,phage
TGTGA,72,Enterococcus_phage_phiEF24C_k5,phage
GTGAG,76,Enterococcus_phage_phiEF24C_k5,phage
TGAGG,129,Enterococcus_phage_phiEF24C_k5,phage
GAGGA,240,Enterococcus_phage_phiEF24C_k5,phage
AAGGT,251,Enterococcus_phage_phiEF24C_k5,phage
AGGTC,60,Enterococcus_phage_phiEF24C_k5,phage
GGTCT,71,Enterococcus_phage_phiEF24C_k5,phage
GTCTT,117,Enterococcus_phage_phiEF24C_k5,phage
TCTTG,103,Enterococcus_phage_phiEF24C_k5,phage
CTTGT,136,Enterococcus_phage_phiEF24C_k5,phage
TTATG,237,Enterococcus_phage_phiEF24C_k5,phage
TATGC,157,Enterococcus_phage_phiEF24C_k5,phage
ATGCG,52,Enterococcus_phage_phiEF24C_k5,phage
TGCGT,61,Enterococcus_phage_phiEF24C_k5,phage
TTCTA,247,Enterococcus_phage_phiEF24C_k5,phage
GAAAG,229,Enterococcus_phage_phiEF24C_k5,phage
AAAGG,235,Enterococcus_phage_phiEF24C_k5,phage
AAGGG,127,Enterococcus_phage_phiEF24C_k5,phage
GGGAA,154,Enterococcus_phage_phiEF24C_k5,phage
GGAAA,172,Enterococcus_phage_phiEF24C_k5,phage
GCTAG,170,Enterococcus_phage_phiEF24C_k5,phage
CTAGC,155,Enterococcus_phage_phiEF24C_k5,phage
TAATG,343,Enterococcus_phage_phiEF24C_k5,phage
GGGTA,146,Enterococcus_phage_phiEF24C_k5,phage
GTATG,184,Enterococcus_phage_phiEF24C_k5,phage
TATGG,221,Enterococcus_phage_phiEF24C_k5,phage
ATGGC,114,Enterococcus_phage_phiEF24C_k5,phage
TGGCA,102,Enterococcus_phage_phiEF24C_k5,phage
GGCAG,62,Enterococcus_phage_phiEF24C_k5,phage
CAGAT,213,Enterococcus_phage_phiEF24C_k5,phage
ATGCA,205,Enterococcus_phage_phiEF24C_k5,phage
AAAGT,303,Enterococcus_phage_phiEF24C_k5,phage
AAGTT,308,Enterococcus_phage_phiEF24C_k5,phage
AGTTA,343,Enterococcus_phage_phiEF24C_k5,phage
AACAC,173,Enterococcus_phage_phiEF24C_k5,phage
ACACC,113,Enterococcus_phage_phiEF24C_k5,phage
CACCA,103,Enterococcus_phage_phiEF24C_k5,phage
ACCAG,105,Enterococcus_phage_phiEF24C_k5,phage
CCAGA,126,Enterococcus_phage_phiEF24C_k5,phage
CAGAG,204,Enterococcus_phage_phiEF24C_k5,phage
GAGCA,132,Enterococcus_phage_phiEF24C_k5,phage
GACAC,112,Enterococcus_phage_phiEF24C_k5,phage
ACACA,171,Enterococcus_phage_phiEF24C_k5,phage
CACAT,115,Enterococcus_phage_phiEF24C_k5,phage
ATTTA,473,Enterococcus_phage_phiEF24C_k5,phage
TAATC,107,Enterococcus_phage_phiEF24C_k5,phage
TCAAG,135,Enterococcus_phage_phiEF24C_k5,phage
CAAGC,152,Enterococcus_phage_phiEF24C_k5,phage
AGCTT,193,Enterococcus_phage_phiEF24C_k5,phage
GCTTC,76,Enterococcus_phage_phiEF24C_k5,phage
CTTCA,104,Enterococcus_phage_phiEF24C_k5,phage
TTCAA,208,Enterococcus_phage_phiEF24C_k5,phage
AAACT,270,Enterococcus_phage_phiEF24C_k5,phage
CTTAT,259,Enterococcus_phage_phiEF24C_k5,phage
TTATC,222,Enterococcus_phage_phiEF24C_k5,phage
CAATT,240,Enterococcus_phage_phiEF24C_k5,phage
AATTT,367,Enterococcus_phage_phiEF24C_k5,phage
TGGCT,104,Enterococcus_phage_phiEF24C_k5,phage
GGCTA,170,Enterococcus_phage_phiEF24C_k5,phage
TTACA,296,Enterococcus_phage_phiEF24C_k5,phage
TACAT,210,Enterococcus_phage_phiEF24C_k5,phage
ACATC,128,Enterococcus_phage_phiEF24C_k5,phage
CATCA,137,Enterococcus_phage_phiEF24C_k5,phage
GAAGT,233,Enterococcus_phage_phiEF24C_k5,phage
AGTTG,159,Enterococcus_phage_phiEF24C_k5,phage
GTTGA,116,Enterococcus_phage_phiEF24C_k5,phage
TGATG,216,Enterococcus_phage_phiEF24C_k5,phage
GATGA,226,Enterococcus_phage_phiEF24C_k5,phage
ATGAT,247,Enterococcus_phage_phiEF24C_k5,phage
TGATA,246,Enterococcus_phage_phiEF24C_k5,phage
TTAAC,278,Enterococcus_phage_phiEF24C_k5,phage
TAACA,357,Enterococcus_phage_phiEF24C_k5,phage
CAAGG,126,Enterococcus_phage_phiEF24C_k5,phage
AAGGC,89,Enterococcus_phage_phiEF24C_k5,phage
AGGCT,123,Enterococcus_phage_phiEF24C_k5,phage
TTTAC,316,Enterococcus_phage_phiEF24C_k5,phage
TACAG,264,Enterococcus_phage_phiEF24C_k5,phage
AGGTT,203,Enterococcus_phage_phiEF24C_k5,phage
GTTAA,327,Enterococcus_phage_phiEF24C_k5,phage
AATGA,330,Enterococcus_phage_phiEF24C_k5,phage
GGAAT,153,Enterococcus_phage_phiEF24C_k5,phage
GAATG,153,Enterococcus_phage_phiEF24C_k5,phage
GCAAG,135,Enterococcus_phage_phiEF24C_k5,phage
GAAGG,145,Enterococcus_phage_phiEF24C_k5,phage
AGGTA,347,Enterococcus_phage_phiEF24C_k5,phage
GGTAC,158,Enterococcus_phage_phiEF24C_k5,phage
CAGGA,126,Enterococcus_phage_phiEF24C_k5,phage
AGGAA,268,Enterococcus_phage_phiEF24C_k5,phage
GGAAC,139,Enterococcus_phage_phiEF24C_k5,phage
GAACT,187,Enterococcus_phage_phiEF24C_k5,phage
AACTC,129,Enterococcus_phage_phiEF24C_k5,phage
ACTCT,136,Enterococcus_phage_phiEF24C_k5,phage
TCTAC,181,Enterococcus_phage_phiEF24C_k5,phage
CTACC,127,Enterococcus_phage_phiEF24C_k5,phage
TACCT,211,Enterococcus_phage_phiEF24C_k5,phage
ACCTG,105,Enterococcus_phage_phiEF24C_k5,phage
CCTGC,68,Enterococcus_phage_phiEF24C_k5,phage
TGCAC,99,Enterococcus_phage_phiEF24C_k5,phage
GCACT,79,Enterococcus_phage_phiEF24C_k5,phage
CACTT,102,Enterococcus_phage_phiEF24C_k5,phage
CTTAC,123,Enterococcus_phage_phiEF24C_k5,phage
ATCTG,113,Enterococcus_phage_phiEF24C_k5,phage
TCTGA,115,Enterococcus_phage_phiEF24C_k5,phage
AGCAT,133,Enterococcus_phage_phiEF24C_k5,phage
ATATC,162,Enterococcus_phage_phiEF24C_k5,phage
CTGAA,95,Enterococcus_phage_phiEF24C_k5,phage
TGAAA,298,Enterococcus_phage_phiEF24C_k5,phage
AGCAC,114,Enterococcus_phage_phiEF24C_k5,phage
GCACA,117,Enterococcus_phage_phiEF24C_k5,phage
CACAG,133,Enterococcus_phage_phiEF24C_k5,phage
ACAGA,337,Enterococcus_phage_phiEF24C_k5,phage
AGGAC,107,Enterococcus_phage_phiEF24C_k5,phage
ACGGT,80,Enterococcus_phage_phiEF24C_k5,phage
GGTGA,114,Enterococcus_phage_phiEF24C_k5,phage
GTGAA,142,Enterococcus_phage_phiEF24C_k5,phage
TGAAG,223,Enterococcus_phage_phiEF24C_k5,phage
GGAGC,89,Enterococcus_phage_phiEF24C_k5,phage
TTTCT,260,Enterococcus_phage_phiEF24C_k5,phage
CTCTT,156,Enterococcus_phage_phiEF24C_k5,phage
CTTGA,96,Enterococcus_phage_phiEF24C_k5,phage
ATGAG,193,Enterococcus_phage_phiEF24C_k5,phage
TGAGT,139,Enterococcus_phage_phiEF24C_k5,phage
GAGTT,176,Enterococcus_phage_phiEF24C_k5,phage
AGTCT,123,Enterococcus_phage_phiEF24C_k5,phage
TCTTC,158,Enterococcus_phage_phiEF24C_k5,phage
CTTCC,71,Enterococcus_phage_phiEF24C_k5,phage
TTCCA,112,Enterococcus_phage_phiEF24C_k5,phage
TCCAG,30,Enterococcus_phage_phiEF24C_k5,phage
AGATG,296,Enterococcus_phage_phiEF24C_k5,phage
ATGAC,148,Enterococcus_phage_phiEF24C_k5,phage
TGACC,72,Enterococcus_phage_phiEF24C_k5,phage
TTGAG,129,Enterococcus_phage_phiEF24C_k5,phage
AAGTC,129,Enterococcus_phage_phiEF24C_k5,phage
TCTTA,198,Enterococcus_phage_phiEF24C_k5,phage
TAGTT,244,Enterococcus_phage_phiEF24C_k5,phage
CTACA,222,Enterococcus_phage_phiEF24C_k5,phage
ATGAA,352,Enterococcus_phage_phiEF24C_k5,phage
TGAAC,173,Enterococcus_phage_phiEF24C_k5,phage
ACGAG,124,Enterococcus_phage_phiEF24C_k5,phage
CGAGG,49,Enterococcus_phage_phiEF24C_k5,phage
GAGGC,96,Enterococcus_phage_phiEF24C_k5,phage
GGCGA,3,Enterococcus_phage_phiEF24C_k5,phage
GCGAC,19,Enterococcus_phage_phiEF24C_k5,phage
CGACC,35,Enterococcus_phage_phiEF24C_k5,phage
GACCT,67,Enterococcus_phage_phiEF24C_k5,phage
ACCTT,134,Enterococcus_phage_phiEF24C_k5,phage
CCTTC,68,Enterococcus_phage_phiEF24C_k5,phage
CTTCT,224,Enterococcus_phage_phiEF24C_k5,phage
TGACG,76,Enterococcus_phage_phiEF24C_k5,phage
GACGA,108,Enterococcus_phage_phiEF24C_k5,phage
ACGAC,61,Enterococcus_phage_phiEF24C_k5,phage
CGACA,57,Enterococcus_phage_phiEF24C_k5,phage
CACAA,171,Enterococcus_phage_phiEF24C_k5,phage
AACAT,244,Enterococcus_phage_phiEF24C_k5,phage
ACATA,187,Enterococcus_phage_phiEF24C_k5,phage
GAGAT,158,Enterococcus_phage_phiEF24C_k5,phage
GATGT,159,Enterococcus_phage_phiEF24C_k5,phage
ATGTA,249,Enterococcus_phage_phiEF24C_k5,phage
TGTAT,213,Enterococcus_phage_phiEF24C_k5,phage
GGCAC,65,Enterococcus_phage_phiEF24C_k5,phage
TACAA,361,Enterococcus_phage_phiEF24C_k5,phage
CAACG,78,Enterococcus_phage_phiEF24C_k5,phage
AACGG,91,Enterococcus_phage_phiEF24C_k5,phage
ACGGA,67,Enterococcus_phage_phiEF24C_k5,phage
CGGAG,50,Enterococcus_phage_phiEF24C_k5,phage
AGCAG,191,Enterococcus_phage_phiEF24C_k5,phage
GCTTA,148,Enterococcus_phage_phiEF24C_k5,phage
TTATA,375,Enterococcus_phage_phiEF24C_k5,phage
ATAAC,268,Enterococcus_phage_phiEF24C_k5,phage
ATGCT,169,Enterococcus_phage_phiEF24C_k5,phage
TGCTG,67,Enterococcus_phage_phiEF24C_k5,phage
GCTGA,97,Enterococcus_phage_phiEF24C_k5,phage
CTGAC,74,Enterococcus_phage_phiEF24C_k5,phage
GACCC,71,Enterococcus_phage_phiEF24C_k5,phage
ACCCC,60,Enterococcus_phage_phiEF24C_k5,phage
ACCTA,236,Enterococcus_phage_phiEF24C_k5,phage
ATTGA,328,Enterococcus_phage_phiEF24C_k5,phage
TGAGA,120,Enterococcus_phage_phiEF24C_k5,phage
GAAAT,251,Enterococcus_phage_phiEF24C_k5,phage
AAATC,183,Enterococcus_phage_phiEF24C_k5,phage
ATCAC,78,Enterococcus_phage_phiEF24C_k5,phage
TCACT,112,Enterococcus_phage_phiEF24C_k5,phage
CACTC,56,Enterococcus_phage_phiEF24C_k5,phage
GTGCG,23,Enterococcus_phage_phiEF24C_k5,phage
CGTAA,120,Enterococcus_phage_phiEF24C_k5,phage
GTAAT,213,Enterococcus_phage_phiEF24C_k5,phage
TCACC,70,Enterococcus_phage_phiEF24C_k5,phage
CACCC,49,Enterococcus_phage_phiEF24C_k5,phage
ACCCA,123,Enterococcus_phage_phiEF24C_k5,phage
CCCAA,90,Enterococcus_phage_phiEF24C_k5,phage
TAACT,298,Enterococcus_phage_phiEF24C_k5,phage
CTTTT,264,Enterococcus_phage_phiEF24C_k5,phage
AGGGA,146,Enterococcus_phage_phiEF24C_k5,phage
GATGC,140,Enterococcus_phage_phiEF24C_k5,phage
CACAC,55,Enterococcus_phage_phiEF24C_k5,phage
CACCG,27,Enterococcus_phage_phiEF24C_k5,phage
ACCGA,65,Enterococcus_phage_phiEF24C_k5,phage
CCGAC,26,Enterococcus_phage_phiEF24C_k5,phage
CCTTG,48,Enterococcus_phage_phiEF24C_k5,phage
CTTGG,77,Enterococcus_phage_phiEF24C_k5,phage
GGCAA,120,Enterococcus_phage_phiEF24C_k5,phage
CAACC,117,Enterococcus_phage_phiEF24C_k5,phage
AACCA,218,Enterococcus_phage_phiEF24C_k5,phage
CCAAA,132,Enterococcus_phage_phiEF24C_k5,phage
CAAAG,177,Enterococcus_phage_phiEF24C_k5,phage
CATAG,111,Enterococcus_phage_phiEF24C_k5,phage
GACAG,114,Enterococcus_phage_phiEF24C_k5,phage
ACAGC,149,Enterococcus_phage_phiEF24C_k5,phage
CAGCT,75,Enterococcus_phage_phiEF24C_k5,phage
CTAGG,106,Enterococcus_phage_phiEF24C_k5,phage
GGACT,108,Enterococcus_phage_phiEF24C_k5,phage
TGTCG,36,Enterococcus_phage_phiEF24C_k5,phage
GTCGG,16,Enterococcus_phage_phiEF24C_k5,phage
TCGGT,53,Enterococcus_phage_phiEF24C_k5,phage
CGGTT,50,Enterococcus_phage_phiEF24C_k5,phage
GGTTC,120,Enterococcus_phage_phiEF24C_k5,phage
CTATG,186,Enterococcus_phage_phiEF24C_k5,phage
TTTGC,135,Enterococcus_phage_phiEF24C_k5,phage
TATGA,285,Enterococcus_phage_phiEF24C_k5,phage
TGCTT,150,Enterococcus_phage_phiEF24C_k5,phage
GCTTG,81,Enterococcus_phage_phiEF24C_k5,phage
ATACA,298,Enterococcus_phage_phiEF24C_k5,phage
CATTC,102,Enterococcus_phage_phiEF24C_k5,phage
ATTCC,96,Enterococcus_phage_phiEF24C_k5,phage
CCCTA,130,Enterococcus_phage_phiEF24C_k5,phage
CCTAA,179,Enterococcus_phage_phiEF24C_k5,phage
TTGGG,115,Enterococcus_phage_phiEF24C_k5,phage
TGGGG,110,Enterococcus_phage_phiEF24C_k5,phage
GGGGC,65,Enterococcus_phage_phiEF24C_k5,phage
GGGCT,98,Enterococcus_phage_phiEF24C_k5,phage
GGCTT,85,Enterococcus_phage_phiEF24C_k5,phage
TAGGT,239,Enterococcus_phage_phiEF24C_k5,phage
GGTCA,83,Enterococcus_phage_phiEF24C_k5,phage
GTCAG,76,Enterococcus_phage_phiEF24C_k5,phage
CCTTT,117,Enterococcus_phage_phiEF24C_k5,phage
CTTTG,129,Enterococcus_phage_phiEF24C_k5,phage
TTGAA,281,Enterococcus_phage_phiEF24C_k5,phage
CGGGC,14,Enterococcus_phage_phiEF24C_k5,phage
GGGCA,81,Enterococcus_phage_phiEF24C_k5,phage
ATAGG,136,Enterococcus_phage_phiEF24C_k5,phage
TAACC,168,Enterococcus_phage_phiEF24C_k5,phage
TATCC,127,Enterococcus_phage_phiEF24C_k5,phage
ATCCT,67,Enterococcus_phage_phiEF24C_k5,phage
TCCTG,43,Enterococcus_phage_phiEF24C_k5,phage
CCTGA,72,Enterococcus_phage_phiEF24C_k5,phage
CTGAT,137,Enterococcus_phage_phiEF24C_k5,phage
ACCCT,127,Enterococcus_phage_phiEF24C_k5,phage
AAACC,178,Enterococcus_phage_phiEF24C_k5,phage
AACCC,115,Enterococcus_phage_phiEF24C_k5,phage
TAGGG,149,Enterococcus_phage_phiEF24C_k5,phage
AGGGC,66,Enterococcus_phage_phiEF24C_k5,phage
AATCC,50,Enterococcus_phage_phiEF24C_k5,phage
ATCCC,41,Enterococcus_phage_phiEF24C_k5,phage
TCCCG,17,Enterococcus_phage_phiEF24C_k5,phage
CCCGT,24,Enterococcus_phage_phiEF24C_k5,phage
CCGTG,24,Enterococcus_phage_phiEF24C_k5,phage
CGTGC,28,Enterococcus_phage_phiEF24C_k5,phage
AAGCG,57,Enterococcus_phage_phiEF24C_k5,phage
AGCGT,70,Enterococcus_phage_phiEF24C_k5,phage
CTAAC,194,Enterococcus_phage_phiEF24C_k5,phage
TAACG,122,Enterococcus_phage_phiEF24C_k5,phage
CGACT,39,Enterococcus_phage_phiEF24C_k5,phage
GGTAG,175,Enterococcus_phage_phiEF24C_k5,phage
GTAGC,162,Enterococcus_phage_phiEF24C_k5,phage
CAAAT,230,Enterococcus_phage_phiEF24C_k5,phage
GGGGT,92,Enterococcus_phage_phiEF24C_k5,phage
GGGTT,131,Enterococcus_phage_phiEF24C_k5,phage
ACTAG,256,Enterococcus_phage_phiEF24C_k5,phage
CTAGA,217,Enterococcus_phage_phiEF24C_k5,phage
AACCT,174,Enterococcus_phage_phiEF24C_k5,phage
ACCTC,82,Enterococcus_phage_phiEF24C_k5,phage
GTAGG,120,Enterococcus_phage_phiEF24C_k5,phage
GGTTG,94,Enterococcus_phage_phiEF24C_k5,phage
AGTCC,62,Enterococcus_phage_phiEF24C_k5,phage
GTCCG,17,Enterococcus_phage_phiEF24C_k5,phage
TCCGA,26,Enterococcus_phage_phiEF24C_k5,phage
GACTG,67,Enterococcus_phage_phiEF24C_k5,phage
ACTGC,108,Enterococcus_phage_phiEF24C_k5,phage
CTGCC,46,Enterococcus_phage_phiEF24C_k5,phage
TGCCA,77,Enterococcus_phage_phiEF24C_k5,phage
GCCAA,60,Enterococcus_phage_phiEF24C_k5,phage
CCAAG,109,Enterococcus_phage_phiEF24C_k5,phage
AGCGC,34,Enterococcus_phage_phiEF24C_k5,phage
GCGCA,33,Enterococcus_phage_phiEF24C_k5,phage
CGCAG,47,Enterococcus_phage_phiEF24C_k5,phage
AGTGT,147,Enterococcus_phage_phiEF24C_k5,phage
GTGTT,153,Enterococcus_phage_phiEF24C_k5,phage
ACTAC,240,Enterococcus_phage_phiEF24C_k5,phage
CTACG,96,Enterococcus_phage_phiEF24C_k5,phage
TACGG,48,Enterococcus_phage_phiEF24C_k5,phage
CGGTA,74,Enterococcus_phage_phiEF24C_k5,phage
GATTC,86,Enterococcus_phage_phiEF24C_k5,phage
ATTCG,63,Enterococcus_phage_phiEF24C_k5,phage
TTCGA,43,Enterococcus_phage_phiEF24C_k5,phage
TCGAC,25,Enterococcus_phage_phiEF24C_k5,phage
ATTTG,201,Enterococcus_phage_phiEF24C_k5,phage
TGTAC,134,Enterococcus_phage_phiEF24C_k5,phage
CCCTG,57,Enterococcus_phage_phiEF24C_k5,phage
CCTGT,86,Enterococcus_phage_phiEF24C_k5,phage
GTTTT,225,Enterococcus_phage_phiEF24C_k5,phage
GTACT,164,Enterococcus_phage_phiEF24C_k5,phage
CAGCA,94,Enterococcus_phage_phiEF24C_k5,phage
ACAAT,349,Enterococcus_phage_phiEF24C_k5,phage
ACTCA,110,Enterococcus_phage_phiEF24C_k5,phage
TCATT,173,Enterococcus_phage_phiEF24C_k5,phage
TTTTG,200,Enterococcus_phage_phiEF24C_k5,phage
TTTTC,216,Enterococcus_phage_phiEF24C_k5,phage
TTTCG,46,Enterococcus_phage_phiEF24C_k5,phage
TTCGT,116,Enterococcus_phage_phiEF24C_k5,phage
TCGTT,113,Enterococcus_phage_phiEF24C_k5,phage
CGTTC,82,Enterococcus_phage_phiEF24C_k5,phage
GTTCA,147,Enterococcus_phage_phiEF24C_k5,phage
CAAGT,183,Enterococcus_phage_phiEF24C_k5,phage
AGTTC,138,Enterococcus_phage_phiEF24C_k5,phage
TCAAA,195,Enterococcus_phage_phiEF24C_k5,phage
AACCG,59,Enterococcus_phage_phiEF24C_k5,phage
ACCGG,19,Enterococcus_phage_phiEF24C_k5,phage
CCGGG,15,Enterococcus_phage_phiEF24C_k5,phage
GGGCG,16,Enterococcus_phage_phiEF24C_k5,phage
GGCGC,21,Enterococcus_phage_phiEF24C_k5,phage
GCGCT,31,Enterococcus_phage_phiEF24C_k5,phage
CGCTG,11,Enterococcus_phage_phiEF24C_k5,phage
AGGGT,121,Enterococcus_phage_phiEF24C_k5,phage
GTCGA,32,Enterococcus_phage_phiEF24C_k5,phage
TCGAT,55,Enterococcus_phage_phiEF24C_k5,phage
CGATA,91,Enterococcus_phage_phiEF24C_k5,phage
TTGAC,159,Enterococcus_phage_phiEF24C_k5,phage
CGAGT,58,Enterococcus_phage_phiEF24C_k5,phage
GAGTA,184,Enterococcus_phage_phiEF24C_k5,phage
ACCGT,70,Enterococcus_phage_phiEF24C_k5,phage
CGTGT,70,Enterococcus_phage_phiEF24C_k5,phage
GTGTA,173,Enterococcus_phage_phiEF24C_k5,phage
CTGCG,27,Enterococcus_phage_phiEF24C_k5,phage
GCGTT,48,Enterococcus_phage_phiEF24C_k5,phage
CGTTG,49,Enterococcus_phage_phiEF24C_k5,phage
GTTGG,97,Enterococcus_phage_phiEF24C_k5,phage
TTGGA,108,Enterococcus_phage_phiEF24C_k5,phage
TGGAG,144,Enterococcus_phage_phiEF24C_k5,phage
GGAGT,91,Enterococcus_phage_phiEF24C_k5,phage
GAGTC,58,Enterococcus_phage_phiEF24C_k5,phage
TTCAT,200,Enterococcus_phage_phiEF24C_k5,phage
TCATC,112,Enterococcus_phage_phiEF24C_k5,phage
CACCT,105,Enterococcus_phage_phiEF24C_k5,phage
GCACC,65,Enterococcus_phage_phiEF24C_k5,phage
AAGTG,150,Enterococcus_phage_phiEF24C_k5,phage
CCCAG,47,Enterococcus_phage_phiEF24C_k5,phage
GATAC,145,Enterococcus_phage_phiEF24C_k5,phage
ACATG,157,Enterococcus_phage_phiEF24C_k5,phage
TGGGC,50,Enterococcus_phage_phiEF24C_k5,phage
GGCTC,54,Enterococcus_phage_phiEF24C_k5,phage
GCTCT,91,Enterococcus_phage_phiEF24C_k5,phage
TCTTT,265,Enterococcus_phage_phiEF24C_k5,phage
GGGTC,40,Enterococcus_phage_phiEF24C_k5,phage
CGAAA,71,Enterococcus_phage_phiEF24C_k5,phage
GCTCC,53,Enterococcus_phage_phiEF24C_k5,phage
GTAAC,205,Enterococcus_phage_phiEF24C_k5,phage
TTCTT,283,Enterococcus_phage_phiEF24C_k5,phage
TGTGT,131,Enterococcus_phage_phiEF24C_k5,phage
GGTCG,26,Enterococcus_phage_phiEF24C_k5,phage
CGATG,67,Enterococcus_phage_phiEF24C_k5,phage
TGTTG,158,Enterococcus_phage_phiEF24C_k5,phage
GTTGC,95,Enterococcus_phage_phiEF24C_k5,phage
ACGGC,35,Enterococcus_phage_phiEF24C_k5,phage
CGGCT,26,Enterococcus_phage_phiEF24C_k5,phage
GCTCA,96,Enterococcus_phage_phiEF24C_k5,phage
CCAGT,82,Enterococcus_phage_phiEF24C_k5,phage
TTGTC,102,Enterococcus_phage_phiEF24C_k5,phage
TGTCA,97,Enterococcus_phage_phiEF24C_k5,phage
GAACC,103,Enterococcus_phage_phiEF24C_k5,phage
CCGTT,64,Enterococcus_phage_phiEF24C_k5,phage
CGTTA,123,Enterococcus_phage_phiEF24C_k5,phage
TGGTC,62,Enterococcus_phage_phiEF24C_k5,phage
TTTCC,92,Enterococcus_phage_phiEF24C_k5,phage
TCCCA,65,Enterococcus_phage_phiEF24C_k5,phage
AACTG,151,Enterococcus_phage_phiEF24C_k5,phage
TGCCG,21,Enterococcus_phage_phiEF24C_k5,phage
GCCGA,21,Enterococcus_phage_phiEF24C_k5,phage
ACTTC,134,Enterococcus_phage_phiEF24C_k5,phage
AAGCC,84,Enterococcus_phage_phiEF24C_k5,phage
GCCTT,53,Enterococcus_phage_phiEF24C_k5,phage
TACTC,103,Enterococcus_phage_phiEF24C_k5,phage
ATACC,128,Enterococcus_phage_phiEF24C_k5,phage
TACCC,101,Enterococcus_phage_phiEF24C_k5,phage
ACTGT,142,Enterococcus_phage_phiEF24C_k5,phage
GACTC,65,Enterococcus_phage_phiEF24C_k5,phage
GACGT,76,Enterococcus_phage_phiEF24C_k5,phage
ACGTT,138,Enterococcus_phage_phiEF24C_k5,phage
AGCCA,94,Enterococcus_phage_phiEF24C_k5,phage
GCCAT,57,Enterococcus_phage_phiEF24C_k5,phage
GAAAC,200,Enterococcus_phage_phiEF24C_k5,phage
CTGCT,105,Enterococcus_phage_phiEF24C_k5,phage
ACTGG,100,Enterococcus_phage_phiEF24C_k5,phage
CTGGG,44,Enterococcus_phage_phiEF24C_k5,phage
GTATC,134,Enterococcus_phage_phiEF24C_k5,phage
TGGTG,143,Enterococcus_phage_phiEF24C_k5,phage
GTACG,66,Enterococcus_phage_phiEF24C_k5,phage
GTCCA,57,Enterococcus_phage_phiEF24C_k5,phage
TCCAA,103,Enterococcus_phage_phiEF24C_k5,phage
ACCCG,26,Enterococcus_phage_phiEF24C_k5,phage
CCCGC,10,Enterococcus_phage_phiEF24C_k5,phage
CATAC,113,Enterococcus_phage_phiEF24C_k5,phage
CAGTC,50,Enterococcus_phage_phiEF24C_k5,phage
TCCTT,116,Enterococcus_phage_phiEF24C_k5,phage
ATCCA,79,Enterococcus_phage_phiEF24C_k5,phage
AATCG,69,Enterococcus_phage_phiEF24C_k5,phage
ATCGT,88,Enterococcus_phage_phiEF24C_k5,phage
CTCAG,88,Enterococcus_phage_phiEF24C_k5,phage
CAGGG,60,Enterococcus_phage_phiEF24C_k5,phage
TTTGG,111,Enterococcus_phage_phiEF24C_k5,phage
CCCCT,76,Enterococcus_phage_phiEF24C_k5,phage
TACTG,155,Enterococcus_phage_phiEF24C_k5,phage
CTGGT,89,Enterococcus_phage_phiEF24C_k5,phage
CCTAG,113,Enterococcus_phage_phiEF24C_k5,phage
CCTAC,95,Enterococcus_phage_phiEF24C_k5,phage
GAGCC,60,Enterococcus_phage_phiEF24C_k5,phage
AGCCC,65,Enterococcus_phage_phiEF24C_k5,phage
GCCCA,30,Enterococcus_phage_phiEF24C_k5,phage
CCCAC,42,Enterococcus_phage_phiEF24C_k5,phage
CCACA,95,Enterococcus_phage_phiEF24C_k5,phage
ATCCG,34,Enterococcus_phage_phiEF24C_k5,phage
TCCGC,23,Enterococcus_phage_phiEF24C_k5,phage
TGACA,180,Enterococcus_phage_phiEF24C_k5,phage
CTCAA,106,Enterococcus_phage_phiEF24C_k5,phage
CTGGA,37,Enterococcus_phage_phiEF24C_k5,phage
ATACG,82,Enterococcus_phage_phiEF24C_k5,phage
TACGT,124,Enterococcus_phage_phiEF24C_k5,phage
ACGTG,74,Enterococcus_phage_phiEF24C_k5,phage
CGTGA,55,Enterococcus_phage_phiEF24C_k5,phage
GTGAT,93,Enterococcus_phage_phiEF24C_k5,phage
CATCG,47,Enterococcus_phage_phiEF24C_k5,phage
ATCGA,64,Enterococcus_phage_phiEF24C_k5,phage
GGTTT,180,Enterococcus_phage_phiEF24C_k5,phage
TATCG,94,Enterococcus_phage_phiEF24C_k5,phage
ATCGG,42,Enterococcus_phage_phiEF24C_k5,phage
TCGGC,7,Enterococcus_phage_phiEF24C_k5,phage
CGGCA,20,Enterococcus_phage_phiEF24C_k5,phage
ACCAC,88,Enterococcus_phage_phiEF24C_k5,phage
CCACT,74,Enterococcus_phage_phiEF24C_k5,phage
CACTA,190,Enterococcus_phage_phiEF24C_k5,phage
CTCAC,59,Enterococcus_phage_phiEF24C_k5,phage
TCACA,91,Enterococcus_phage_phiEF24C_k5,phage
CGTTT,109,Enterococcus_phage_phiEF24C_k5,phage
GTTTA,320,Enterococcus_phage_phiEF24C_k5,phage
TCCAT,126,Enterococcus_phage_phiEF24C_k5,phage
CCATG,74,Enterococcus_phage_phiEF24C_k5,phage
TGAAT,176,Enterococcus_phage_phiEF24C_k5,phage
GGATT,72,Enterococcus_phage_phiEF24C_k5,phage
TTGCC,66,Enterococcus_phage_phiEF24C_k5,phage
GGGGG,53,Enterococcus_phage_phiEF24C_k5,phage
CAATG,169,Enterococcus_phage_phiEF24C_k5,phage
GTTCG,68,Enterococcus_phage_phiEF24C_k5,phage
TTCGG,45,Enterococcus_phage_phiEF24C_k5,phage
TCGGA,30,Enterococcus_phage_phiEF24C_k5,phage
CGGAC,29,Enterococcus_phage_phiEF24C_k5,phage
TACGC,43,Enterococcus_phage_phiEF24C_k5,phage
ATCTT,168,Enterococcus_phage_phiEF24C_k5,phage
ACACG,60,Enterococcus_phage_phiEF24C_k5,phage
CACGA,45,Enterococcus_phage_phiEF24C_k5,phage
CTTTC,103,Enterococcus_phage_phiEF24C_k5,phage
TCTCA,95,Enterococcus_phage_phiEF24C_k5,phage
GGCTG,42,Enterococcus_phage_phiEF24C_k5,phage
TTCAC,96,Enterococcus_phage_phiEF24C_k5,phage
TACGA,119,Enterococcus_phage_phiEF24C_k5,phage
ACGAT,121,Enterococcus_phage_phiEF24C_k5,phage
CCACC,36,Enterococcus_phage_phiEF24C_k5,phage
AATAC,222,Enterococcus_phage_phiEF24C_k5,phage
CTGTC,55,Enterococcus_phage_phiEF24C_k5,phage
GAGCG,44,Enterococcus_phage_phiEF24C_k5,phage
ACGTC,47,Enterococcus_phage_phiEF24C_k5,phage
CGTCA,34,Enterococcus_phage_phiEF24C_k5,phage
CCGAG,30,Enterococcus_phage_phiEF24C_k5,phage
GCTTT,164,Enterococcus_phage_phiEF24C_k5,phage
AGACG,99,Enterococcus_phage_phiEF24C_k5,phage
CGAAG,70,Enterococcus_phage_phiEF24C_k5,phage
AGTCG,37,Enterococcus_phage_phiEF24C_k5,phage
GTCGC,16,Enterococcus_phage_phiEF24C_k5,phage
TCGCA,27,Enterococcus_phage_phiEF24C_k5,phage
AATTC,147,Enterococcus_phage_phiEF24C_k5,phage
GCCTG,21,Enterococcus_phage_phiEF24C_k5,phage
TTCCT,116,Enterococcus_phage_phiEF24C_k5,phage
GCCCT,42,Enterococcus_phage_phiEF24C_k5,phage
TGCGG,29,Enterococcus_phage_phiEF24C_k5,phage
GCGGG,30,Enterococcus_phage_phiEF24C_k5,phage
CGGGG,34,Enterococcus_phage_phiEF24C_k5,phage
ATTCA,206,Enterococcus_phage_phiEF24C_k5,phage
GCATG,53,Enterococcus_phage_phiEF24C_k5,phage
CATGA,99,Enterococcus_phage_phiEF24C_k5,phage
ACTCG,41,Enterococcus_phage_phiEF24C_k5,phage
GTTTC,111,Enterococcus_phage_phiEF24C_k5,phage
GCAGG,110,Enterococcus_phage_phiEF24C_k5,phage
TCCTA,114,Enterococcus_phage_phiEF24C_k5,phage
GTCGT,37,Enterococcus_phage_phiEF24C_k5,phage
GTGGC,56,Enterococcus_phage_phiEF24C_k5,phage
TGCTC,82,Enterococcus_phage_phiEF24C_k5,phage
TCAGC,68,Enterococcus_phage_phiEF24C_k5,phage
CATGC,51,Enterococcus_phage_phiEF24C_k5,phage
GCCGG,13,Enterococcus_phage_phiEF24C_k5,phage
CCGGA,30,Enterococcus_phage_phiEF24C_k5,phage
TCGTC,44,Enterococcus_phage_phiEF24C_k5,phage
CACGT,56,Enterococcus_phage_phiEF24C_k5,phage
CAGCG,12,Enterococcus_phage_phiEF24C_k5,phage
GCGTG,34,Enterococcus_phage_phiEF24C_k5,phage
CCCCG,18,Enterococcus_phage_phiEF24C_k5,phage
CCCGG,12,Enterococcus_phage_phiEF24C_k5,phage
AGCCG,31,Enterococcus_phage_phiEF24C_k5,phage
CATCC,43,Enterococcus_phage_phiEF24C_k5,phage
CGGAA,52,Enterococcus_phage_phiEF24C_k5,phage
TGTCC,67,Enterococcus_phage_phiEF24C_k5,phage
CGCTT,41,Enterococcus_phage_phiEF24C_k5,phage
CCGAA,39,Enterococcus_phage_phiEF24C_k5,phage
GCCAC,48,Enterococcus_phage_phiEF24C_k5,phage
GCCAG,27,Enterococcus_phage_phiEF24C_k5,phage
CGCAC,14,Enterococcus_phage_phiEF24C_k5,phage
TCGCT,15,Enterococcus_phage_phiEF24C_k5,phage
CGCAA,48,Enterococcus_phage_phiEF24C_k5,phage
TCTGG,79,Enterococcus_phage_phiEF24C_k5,phage
TCCAC,50,Enterococcus_phage_phiEF24C_k5,phage
TCACG,29,Enterococcus_phage_phiEF24C_k5,phage
CGTCC,27,Enterococcus_phage_phiEF24C_k5,phage
TTACG,90,Enterococcus_phage_phiEF24C_k5,phage
TCGAA,49,Enterococcus_phage_phiEF24C_k5,phage
CGAGC,26,Enterococcus_phage_phiEF24C_k5,phage
GCCGT,19,Enterococcus_phage_phiEF24C_k5,phage
CCGTA,56,Enterococcus_phage_phiEF24C_k5,phage
CGGGT,38,Enterococcus_phage_phiEF24C_k5,phage
CCGTC,19,Enterococcus_phage_phiEF24C_k5,phage
CGTCT,48,Enterococcus_phage_phiEF24C_k5,phage
CACGG,26,Enterococcus_phage_phiEF24C_k5,phage
CGGTC,19,Enterococcus_phage_phiEF24C_k5,phage
GCCCG,10,Enterococcus_phage_phiEF24C_k5,phage
CCGCA,31,Enterococcus_phage_phiEF24C_k5,phage
CGAGA,54,Enterococcus_phage_phiEF24C_k5,phage
TCGGG,34,Enterococcus_phage_phiEF24C_k5,phage
CCGAT,42,Enterococcus_phage_phiEF24C_k5,phage
CGATT,83,Enterococcus_phage_phiEF24C_k5,phage
GCGGA,48,Enterococcus_phage_phiEF24C_k5,phage
TCCCC,51,Enterococcus_phage_phiEF24C_k5,phage
CCCCC,22,Enterococcus_phage_phiEF24C_k5,phage
TCTCG,38,Enterococcus_phage_phiEF24C_k5,phage
TCCGG,22,Enterococcus_phage_phiEF24C_k5,phage
CCGGC,9,Enterococcus_phage_phiEF24C_k5,phage
TTCCG,40,Enterococcus_phage_phiEF24C_k5,phage
TCGAG,32,Enterococcus_phage_phiEF24C_k5,phage
TACCG,62,Enterococcus_phage_phiEF24C_k5,phage
CGAAC,45,Enterococcus_phage_phiEF24C_k5,phage
AGCGG,49,Enterococcus_phage_phiEF24C_k5,phage
TCCGT,50,Enterococcus_phage_phiEF24C_k5,phage
TAGCG,61,Enterococcus_phage_phiEF24C_k5,phage
CGTGG,43,Enterococcus_phage_phiEF24C_k5,phage
CTCCA,61,Enterococcus_phage_phiEF24C_k5,phage
GCCGC,4,Enterococcus_phage_phiEF24C_k5,phage
CCGCC,20,Enterococcus_phage_phiEF24C_k5,phage
CGCCG,5,Enterococcus_phage_phiEF24C_k5,phage
TCGTG,64,Enterococcus_phage_phiEF24C_k5,phage
ATCGC,16,Enterococcus_phage_phiEF24C_k5,phage
GCATC,54,Enterococcus_phage_phiEF24C_k5,phage
CTTCG,37,Enterococcus_phage_phiEF24C_k5,phage
CGCCA,21,Enterococcus_phage_phiEF24C_k5,phage
AGCGA,21,Enterococcus_phage_phiEF24C_k5,phage
ACGCT,57,Enterococcus_phage_phiEF24C_k5,phage
GCACG,31,Enterococcus_phage_phiEF24C_k5,phage
ACTCC,66,Enterococcus_phage_phiEF24C_k5,phage
TGCGC,22,Enterococcus_phage_phiEF24C_k5,phage
TTCGC,10,Enterococcus_phage_phiEF24C_k5,phage
CTCGC,1,Enterococcus_phage_phiEF24C_k5,phage
GCGCC,13,Enterococcus_phage_phiEF24C_k5,phage
CGCCT,10,Enterococcus_phage_phiEF24C_k5,phage
CGGAT,44,Enterococcus_phage_phiEF24C_k5,phage
CAGCC,37,Enterococcus_phage_phiEF24C_k5,phage
GTCAC,69,Enterococcus_phage_phiEF24C_k5,phage
GTCCC,28,Enterococcus_phage_phiEF24C_k5,phage
CCCGA,25,Enterococcus_phage_phiEF24C_k5,phage
TAGGC,43,Enterococcus_phage_phiEF24C_k5,phage
TGCGA,34,Enterococcus_phage_phiEF24C_k5,phage
GCGAA,15,Enterococcus_phage_phiEF24C_k5,phage
GTCCT,55,Enterococcus_phage_phiEF24C_k5,phage
CTCGA,22,Enterococcus_phage_phiEF24C_k5,phage
CTCGG,21,Enterococcus_phage_phiEF24C_k5,phage
CCTCG,23,Enterococcus_phage_phiEF24C_k5,phage
ACGCC,9,Enterococcus_phage_phiEF24C_k5,phage
CGCTC,19,Enterococcus_phage_phiEF24C_k5,phage
CCGGT,12,Enterococcus_phage_phiEF24C_k5,phage
GTCTC,53,Enterococcus_phage_phiEF24C_k5,phage
GGTCC,1,Enterococcus_phage_phiEF24C_k5,phage
GCGAT,23,Enterococcus_phage_phiEF24C_k5,phage
CCACG,23,Enterococcus_phage_phiEF24C_k5,phage
GCTGC,2,Enterococcus_phage_phiEF24C_k5,phage
CTCCG,30,Enterococcus_phage_phiEF24C_k5,phage
CACGC,16,Enterococcus_phage_phiEF24C_k5,phage
CTGGC,13,Enterococcus_phage_phiEF24C_k5,phage
GCTGG,4,Enterococcus_phage_phiEF24C_k5,phage
TTGCG,44,Enterococcus_phage_phiEF24C_k5,phage
CGCCC,7,Enterococcus_phage_phiEF24C_k5,phage
CGGCG,6,Enterococcus_phage_phiEF24C_k5,phage
TCGCC,1,Enterococcus_phage_phiEF24C_k5,phage
GCGAG,1,Enterococcus_phage_phiEF24C_k5,phage
GCGGC,1,Enterococcus_phage_phiEF24C_k5,phage
AGATC,1,Enterococcus_phage_phiEF24C_k5,phage
GATCC,1,Enterococcus_phage_phiEF24C_k5,phage
CGTCG,2,Enterococcus_phage_phiEF24C_k5,phage
CCAGC,1,Enterococcus_phage_phiEF24C_k5,phage
GCGTC,1,Enterococcus_phage_phiEF24C_k5,phage
CCCTC,16,Klebsiella_phage_KP34_k5,phage
CCTCA,30,Klebsiella_phage_KP34_k5,phage
CTCAC,36,Klebsiella_phage_KP34_k5,phage
TCACC,40,Klebsiella_phage_KP34_k5,phage
CACCC,32,Klebsiella_phage_KP34_k5,phage
ACCCT,47,Klebsiella_phage_KP34_k5,phage
CCCTG,70,Klebsiella_phage_KP34_k5,phage
CCTGA,63,Klebsiella_phage_KP34_k5,phage
CTGAA,45,Klebsiella_phage_KP34_k5,phage
TGAAC,51,Klebsiella_phage_KP34_k5,phage
GAACG,48,Klebsiella_phage_KP34_k5,phage
AACGC,47,Klebsiella_phage_KP34_k5,phage
ACGCG,30,Klebsiella_phage_KP34_k5,phage
CGCGC,63,Klebsiella_phage_KP34_k5,phage
GCGCC,76,Klebsiella_phage_KP34_k5,phage
CGCCC,37,Klebsiella_phage_KP34_k5,phage
GCCCA,36,Klebsiella_phage_KP34_k5,phage
CCCAA,26,Klebsiella_phage_KP34_k5,phage
CCAAT,25,Klebsiella_phage_KP34_k5,phage
CAATT,18,Klebsiella_phage_KP34_k5,phage
AATTG,22,Klebsiella_phage_KP34_k5,phage
ATTGC,37,Klebsiella_phage_KP34_k5,phage
TTGCC,21,Klebsiella_phage_KP34_k5,phage
TGCCC,47,Klebsiella_phage_KP34_k5,phage
GCCCC,31,Klebsiella_phage_KP34_k5,phage
CCCCC,6,Klebsiella_phage_KP34_k5,phage
CCCCA,25,Klebsiella_phage_KP34_k5,phage
CCCAT,16,Klebsiella_phage_KP34_k5,phage
CCATA,14,Klebsiella_phage_KP34_k5,phage
CATAG,21,Klebsiella_phage_KP34_k5,phage
ATAGG,19,Klebsiella_phage_KP34_k5,phage
TAGGG,43,Klebsiella_phage_KP34_k5,phage
AGGGG,49,Klebsiella_phage_KP34_k5,phage
GGGGG,32,Klebsiella_phage_KP34_k5,phage
GGGGT,51,Klebsiella_phage_KP34_k5,phage
GGGTG,64,Klebsiella_phage_KP34_k5,phage
GGTGC,96,Klebsiella_phage_KP34_k5,phage
GTGCC,59,Klebsiella_phage_KP34_k5,phage
TGCCT,37,Klebsiella_phage_KP34_k5,phage
GCCTA,60,Klebsiella_phage_KP34_k5,phage
CCTAG,36,Klebsiella_phage_KP34_k5,phage
CTAGC,38,Klebsiella_phage_KP34_k5,phage
TAGCG,39,Klebsiella_phage_KP34_k5,phage
AGCGC,101,Klebsiella_phage_KP34_k5,phage
GCGCA,91,Klebsiella_phage_KP34_k5,phage
CGCAT,31,Klebsiella_phage_KP34_k5,phage
GCATA,28,Klebsiella_phage_KP34_k5,phage
CATAA,19,Klebsiella_phage_KP34_k5,phage
ATAAA,30,Klebsiella_phage_KP34_k5,phage
TAAAA,32,Klebsiella_phage_KP34_k5,phage
AAAAG,24,Klebsiella_phage_KP34_k5,phage
AAAGG,33,Klebsiella_phage_KP34_k5,phage
AAGGA,64,Klebsiella_phage_KP34_k5,phage
AGGAG,70,Klebsiella_phage_KP34_k5,phage
GGAGG,59,Klebsiella_phage_KP34_k5,phage
GAGGG,37,Klebsiella_phage_KP34_k5,phage
GGGGC,66,Klebsiella_phage_KP34_k5,phage
GGGCG,74,Klebsiella_phage_KP34_k5,phage
GGCGG,64,Klebsiella_phage_KP34_k5,phage
GCGGG,60,Klebsiella_phage_KP34_k5,phage
CGGGG,70,Klebsiella_phage_KP34_k5,phage
CCCCG,37,Klebsiella_phage_KP34_k5,phage
CCCGG,60,Klebsiella_phage_KP34_k5,phage
CCGGT,51,Klebsiella_phage_KP34_k5,phage
CGGTG,54,Klebsiella_phage_KP34_k5,phage
GGTGG,84,Klebsiella_phage_KP34_k5,phage
GTGGG,63,Klebsiella_phage_KP34_k5,phage
TGGGC,75,Klebsiella_phage_KP34_k5,phage
GGGCC,58,Klebsiella_phage_KP34_k5,phage
GGCCT,49,Klebsiella_phage_KP34_k5,phage
CCTAC,56,Klebsiella_phage_KP34_k5,phage
CTACT,55,Klebsiella_phage_KP34_k5,phage
TACTA,45,Klebsiella_phage_KP34_k5,phage
ACTAG,24,Klebsiella_phage_KP34_k5,phage
CTAGG,22,Klebsiella_phage_KP34_k5,phage
AGGGC,72,Klebsiella_phage_KP34_k5,phage
GGCGC,79,Klebsiella_phage_KP34_k5,phage
CGCAC,56,Klebsiella_phage_KP34_k5,phage
GCACT,86,Klebsiella_phage_KP34_k5,phage
CACTA,63,Klebsiella_phage_KP34_k5,phage
CTAGA,24,Klebsiella_phage_KP34_k5,phage
TAGAG,41,Klebsiella_phage_KP34_k5,phage
AGAGC,71,Klebsiella_phage_KP34_k5,phage
GAGCG,57,Klebsiella_phage_KP34_k5,phage
CGCCT,54,Klebsiella_phage_KP34_k5,phage
GCCTC,29,Klebsiella_phage_KP34_k5,phage
CTCAG,48,Klebsiella_phage_KP34_k5,phage
TCAGC,57,Klebsiella_phage_KP34_k5,phage
CAGCG,97,Klebsiella_phage_KP34_k5,phage
AGCGG,55,Klebsiella_phage_KP34_k5,phage
CGGGC,58,Klebsiella_phage_KP34_k5,phage
GCCTG,63,Klebsiella_phage_KP34_k5,phage
CCTGT,63,Klebsiella_phage_KP34_k5,phage
CTGTG,62,Klebsiella_phage_KP34_k5,phage
TGTGC,57,Klebsiella_phage_KP34_k5,phage
GTGCT,76,Klebsiella_phage_KP34_k5,phage
TGCTG,136,Klebsiella_phage_KP34_k5,phage
GCTGC,153,Klebsiella_phage_KP34_k5,phage
CTGCG,105,Klebsiella_phage_KP34_k5,phage
TGCGT,73,Klebsiella_phage_KP34_k5,phage
GCGTT,38,Klebsiella_phage_KP34_k5,phage
CGTTC,35,Klebsiella_phage_KP34_k5,phage
GTTCT,46,Klebsiella_phage_KP34_k5,phage
TTCTA,37,Klebsiella_phage_KP34_k5,phage
TCTAG,20,Klebsiella_phage_KP34_k5,phage
GGGCT,55,Klebsiella_phage_KP34_k5,phage
GGCTA,81,Klebsiella_phage_KP34_k5,phage
GCTAT,80,Klebsiella_phage_KP34_k5,phage
CTATC,54,Klebsiella_phage_KP34_k5,phage
TATCG,41,Klebsiella_phage_KP34_k5,phage
ATCGC,33,Klebsiella_phage_KP34_k5,phage
TCGCT,37,Klebsiella_phage_KP34_k5,phage
CGCTA,68,Klebsiella_phage_KP34_k5,phage
GCTAG,30,Klebsiella_phage_KP34_k5,phage
CTAGT,26,Klebsiella_phage_KP34_k5,phage
TAGTG,50,Klebsiella_phage_KP34_k5,phage
AGTGT,38,Klebsiella_phage_KP34_k5,phage
GTGTT,23,Klebsiella_phage_KP34_k5,phage
TGTTA,24,Klebsiella_phage_KP34_k5,phage
GTTAC,42,Klebsiella_phage_KP34_k5,phage
TTACC,34,Klebsiella_phage_KP34_k5,phage
TACCC,45,Klebsiella_phage_KP34_k5,phage
CCCTA,36,Klebsiella_phage_KP34_k5,phage
CCTAT,38,Klebsiella_phage_KP34_k5,phage
CTATG,71,Klebsiella_phage_KP34_k5,phage
TATGG,68,Klebsiella_phage_KP34_k5,phage
ATGGC,67,Klebsiella_phage_KP34_k5,phage
TGGCT,83,Klebsiella_phage_KP34_k5,phage
TATGC,81,Klebsiella_phage_KP34_k5,phage
ATGCC,45,Klebsiella_phage_KP34_k5,phage
GTGCG,59,Klebsiella_phage_KP34_k5,phage
GCGTG,58,Klebsiella_phage_KP34_k5,phage
CGTGG,52,Klebsiella_phage_KP34_k5,phage
GTGGC,59,Klebsiella_phage_KP34_k5,phage
TGGCA,67,Klebsiella_phage_KP34_k5,phage
GGCAC,72,Klebsiella_phage_KP34_k5,phage
CACTG,85,Klebsiella_phage_KP34_k5,phage
ACTGC,68,Klebsiella_phage_KP34_k5,phage
GGCTC,39,Klebsiella_phage_KP34_k5,phage
GCTCC,33,Klebsiella_phage_KP34_k5,phage
CTCCT,26,Klebsiella_phage_KP34_k5,phage
TCCTG,57,Klebsiella_phage_KP34_k5,phage
TGCGC,86,Klebsiella_phage_KP34_k5,phage
GCGCT,91,Klebsiella_phage_KP34_k5,phage
CGCTC,34,Klebsiella_phage_KP34_k5,phage
GCTCT,56,Klebsiella_phage_KP34_k5,phage
CTCTC,26,Klebsiella_phage_KP34_k5,phage
TCTCT,20,Klebsiella_phage_KP34_k5,phage
CTCTG,76,Klebsiella_phage_KP34_k5,phage
TCTGT,34,Klebsiella_phage_KP34_k5,phage
TGTGG,49,Klebsiella_phage_KP34_k5,phage
GGCCA,30,Klebsiella_phage_KP34_k5,phage
GCCAT,22,Klebsiella_phage_KP34_k5,phage
TCTGC,69,Klebsiella_phage_KP34_k5,phage
CTGCC,59,Klebsiella_phage_KP34_k5,phage
GCCTT,35,Klebsiella_phage_KP34_k5,phage
CCTTG,27,Klebsiella_phage_KP34_k5,phage
CTTGC,26,Klebsiella_phage_KP34_k5,phage
TTGCT,44,Klebsiella_phage_KP34_k5,phage
TGCTT,50,Klebsiella_phage_KP34_k5,phage
GCTTA,49,Klebsiella_phage_KP34_k5,phage
CTTAT,43,Klebsiella_phage_KP34_k5,phage
TTATT,21,Klebsiella_phage_KP34_k5,phage
TATTT,15,Klebsiella_phage_KP34_k5,phage
ATTTT,7,Klebsiella_phage_KP34_k5,phage
TTTTG,11,Klebsiella_phage_KP34_k5,phage
TTTGC,30,Klebsiella_phage_KP34_k5,phage
TTGCG,22,Klebsiella_phage_KP34_k5,phage
GCGCG,71,Klebsiella_phage_KP34_k5,phage
CGCGT,33,Klebsiella_phage_KP34_k5,phage
GCGTA,97,Klebsiella_phage_KP34_k5,phage
CGTAC,81,Klebsiella_phage_KP34_k5,phage
GTACA,82,Klebsiella_phage_KP34_k5,phage
TACAT,29,Klebsiella_phage_KP34_k5,phage
ACATA,16,Klebsiella_phage_KP34_k5,phage
ATAGT,13,Klebsiella_phage_KP34_k5,phage
AGTGG,70,Klebsiella_phage_KP34_k5,phage
TGGGT,69,Klebsiella_phage_KP34_k5,phage
GGGTC,24,Klebsiella_phage_KP34_k5,phage
GGTCA,23,Klebsiella_phage_KP34_k5,phage
GTCAC,21,Klebsiella_phage_KP34_k5,phage
TCACA,21,Klebsiella_phage_KP34_k5,phage
CACAG,65,Klebsiella_phage_KP34_k5,phage
ACAGT,61,Klebsiella_phage_KP34_k5,phage
CAGTG,62,Klebsiella_phage_KP34_k5,phage
GTGTG,32,Klebsiella_phage_KP34_k5,phage
TGTGT,19,Klebsiella_phage_KP34_k5,phage
GTGTC,32,Klebsiella_phage_KP34_k5,phage
TGTCC,24,Klebsiella_phage_KP34_k5,phage
GTCCT,25,Klebsiella_phage_KP34_k5,phage
TCCTA,23,Klebsiella_phage_KP34_k5,phage
CCTGC,63,Klebsiella_phage_KP34_k5,phage
AGTGC,56,Klebsiella_phage_KP34_k5,phage
CGCTG,113,Klebsiella_phage_KP34_k5,phage
GCTGT,63,Klebsiella_phage_KP34_k5,phage
CTGTA,61,Klebsiella_phage_KP34_k5,phage
TGTAG,54,Klebsiella_phage_KP34_k5,phage
GTAGT,49,Klebsiella_phage_KP34_k5,phage
GTGCA,71,Klebsiella_phage_KP34_k5,phage
TGCAG,129,Klebsiella_phage_KP34_k5,phage
GCAGC,159,Klebsiella_phage_KP34_k5,phage
CAGCA,126,Klebsiella_phage_KP34_k5,phage
AGCAC,93,Klebsiella_phage_KP34_k5,phage
GCACG,65,Klebsiella_phage_KP34_k5,phage
CACGG,45,Klebsiella_phage_KP34_k5,phage
ACGGT,47,Klebsiella_phage_KP34_k5,phage
GGTGA,49,Klebsiella_phage_KP34_k5,phage
GTGAT,39,Klebsiella_phage_KP34_k5,phage
TGATA,37,Klebsiella_phage_KP34_k5,phage
GATAT,49,Klebsiella_phage_KP34_k5,phage
ATATC,31,Klebsiella_phage_KP34_k5,phage
TATCC,60,Klebsiella_phage_KP34_k5,phage
ATCCC,32,Klebsiella_phage_KP34_k5,phage
TCCCT,22,Klebsiella_phage_KP34_k5,phage
GTACT,58,Klebsiella_phage_KP34_k5,phage
TAGGC,27,Klebsiella_phage_KP34_k5,phage
AGGCT,61,Klebsiella_phage_KP34_k5,phage
ATCCA,25,Klebsiella_phage_KP34_k5,phage
TCCAC,17,Klebsiella_phage_KP34_k5,phage
CCACT,27,Klebsiella_phage_KP34_k5,phage
ACTGG,105,Klebsiella_phage_KP34_k5,phage
CTGGC,81,Klebsiella_phage_KP34_k5,phage
ATCCT,39,Klebsiella_phage_KP34_k5,phage
TCCTT,20,Klebsiella_phage_KP34_k5,phage
CCTTA,25,Klebsiella_phage_KP34_k5,phage
CTTAG,19,Klebsiella_phage_KP34_k5,phage
TTAGT,24,Klebsiella_phage_KP34_k5,phage
GCTTT,33,Klebsiella_phage_KP34_k5,phage
CTTTA,25,Klebsiella_phage_KP34_k5,phage
TTTAC,16,Klebsiella_phage_KP34_k5,phage
TTACA,32,Klebsiella_phage_KP34_k5,phage
ACATT,28,Klebsiella_phage_KP34_k5,phage
CATTG,33,Klebsiella_phage_KP34_k5,phage
ATTGT,29,Klebsiella_phage_KP34_k5,phage
TTGTG,28,Klebsiella_phage_KP34_k5,phage
GCTGA,80,Klebsiella_phage_KP34_k5,phage
CTGAT,52,Klebsiella_phage_KP34_k5,phage
TGATT,59,Klebsiella_phage_KP34_k5,phage
GATTC,62,Klebsiella_phage_KP34_k5,phage
ATTCT,38,Klebsiella_phage_KP34_k5,phage
TCTAT,29,Klebsiella_phage_KP34_k5,phage
ATGCT,84,Klebsiella_phage_KP34_k5,phage
TGCTA,52,Klebsiella_phage_KP34_k5,phage
GCTAC,67,Klebsiella_phage_KP34_k5,phage
CTACG,81,Klebsiella_phage_KP34_k5,phage
TACGC,56,Klebsiella_phage_KP34_k5,phage
ACGCT,55,Klebsiella_phage_KP34_k5,phage
CTCCC,33,Klebsiella_phage_KP34_k5,phage
TCCCC,23,Klebsiella_phage_KP34_k5,phage
CCCAC,18,Klebsiella_phage_KP34_k5,phage
GCACA,66,Klebsiella_phage_KP34_k5,phage
CACAT,24,Klebsiella_phage_KP34_k5,phage
ACATC,54,Klebsiella_phage_KP34_k5,phage
CATCC,39,Klebsiella_phage_KP34_k5,phage
CCACC,32,Klebsiella_phage_KP34_k5,phage
CACCA,47,Klebsiella_phage_KP34_k5,phage
ACCAC,26,Klebsiella_phage_KP34_k5,phage
CCACA,20,Klebsiella_phage_KP34_k5,phage
CACAC,23,Klebsiella_phage_KP34_k5,phage
ACACC,46,Klebsiella_phage_KP34_k5,phage
CACCG,57,Klebsiella_phage_KP34_k5,phage
ACCGC,67,Klebsiella_phage_KP34_k5,phage
CCGCA,51,Klebsiella_phage_KP34_k5,phage
ACTAC,75,Klebsiella_phage_KP34_k5,phage
CTACC,55,Klebsiella_phage_KP34_k5,phage
ACCCG,52,Klebsiella_phage_KP34_k5,phage
CCCTT,19,Klebsiella_phage_KP34_k5,phage
CCTTT,14,Klebsiella_phage_KP34_k5,phage
CTTTG,45,Klebsiella_phage_KP34_k5,phage
ACCCC,27,Klebsiella_phage_KP34_k5,phage
CCCCT,19,Klebsiella_phage_KP34_k5,phage
TGCTC,64,Klebsiella_phage_KP34_k5,phage
CTCTT,14,Klebsiella_phage_KP34_k5,phage
TCTTA,12,Klebsiella_phage_KP34_k5,phage
CTTAC,28,Klebsiella_phage_KP34_k5,phage
TTACT,32,Klebsiella_phage_KP34_k5,phage
TACTT,37,Klebsiella_phage_KP34_k5,phage
ACTTT,31,Klebsiella_phage_KP34_k5,phage
CTTTC,18,Klebsiella_phage_KP34_k5,phage
TTTCA,15,Klebsiella_phage_KP34_k5,phage
TTCAT,28,Klebsiella_phage_KP34_k5,phage
TCATT,29,Klebsiella_phage_KP34_k5,phage
CATTC,30,Klebsiella_phage_KP34_k5,phage
ATTCG,35,Klebsiella_phage_KP34_k5,phage
TTCGA,41,Klebsiella_phage_KP34_k5,phage
TCGAA,20,Klebsiella_phage_KP34_k5,phage
CGAAA,11,Klebsiella_phage_KP34_k5,phage
GAAAG,37,Klebsiella_phage_KP34_k5,phage
AAAGC,48,Klebsiella_phage_KP34_k5,phage
AAGCT,63,Klebsiella_phage_KP34_k5,phage
AGCTA,48,Klebsiella_phage_KP34_k5,phage
GCTAA,72,Klebsiella_phage_KP34_k5,phage
CTAAT,32,Klebsiella_phage_KP34_k5,phage
TAATC,32,Klebsiella_phage_KP34_k5,phage
AATCT,30,Klebsiella_phage_KP34_k5,phage
ATCTG,41,Klebsiella_phage_KP34_k5,phage
TCTGA,41,Klebsiella_phage_KP34_k5,phage
TGAAA,29,Klebsiella_phage_KP34_k5,phage
GAAAT,28,Klebsiella_phage_KP34_k5,phage
AAATG,32,Klebsiella_phage_KP34_k5,phage
AATGA,29,Klebsiella_phage_KP34_k5,phage
ATGAT,28,Klebsiella_phage_KP34_k5,phage
TGATG,62,Klebsiella_phage_KP34_k5,phage
GATGT,50,Klebsiella_phage_KP34_k5,phage
ATGTT,22,Klebsiella_phage_KP34_k5,phage
TACAG,73,Klebsiella_phage_KP34_k5,phage
ACAGG,51,Klebsiella_phage_KP34_k5,phage
CAGGA,76,Klebsiella_phage_KP34_k5,phage
GGAGT,40,Klebsiella_phage_KP34_k5,phage
GAGTA,60,Klebsiella_phage_KP34_k5,phage
AGTAG,41,Klebsiella_phage_KP34_k5,phage
GTAGG,50,Klebsiella_phage_KP34_k5,phage
TAGGA,12,Klebsiella_phage_KP34_k5,phage
AGGGT,47,Klebsiella_phage_KP34_k5,phage
GGGTT,41,Klebsiella_phage_KP34_k5,phage
GGTTT,31,Klebsiella_phage_KP34_k5,phage
GTTTT,12,Klebsiella_phage_KP34_k5,phage
TTTTA,12,Klebsiella_phage_KP34_k5,phage
TTTAG,17,Klebsiella_phage_KP34_k5,phage
TTAGG,20,Klebsiella_phage_KP34_k5,phage
GGGCA,84,Klebsiella_phage_KP34_k5,phage
ACTAT,50,Klebsiella_phage_KP34_k5,phage
CTATA,38,Klebsiella_phage_KP34_k5,phage
TATAT,33,Klebsiella_phage_KP34_k5,phage
ATATA,13,Klebsiella_phage_KP34_k5,phage
TATAC,36,Klebsiella_phage_KP34_k5,phage
ATACA,29,Klebsiella_phage_KP34_k5,phage
TACAC,40,Klebsiella_phage_KP34_k5,phage
ACACT,42,Klebsiella_phage_KP34_k5,phage
TACTC,34,Klebsiella_phage_KP34_k5,phage
ACTCA,31,Klebsiella_phage_KP34_k5,phage
TCACT,33,Klebsiella_phage_KP34_k5,phage
ATGCA,80,Klebsiella_phage_KP34_k5,phage
TGCAC,78,Klebsiella_phage_KP34_k5,phage
CACTC,19,Klebsiella_phage_KP34_k5,phage
TAGTA,37,Klebsiella_phage_KP34_k5,phage
AGTAC,84,Klebsiella_phage_KP34_k5,phage
GTACC,74,Klebsiella_phage_KP34_k5,phage
TACCT,48,Klebsiella_phage_KP34_k5,phage
ACCTA,42,Klebsiella_phage_KP34_k5,phage
AGTAA,40,Klebsiella_phage_KP34_k5,phage
GTAAT,30,Klebsiella_phage_KP34_k5,phage
TAATG,40,Klebsiella_phage_KP34_k5,phage
AATGC,36,Klebsiella_phage_KP34_k5,phage
GCCCT,52,Klebsiella_phage_KP34_k5,phage
TGTAT,45,Klebsiella_phage_KP34_k5,phage
GTATG,63,Klebsiella_phage_KP34_k5,phage
TATGA,48,Klebsiella_phage_KP34_k5,phage
ATGAC,41,Klebsiella_phage_KP34_k5,phage
TGACT,43,Klebsiella_phage_KP34_k5,phage
GACTG,45,Klebsiella_phage_KP34_k5,phage
ACTGA,39,Klebsiella_phage_KP34_k5,phage
CTGAC,64,Klebsiella_phage_KP34_k5,phage
TGACC,39,Klebsiella_phage_KP34_k5,phage
GACCG,47,Klebsiella_phage_KP34_k5,phage
ACCGT,42,Klebsiella_phage_KP34_k5,phage
CCGTA,56,Klebsiella_phage_KP34_k5,phage
CGTAG,68,Klebsiella_phage_KP34_k5,phage
AGGGA,24,Klebsiella_phage_KP34_k5,phage
GGGAA,49,Klebsiella_phage_KP34_k5,phage
GGAAG,74,Klebsiella_phage_KP34_k5,phage
GAAGG,66,Klebsiella_phage_KP34_k5,phage
AGGAA,48,Klebsiella_phage_KP34_k5,phage
GAAGC,78,Klebsiella_phage_KP34_k5,phage
AAGCA,84,Klebsiella_phage_KP34_k5,phage
AGCAT,64,Klebsiella_phage_KP34_k5,phage
GCATT,37,Klebsiella_phage_KP34_k5,phage
CATTA,32,Klebsiella_phage_KP34_k5,phage
ATTAC,45,Klebsiella_phage_KP34_k5,phage
ACCCA,35,Klebsiella_phage_KP34_k5,phage
CCATT,16,Klebsiella_phage_KP34_k5,phage
ATTAA,43,Klebsiella_phage_KP34_k5,phage
TTAAC,42,Klebsiella_phage_KP34_k5,phage
TAACT,40,Klebsiella_phage_KP34_k5,phage
AACTA,44,Klebsiella_phage_KP34_k5,phage
TAGCC,31,Klebsiella_phage_KP34_k5,phage
AGCCT,47,Klebsiella_phage_KP34_k5,phage
CTCAT,17,Klebsiella_phage_KP34_k5,phage
TCATA,16,Klebsiella_phage_KP34_k5,phage
ATAGC,25,Klebsiella_phage_KP34_k5,phage
TAGCT,37,Klebsiella_phage_KP34_k5,phage
AGCTT,45,Klebsiella_phage_KP34_k5,phage
CTTAA,24,Klebsiella_phage_KP34_k5,phage
TAACC,30,Klebsiella_phage_KP34_k5,phage
AACCG,35,Klebsiella_phage_KP34_k5,phage
CCGCT,65,Klebsiella_phage_KP34_k5,phage
TCCCA,28,Klebsiella_phage_KP34_k5,phage
ACAGC,67,Klebsiella_phage_KP34_k5,phage
CAGCT,82,Klebsiella_phage_KP34_k5,phage
TTACG,33,Klebsiella_phage_KP34_k5,phage
ATGGT,43,Klebsiella_phage_KP34_k5,phage
TGGTC,25,Klebsiella_phage_KP34_k5,phage
GGTCG,20,Klebsiella_phage_KP34_k5,phage
GTCGC,21,Klebsiella_phage_KP34_k5,phage
GCTGG,137,Klebsiella_phage_KP34_k5,phage
ATGAG,51,Klebsiella_phage_KP34_k5,phage
TGAGT,54,Klebsiella_phage_KP34_k5,phage
GAGTC,23,Klebsiella_phage_KP34_k5,phage
AGTCT,31,Klebsiella_phage_KP34_k5,phage
GTCTA,32,Klebsiella_phage_KP34_k5,phage
TATGT,30,Klebsiella_phage_KP34_k5,phage
ATGTA,43,Klebsiella_phage_KP34_k5,phage
GTAGC,60,Klebsiella_phage_KP34_k5,phage
TAGCA,49,Klebsiella_phage_KP34_k5,phage
GAGCT,50,Klebsiella_phage_KP34_k5,phage
CTCTA,25,Klebsiella_phage_KP34_k5,phage
TGTTG,23,Klebsiella_phage_KP34_k5,phage
GTTGG,39,Klebsiella_phage_KP34_k5,phage
TTGGC,33,Klebsiella_phage_KP34_k5,phage
TCTAA,27,Klebsiella_phage_KP34_k5,phage
CTAAG,61,Klebsiella_phage_KP34_k5,phage
TAAGT,33,Klebsiella_phage_KP34_k5,phage
AAGTA,52,Klebsiella_phage_KP34_k5,phage
AGTAT,57,Klebsiella_phage_KP34_k5,phage
GTATT,44,Klebsiella_phage_KP34_k5,phage
ATTTG,22,Klebsiella_phage_KP34_k5,phage
CTGCT,98,Klebsiella_phage_KP34_k5,phage
CTTTT,6,Klebsiella_phage_KP34_k5,phage
TTTTT,10,Klebsiella_phage_KP34_k5,phage
CCCAG,64,Klebsiella_phage_KP34_k5,phage
CCAGT,33,Klebsiella_phage_KP34_k5,phage
AGTGA,22,Klebsiella_phage_KP34_k5,phage
GATAA,39,Klebsiella_phage_KP34_k5,phage
AAAAA,10,Klebsiella_phage_KP34_k5,phage
AAAGT,27,Klebsiella_phage_KP34_k5,phage
AAGTT,34,Klebsiella_phage_KP34_k5,phage
AGTTG,26,Klebsiella_phage_KP34_k5,phage
GTTGA,33,Klebsiella_phage_KP34_k5,phage
TTGAA,31,Klebsiella_phage_KP34_k5,phage
GAAAA,16,Klebsiella_phage_KP34_k5,phage
AAAAT,15,Klebsiella_phage_KP34_k5,phage
AAATA,19,Klebsiella_phage_KP34_k5,phage
AATAG,18,Klebsiella_phage_KP34_k5,phage
ACTTG,32,Klebsiella_phage_KP34_k5,phage
GCTTC,45,Klebsiella_phage_KP34_k5,phage
CTTCT,34,Klebsiella_phage_KP34_k5,phage
TTCTT,33,Klebsiella_phage_KP34_k5,phage
TCTTT,16,Klebsiella_phage_KP34_k5,phage
TTTGG,22,Klebsiella_phage_KP34_k5,phage
TTGGT,38,Klebsiella_phage_KP34_k5,phage
TGGTT,63,Klebsiella_phage_KP34_k5,phage
GGTTC,48,Klebsiella_phage_KP34_k5,phage
GTTCA,53,Klebsiella_phage_KP34_k5,phage
TTCAA,36,Klebsiella_phage_KP34_k5,phage
TCAAT,19,Klebsiella_phage_KP34_k5,phage
CAATG,32,Klebsiella_phage_KP34_k5,phage
TATAG,17,Klebsiella_phage_KP34_k5,phage
TAGTT,13,Klebsiella_phage_KP34_k5,phage
AGTTC,52,Klebsiella_phage_KP34_k5,phage
CAATC,40,Klebsiella_phage_KP34_k5,phage
AATCA,39,Klebsiella_phage_KP34_k5,phage
ATCAC,25,Klebsiella_phage_KP34_k5,phage
ACCGG,56,Klebsiella_phage_KP34_k5,phage
CCGGG,65,Klebsiella_phage_KP34_k5,phage
CGGGA,52,Klebsiella_phage_KP34_k5,phage
GGGAG,50,Klebsiella_phage_KP34_k5,phage
GAGGC,58,Klebsiella_phage_KP34_k5,phage
AGGCA,51,Klebsiella_phage_KP34_k5,phage
CTGAG,62,Klebsiella_phage_KP34_k5,phage
TGAGG,52,Klebsiella_phage_KP34_k5,phage
AGGCG,63,Klebsiella_phage_KP34_k5,phage
CTAAC,44,Klebsiella_phage_KP34_k5,phage
GTCGA,16,Klebsiella_phage_KP34_k5,phage
TCGAG,31,Klebsiella_phage_KP34_k5,phage
CGAGC,42,Klebsiella_phage_KP34_k5,phage
GAGCC,28,Klebsiella_phage_KP34_k5,phage
AGCCG,49,Klebsiella_phage_KP34_k5,phage
GCCGG,56,Klebsiella_phage_KP34_k5,phage
CTCCG,39,Klebsiella_phage_KP34_k5,phage
TCCGC,44,Klebsiella_phage_KP34_k5,phage
CCGCC,63,Klebsiella_phage_KP34_k5,phage
CGCCG,70,Klebsiella_phage_KP34_k5,phage
CCGGA,54,Klebsiella_phage_KP34_k5,phage
CGGAT,38,Klebsiella_phage_KP34_k5,phage
GGATT,53,Klebsiella_phage_KP34_k5,phage
GATTA,60,Klebsiella_phage_KP34_k5,phage
TTAAA,38,Klebsiella_phage_KP34_k5,phage
TAAAG,37,Klebsiella_phage_KP34_k5,phage
TAGAT,18,Klebsiella_phage_KP34_k5,phage
AGATA,26,Klebsiella_phage_KP34_k5,phage
GATAG,19,Klebsiella_phage_KP34_k5,phage
TGTGA,24,Klebsiella_phage_KP34_k5,phage
GTGAA,30,Klebsiella_phage_KP34_k5,phage
TGAAG,49,Klebsiella_phage_KP34_k5,phage
AAGGG,54,Klebsiella_phage_KP34_k5,phage
GGTTA,53,Klebsiella_phage_KP34_k5,phage
GTTAG,24,Klebsiella_phage_KP34_k5,phage
TTAGA,18,Klebsiella_phage_KP34_k5,phage
GATAC,50,Klebsiella_phage_KP34_k5,phage
ATACT,43,Klebsiella_phage_KP34_k5,phage
ACTCG,20,Klebsiella_phage_KP34_k5,phage
CTCGA,18,Klebsiella_phage_KP34_k5,phage
TCGAT,17,Klebsiella_phage_KP34_k5,phage
CGATA,32,Klebsiella_phage_KP34_k5,phage
AAAGA,47,Klebsiella_phage_KP34_k5,phage
AAGAG,67,Klebsiella_phage_KP34_k5,phage
AGAGT,42,Klebsiella_phage_KP34_k5,phage
GAGTT,48,Klebsiella_phage_KP34_k5,phage
TTGAC,35,Klebsiella_phage_KP34_k5,phage
TGACA,29,Klebsiella_phage_KP34_k5,phage
GACAC,42,Klebsiella_phage_KP34_k5,phage
CCGCG,55,Klebsiella_phage_KP34_k5,phage
CGCGA,28,Klebsiella_phage_KP34_k5,phage
GCGAA,34,Klebsiella_phage_KP34_k5,phage
CGAAG,56,Klebsiella_phage_KP34_k5,phage
GAAGA,69,Klebsiella_phage_KP34_k5,phage
AAGAA,71,Klebsiella_phage_KP34_k5,phage
AGAAC,60,Klebsiella_phage_KP34_k5,phage
GAACA,53,Klebsiella_phage_KP34_k5,phage
AACAT,53,Klebsiella_phage_KP34_k5,phage
ATAAG,30,Klebsiella_phage_KP34_k5,phage
TAAGC,59,Klebsiella_phage_KP34_k5,phage
AGATT,60,Klebsiella_phage_KP34_k5,phage
GATTG,61,Klebsiella_phage_KP34_k5,phage
ATTGA,55,Klebsiella_phage_KP34_k5,phage
TGAAT,22,Klebsiella_phage_KP34_k5,phage
GAATC,35,Klebsiella_phage_KP34_k5,phage
AATCC,38,Klebsiella_phage_KP34_k5,phage
TCCAA,24,Klebsiella_phage_KP34_k5,phage
CCAAG,63,Klebsiella_phage_KP34_k5,phage
CAAGC,71,Klebsiella_phage_KP34_k5,phage
AGCAG,129,Klebsiella_phage_KP34_k5,phage
GCAGT,81,Klebsiella_phage_KP34_k5,phage
CAGTA,73,Klebsiella_phage_KP34_k5,phage
GTAAG,55,Klebsiella_phage_KP34_k5,phage
AGCTG,102,Klebsiella_phage_KP34_k5,phage
CTGGT,103,Klebsiella_phage_KP34_k5,phage
GTTTG,23,Klebsiella_phage_KP34_k5,phage
TGCGG,54,Klebsiella_phage_KP34_k5,phage
GGGGA,59,Klebsiella_phage_KP34_k5,phage
AGGCC,38,Klebsiella_phage_KP34_k5,phage
GGCCC,37,Klebsiella_phage_KP34_k5,phage
ACCTT,29,Klebsiella_phage_KP34_k5,phage
TAAAT,27,Klebsiella_phage_KP34_k5,phage
AATGG,47,Klebsiella_phage_KP34_k5,phage
TGGTA,63,Klebsiella_phage_KP34_k5,phage
GGTAC,65,Klebsiella_phage_KP34_k5,phage
GTACG,82,Klebsiella_phage_KP34_k5,phage
TACGA,57,Klebsiella_phage_KP34_k5,phage
ACGAT,50,Klebsiella_phage_KP34_k5,phage
CGATG,54,Klebsiella_phage_KP34_k5,phage
GATGA,66,Klebsiella_phage_KP34_k5,phage
TGACG,60,Klebsiella_phage_KP34_k5,phage
GACGA,47,Klebsiella_phage_KP34_k5,phage
ACGAC,49,Klebsiella_phage_KP34_k5,phage
CGACC,35,Klebsiella_phage_KP34_k5,phage
GACCA,46,Klebsiella_phage_KP34_k5,phage
ACCAA,58,Klebsiella_phage_KP34_k5,phage
AAGCC,43,Klebsiella_phage_KP34_k5,phage
CAGTC,34,Klebsiella_phage_KP34_k5,phage
AGTCA,19,Klebsiella_phage_KP34_k5,phage
GTCAG,33,Klebsiella_phage_KP34_k5,phage
CAGCC,48,Klebsiella_phage_KP34_k5,phage
AGCCA,22,Klebsiella_phage_KP34_k5,phage
GCCAA,39,Klebsiella_phage_KP34_k5,phage
CCAAA,25,Klebsiella_phage_KP34_k5,phage
CAAAA,22,Klebsiella_phage_KP34_k5,phage
GCAGG,110,Klebsiella_phage_KP34_k5,phage
AGGAC,51,Klebsiella_phage_KP34_k5,phage
GGACC,72,Klebsiella_phage_KP34_k5,phage
CGCAA,60,Klebsiella_phage_KP34_k5,phage
GCAAC,72,Klebsiella_phage_KP34_k5,phage
CAACG,61,Klebsiella_phage_KP34_k5,phage
AACGG,44,Klebsiella_phage_KP34_k5,phage
ACGGA,40,Klebsiella_phage_KP34_k5,phage
CGGAG,60,Klebsiella_phage_KP34_k5,phage
GGAGC,66,Klebsiella_phage_KP34_k5,phage
GCCGT,42,Klebsiella_phage_KP34_k5,phage
AGAGG,56,Klebsiella_phage_KP34_k5,phage
TAACA,39,Klebsiella_phage_KP34_k5,phage
AACAA,67,Klebsiella_phage_KP34_k5,phage
ACAAG,74,Klebsiella_phage_KP34_k5,phage
GCCGA,37,Klebsiella_phage_KP34_k5,phage
CCGAA,32,Klebsiella_phage_KP34_k5,phage
CGAAC,31,Klebsiella_phage_KP34_k5,phage
AACAC,40,Klebsiella_phage_KP34_k5,phage
TACCG,53,Klebsiella_phage_KP34_k5,phage
TGAGA,31,Klebsiella_phage_KP34_k5,phage
GAGAC,42,Klebsiella_phage_KP34_k5,phage
AGACA,34,Klebsiella_phage_KP34_k5,phage
CCCGT,28,Klebsiella_phage_KP34_k5,phage
CGTAA,49,Klebsiella_phage_KP34_k5,phage
GTAAA,39,Klebsiella_phage_KP34_k5,phage
AGAAT,43,Klebsiella_phage_KP34_k5,phage
GAATA,20,Klebsiella_phage_KP34_k5,phage
TGTCG,27,Klebsiella_phage_KP34_k5,phage
CGAGA,38,Klebsiella_phage_KP34_k5,phage
AGACC,61,Klebsiella_phage_KP34_k5,phage
GACCT,65,Klebsiella_phage_KP34_k5,phage
ACCTG,102,Klebsiella_phage_KP34_k5,phage
GAACC,39,Klebsiella_phage_KP34_k5,phage
AACCA,24,Klebsiella_phage_KP34_k5,phage
CAGGT,48,Klebsiella_phage_KP34_k5,phage
AGGTT,46,Klebsiella_phage_KP34_k5,phage
GTTCC,37,Klebsiella_phage_KP34_k5,phage
TTCCA,34,Klebsiella_phage_KP34_k5,phage
CCACG,19,Klebsiella_phage_KP34_k5,phage
CGGTA,64,Klebsiella_phage_KP34_k5,phage
GGTAG,47,Klebsiella_phage_KP34_k5,phage
GGGTA,68,Klebsiella_phage_KP34_k5,phage
GGTAA,57,Klebsiella_phage_KP34_k5,phage
GTAAC,37,Klebsiella_phage_KP34_k5,phage
CAAGG,85,Klebsiella_phage_KP34_k5,phage
AAGGT,46,Klebsiella_phage_KP34_k5,phage
GTTAA,45,Klebsiella_phage_KP34_k5,phage
TTAAG,29,Klebsiella_phage_KP34_k5,phage
TAAGA,36,Klebsiella_phage_KP34_k5,phage
AAGAC,51,Klebsiella_phage_KP34_k5,phage
AGACT,40,Klebsiella_phage_KP34_k5,phage
GACTA,40,Klebsiella_phage_KP34_k5,phage
ACTAA,43,Klebsiella_phage_KP34_k5,phage
AAGCG,66,Klebsiella_phage_KP34_k5,phage
AGCGT,66,Klebsiella_phage_KP34_k5,phage
GCGTC,38,Klebsiella_phage_KP34_k5,phage
CGTCA,33,Klebsiella_phage_KP34_k5,phage
GTCAT,15,Klebsiella_phage_KP34_k5,phage
TCATC,19,Klebsiella_phage_KP34_k5,phage
ATCCG,42,Klebsiella_phage_KP34_k5,phage
TCCGT,30,Klebsiella_phage_KP34_k5,phage
CCGTG,47,Klebsiella_phage_KP34_k5,phage
CGTGC,56,Klebsiella_phage_KP34_k5,phage
CTGGG,116,Klebsiella_phage_KP34_k5,phage
TGGGG,57,Klebsiella_phage_KP34_k5,phage
GGCAG,102,Klebsiella_phage_KP34_k5,phage
GCGGT,36,Klebsiella_phage_KP34_k5,phage
TGCCA,42,Klebsiella_phage_KP34_k5,phage
GCCAC,37,Klebsiella_phage_KP34_k5,phage
CACCT,64,Klebsiella_phage_KP34_k5,phage
TACGG,70,Klebsiella_phage_KP34_k5,phage
ACGGG,59,Klebsiella_phage_KP34_k5,phage
GGCAA,56,Klebsiella_phage_KP34_k5,phage
GCAAA,45,Klebsiella_phage_KP34_k5,phage
CAAAT,14,Klebsiella_phage_KP34_k5,phage
TGGCG,53,Klebsiella_phage_KP34_k5,phage
CGCTT,33,Klebsiella_phage_KP34_k5,phage
AACTT,26,Klebsiella_phage_KP34_k5,phage
TTTGA,36,Klebsiella_phage_KP34_k5,phage
TTGAG,52,Klebsiella_phage_KP34_k5,phage
ACACA,38,Klebsiella_phage_KP34_k5,phage
CACAA,33,Klebsiella_phage_KP34_k5,phage
ACAAT,32,Klebsiella_phage_KP34_k5,phage
ATGAA,45,Klebsiella_phage_KP34_k5,phage
AATAT,22,Klebsiella_phage_KP34_k5,phage
ATCGT,13,Klebsiella_phage_KP34_k5,phage
TCGTG,30,Klebsiella_phage_KP34_k5,phage
CGTGA,34,Klebsiella_phage_KP34_k5,phage
GTGAG,29,Klebsiella_phage_KP34_k5,phage
GAGAA,59,Klebsiella_phage_KP34_k5,phage
AGAAG,86,Klebsiella_phage_KP34_k5,phage
GAAGT,52,Klebsiella_phage_KP34_k5,phage
AGTTA,38,Klebsiella_phage_KP34_k5,phage
TTAGC,33,Klebsiella_phage_KP34_k5,phage
CAACA,62,Klebsiella_phage_KP34_k5,phage
AATTC,22,Klebsiella_phage_KP34_k5,phage
TTCGC,33,Klebsiella_phage_KP34_k5,phage
GGCTG,82,Klebsiella_phage_KP34_k5,phage
CTGGA,122,Klebsiella_phage_KP34_k5,phage
TGGAG,69,Klebsiella_phage_KP34_k5,phage
GGAGA,84,Klebsiella_phage_KP34_k5,phage
GTTAT,29,Klebsiella_phage_KP34_k5,phage
TTATC,31,Klebsiella_phage_KP34_k5,phage
TCCGG,48,Klebsiella_phage_KP34_k5,phage
CGGTT,34,Klebsiella_phage_KP34_k5,phage
GTTCG,39,Klebsiella_phage_KP34_k5,phage
TTCGG,33,Klebsiella_phage_KP34_k5,phage
TCGGA,27,Klebsiella_phage_KP34_k5,phage
AGAAA,44,Klebsiella_phage_KP34_k5,phage
GGGAT,36,Klebsiella_phage_KP34_k5,phage
GGATG,75,Klebsiella_phage_KP34_k5,phage
GATGC,86,Klebsiella_phage_KP34_k5,phage
CGCAG,94,Klebsiella_phage_KP34_k5,phage
CAGGG,58,Klebsiella_phage_KP34_k5,phage
GGTAT,82,Klebsiella_phage_KP34_k5,phage
GTATA,43,Klebsiella_phage_KP34_k5,phage
ATATG,48,Klebsiella_phage_KP34_k5,phage
ATGCG,42,Klebsiella_phage_KP34_k5,phage
GCGGA,60,Klebsiella_phage_KP34_k5,phage
AGTCC,30,Klebsiella_phage_KP34_k5,phage
GTCCG,24,Klebsiella_phage_KP34_k5,phage
CTGCA,91,Klebsiella_phage_KP34_k5,phage
TGCAT,27,Klebsiella_phage_KP34_k5,phage
ATTCA,39,Klebsiella_phage_KP34_k5,phage
TTCAG,33,Klebsiella_phage_KP34_k5,phage
TCAGT,35,Klebsiella_phage_KP34_k5,phage
ACGAA,22,Klebsiella_phage_KP34_k5,phage
CGAAT,10,Klebsiella_phage_KP34_k5,phage
GAATG,28,Klebsiella_phage_KP34_k5,phage
AATGT,20,Klebsiella_phage_KP34_k5,phage
TGTAC,66,Klebsiella_phage_KP34_k5,phage
TACGT,45,Klebsiella_phage_KP34_k5,phage
ACGTG,34,Klebsiella_phage_KP34_k5,phage
GTGGT,66,Klebsiella_phage_KP34_k5,phage
AAAAC,31,Klebsiella_phage_KP34_k5,phage
AAACA,36,Klebsiella_phage_KP34_k5,phage
AGCAA,74,Klebsiella_phage_KP34_k5,phage
GCAAG,83,Klebsiella_phage_KP34_k5,phage
AGGTC,17,Klebsiella_phage_KP34_k5,phage
GGTCC,14,Klebsiella_phage_KP34_k5,phage
GTCCC,16,Klebsiella_phage_KP34_k5,phage
GGTTG,52,Klebsiella_phage_KP34_k5,phage
TGCCG,58,Klebsiella_phage_KP34_k5,phage
CGGAC,51,Klebsiella_phage_KP34_k5,phage
GGACA,63,Klebsiella_phage_KP34_k5,phage
GACAG,47,Klebsiella_phage_KP34_k5,phage
CAGTT,41,Klebsiella_phage_KP34_k5,phage
TAATT,21,Klebsiella_phage_KP34_k5,phage
AATTA,20,Klebsiella_phage_KP34_k5,phage
GCATC,45,Klebsiella_phage_KP34_k5,phage
ATGTG,27,Klebsiella_phage_KP34_k5,phage
CCTAA,31,Klebsiella_phage_KP34_k5,phage
CTAAA,36,Klebsiella_phage_KP34_k5,phage
TAAAC,47,Klebsiella_phage_KP34_k5,phage
ACAAC,60,Klebsiella_phage_KP34_k5,phage
CAACC,42,Klebsiella_phage_KP34_k5,phage
CCAAC,34,Klebsiella_phage_KP34_k5,phage
AACGA,44,Klebsiella_phage_KP34_k5,phage
ACGAG,55,Klebsiella_phage_KP34_k5,phage
CGAGG,53,Klebsiella_phage_KP34_k5,phage
GAGGT,59,Klebsiella_phage_KP34_k5,phage
AGGTG,63,Klebsiella_phage_KP34_k5,phage
TCATG,22,Klebsiella_phage_KP34_k5,phage
CATGA,22,Klebsiella_phage_KP34_k5,phage
GACTC,32,Klebsiella_phage_KP34_k5,phage
TCAAC,34,Klebsiella_phage_KP34_k5,phage
CAACT,35,Klebsiella_phage_KP34_k5,phage
AACTG,50,Klebsiella_phage_KP34_k5,phage
TATTC,33,Klebsiella_phage_KP34_k5,phage
TCAAA,22,Klebsiella_phage_KP34_k5,phage
CAAAC,22,Klebsiella_phage_KP34_k5,phage
AAACT,40,Klebsiella_phage_KP34_k5,phage
AACTC,41,Klebsiella_phage_KP34_k5,phage
GCCGC,88,Klebsiella_phage_KP34_k5,phage
CAAAG,57,Klebsiella_phage_KP34_k5,phage
GGCGA,50,Klebsiella_phage_KP34_k5,phage
GCGAC,35,Klebsiella_phage_KP34_k5,phage
CGACG,43,Klebsiella_phage_KP34_k5,phage
GACGT,50,Klebsiella_phage_KP34_k5,phage
ACGTA,71,Klebsiella_phage_KP34_k5,phage
GTGGA,67,Klebsiella_phage_KP34_k5,phage
TGGAA,53,Klebsiella_phage_KP34_k5,phage
CATCA,37,Klebsiella_phage_KP34_k5,phage
TATCA,56,Klebsiella_phage_KP34_k5,phage
ATCAG,38,Klebsiella_phage_KP34_k5,phage
CTGTT,50,Klebsiella_phage_KP34_k5,phage
TGTTT,16,Klebsiella_phage_KP34_k5,phage
GTTTC,21,Klebsiella_phage_KP34_k5,phage
TTCAC,37,Klebsiella_phage_KP34_k5,phage
TCACG,25,Klebsiella_phage_KP34_k5,phage
CGGTC,14,Klebsiella_phage_KP34_k5,phage
GGTCT,23,Klebsiella_phage_KP34_k5,phage
GTCTG,58,Klebsiella_phage_KP34_k5,phage
TCTGG,77,Klebsiella_phage_KP34_k5,phage
AACGT,54,Klebsiella_phage_KP34_k5,phage
ACGTT,31,Klebsiella_phage_KP34_k5,phage
CGTTT,22,Klebsiella_phage_KP34_k5,phage
TTTCC,15,Klebsiella_phage_KP34_k5,phage
TTCCT,27,Klebsiella_phage_KP34_k5,phage
CCTGG,103,Klebsiella_phage_KP34_k5,phage
GGATA,62,Klebsiella_phage_KP34_k5,phage
AGCGA,37,Klebsiella_phage_KP34_k5,phage
GACGC,67,Klebsiella_phage_KP34_k5,phage
ACGCC,46,Klebsiella_phage_KP34_k5,phage
GACTT,53,Klebsiella_phage_KP34_k5,phage
ACTTC,46,Klebsiella_phage_KP34_k5,phage
CTTCG,55,Klebsiella_phage_KP34_k5,phage
TGGTG,99,Klebsiella_phage_KP34_k5,phage
GTTGC,31,Klebsiella_phage_KP34_k5,phage
ATCAA,45,Klebsiella_phage_KP34_k5,phage
TCAAG,62,Klebsiella_phage_KP34_k5,phage
CAAGT,47,Klebsiella_phage_KP34_k5,phage
AGTTT,20,Klebsiella_phage_KP34_k5,phage
GTTTA,33,Klebsiella_phage_KP34_k5,phage
TTTAA,34,Klebsiella_phage_KP34_k5,phage
CCGGC,50,Klebsiella_phage_KP34_k5,phage
CGGCA,66,Klebsiella_phage_KP34_k5,phage
GAATT,20,Klebsiella_phage_KP34_k5,phage
AAGTG,46,Klebsiella_phage_KP34_k5,phage
CGTCT,31,Klebsiella_phage_KP34_k5,phage
GGCAT,38,Klebsiella_phage_KP34_k5,phage
CATCG,34,Klebsiella_phage_KP34_k5,phage
ATCGA,27,Klebsiella_phage_KP34_k5,phage
GAACT,46,Klebsiella_phage_KP34_k5,phage
TGGAT,68,Klebsiella_phage_KP34_k5,phage
TGGAC,101,Klebsiella_phage_KP34_k5,phage
GGACT,59,Klebsiella_phage_KP34_k5,phage
TATAA,28,Klebsiella_phage_KP34_k5,phage
GACAA,45,Klebsiella_phage_KP34_k5,phage
GGCCG,46,Klebsiella_phage_KP34_k5,phage
TTGTA,28,Klebsiella_phage_KP34_k5,phage
GCCAG,45,Klebsiella_phage_KP34_k5,phage
CCAGC,70,Klebsiella_phage_KP34_k5,phage
AGCTC,37,Klebsiella_phage_KP34_k5,phage
TGGCC,37,Klebsiella_phage_KP34_k5,phage
GAGCA,101,Klebsiella_phage_KP34_k5,phage
ACGCA,73,Klebsiella_phage_KP34_k5,phage
CCGAT,24,Klebsiella_phage_KP34_k5,phage
GCTTG,47,Klebsiella_phage_KP34_k5,phage
TTGCA,37,Klebsiella_phage_KP34_k5,phage
TGCAA,45,Klebsiella_phage_KP34_k5,phage
CGTTA,25,Klebsiella_phage_KP34_k5,phage
AAACG,40,Klebsiella_phage_KP34_k5,phage
CGCCA,49,Klebsiella_phage_KP34_k5,phage
CCATC,15,Klebsiella_phage_KP34_k5,phage
CAAGA,79,Klebsiella_phage_KP34_k5,phage
AAGGC,67,Klebsiella_phage_KP34_k5,phage
AGAGA,47,Klebsiella_phage_KP34_k5,phage
GGTGT,51,Klebsiella_phage_KP34_k5,phage
GTGTA,48,Klebsiella_phage_KP34_k5,phage
TGTAA,15,Klebsiella_phage_KP34_k5,phage
GCGAT,29,Klebsiella_phage_KP34_k5,phage
TGTCT,30,Klebsiella_phage_KP34_k5,phage
GTATC,83,Klebsiella_phage_KP34_k5,phage
TCGCA,26,Klebsiella_phage_KP34_k5,phage
GGCGT,59,Klebsiella_phage_KP34_k5,phage
GGACG,67,Klebsiella_phage_KP34_k5,phage
TACTG,72,Klebsiella_phage_KP34_k5,phage
GCATG,50,Klebsiella_phage_KP34_k5,phage
GATTT,21,Klebsiella_phage_KP34_k5,phage
ATTTA,19,Klebsiella_phage_KP34_k5,phage
TTTAT,22,Klebsiella_phage_KP34_k5,phage
TTATA,20,Klebsiella_phage_KP34_k5,phage
AAGTC,27,Klebsiella_phage_KP34_k5,phage
TCCCG,35,Klebsiella_phage_KP34_k5,phage
GCGGC,72,Klebsiella_phage_KP34_k5,phage
CGGCC,29,Klebsiella_phage_KP34_k5,phage
CCGAC,29,Klebsiella_phage_KP34_k5,phage
CCTTC,37,Klebsiella_phage_KP34_k5,phage
TCGAC,34,Klebsiella_phage_KP34_k5,phage
CGACA,41,Klebsiella_phage_KP34_k5,phage
ACAGA,36,Klebsiella_phage_KP34_k5,phage
CAGAT,39,Klebsiella_phage_KP34_k5,phage
ATACC,29,Klebsiella_phage_KP34_k5,phage
CCCGC,35,Klebsiella_phage_KP34_k5,phage
AGCCC,32,Klebsiella_phage_KP34_k5,phage
CTTGG,53,Klebsiella_phage_KP34_k5,phage
TTGGG,34,Klebsiella_phage_KP34_k5,phage
GGGAC,58,Klebsiella_phage_KP34_k5,phage
CGTAT,49,Klebsiella_phage_KP34_k5,phage
ATTTC,12,Klebsiella_phage_KP34_k5,phage
TTTCT,15,Klebsiella_phage_KP34_k5,phage
TTCTC,17,Klebsiella_phage_KP34_k5,phage
TCTCA,21,Klebsiella_phage_KP34_k5,phage
GCGAG,32,Klebsiella_phage_KP34_k5,phage
CGAGT,23,Klebsiella_phage_KP34_k5,phage
GCAAT,35,Klebsiella_phage_KP34_k5,phage
ATCAT,26,Klebsiella_phage_KP34_k5,phage
CATGC,48,Klebsiella_phage_KP34_k5,phage
ACAAA,23,Klebsiella_phage_KP34_k5,phage
GAGAG,44,Klebsiella_phage_KP34_k5,phage
CATAC,21,Klebsiella_phage_KP34_k5,phage
ACGTC,34,Klebsiella_phage_KP34_k5,phage
CGTCG,22,Klebsiella_phage_KP34_k5,phage
GTCGT,21,Klebsiella_phage_KP34_k5,phage
AAACC,23,Klebsiella_phage_KP34_k5,phage
AACCC,35,Klebsiella_phage_KP34_k5,phage
CCAGA,63,Klebsiella_phage_KP34_k5,phage
CAGAA,84,Klebsiella_phage_KP34_k5,phage
CGTCC,15,Klebsiella_phage_KP34_k5,phage
GGCTT,46,Klebsiella_phage_KP34_k5,phage
CTTGA,35,Klebsiella_phage_KP34_k5,phage
TTGAT,41,Klebsiella_phage_KP34_k5,phage
TGAGC,57,Klebsiella_phage_KP34_k5,phage
CGACT,28,Klebsiella_phage_KP34_k5,phage
CTATT,34,Klebsiella_phage_KP34_k5,phage
TCGCG,23,Klebsiella_phage_KP34_k5,phage
ATCGG,23,Klebsiella_phage_KP34_k5,phage
TCGGT,32,Klebsiella_phage_KP34_k5,phage
ATGGG,46,Klebsiella_phage_KP34_k5,phage
CATAT,13,Klebsiella_phage_KP34_k5,phage
CAATA,21,Klebsiella_phage_KP34_k5,phage
AATAC,26,Klebsiella_phage_KP34_k5,phage
CCATG,18,Klebsiella_phage_KP34_k5,phage
TTATG,45,Klebsiella_phage_KP34_k5,phage
GAAAC,39,Klebsiella_phage_KP34_k5,phage
ACATG,41,Klebsiella_phage_KP34_k5,phage
CATGG,41,Klebsiella_phage_KP34_k5,phage
ATGGA,56,Klebsiella_phage_KP34_k5,phage
ATATT,25,Klebsiella_phage_KP34_k5,phage
TATTA,34,Klebsiella_phage_KP34_k5,phage
ACCAT,15,Klebsiella_phage_KP34_k5,phage
CATTT,15,Klebsiella_phage_KP34_k5,phage
ACCGA,27,Klebsiella_phage_KP34_k5,phage
TATTG,42,Klebsiella_phage_KP34_k5,phage
GCCCG,34,Klebsiella_phage_KP34_k5,phage
ACTGT,40,Klebsiella_phage_KP34_k5,phage
ATCTT,19,Klebsiella_phage_KP34_k5,phage
TCTTG,23,Klebsiella_phage_KP34_k5,phage
ATTAT,23,Klebsiella_phage_KP34_k5,phage
TTAAT,37,Klebsiella_phage_KP34_k5,phage
GTGAC,31,Klebsiella_phage_KP34_k5,phage
ACCAG,64,Klebsiella_phage_KP34_k5,phage
CGGCG,62,Klebsiella_phage_KP34_k5,phage
GGAAC,44,Klebsiella_phage_KP34_k5,phage
ACCTC,44,Klebsiella_phage_KP34_k5,phage
CCTCT,32,Klebsiella_phage_KP34_k5,phage
GAGGA,66,Klebsiella_phage_KP34_k5,phage
AGGAT,49,Klebsiella_phage_KP34_k5,phage
GGATC,1,Klebsiella_phage_KP34_k5,phage
GATCC,1,Klebsiella_phage_KP34_k5,phage
CCCGA,35,Klebsiella_phage_KP34_k5,phage
CCGAG,38,Klebsiella_phage_KP34_k5,phage
TAGGT,29,Klebsiella_phage_KP34_k5,phage
TAACG,40,Klebsiella_phage_KP34_k5,phage
GCTCA,49,Klebsiella_phage_KP34_k5,phage
GTAGA,51,Klebsiella_phage_KP34_k5,phage
TAGAC,33,Klebsiella_phage_KP34_k5,phage
AGACG,38,Klebsiella_phage_KP34_k5,phage
GACGG,44,Klebsiella_phage_KP34_k5,phage
AGGTA,56,Klebsiella_phage_KP34_k5,phage
CGGAA,32,Klebsiella_phage_KP34_k5,phage
GGAAA,36,Klebsiella_phage_KP34_k5,phage
AATCG,19,Klebsiella_phage_KP34_k5,phage
TACAA,44,Klebsiella_phage_KP34_k5,phage
ACTCT,33,Klebsiella_phage_KP34_k5,phage
CGCGG,55,Klebsiella_phage_KP34_k5,phage
CGGCT,49,Klebsiella_phage_KP34_k5,phage
CTGTC,27,Klebsiella_phage_KP34_k5,phage
CGTGT,27,Klebsiella_phage_KP34_k5,phage
AATAA,19,Klebsiella_phage_KP34_k5,phage
AACCT,40,Klebsiella_phage_KP34_k5,phage
GAGTG,28,Klebsiella_phage_KP34_k5,phage
GCACC,82,Klebsiella_phage_KP34_k5,phage
TACCA,46,Klebsiella_phage_KP34_k5,phage
AGATG,67,Klebsiella_phage_KP34_k5,phage
CTACA,43,Klebsiella_phage_KP34_k5,phage
ACACG,19,Klebsiella_phage_KP34_k5,phage
CACGC,34,Klebsiella_phage_KP34_k5,phage
CACGT,21,Klebsiella_phage_KP34_k5,phage
ATTCC,35,Klebsiella_phage_KP34_k5,phage
TCCAG,46,Klebsiella_phage_KP34_k5,phage
AACAG,30,Klebsiella_phage_KP34_k5,phage
CACTT,21,Klebsiella_phage_KP34_k5,phage
TGGGA,58,Klebsiella_phage_KP34_k5,phage
CTCAA,30,Klebsiella_phage_KP34_k5,phage
AAATT,14,Klebsiella_phage_KP34_k5,phage
ATTAG,35,Klebsiella_phage_KP34_k5,phage
TAGAA,19,Klebsiella_phage_KP34_k5,phage
ACGGC,57,Klebsiella_phage_KP34_k5,phage
AAGAT,42,Klebsiella_phage_KP34_k5,phage
GCTCG,35,Klebsiella_phage_KP34_k5,phage
CTCGT,15,Klebsiella_phage_KP34_k5,phage
TCGTA,23,Klebsiella_phage_KP34_k5,phage
CTCGC,24,Klebsiella_phage_KP34_k5,phage
CACGA,28,Klebsiella_phage_KP34_k5,phage
CCAGG,53,Klebsiella_phage_KP34_k5,phage
GTCAA,26,Klebsiella_phage_KP34_k5,phage
GACCC,49,Klebsiella_phage_KP34_k5,phage
CCGTT,21,Klebsiella_phage_KP34_k5,phage
CAGGC,61,Klebsiella_phage_KP34_k5,phage
TCTAC,36,Klebsiella_phage_KP34_k5,phage
TGTCA,20,Klebsiella_phage_KP34_k5,phage
ACTCC,42,Klebsiella_phage_KP34_k5,phage
GAGAT,55,Klebsiella_phage_KP34_k5,phage
CAGAG,64,Klebsiella_phage_KP34_k5,phage
CGATT,32,Klebsiella_phage_KP34_k5,phage
CGTTG,23,Klebsiella_phage_KP34_k5,phage
ATAAC,26,Klebsiella_phage_KP34_k5,phage
TTCTG,46,Klebsiella_phage_KP34_k5,phage
ATACG,32,Klebsiella_phage_KP34_k5,phage
GACAT,33,Klebsiella_phage_KP34_k5,phage
TTTGT,13,Klebsiella_phage_KP34_k5,phage
TATCT,42,Klebsiella_phage_KP34_k5,phage
ATCTC,18,Klebsiella_phage_KP34_k5,phage
TCTCG,12,Klebsiella_phage_KP34_k5,phage
TCGCC,25,Klebsiella_phage_KP34_k5,phage
TTCCG,41,Klebsiella_phage_KP34_k5,phage
CTTCC,42,Klebsiella_phage_KP34_k5,phage
GGAAT,28,Klebsiella_phage_KP34_k5,phage
CGGGT,30,Klebsiella_phage_KP34_k5,phage
ATAAT,19,Klebsiella_phage_KP34_k5,phage
TGTTC,40,Klebsiella_phage_KP34_k5,phage
TCGGG,26,Klebsiella_phage_KP34_k5,phage
TCGTT,15,Klebsiella_phage_KP34_k5,phage
TTCGT,30,Klebsiella_phage_KP34_k5,phage
GTCTC,10,Klebsiella_phage_KP34_k5,phage
CCTCG,19,Klebsiella_phage_KP34_k5,phage
GATGG,56,Klebsiella_phage_KP34_k5,phage
CATCT,23,Klebsiella_phage_KP34_k5,phage
ATCTA,18,Klebsiella_phage_KP34_k5,phage
GTCGG,27,Klebsiella_phage_KP34_k5,phage
CTCGG,29,Klebsiella_phage_KP34_k5,phage
GCAGA,104,Klebsiella_phage_KP34_k5,phage
TGCGA,15,Klebsiella_phage_KP34_k5,phage
TTGGA,46,Klebsiella_phage_KP34_k5,phage
TCAGA,31,Klebsiella_phage_KP34_k5,phage
TCGGC,27,Klebsiella_phage_KP34_k5,phage
TCTTC,30,Klebsiella_phage_KP34_k5,phage
TCCGA,24,Klebsiella_phage_KP34_k5,phage
CAGAC,47,Klebsiella_phage_KP34_k5,phage
TCTCC,18,Klebsiella_phage_KP34_k5,phage
AGTCG,16,Klebsiella_phage_KP34_k5,phage
TAATA,25,Klebsiella_phage_KP34_k5,phage
ATGTC,28,Klebsiella_phage_KP34_k5,phage
TAAGG,47,Klebsiella_phage_KP34_k5,phage
GTTGT,21,Klebsiella_phage_KP34_k5,phage
AATTT,9,Klebsiella_phage_KP34_k5,phage
TTTCG,8,Klebsiella_phage_KP34_k5,phage
GTCCA,18,Klebsiella_phage_KP34_k5,phage
GTCTT,15,Klebsiella_phage_KP34_k5,phage
ATTGG,37,Klebsiella_phage_KP34_k5,phage
AAATC,19,Klebsiella_phage_KP34_k5,phage
TAGTC,12,Klebsiella_phage_KP34_k5,phage
TCCAT,10,Klebsiella_phage_KP34_k5,phage
ATAGA,18,Klebsiella_phage_KP34_k5,phage
TCAGG,29,Klebsiella_phage_KP34_k5,phage
TTGTC,14,Klebsiella_phage_KP34_k5,phage
TTCCC,27,Klebsiella_phage_KP34_k5,phage
CTTCA,27,Klebsiella_phage_KP34_k5,phage
ACTTA,28,Klebsiella_phage_KP34_k5,phage
TCGTC,11,Klebsiella_phage_KP34_k5,phage
AGATC,1,Klebsiella_phage_KP34_k5,phage
GATCA,2,Klebsiella_phage_KP34_k5,phage
CCTCC,25,Klebsiella_phage_KP34_k5,phage
CTCCA,20,Klebsiella_phage_KP34_k5,phage
TTTTC,2,Klebsiella_phage_KP34_k5,phage
CATGT,20,Klebsiella_phage_KP34_k5,phage
CCGTC,18,Klebsiella_phage_KP34_k5,phage
CTTGT,15,Klebsiella_phage_KP34_k5,phage
TTGTT,8,Klebsiella_phage_KP34_k5,phage
TCCTC,17,Klebsiella_phage_KP34_k5,phage
TGATC,2,Klebsiella_phage_KP34_k5,phage
GATCT,1,Klebsiella_phage_KP34_k5,phage
CGATC,2,Klebsiella_phage_KP34_k5,phage
GATCG,2,Klebsiella_phage_KP34_k5,phage
TGATG,112,Morganella_phage_MmP1_k5,phage
GATGT,44,Morganella_phage_MmP1_k5,phage
ATGTC,32,Morganella_phage_MmP1_k5,phage
TGTCA,32,Morganella_phage_MmP1_k5,phage
GTCAA,34,Morganella_phage_MmP1_k5,phage
TCAAT,47,Morganella_phage_MmP1_k5,phage
CAATA,44,Morganella_phage_MmP1_k5,phage
AATAG,16,Morganella_phage_MmP1_k5,phage
ATAGG,34,Morganella_phage_MmP1_k5,phage
TAGGA,15,Morganella_phage_MmP1_k5,phage
AGGAG,92,Morganella_phage_MmP1_k5,phage
GGAGA,86,Morganella_phage_MmP1_k5,phage
GAGAA,90,Morganella_phage_MmP1_k5,phage
AGAAT,45,Morganella_phage_MmP1_k5,phage
GAATC,44,Morganella_phage_MmP1_k5,phage
AATCT,40,Morganella_phage_MmP1_k5,phage
ATCTG,32,Morganella_phage_MmP1_k5,phage
TCTGC,22,Morganella_phage_MmP1_k5,phage
CTGCG,53,Morganella_phage_MmP1_k5,phage
TGCGA,28,Morganella_phage_MmP1_k5,phage
GCGAG,22,Morganella_phage_MmP1_k5,phage
CGAGT,24,Morganella_phage_MmP1_k5,phage
GAGTT,70,Morganella_phage_MmP1_k5,phage
AGTTA,86,Morganella_phage_MmP1_k5,phage
GTTAC,81,Morganella_phage_MmP1_k5,phage
TTACC,62,Morganella_phage_MmP1_k5,phage
TACCC,26,Morganella_phage_MmP1_k5,phage
ACCCC,14,Morganella_phage_MmP1_k5,phage
CCCCC,7,Morganella_phage_MmP1_k5,phage
CCCCA,11,Morganella_phage_MmP1_k5,phage
CCCAT,11,Morganella_phage_MmP1_k5,phage
CCATA,18,Morganella_phage_MmP1_k5,phage
CATAG,11,Morganella_phage_MmP1_k5,phage
TAGGG,35,Morganella_phage_MmP1_k5,phage
AGGGT,90,Morganella_phage_MmP1_k5,phage
GGGTC,46,Morganella_phage_MmP1_k5,phage
GGTCT,69,Morganella_phage_MmP1_k5,phage
GTCTA,40,Morganella_phage_MmP1_k5,phage
TCTAA,35,Morganella_phage_MmP1_k5,phage
CTAAC,65,Morganella_phage_MmP1_k5,phage
TAACC,80,Morganella_phage_MmP1_k5,phage
AACCT,72,Morganella_phage_MmP1_k5,phage
ACCTC,39,Morganella_phage_MmP1_k5,phage
CCTCA,43,Morganella_phage_MmP1_k5,phage
CTCAC,40,Morganella_phage_MmP1_k5,phage
TCACG,33,Morganella_phage_MmP1_k5,phage
CACGA,17,Morganella_phage_MmP1_k5,phage
ACGAT,40,Morganella_phage_MmP1_k5,phage
CGATA,60,Morganella_phage_MmP1_k5,phage
GATAC,44,Morganella_phage_MmP1_k5,phage
ATACC,41,Morganella_phage_MmP1_k5,phage
TACCT,56,Morganella_phage_MmP1_k5,phage
ACCTT,71,Morganella_phage_MmP1_k5,phage
CCTTA,80,Morganella_phage_MmP1_k5,phage
CTTAG,57,Morganella_phage_MmP1_k5,phage
TTAGG,60,Morganella_phage_MmP1_k5,phage
AGGGC,16,Morganella_phage_MmP1_k5,phage
GGGCT,31,Morganella_phage_MmP1_k5,phage
GGCTA,54,Morganella_phage_MmP1_k5,phage
GCTAC,35,Morganella_phage_MmP1_k5,phage
CTACC,38,Morganella_phage_MmP1_k5,phage
CCCCT,14,Morganella_phage_MmP1_k5,phage
CCCTA,50,Morganella_phage_MmP1_k5,phage
CCTAT,50,Morganella_phage_MmP1_k5,phage
CTATC,83,Morganella_phage_MmP1_k5,phage
TATCG,82,Morganella_phage_MmP1_k5,phage
ATCGA,35,Morganella_phage_MmP1_k5,phage
TCGAT,31,Morganella_phage_MmP1_k5,phage
ATACG,14,Morganella_phage_MmP1_k5,phage
TACGG,39,Morganella_phage_MmP1_k5,phage
ACGGC,11,Morganella_phage_MmP1_k5,phage
CGGCT,25,Morganella_phage_MmP1_k5,phage
GGCTC,45,Morganella_phage_MmP1_k5,phage
GCTCT,45,Morganella_phage_MmP1_k5,phage
CTCTC,41,Morganella_phage_MmP1_k5,phage
TCTCT,63,Morganella_phage_MmP1_k5,phage
CTCTG,73,Morganella_phage_MmP1_k5,phage
TCTGT,33,Morganella_phage_MmP1_k5,phage
CTGTT,44,Morganella_phage_MmP1_k5,phage
TGTTC,51,Morganella_phage_MmP1_k5,phage
GTTCG,51,Morganella_phage_MmP1_k5,phage
TTCGT,30,Morganella_phage_MmP1_k5,phage
TCGTT,40,Morganella_phage_MmP1_k5,phage
CGTTG,35,Morganella_phage_MmP1_k5,phage
GTTGC,17,Morganella_phage_MmP1_k5,phage
TTGCC,25,Morganella_phage_MmP1_k5,phage
TGCCT,33,Morganella_phage_MmP1_k5,phage
GCCTT,33,Morganella_phage_MmP1_k5,phage
CTTAA,86,Morganella_phage_MmP1_k5,phage
TTAAG,83,Morganella_phage_MmP1_k5,phage
TAAGT,69,Morganella_phage_MmP1_k5,phage
AAGTT,75,Morganella_phage_MmP1_k5,phage
TACCA,45,Morganella_phage_MmP1_k5,phage
ACCAA,66,Morganella_phage_MmP1_k5,phage
CCAAA,40,Morganella_phage_MmP1_k5,phage
CAAAG,75,Morganella_phage_MmP1_k5,phage
AAAGG,84,Morganella_phage_MmP1_k5,phage
AAGGT,96,Morganella_phage_MmP1_k5,phage
AGGTA,99,Morganella_phage_MmP1_k5,phage
GGTAT,94,Morganella_phage_MmP1_k5,phage
GTATA,24,Morganella_phage_MmP1_k5,phage
TATAC,25,Morganella_phage_MmP1_k5,phage
ATACT,29,Morganella_phage_MmP1_k5,phage
TACTT,28,Morganella_phage_MmP1_k5,phage
ACTTA,67,Morganella_phage_MmP1_k5,phage
TTAGA,44,Morganella_phage_MmP1_k5,phage
TAGAG,40,Morganella_phage_MmP1_k5,phage
AGAGG,66,Morganella_phage_MmP1_k5,phage
GAGGT,75,Morganella_phage_MmP1_k5,phage
AGGTT,86,Morganella_phage_MmP1_k5,phage
GGTTA,87,Morganella_phage_MmP1_k5,phage
CCTTT,39,Morganella_phage_MmP1_k5,phage
CTTTA,54,Morganella_phage_MmP1_k5,phage
TTTAG,29,Morganella_phage_MmP1_k5,phage
TTAGT,16,Morganella_phage_MmP1_k5,phage
TAGTA,12,Morganella_phage_MmP1_k5,phage
AGTAA,37,Morganella_phage_MmP1_k5,phage
GTAAC,73,Morganella_phage_MmP1_k5,phage
TAACT,66,Morganella_phage_MmP1_k5,phage
AACTA,49,Morganella_phage_MmP1_k5,phage
ACTAG,11,Morganella_phage_MmP1_k5,phage
CTAGC,20,Morganella_phage_MmP1_k5,phage
TAGCT,36,Morganella_phage_MmP1_k5,phage
AGCTT,28,Morganella_phage_MmP1_k5,phage
GCTTT,42,Morganella_phage_MmP1_k5,phage
TAGGT,61,Morganella_phage_MmP1_k5,phage
GTTAT,67,Morganella_phage_MmP1_k5,phage
TTATC,52,Morganella_phage_MmP1_k5,phage
GATAG,23,Morganella_phage_MmP1_k5,phage
AGGTG,61,Morganella_phage_MmP1_k5,phage
GGTGA,85,Morganella_phage_MmP1_k5,phage
GTGAA,44,Morganella_phage_MmP1_k5,phage
TGAAA,43,Morganella_phage_MmP1_k5,phage
GAAAC,45,Morganella_phage_MmP1_k5,phage
AAACC,33,Morganella_phage_MmP1_k5,phage
TTATT,32,Morganella_phage_MmP1_k5,phage
TATTG,50,Morganella_phage_MmP1_k5,phage
ATTGA,70,Morganella_phage_MmP1_k5,phage
TTGAG,84,Morganella_phage_MmP1_k5,phage
TGAGG,127,Morganella_phage_MmP1_k5,phage
GAGGG,71,Morganella_phage_MmP1_k5,phage
AGGGG,29,Morganella_phage_MmP1_k5,phage
GGGGA,27,Morganella_phage_MmP1_k5,phage
GGGAT,32,Morganella_phage_MmP1_k5,phage
GGATC,2,Morganella_phage_MmP1_k5,phage
GATCG,4,Morganella_phage_MmP1_k5,phage
GGGTT,50,Morganella_phage_MmP1_k5,phage
GTTAA,78,Morganella_phage_MmP1_k5,phage
TTAAC,81,Morganella_phage_MmP1_k5,phage
GGTTT,31,Morganella_phage_MmP1_k5,phage
GTTTG,27,Morganella_phage_MmP1_k5,phage
TTTGT,28,Morganella_phage_MmP1_k5,phage
TTGTC,16,Morganella_phage_MmP1_k5,phage
TGTCT,42,Morganella_phage_MmP1_k5,phage
TCTAT,52,Morganella_phage_MmP1_k5,phage
CTATG,81,Morganella_phage_MmP1_k5,phage
TATGT,49,Morganella_phage_MmP1_k5,phage
ATGTG,29,Morganella_phage_MmP1_k5,phage
TGTGT,27,Morganella_phage_MmP1_k5,phage
GTGTT,29,Morganella_phage_MmP1_k5,phage
TGTTT,19,Morganella_phage_MmP1_k5,phage
GTTTC,22,Morganella_phage_MmP1_k5,phage
TTTCC,16,Morganella_phage_MmP1_k5,phage
TTCCT,49,Morganella_phage_MmP1_k5,phage
TCCTT,30,Morganella_phage_MmP1_k5,phage
CTTAT,39,Morganella_phage_MmP1_k5,phage
TATCT,68,Morganella_phage_MmP1_k5,phage
TGTTA,44,Morganella_phage_MmP1_k5,phage
GTTAG,50,Morganella_phage_MmP1_k5,phage
TAGTG,28,Morganella_phage_MmP1_k5,phage
AGTGT,28,Morganella_phage_MmP1_k5,phage
GTGTC,30,Morganella_phage_MmP1_k5,phage
TGTCC,21,Morganella_phage_MmP1_k5,phage
GTCCT,21,Morganella_phage_MmP1_k5,phage
GGTTC,89,Morganella_phage_MmP1_k5,phage
GTTCT,56,Morganella_phage_MmP1_k5,phage
TTCTA,21,Morganella_phage_MmP1_k5,phage
ACTAT,70,Morganella_phage_MmP1_k5,phage
TATCC,52,Morganella_phage_MmP1_k5,phage
ATCCT,35,Morganella_phage_MmP1_k5,phage
ACTAC,55,Morganella_phage_MmP1_k5,phage
CCAAT,34,Morganella_phage_MmP1_k5,phage
ATAGA,11,Morganella_phage_MmP1_k5,phage
TAGAC,31,Morganella_phage_MmP1_k5,phage
AGACT,52,Morganella_phage_MmP1_k5,phage
GACTG,43,Morganella_phage_MmP1_k5,phage
ACTGA,52,Morganella_phage_MmP1_k5,phage
CTGAG,95,Morganella_phage_MmP1_k5,phage
TGAGC,43,Morganella_phage_MmP1_k5,phage
GAGCC,25,Morganella_phage_MmP1_k5,phage
AGCCT,47,Morganella_phage_MmP1_k5,phage
GCCTA,25,Morganella_phage_MmP1_k5,phage
TATCA,62,Morganella_phage_MmP1_k5,phage
ATCAT,52,Morganella_phage_MmP1_k5,phage
TCATT,49,Morganella_phage_MmP1_k5,phage
CATTA,67,Morganella_phage_MmP1_k5,phage
ATTAG,18,Morganella_phage_MmP1_k5,phage
GGTGT,43,Morganella_phage_MmP1_k5,phage
GTGTA,32,Morganella_phage_MmP1_k5,phage
TGTAA,25,Morganella_phage_MmP1_k5,phage
CTATA,44,Morganella_phage_MmP1_k5,phage
TATAA,43,Morganella_phage_MmP1_k5,phage
ATAAG,67,Morganella_phage_MmP1_k5,phage
TAAGG,117,Morganella_phage_MmP1_k5,phage
AAGGA,79,Morganella_phage_MmP1_k5,phage
GGAGG,76,Morganella_phage_MmP1_k5,phage
GGGCC,1,Morganella_phage_MmP1_k5,phage
GGCCA,18,Morganella_phage_MmP1_k5,phage
GCCAT,23,Morganella_phage_MmP1_k5,phage
CATAC,19,Morganella_phage_MmP1_k5,phage
AGACA,47,Morganella_phage_MmP1_k5,phage
GACAC,35,Morganella_phage_MmP1_k5,phage
ACACA,36,Morganella_phage_MmP1_k5,phage
CACAC,28,Morganella_phage_MmP1_k5,phage
CACAG,45,Morganella_phage_MmP1_k5,phage
ACAGC,34,Morganella_phage_MmP1_k5,phage
CAGCT,24,Morganella_phage_MmP1_k5,phage
AGCTA,42,Morganella_phage_MmP1_k5,phage
CTACT,32,Morganella_phage_MmP1_k5,phage
TACTG,30,Morganella_phage_MmP1_k5,phage
TGAGA,67,Morganella_phage_MmP1_k5,phage
GAGAC,55,Morganella_phage_MmP1_k5,phage
AGACC,81,Morganella_phage_MmP1_k5,phage
GACCA,53,Morganella_phage_MmP1_k5,phage
ACCAT,49,Morganella_phage_MmP1_k5,phage
CCATT,40,Morganella_phage_MmP1_k5,phage
TAGAT,13,Morganella_phage_MmP1_k5,phage
AGATA,42,Morganella_phage_MmP1_k5,phage
GATAA,81,Morganella_phage_MmP1_k5,phage
ATAAC,68,Morganella_phage_MmP1_k5,phage
TATAT,31,Morganella_phage_MmP1_k5,phage
ATATG,60,Morganella_phage_MmP1_k5,phage
ATGTA,34,Morganella_phage_MmP1_k5,phage
GTAAG,93,Morganella_phage_MmP1_k5,phage
AAGTC,34,Morganella_phage_MmP1_k5,phage
AGTCT,28,Morganella_phage_MmP1_k5,phage
GTCTC,43,Morganella_phage_MmP1_k5,phage
TCTGA,58,Morganella_phage_MmP1_k5,phage
CTGAT,66,Morganella_phage_MmP1_k5,phage
TGATA,64,Morganella_phage_MmP1_k5,phage
AGGAA,64,Morganella_phage_MmP1_k5,phage
GGAAT,47,Morganella_phage_MmP1_k5,phage
GAATG,33,Morganella_phage_MmP1_k5,phage
AATGA,52,Morganella_phage_MmP1_k5,phage
ATGAT,71,Morganella_phage_MmP1_k5,phage
ATAAT,36,Morganella_phage_MmP1_k5,phage
TAATC,38,Morganella_phage_MmP1_k5,phage
ATCTT,34,Morganella_phage_MmP1_k5,phage
TCTTA,51,Morganella_phage_MmP1_k5,phage
TTAAA,53,Morganella_phage_MmP1_k5,phage
TAAAT,26,Morganella_phage_MmP1_k5,phage
AAATT,14,Morganella_phage_MmP1_k5,phage
AATTA,28,Morganella_phage_MmP1_k5,phage
ATTAT,55,Morganella_phage_MmP1_k5,phage
TTATG,77,Morganella_phage_MmP1_k5,phage
CTATT,28,Morganella_phage_MmP1_k5,phage
TATTA,39,Morganella_phage_MmP1_k5,phage
TATTT,16,Morganella_phage_MmP1_k5,phage
ATTTT,8,Morganella_phage_MmP1_k5,phage
TTTTA,13,Morganella_phage_MmP1_k5,phage
TTTAT,29,Morganella_phage_MmP1_k5,phage
TAAAG,95,Morganella_phage_MmP1_k5,phage
AAGGG,38,Morganella_phage_MmP1_k5,phage
GGCTT,40,Morganella_phage_MmP1_k5,phage
GCTTG,18,Morganella_phage_MmP1_k5,phage
CTTGA,64,Morganella_phage_MmP1_k5,phage
TTGAC,45,Morganella_phage_MmP1_k5,phage
TGACG,47,Morganella_phage_MmP1_k5,phage
GACGG,24,Morganella_phage_MmP1_k5,phage
ACGGT,54,Morganella_phage_MmP1_k5,phage
CGGTG,59,Morganella_phage_MmP1_k5,phage
GTGTG,30,Morganella_phage_MmP1_k5,phage
TGTAC,29,Morganella_phage_MmP1_k5,phage
GTACT,22,Morganella_phage_MmP1_k5,phage
TACTA,28,Morganella_phage_MmP1_k5,phage
TATAG,26,Morganella_phage_MmP1_k5,phage
AGATT,69,Morganella_phage_MmP1_k5,phage
GATTC,40,Morganella_phage_MmP1_k5,phage
ATTCC,29,Morganella_phage_MmP1_k5,phage
TTCCA,26,Morganella_phage_MmP1_k5,phage
TCCAT,23,Morganella_phage_MmP1_k5,phage
CCATC,22,Morganella_phage_MmP1_k5,phage
CATCA,50,Morganella_phage_MmP1_k5,phage
ATCAG,42,Morganella_phage_MmP1_k5,phage
TCAGC,52,Morganella_phage_MmP1_k5,phage
GCTAG,9,Morganella_phage_MmP1_k5,phage
CTAGG,4,Morganella_phage_MmP1_k5,phage
GGGCG,9,Morganella_phage_MmP1_k5,phage
GGCGA,14,Morganella_phage_MmP1_k5,phage
CGAGA,40,Morganella_phage_MmP1_k5,phage
GAGAT,59,Morganella_phage_MmP1_k5,phage
TACTC,35,Morganella_phage_MmP1_k5,phage
ACTCT,42,Morganella_phage_MmP1_k5,phage
CTCTT,33,Morganella_phage_MmP1_k5,phage
AGGTC,33,Morganella_phage_MmP1_k5,phage
TCTCA,54,Morganella_phage_MmP1_k5,phage
CTCAG,100,Morganella_phage_MmP1_k5,phage
TCAGT,55,Morganella_phage_MmP1_k5,phage
CAGTA,45,Morganella_phage_MmP1_k5,phage
AGTAG,15,Morganella_phage_MmP1_k5,phage
GTAGC,48,Morganella_phage_MmP1_k5,phage
TAGCC,27,Morganella_phage_MmP1_k5,phage
AGCCA,38,Morganella_phage_MmP1_k5,phage
GCCAG,25,Morganella_phage_MmP1_k5,phage
CCAGT,23,Morganella_phage_MmP1_k5,phage
CAGTC,25,Morganella_phage_MmP1_k5,phage
AGTCA,39,Morganella_phage_MmP1_k5,phage
GTCAG,68,Morganella_phage_MmP1_k5,phage
AAGGC,59,Morganella_phage_MmP1_k5,phage
AGGCG,22,Morganella_phage_MmP1_k5,phage
GGCGT,14,Morganella_phage_MmP1_k5,phage
GCGTA,38,Morganella_phage_MmP1_k5,phage
CGTAC,26,Morganella_phage_MmP1_k5,phage
GTACG,37,Morganella_phage_MmP1_k5,phage
TACGA,27,Morganella_phage_MmP1_k5,phage
ACGAA,16,Morganella_phage_MmP1_k5,phage
CGAAG,17,Morganella_phage_MmP1_k5,phage
GAAGT,46,Morganella_phage_MmP1_k5,phage
AGTTC,63,Morganella_phage_MmP1_k5,phage
TTCTG,36,Morganella_phage_MmP1_k5,phage
TCCTA,36,Morganella_phage_MmP1_k5,phage
CCTAA,81,Morganella_phage_MmP1_k5,phage
CTAAT,22,Morganella_phage_MmP1_k5,phage
TAATA,37,Morganella_phage_MmP1_k5,phage
TAAGA,82,Morganella_phage_MmP1_k5,phage
AAGAA,111,Morganella_phage_MmP1_k5,phage
AGAAG,66,Morganella_phage_MmP1_k5,phage
GAAGA,70,Morganella_phage_MmP1_k5,phage
AAGAT,69,Morganella_phage_MmP1_k5,phage
GATAT,68,Morganella_phage_MmP1_k5,phage
ATATA,28,Morganella_phage_MmP1_k5,phage
ATAAA,35,Morganella_phage_MmP1_k5,phage
ATTAA,60,Morganella_phage_MmP1_k5,phage
AAGTA,45,Morganella_phage_MmP1_k5,phage
AGTAT,53,Morganella_phage_MmP1_k5,phage
GTATT,48,Morganella_phage_MmP1_k5,phage
TGACA,47,Morganella_phage_MmP1_k5,phage
GACAA,40,Morganella_phage_MmP1_k5,phage
ACAAC,47,Morganella_phage_MmP1_k5,phage
CAACT,33,Morganella_phage_MmP1_k5,phage
AACTT,64,Morganella_phage_MmP1_k5,phage
ACTTG,28,Morganella_phage_MmP1_k5,phage
TTGAA,45,Morganella_phage_MmP1_k5,phage
TGAAG,63,Morganella_phage_MmP1_k5,phage
TAACA,72,Morganella_phage_MmP1_k5,phage
AACAA,63,Morganella_phage_MmP1_k5,phage
CAACG,44,Morganella_phage_MmP1_k5,phage
AACGA,39,Morganella_phage_MmP1_k5,phage
TACGC,30,Morganella_phage_MmP1_k5,phage
ACGCT,48,Morganella_phage_MmP1_k5,phage
CGCTC,46,Morganella_phage_MmP1_k5,phage
GCTCA,64,Morganella_phage_MmP1_k5,phage
TCACA,31,Morganella_phage_MmP1_k5,phage
ACAGT,35,Morganella_phage_MmP1_k5,phage
AACAC,46,Morganella_phage_MmP1_k5,phage
ACACG,25,Morganella_phage_MmP1_k5,phage
CGAAC,22,Morganella_phage_MmP1_k5,phage
GAACA,71,Morganella_phage_MmP1_k5,phage
ACACT,49,Morganella_phage_MmP1_k5,phage
CACTA,43,Morganella_phage_MmP1_k5,phage
ACTAA,32,Morganella_phage_MmP1_k5,phage
GAATT,19,Morganella_phage_MmP1_k5,phage
ATTAC,49,Morganella_phage_MmP1_k5,phage
TATGA,79,Morganella_phage_MmP1_k5,phage
ATGAC,85,Morganella_phage_MmP1_k5,phage
TGACT,67,Morganella_phage_MmP1_k5,phage
GACTA,48,Morganella_phage_MmP1_k5,phage
ACTTT,43,Morganella_phage_MmP1_k5,phage
CTTTC,39,Morganella_phage_MmP1_k5,phage
TTTCA,23,Morganella_phage_MmP1_k5,phage
TTCAA,42,Morganella_phage_MmP1_k5,phage
CAATG,50,Morganella_phage_MmP1_k5,phage
ATGAA,64,Morganella_phage_MmP1_k5,phage
TGAAC,55,Morganella_phage_MmP1_k5,phage
GAACT,62,Morganella_phage_MmP1_k5,phage
AACTG,54,Morganella_phage_MmP1_k5,phage
ACTGT,29,Morganella_phage_MmP1_k5,phage
CTGTA,44,Morganella_phage_MmP1_k5,phage
ACGCA,28,Morganella_phage_MmP1_k5,phage
CGCAT,16,Morganella_phage_MmP1_k5,phage
GCATC,31,Morganella_phage_MmP1_k5,phage
GCTAA,72,Morganella_phage_MmP1_k5,phage
CTAAA,63,Morganella_phage_MmP1_k5,phage
AAAGA,82,Morganella_phage_MmP1_k5,phage
AAGAC,64,Morganella_phage_MmP1_k5,phage
GACCT,33,Morganella_phage_MmP1_k5,phage
CCTTG,49,Morganella_phage_MmP1_k5,phage
GAAGC,71,Morganella_phage_MmP1_k5,phage
AAGCA,78,Morganella_phage_MmP1_k5,phage
AGCAG,87,Morganella_phage_MmP1_k5,phage
GCAGC,66,Morganella_phage_MmP1_k5,phage
CAGCA,76,Morganella_phage_MmP1_k5,phage
AGCAA,40,Morganella_phage_MmP1_k5,phage
GCAAT,36,Morganella_phage_MmP1_k5,phage
CAATC,44,Morganella_phage_MmP1_k5,phage
AATCC,35,Morganella_phage_MmP1_k5,phage
ATCCG,36,Morganella_phage_MmP1_k5,phage
TCCGT,50,Morganella_phage_MmP1_k5,phage
CCGTG,36,Morganella_phage_MmP1_k5,phage
CGTGA,56,Morganella_phage_MmP1_k5,phage
GTGAG,57,Morganella_phage_MmP1_k5,phage
TGAGT,81,Morganella_phage_MmP1_k5,phage
TTACA,58,Morganella_phage_MmP1_k5,phage
TACAC,39,Morganella_phage_MmP1_k5,phage
CACGT,24,Morganella_phage_MmP1_k5,phage
ACGTA,53,Morganella_phage_MmP1_k5,phage
CGTAA,71,Morganella_phage_MmP1_k5,phage
AACCG,40,Morganella_phage_MmP1_k5,phage
ACCGA,35,Morganella_phage_MmP1_k5,phage
CCGAC,7,Morganella_phage_MmP1_k5,phage
CGACA,12,Morganella_phage_MmP1_k5,phage
ACAGA,57,Morganella_phage_MmP1_k5,phage
CAGAT,40,Morganella_phage_MmP1_k5,phage
AGATG,68,Morganella_phage_MmP1_k5,phage
GATGA,121,Morganella_phage_MmP1_k5,phage
ATATC,51,Morganella_phage_MmP1_k5,phage
GTGAC,58,Morganella_phage_MmP1_k5,phage
TGACC,94,Morganella_phage_MmP1_k5,phage
GACCG,42,Morganella_phage_MmP1_k5,phage
ACCGT,45,Morganella_phage_MmP1_k5,phage
CCGTA,45,Morganella_phage_MmP1_k5,phage
CGTAT,49,Morganella_phage_MmP1_k5,phage
GTATC,78,Morganella_phage_MmP1_k5,phage
ATCCA,29,Morganella_phage_MmP1_k5,phage
CCATG,26,Morganella_phage_MmP1_k5,phage
CATGA,50,Morganella_phage_MmP1_k5,phage
ATGAG,82,Morganella_phage_MmP1_k5,phage
GATTG,44,Morganella_phage_MmP1_k5,phage
ATTGC,32,Morganella_phage_MmP1_k5,phage
TTGCT,33,Morganella_phage_MmP1_k5,phage
TGCTG,49,Morganella_phage_MmP1_k5,phage
GCTGA,65,Morganella_phage_MmP1_k5,phage
ATAGT,17,Morganella_phage_MmP1_k5,phage
TAACG,69,Morganella_phage_MmP1_k5,phage
AACGT,50,Morganella_phage_MmP1_k5,phage
GTACC,27,Morganella_phage_MmP1_k5,phage
ATCTA,36,Morganella_phage_MmP1_k5,phage
AACGG,40,Morganella_phage_MmP1_k5,phage
GTGAT,44,Morganella_phage_MmP1_k5,phage
GTCTT,39,Morganella_phage_MmP1_k5,phage
TCTTT,36,Morganella_phage_MmP1_k5,phage
CTTTG,48,Morganella_phage_MmP1_k5,phage
TTTGC,27,Morganella_phage_MmP1_k5,phage
TTGCG,22,Morganella_phage_MmP1_k5,phage
TGCGG,41,Morganella_phage_MmP1_k5,phage
GCGGT,42,Morganella_phage_MmP1_k5,phage
TTCGC,20,Morganella_phage_MmP1_k5,phage
TCGCT,48,Morganella_phage_MmP1_k5,phage
CGCTG,45,Morganella_phage_MmP1_k5,phage
GATGG,88,Morganella_phage_MmP1_k5,phage
ATGGT,103,Morganella_phage_MmP1_k5,phage
TGGTG,88,Morganella_phage_MmP1_k5,phage
GGTGG,62,Morganella_phage_MmP1_k5,phage
GTGGT,69,Morganella_phage_MmP1_k5,phage
TGGTA,70,Morganella_phage_MmP1_k5,phage
ATCTC,35,Morganella_phage_MmP1_k5,phage
ATGGA,70,Morganella_phage_MmP1_k5,phage
TGGAT,43,Morganella_phage_MmP1_k5,phage
GGATG,77,Morganella_phage_MmP1_k5,phage
TGATT,47,Morganella_phage_MmP1_k5,phage
ATTCA,48,Morganella_phage_MmP1_k5,phage
TTCAG,42,Morganella_phage_MmP1_k5,phage
TCAGG,88,Morganella_phage_MmP1_k5,phage
CAGGA,51,Morganella_phage_MmP1_k5,phage
AGGAC,39,Morganella_phage_MmP1_k5,phage
GGACT,57,Morganella_phage_MmP1_k5,phage
GACTC,44,Morganella_phage_MmP1_k5,phage
ACTCA,58,Morganella_phage_MmP1_k5,phage
CTCAT,20,Morganella_phage_MmP1_k5,phage
CATTG,49,Morganella_phage_MmP1_k5,phage
GGGTG,41,Morganella_phage_MmP1_k5,phage
GTCAC,21,Morganella_phage_MmP1_k5,phage
TCACC,41,Morganella_phage_MmP1_k5,phage
CACCG,29,Morganella_phage_MmP1_k5,phage
CCGAT,28,Morganella_phage_MmP1_k5,phage
CGATG,45,Morganella_phage_MmP1_k5,phage
ATGTT,40,Morganella_phage_MmP1_k5,phage
TTCTT,36,Morganella_phage_MmP1_k5,phage
TCTTC,29,Morganella_phage_MmP1_k5,phage
CTTCA,45,Morganella_phage_MmP1_k5,phage
TTCAT,47,Morganella_phage_MmP1_k5,phage
TCATA,19,Morganella_phage_MmP1_k5,phage
CATAT,25,Morganella_phage_MmP1_k5,phage
TCCTG,38,Morganella_phage_MmP1_k5,phage
CCTGC,27,Morganella_phage_MmP1_k5,phage
GCGGG,23,Morganella_phage_MmP1_k5,phage
CGGGT,22,Morganella_phage_MmP1_k5,phage
GGGTA,53,Morganella_phage_MmP1_k5,phage
GGTAC,40,Morganella_phage_MmP1_k5,phage
TACGT,45,Morganella_phage_MmP1_k5,phage
GAGGA,98,Morganella_phage_MmP1_k5,phage
GGAAC,48,Morganella_phage_MmP1_k5,phage
TTAAT,43,Morganella_phage_MmP1_k5,phage
TAATT,18,Morganella_phage_MmP1_k5,phage
AATTG,15,Morganella_phage_MmP1_k5,phage
GCCTG,32,Morganella_phage_MmP1_k5,phage
CCTGT,42,Morganella_phage_MmP1_k5,phage
TGTAT,27,Morganella_phage_MmP1_k5,phage
GTATG,73,Morganella_phage_MmP1_k5,phage
TATGG,95,Morganella_phage_MmP1_k5,phage
GACTT,60,Morganella_phage_MmP1_k5,phage
ACTGC,27,Morganella_phage_MmP1_k5,phage
TGCGT,39,Morganella_phage_MmP1_k5,phage
GCTTA,41,Morganella_phage_MmP1_k5,phage
CTTAC,56,Morganella_phage_MmP1_k5,phage
TTACG,58,Morganella_phage_MmP1_k5,phage
CGTAG,33,Morganella_phage_MmP1_k5,phage
GTAGA,31,Morganella_phage_MmP1_k5,phage
ATTGG,32,Morganella_phage_MmP1_k5,phage
TTGGA,19,Morganella_phage_MmP1_k5,phage
TGGAA,54,Morganella_phage_MmP1_k5,phage
GGAAG,41,Morganella_phage_MmP1_k5,phage
AAGCC,45,Morganella_phage_MmP1_k5,phage
AGCCG,30,Morganella_phage_MmP1_k5,phage
GCCGA,20,Morganella_phage_MmP1_k5,phage
CCGAA,13,Morganella_phage_MmP1_k5,phage
CGAAA,29,Morganella_phage_MmP1_k5,phage
AAACG,33,Morganella_phage_MmP1_k5,phage
ACGTG,27,Morganella_phage_MmP1_k5,phage
CGTGC,23,Morganella_phage_MmP1_k5,phage
GTGCG,24,Morganella_phage_MmP1_k5,phage
CGGTT,33,Morganella_phage_MmP1_k5,phage
GACGA,32,Morganella_phage_MmP1_k5,phage
GAGTA,37,Morganella_phage_MmP1_k5,phage
GTAAT,43,Morganella_phage_MmP1_k5,phage
AATAT,46,Morganella_phage_MmP1_k5,phage
TTATA,29,Morganella_phage_MmP1_k5,phage
AACGC,44,Morganella_phage_MmP1_k5,phage
CGCAC,16,Morganella_phage_MmP1_k5,phage
GCACA,36,Morganella_phage_MmP1_k5,phage
ACAGG,57,Morganella_phage_MmP1_k5,phage
CAGGG,38,Morganella_phage_MmP1_k5,phage
ACAAT,38,Morganella_phage_MmP1_k5,phage
AATCA,55,Morganella_phage_MmP1_k5,phage
CAGTG,33,Morganella_phage_MmP1_k5,phage
AGTGC,17,Morganella_phage_MmP1_k5,phage
GTGCC,17,Morganella_phage_MmP1_k5,phage
TGCCC,21,Morganella_phage_MmP1_k5,phage
GCCCT,28,Morganella_phage_MmP1_k5,phage
CCCTG,51,Morganella_phage_MmP1_k5,phage
CCTGA,95,Morganella_phage_MmP1_k5,phage
CTGAA,42,Morganella_phage_MmP1_k5,phage
TGAAT,34,Morganella_phage_MmP1_k5,phage
TACAG,59,Morganella_phage_MmP1_k5,phage
AGCAT,38,Morganella_phage_MmP1_k5,phage
ATCAC,29,Morganella_phage_MmP1_k5,phage
TCACT,45,Morganella_phage_MmP1_k5,phage
CACTT,32,Morganella_phage_MmP1_k5,phage
TTTCG,21,Morganella_phage_MmP1_k5,phage
TTCGG,28,Morganella_phage_MmP1_k5,phage
TCGGT,35,Morganella_phage_MmP1_k5,phage
TAAAC,53,Morganella_phage_MmP1_k5,phage
AAACA,41,Morganella_phage_MmP1_k5,phage
CACAT,25,Morganella_phage_MmP1_k5,phage
ACATA,26,Morganella_phage_MmP1_k5,phage
CATAA,29,Morganella_phage_MmP1_k5,phage
GGTAA,118,Morganella_phage_MmP1_k5,phage
TAATG,51,Morganella_phage_MmP1_k5,phage
AATGG,50,Morganella_phage_MmP1_k5,phage
ATGGC,50,Morganella_phage_MmP1_k5,phage
TGGCA,43,Morganella_phage_MmP1_k5,phage
GGCAT,30,Morganella_phage_MmP1_k5,phage
TCATG,35,Morganella_phage_MmP1_k5,phage
AAACT,50,Morganella_phage_MmP1_k5,phage
AACAG,43,Morganella_phage_MmP1_k5,phage
CAGAC,57,Morganella_phage_MmP1_k5,phage
ACTCC,34,Morganella_phage_MmP1_k5,phage
CTCCG,19,Morganella_phage_MmP1_k5,phage
AGAAC,84,Morganella_phage_MmP1_k5,phage
AACAT,56,Morganella_phage_MmP1_k5,phage
ACATG,36,Morganella_phage_MmP1_k5,phage
CATGC,17,Morganella_phage_MmP1_k5,phage
ATGCG,27,Morganella_phage_MmP1_k5,phage
GCGTT,36,Morganella_phage_MmP1_k5,phage
CGTTA,59,Morganella_phage_MmP1_k5,phage
ATCGC,38,Morganella_phage_MmP1_k5,phage
CGCTT,18,Morganella_phage_MmP1_k5,phage
TGGTT,72,Morganella_phage_MmP1_k5,phage
GTTCA,75,Morganella_phage_MmP1_k5,phage
CATTC,39,Morganella_phage_MmP1_k5,phage
TCAAG,63,Morganella_phage_MmP1_k5,phage
CAAGC,45,Morganella_phage_MmP1_k5,phage
AAGCG,39,Morganella_phage_MmP1_k5,phage
AGCGC,41,Morganella_phage_MmP1_k5,phage
GCGCT,34,Morganella_phage_MmP1_k5,phage
GCTTC,20,Morganella_phage_MmP1_k5,phage
CAAGA,61,Morganella_phage_MmP1_k5,phage
GAACC,49,Morganella_phage_MmP1_k5,phage
ACCTG,43,Morganella_phage_MmP1_k5,phage
GAGAG,34,Morganella_phage_MmP1_k5,phage
AGAGC,26,Morganella_phage_MmP1_k5,phage
GAGCA,43,Morganella_phage_MmP1_k5,phage
CACCT,51,Morganella_phage_MmP1_k5,phage
TCTCG,14,Morganella_phage_MmP1_k5,phage
CTCGC,29,Morganella_phage_MmP1_k5,phage
TCGCG,18,Morganella_phage_MmP1_k5,phage
CGCGT,6,Morganella_phage_MmP1_k5,phage
ATCCC,18,Morganella_phage_MmP1_k5,phage
TCCCA,10,Morganella_phage_MmP1_k5,phage
CCCAG,15,Morganella_phage_MmP1_k5,phage
CCAGC,34,Morganella_phage_MmP1_k5,phage
GCAAG,40,Morganella_phage_MmP1_k5,phage
AGAAA,75,Morganella_phage_MmP1_k5,phage
GAAAG,71,Morganella_phage_MmP1_k5,phage
AAAGC,60,Morganella_phage_MmP1_k5,phage
AAGCT,59,Morganella_phage_MmP1_k5,phage
AGCTG,35,Morganella_phage_MmP1_k5,phage
GAGTG,28,Morganella_phage_MmP1_k5,phage
AGTGG,44,Morganella_phage_MmP1_k5,phage
GTGGG,35,Morganella_phage_MmP1_k5,phage
TGGGA,31,Morganella_phage_MmP1_k5,phage
GGGAA,30,Morganella_phage_MmP1_k5,phage
ATGGG,53,Morganella_phage_MmP1_k5,phage
TGGGC,18,Morganella_phage_MmP1_k5,phage
GGCTG,60,Morganella_phage_MmP1_k5,phage
GCTGT,46,Morganella_phage_MmP1_k5,phage
CTGTG,39,Morganella_phage_MmP1_k5,phage
TTTGA,37,Morganella_phage_MmP1_k5,phage
GAAAT,37,Morganella_phage_MmP1_k5,phage
AAATG,26,Morganella_phage_MmP1_k5,phage
CTTGC,24,Morganella_phage_MmP1_k5,phage
TTGCA,20,Morganella_phage_MmP1_k5,phage
TGCAG,46,Morganella_phage_MmP1_k5,phage
GCAGA,62,Morganella_phage_MmP1_k5,phage
GACAG,36,Morganella_phage_MmP1_k5,phage
CAGCG,49,Morganella_phage_MmP1_k5,phage
AGCGT,59,Morganella_phage_MmP1_k5,phage
GCGTG,31,Morganella_phage_MmP1_k5,phage
AGACG,27,Morganella_phage_MmP1_k5,phage
GACGC,19,Morganella_phage_MmP1_k5,phage
ACGCG,11,Morganella_phage_MmP1_k5,phage
CGCGA,12,Morganella_phage_MmP1_k5,phage
CGAGG,29,Morganella_phage_MmP1_k5,phage
AATAA,53,Morganella_phage_MmP1_k5,phage
TTTGG,23,Morganella_phage_MmP1_k5,phage
TTGGT,39,Morganella_phage_MmP1_k5,phage
GTTTA,41,Morganella_phage_MmP1_k5,phage
TTTAC,30,Morganella_phage_MmP1_k5,phage
TTACT,38,Morganella_phage_MmP1_k5,phage
ACGGG,16,Morganella_phage_MmP1_k5,phage
CGGGA,18,Morganella_phage_MmP1_k5,phage
GGATT,19,Morganella_phage_MmP1_k5,phage
TTGAT,43,Morganella_phage_MmP1_k5,phage
GATTA,48,Morganella_phage_MmP1_k5,phage
CGCAG,26,Morganella_phage_MmP1_k5,phage
GCAGG,38,Morganella_phage_MmP1_k5,phage
GTACA,43,Morganella_phage_MmP1_k5,phage
TACAT,42,Morganella_phage_MmP1_k5,phage
ACATT,45,Morganella_phage_MmP1_k5,phage
AGCAC,49,Morganella_phage_MmP1_k5,phage
GCACT,22,Morganella_phage_MmP1_k5,phage
ATCAA,46,Morganella_phage_MmP1_k5,phage
AAGAG,51,Morganella_phage_MmP1_k5,phage
AGAGT,36,Morganella_phage_MmP1_k5,phage
TAAAA,19,Morganella_phage_MmP1_k5,phage
AAAAC,26,Morganella_phage_MmP1_k5,phage
TTCAC,60,Morganella_phage_MmP1_k5,phage
ACATC,40,Morganella_phage_MmP1_k5,phage
CATCC,31,Morganella_phage_MmP1_k5,phage
TCCAA,33,Morganella_phage_MmP1_k5,phage
AATCG,28,Morganella_phage_MmP1_k5,phage
ATCGT,41,Morganella_phage_MmP1_k5,phage
TCGTC,21,Morganella_phage_MmP1_k5,phage
CGTCA,32,Morganella_phage_MmP1_k5,phage
CATCT,29,Morganella_phage_MmP1_k5,phage
TTGTG,35,Morganella_phage_MmP1_k5,phage
TGTGA,34,Morganella_phage_MmP1_k5,phage
CCTCG,13,Morganella_phage_MmP1_k5,phage
CTCGT,49,Morganella_phage_MmP1_k5,phage
TCGTG,39,Morganella_phage_MmP1_k5,phage
CTGAC,67,Morganella_phage_MmP1_k5,phage
TATGC,68,Morganella_phage_MmP1_k5,phage
ATGCA,46,Morganella_phage_MmP1_k5,phage
AGGAT,48,Morganella_phage_MmP1_k5,phage
GGTAG,43,Morganella_phage_MmP1_k5,phage
CAAGT,30,Morganella_phage_MmP1_k5,phage
AAGTG,28,Morganella_phage_MmP1_k5,phage
CAGGT,47,Morganella_phage_MmP1_k5,phage
GATTT,18,Morganella_phage_MmP1_k5,phage
ATTTA,16,Morganella_phage_MmP1_k5,phage
TTAGC,34,Morganella_phage_MmP1_k5,phage
AACCC,38,Morganella_phage_MmP1_k5,phage
ACCCG,14,Morganella_phage_MmP1_k5,phage
CCCGC,9,Morganella_phage_MmP1_k5,phage
CCGCA,32,Morganella_phage_MmP1_k5,phage
GCATA,21,Morganella_phage_MmP1_k5,phage
TGGGT,57,Morganella_phage_MmP1_k5,phage
GTTCC,60,Morganella_phage_MmP1_k5,phage
TCCAC,10,Morganella_phage_MmP1_k5,phage
CCACA,23,Morganella_phage_MmP1_k5,phage
CAGAA,60,Morganella_phage_MmP1_k5,phage
GAATA,30,Morganella_phage_MmP1_k5,phage
AATAC,19,Morganella_phage_MmP1_k5,phage
ATACA,23,Morganella_phage_MmP1_k5,phage
ATTGT,24,Morganella_phage_MmP1_k5,phage
TTGTT,13,Morganella_phage_MmP1_k5,phage
CGGTA,73,Morganella_phage_MmP1_k5,phage
TATTC,34,Morganella_phage_MmP1_k5,phage
ATTCG,23,Morganella_phage_MmP1_k5,phage
CGTTT,25,Morganella_phage_MmP1_k5,phage
GTTTT,15,Morganella_phage_MmP1_k5,phage
TTTTG,22,Morganella_phage_MmP1_k5,phage
CTACG,32,Morganella_phage_MmP1_k5,phage
ACGAG,55,Morganella_phage_MmP1_k5,phage
GTGCA,31,Morganella_phage_MmP1_k5,phage
TGCAC,13,Morganella_phage_MmP1_k5,phage
ACACC,38,Morganella_phage_MmP1_k5,phage
ACCGG,47,Morganella_phage_MmP1_k5,phage
CCGGT,59,Morganella_phage_MmP1_k5,phage
GGTGC,59,Morganella_phage_MmP1_k5,phage
TGGGG,27,Morganella_phage_MmP1_k5,phage
ATTTG,18,Morganella_phage_MmP1_k5,phage
GCACC,38,Morganella_phage_MmP1_k5,phage
ACCTA,59,Morganella_phage_MmP1_k5,phage
CCTAC,29,Morganella_phage_MmP1_k5,phage
CTACA,54,Morganella_phage_MmP1_k5,phage
TACAA,38,Morganella_phage_MmP1_k5,phage
CAACA,24,Morganella_phage_MmP1_k5,phage
TCATC,41,Morganella_phage_MmP1_k5,phage
AATGC,27,Morganella_phage_MmP1_k5,phage
GTCTG,43,Morganella_phage_MmP1_k5,phage
GGATA,50,Morganella_phage_MmP1_k5,phage
ACTTC,46,Morganella_phage_MmP1_k5,phage
GACGT,34,Morganella_phage_MmP1_k5,phage
ACGTT,55,Morganella_phage_MmP1_k5,phage
TAAGC,45,Morganella_phage_MmP1_k5,phage
CTCAA,59,Morganella_phage_MmP1_k5,phage
TCAAA,40,Morganella_phage_MmP1_k5,phage
CAAAA,17,Morganella_phage_MmP1_k5,phage
AAAAG,22,Morganella_phage_MmP1_k5,phage
CACCC,14,Morganella_phage_MmP1_k5,phage
ACCCT,72,Morganella_phage_MmP1_k5,phage
CTAAG,70,Morganella_phage_MmP1_k5,phage
CCTCC,14,Morganella_phage_MmP1_k5,phage
CTCCT,27,Morganella_phage_MmP1_k5,phage
CTGTC,23,Morganella_phage_MmP1_k5,phage
TCCCT,35,Morganella_phage_MmP1_k5,phage
TCCTC,28,Morganella_phage_MmP1_k5,phage
CCTCT,33,Morganella_phage_MmP1_k5,phage
CTCTA,36,Morganella_phage_MmP1_k5,phage
ACGTC,18,Morganella_phage_MmP1_k5,phage
CGTCT,26,Morganella_phage_MmP1_k5,phage
TCTAC,37,Morganella_phage_MmP1_k5,phage
AGGGA,47,Morganella_phage_MmP1_k5,phage
GGGAC,26,Morganella_phage_MmP1_k5,phage
TGCGC,18,Morganella_phage_MmP1_k5,phage
CGCTA,56,Morganella_phage_MmP1_k5,phage
GCTAT,64,Morganella_phage_MmP1_k5,phage
TGGCT,66,Morganella_phage_MmP1_k5,phage
AGGCT,77,Morganella_phage_MmP1_k5,phage
ACTGG,60,Morganella_phage_MmP1_k5,phage
CTGGA,59,Morganella_phage_MmP1_k5,phage
CGTGG,31,Morganella_phage_MmP1_k5,phage
TGGAC,37,Morganella_phage_MmP1_k5,phage
GGACG,28,Morganella_phage_MmP1_k5,phage
GCATT,33,Morganella_phage_MmP1_k5,phage
TACCG,41,Morganella_phage_MmP1_k5,phage
GACCC,49,Morganella_phage_MmP1_k5,phage
CCCTT,34,Morganella_phage_MmP1_k5,phage
CTTGG,25,Morganella_phage_MmP1_k5,phage
TTGGC,16,Morganella_phage_MmP1_k5,phage
TTCGA,18,Morganella_phage_MmP1_k5,phage
TCGAC,18,Morganella_phage_MmP1_k5,phage
CGACT,19,Morganella_phage_MmP1_k5,phage
TTTAA,36,Morganella_phage_MmP1_k5,phage
GCGCA,18,Morganella_phage_MmP1_k5,phage
CACTC,25,Morganella_phage_MmP1_k5,phage
GATGC,49,Morganella_phage_MmP1_k5,phage
ATGCT,57,Morganella_phage_MmP1_k5,phage
GACAT,24,Morganella_phage_MmP1_k5,phage
CATCG,24,Morganella_phage_MmP1_k5,phage
TCGAA,10,Morganella_phage_MmP1_k5,phage
AATGT,31,Morganella_phage_MmP1_k5,phage
AGTAC,34,Morganella_phage_MmP1_k5,phage
ACGCC,19,Morganella_phage_MmP1_k5,phage
CGCCG,13,Morganella_phage_MmP1_k5,phage
GCCGG,25,Morganella_phage_MmP1_k5,phage
GTGGA,38,Morganella_phage_MmP1_k5,phage
TGGAG,52,Morganella_phage_MmP1_k5,phage
GGAGT,30,Morganella_phage_MmP1_k5,phage
TTGGG,31,Morganella_phage_MmP1_k5,phage
TGTAG,42,Morganella_phage_MmP1_k5,phage
CTTTT,19,Morganella_phage_MmP1_k5,phage
TTTTC,7,Morganella_phage_MmP1_k5,phage
CGGTC,25,Morganella_phage_MmP1_k5,phage
GGTCA,45,Morganella_phage_MmP1_k5,phage
GTCAT,25,Morganella_phage_MmP1_k5,phage
TGCAA,28,Morganella_phage_MmP1_k5,phage
GGTCG,39,Morganella_phage_MmP1_k5,phage
GTCGA,15,Morganella_phage_MmP1_k5,phage
AGGCA,44,Morganella_phage_MmP1_k5,phage
GGCAC,30,Morganella_phage_MmP1_k5,phage
CTGGC,47,Morganella_phage_MmP1_k5,phage
TGGCC,26,Morganella_phage_MmP1_k5,phage
GGCCG,28,Morganella_phage_MmP1_k5,phage
GCCGC,22,Morganella_phage_MmP1_k5,phage
CCGCT,35,Morganella_phage_MmP1_k5,phage
TGTGG,50,Morganella_phage_MmP1_k5,phage
TGGTC,49,Morganella_phage_MmP1_k5,phage
CACAA,28,Morganella_phage_MmP1_k5,phage
CGCGG,19,Morganella_phage_MmP1_k5,phage
ACAAG,40,Morganella_phage_MmP1_k5,phage
AAATC,32,Morganella_phage_MmP1_k5,phage
CATTT,12,Morganella_phage_MmP1_k5,phage
TCGTA,43,Morganella_phage_MmP1_k5,phage
TAGCG,36,Morganella_phage_MmP1_k5,phage
AGCGG,32,Morganella_phage_MmP1_k5,phage
AGCTC,20,Morganella_phage_MmP1_k5,phage
CACGG,16,Morganella_phage_MmP1_k5,phage
TGCTT,35,Morganella_phage_MmP1_k5,phage
GGGAG,35,Morganella_phage_MmP1_k5,phage
TCTTG,26,Morganella_phage_MmP1_k5,phage
TAGTC,14,Morganella_phage_MmP1_k5,phage
TCTCC,23,Morganella_phage_MmP1_k5,phage
CTTCC,27,Morganella_phage_MmP1_k5,phage
CCAAC,24,Morganella_phage_MmP1_k5,phage
CGGCA,18,Morganella_phage_MmP1_k5,phage
GGCAG,39,Morganella_phage_MmP1_k5,phage
CAGCC,37,Morganella_phage_MmP1_k5,phage
GCCAA,40,Morganella_phage_MmP1_k5,phage
CCAAG,64,Morganella_phage_MmP1_k5,phage
CAAGG,71,Morganella_phage_MmP1_k5,phage
GTTGA,46,Morganella_phage_MmP1_k5,phage
GCGAT,21,Morganella_phage_MmP1_k5,phage
ATAGC,14,Morganella_phage_MmP1_k5,phage
ACAAA,44,Morganella_phage_MmP1_k5,phage
AAATA,23,Morganella_phage_MmP1_k5,phage
ACCGC,25,Morganella_phage_MmP1_k5,phage
AGTTG,24,Morganella_phage_MmP1_k5,phage
TGCAT,25,Morganella_phage_MmP1_k5,phage
ATATT,31,Morganella_phage_MmP1_k5,phage
GAGTC,36,Morganella_phage_MmP1_k5,phage
ATTCT,35,Morganella_phage_MmP1_k5,phage
TTCTC,35,Morganella_phage_MmP1_k5,phage
CAAAC,33,Morganella_phage_MmP1_k5,phage
AACCA,44,Morganella_phage_MmP1_k5,phage
ACCAG,27,Morganella_phage_MmP1_k5,phage
CAGTT,42,Morganella_phage_MmP1_k5,phage
CAGAG,48,Morganella_phage_MmP1_k5,phage
AGAGA,45,Morganella_phage_MmP1_k5,phage
AGTTT,30,Morganella_phage_MmP1_k5,phage
GCAGT,32,Morganella_phage_MmP1_k5,phage
CGTGT,23,Morganella_phage_MmP1_k5,phage
ACCCA,27,Morganella_phage_MmP1_k5,phage
TCAGA,57,Morganella_phage_MmP1_k5,phage
GTTGT,17,Morganella_phage_MmP1_k5,phage
GCGCC,15,Morganella_phage_MmP1_k5,phage
GCATG,24,Morganella_phage_MmP1_k5,phage
CATGG,43,Morganella_phage_MmP1_k5,phage
CGCCA,20,Morganella_phage_MmP1_k5,phage
CCAGA,29,Morganella_phage_MmP1_k5,phage
ACGGA,38,Morganella_phage_MmP1_k5,phage
CGGAG,34,Morganella_phage_MmP1_k5,phage
CACCA,28,Morganella_phage_MmP1_k5,phage
ACCAC,28,Morganella_phage_MmP1_k5,phage
CACGC,13,Morganella_phage_MmP1_k5,phage
CAATT,17,Morganella_phage_MmP1_k5,phage
TAGTT,16,Morganella_phage_MmP1_k5,phage
TCGCA,19,Morganella_phage_MmP1_k5,phage
GCGGC,23,Morganella_phage_MmP1_k5,phage
GTAAA,42,Morganella_phage_MmP1_k5,phage
CTTCT,22,Morganella_phage_MmP1_k5,phage
CGGCC,4,Morganella_phage_MmP1_k5,phage
TTCCG,37,Morganella_phage_MmP1_k5,phage
CCGTT,27,Morganella_phage_MmP1_k5,phage
TCTGG,71,Morganella_phage_MmP1_k5,phage
CCACT,25,Morganella_phage_MmP1_k5,phage
GTGCT,49,Morganella_phage_MmP1_k5,phage
GCTCG,43,Morganella_phage_MmP1_k5,phage
CGAGC,21,Morganella_phage_MmP1_k5,phage
GGAGC,21,Morganella_phage_MmP1_k5,phage
GAGCG,37,Morganella_phage_MmP1_k5,phage
GCTGG,57,Morganella_phage_MmP1_k5,phage
AAAGT,37,Morganella_phage_MmP1_k5,phage
CTGGT,68,Morganella_phage_MmP1_k5,phage
AGGCC,29,Morganella_phage_MmP1_k5,phage
CGCAA,39,Morganella_phage_MmP1_k5,phage
GGACA,29,Morganella_phage_MmP1_k5,phage
CCGGA,20,Morganella_phage_MmP1_k5,phage
CGGAA,18,Morganella_phage_MmP1_k5,phage
GGAAA,30,Morganella_phage_MmP1_k5,phage
CGTTC,39,Morganella_phage_MmP1_k5,phage
GCAAC,31,Morganella_phage_MmP1_k5,phage
CAACC,32,Morganella_phage_MmP1_k5,phage
ATCGG,24,Morganella_phage_MmP1_k5,phage
TCGGG,14,Morganella_phage_MmP1_k5,phage
GCACG,12,Morganella_phage_MmP1_k5,phage
CGGGC,7,Morganella_phage_MmP1_k5,phage
GTAGT,29,Morganella_phage_MmP1_k5,phage
GGGGC,15,Morganella_phage_MmP1_k5,phage
GGGGT,21,Morganella_phage_MmP1_k5,phage
CGGAC,12,Morganella_phage_MmP1_k5,phage
GAGGC,54,Morganella_phage_MmP1_k5,phage
CCCGT,21,Morganella_phage_MmP1_k5,phage
TGCTC,41,Morganella_phage_MmP1_k5,phage
CAGGC,47,Morganella_phage_MmP1_k5,phage
AGTCC,31,Morganella_phage_MmP1_k5,phage
TCAAC,31,Morganella_phage_MmP1_k5,phage
GTCCC,12,Morganella_phage_MmP1_k5,phage
TCCCG,10,Morganella_phage_MmP1_k5,phage
CCGCC,14,Morganella_phage_MmP1_k5,phage
CGCCT,18,Morganella_phage_MmP1_k5,phage
GGGGG,5,Morganella_phage_MmP1_k5,phage
GTCGC,15,Morganella_phage_MmP1_k5,phage
GCAAA,21,Morganella_phage_MmP1_k5,phage
AATTC,22,Morganella_phage_MmP1_k5,phage
GGCGC,13,Morganella_phage_MmP1_k5,phage
ATGCC,31,Morganella_phage_MmP1_k5,phage
TGGCG,23,Morganella_phage_MmP1_k5,phage
GGCGG,20,Morganella_phage_MmP1_k5,phage
CCTAG,10,Morganella_phage_MmP1_k5,phage
TAGCA,17,Morganella_phage_MmP1_k5,phage
CGCCC,14,Morganella_phage_MmP1_k5,phage
ACGAC,4,Morganella_phage_MmP1_k5,phage
AGTCG,11,Morganella_phage_MmP1_k5,phage
TTCCC,20,Morganella_phage_MmP1_k5,phage
GCGCG,14,Morganella_phage_MmP1_k5,phage
GCGGA,24,Morganella_phage_MmP1_k5,phage
CTGCC,15,Morganella_phage_MmP1_k5,phage
TGCCG,13,Morganella_phage_MmP1_k5,phage
CCCTC,14,Morganella_phage_MmP1_k5,phage
GCGAA,29,Morganella_phage_MmP1_k5,phage
CACTG,41,Morganella_phage_MmP1_k5,phage
CTGCT,14,Morganella_phage_MmP1_k5,phage
GAACG,27,Morganella_phage_MmP1_k5,phage
GTCCG,16,Morganella_phage_MmP1_k5,phage
AGCCC,19,Morganella_phage_MmP1_k5,phage
TTTTT,9,Morganella_phage_MmP1_k5,phage
TTTCT,15,Morganella_phage_MmP1_k5,phage
AAAAA,2,Morganella_phage_MmP1_k5,phage
CTGGG,14,Morganella_phage_MmP1_k5,phage
TGTGC,22,Morganella_phage_MmP1_k5,phage
TGCCA,21,Morganella_phage_MmP1_k5,phage
GCTGC,21,Morganella_phage_MmP1_k5,phage
GTCGG,12,Morganella_phage_MmP1_k5,phage
GGGCA,15,Morganella_phage_MmP1_k5,phage
CCGTC,25,Morganella_phage_MmP1_k5,phage
CGGAT,25,Morganella_phage_MmP1_k5,phage
GCCCG,9,Morganella_phage_MmP1_k5,phage
CGGGG,7,Morganella_phage_MmP1_k5,phage
ACTCG,14,Morganella_phage_MmP1_k5,phage
TAGAA,9,Morganella_phage_MmP1_k5,phage
CGTCC,10,Morganella_phage_MmP1_k5,phage
GTCCA,13,Morganella_phage_MmP1_k5,phage
TCCAG,19,Morganella_phage_MmP1_k5,phage
GTGGC,45,Morganella_phage_MmP1_k5,phage
GTTGG,25,Morganella_phage_MmP1_k5,phage
TCCGC,28,Morganella_phage_MmP1_k5,phage
AGCGA,29,Morganella_phage_MmP1_k5,phage
CGATT,15,Morganella_phage_MmP1_k5,phage
CATGT,11,Morganella_phage_MmP1_k5,phage
CTAGA,7,Morganella_phage_MmP1_k5,phage
GAAAA,24,Morganella_phage_MmP1_k5,phage
AACTC,44,Morganella_phage_MmP1_k5,phage
TCCGA,12,Morganella_phage_MmP1_k5,phage
GCCGT,17,Morganella_phage_MmP1_k5,phage
CGCGC,9,Morganella_phage_MmP1_k5,phage
GTAGG,25,Morganella_phage_MmP1_k5,phage
GCGTC,13,Morganella_phage_MmP1_k5,phage
TAGGC,12,Morganella_phage_MmP1_k5,phage
AAAAT,12,Morganella_phage_MmP1_k5,phage
CAAAT,20,Morganella_phage_MmP1_k5,phage
CTTGT,8,Morganella_phage_MmP1_k5,phage
TTGTA,13,Morganella_phage_MmP1_k5,phage
CCGGC,12,Morganella_phage_MmP1_k5,phage
CGGCG,7,Morganella_phage_MmP1_k5,phage
AGTGA,28,Morganella_phage_MmP1_k5,phage
AATTT,3,Morganella_phage_MmP1_k5,phage
ATTTC,7,Morganella_phage_MmP1_k5,phage
GGTTG,34,Morganella_phage_MmP1_k5,phage
CTCCC,8,Morganella_phage_MmP1_k5,phage
CCCAC,6,Morganella_phage_MmP1_k5,phage
GGCAA,21,Morganella_phage_MmP1_k5,phage
TCGGC,8,Morganella_phage_MmP1_k5,phage
TCGAG,15,Morganella_phage_MmP1_k5,phage
CCCAA,23,Morganella_phage_MmP1_k5,phage
CTCCA,17,Morganella_phage_MmP1_k5,phage
GGCCT,14,Morganella_phage_MmP1_k5,phage
TCGCC,17,Morganella_phage_MmP1_k5,phage
GCCCC,10,Morganella_phage_MmP1_k5,phage
CTGCA,15,Morganella_phage_MmP1_k5,phage
TGCTA,28,Morganella_phage_MmP1_k5,phage
GCCCA,7,Morganella_phage_MmP1_k5,phage
TCCGG,18,Morganella_phage_MmP1_k5,phage
TGTCG,6,Morganella_phage_MmP1_k5,phage
TGATC,2,Morganella_phage_MmP1_k5,phage
GATCA,2,Morganella_phage_MmP1_k5,phage
GAGCT,6,Morganella_phage_MmP1_k5,phage
CCGAG,22,Morganella_phage_MmP1_k5,phage
GCCTC,22,Morganella_phage_MmP1_k5,phage
GTCGT,23,Morganella_phage_MmP1_k5,phage
GCCAC,9,Morganella_phage_MmP1_k5,phage
TCTAG,9,Morganella_phage_MmP1_k5,phage
AGATC,2,Morganella_phage_MmP1_k5,phage
CCACC,5,Morganella_phage_MmP1_k5,phage
CCCGG,2,Morganella_phage_MmP1_k5,phage
CTCGA,6,Morganella_phage_MmP1_k5,phage
TCCCC,3,Morganella_phage_MmP1_k5,phage
CCCCG,2,Morganella_phage_MmP1_k5,phage
TGTTG,12,Morganella_phage_MmP1_k5,phage
CGTCG,9,Morganella_phage_MmP1_k5,phage
GCGAC,11,Morganella_phage_MmP1_k5,phage
CGACG,7,Morganella_phage_MmP1_k5,phage
CCGCG,3,Morganella_phage_MmP1_k5,phage
TCGGA,7,Morganella_phage_MmP1_k5,phage
CTAGT,8,Morganella_phage_MmP1_k5,phage
CCCGA,3,Morganella_phage_MmP1_k5,phage
CCGGG,1,Morganella_phage_MmP1_k5,phage
CTTCG,1,Morganella_phage_MmP1_k5,phage
CGACC,2,Morganella_phage_MmP1_k5,phage
TAAAT,57,proteusproteus_phage_PM75_k5,phage
AAATC,27,proteusproteus_phage_PM75_k5,phage
AATCT,45,proteusproteus_phage_PM75_k5,phage
ATCTA,28,proteusproteus_phage_PM75_k5,phage
TCTAG,47,proteusproteus_phage_PM75_k5,phage
CTAGA,95,proteusproteus_phage_PM75_k5,phage
TAGAC,64,proteusproteus_phage_PM75_k5,phage
AGACA,48,proteusproteus_phage_PM75_k5,phage
GACAG,28,proteusproteus_phage_PM75_k5,phage
ACAGA,114,proteusproteus_phage_PM75_k5,phage
CAGAT,66,proteusproteus_phage_PM75_k5,phage
AGATT,91,proteusproteus_phage_PM75_k5,phage
GATTA,89,proteusproteus_phage_PM75_k5,phage
ATTAG,71,proteusproteus_phage_PM75_k5,phage
TTAGA,91,proteusproteus_phage_PM75_k5,phage
ACAGT,99,proteusproteus_phage_PM75_k5,phage
CAGTA,128,proteusproteus_phage_PM75_k5,phage
AGTAT,103,proteusproteus_phage_PM75_k5,phage
GTATA,39,proteusproteus_phage_PM75_k5,phage
TATAC,43,proteusproteus_phage_PM75_k5,phage
ATACC,49,proteusproteus_phage_PM75_k5,phage
TACCT,83,proteusproteus_phage_PM75_k5,phage
ACCTA,102,proteusproteus_phage_PM75_k5,phage
CCTAT,44,proteusproteus_phage_PM75_k5,phage
CTATT,51,proteusproteus_phage_PM75_k5,phage
TATTG,68,proteusproteus_phage_PM75_k5,phage
ATTGA,69,proteusproteus_phage_PM75_k5,phage
TTGAA,62,proteusproteus_phage_PM75_k5,phage
TGAAT,66,proteusproteus_phage_PM75_k5,phage
GAATT,37,proteusproteus_phage_PM75_k5,phage
AATTA,70,proteusproteus_phage_PM75_k5,phage
GACAA,16,proteusproteus_phage_PM75_k5,phage
ACAAT,54,proteusproteus_phage_PM75_k5,phage
CAATT,31,proteusproteus_phage_PM75_k5,phage
AATTT,23,proteusproteus_phage_PM75_k5,phage
ATTTA,67,proteusproteus_phage_PM75_k5,phage
TTTAT,51,proteusproteus_phage_PM75_k5,phage
TTATC,55,proteusproteus_phage_PM75_k5,phage
TATCA,66,proteusproteus_phage_PM75_k5,phage
ATCAA,43,proteusproteus_phage_PM75_k5,phage
TCAAT,33,proteusproteus_phage_PM75_k5,phage
CAATA,30,proteusproteus_phage_PM75_k5,phage
AATAT,31,proteusproteus_phage_PM75_k5,phage
ATATC,41,proteusproteus_phage_PM75_k5,phage
ATCAT,31,proteusproteus_phage_PM75_k5,phage
TCATA,27,proteusproteus_phage_PM75_k5,phage
CATAA,20,proteusproteus_phage_PM75_k5,phage
ATAAT,47,proteusproteus_phage_PM75_k5,phage
TAATA,86,proteusproteus_phage_PM75_k5,phage
ATATG,33,proteusproteus_phage_PM75_k5,phage
TATGA,81,proteusproteus_phage_PM75_k5,phage
ATGAT,81,proteusproteus_phage_PM75_k5,phage
TGATT,81,proteusproteus_phage_PM75_k5,phage
GATTG,49,proteusproteus_phage_PM75_k5,phage
TTGAT,75,proteusproteus_phage_PM75_k5,phage
ATTAC,104,proteusproteus_phage_PM75_k5,phage
TTACT,101,proteusproteus_phage_PM75_k5,phage
TACTT,102,proteusproteus_phage_PM75_k5,phage
ACTTC,31,proteusproteus_phage_PM75_k5,phage
CTTCT,28,proteusproteus_phage_PM75_k5,phage
TTCTT,52,proteusproteus_phage_PM75_k5,phage
TCTTG,33,proteusproteus_phage_PM75_k5,phage
CTTGT,38,proteusproteus_phage_PM75_k5,phage
TTGTA,95,proteusproteus_phage_PM75_k5,phage
TGTAA,36,proteusproteus_phage_PM75_k5,phage
GTAAG,63,proteusproteus_phage_PM75_k5,phage
TAAGG,80,proteusproteus_phage_PM75_k5,phage
AAGGT,102,proteusproteus_phage_PM75_k5,phage
AGGTA,138,proteusproteus_phage_PM75_k5,phage
GGTAC,133,proteusproteus_phage_PM75_k5,phage
GTACT,200,proteusproteus_phage_PM75_k5,phage
TACTG,105,proteusproteus_phage_PM75_k5,phage
ACTGT,66,proteusproteus_phage_PM75_k5,phage
CTGTT,50,proteusproteus_phage_PM75_k5,phage
TGTTT,29,proteusproteus_phage_PM75_k5,phage
GTTTT,21,proteusproteus_phage_PM75_k5,phage
TTTTG,29,proteusproteus_phage_PM75_k5,phage
TTTGT,35,proteusproteus_phage_PM75_k5,phage
TGTAT,74,proteusproteus_phage_PM75_k5,phage
CCTAA,71,proteusproteus_phage_PM75_k5,phage
CTAAA,73,proteusproteus_phage_PM75_k5,phage
TAAAG,123,proteusproteus_phage_PM75_k5,phage
AAAGT,54,proteusproteus_phage_PM75_k5,phage
AAGTA,131,proteusproteus_phage_PM75_k5,phage
AGTAG,89,proteusproteus_phage_PM75_k5,phage
GTAGG,69,proteusproteus_phage_PM75_k5,phage
TAGGA,44,proteusproteus_phage_PM75_k5,phage
AGGAT,55,proteusproteus_phage_PM75_k5,phage
GGATT,67,proteusproteus_phage_PM75_k5,phage
ATTGT,53,proteusproteus_phage_PM75_k5,phage
TTGTT,39,proteusproteus_phage_PM75_k5,phage
TGTTC,59,proteusproteus_phage_PM75_k5,phage
GTTCA,77,proteusproteus_phage_PM75_k5,phage
TTCAA,65,proteusproteus_phage_PM75_k5,phage
TCAAC,25,proteusproteus_phage_PM75_k5,phage
CAACA,59,proteusproteus_phage_PM75_k5,phage
AACAA,96,proteusproteus_phage_PM75_k5,phage
CAATC,31,proteusproteus_phage_PM75_k5,phage
ATCTG,33,proteusproteus_phage_PM75_k5,phage
TCTGA,45,proteusproteus_phage_PM75_k5,phage
CTGAG,55,proteusproteus_phage_PM75_k5,phage
TGAGC,32,proteusproteus_phage_PM75_k5,phage
GAGCT,48,proteusproteus_phage_PM75_k5,phage
AGCTA,112,proteusproteus_phage_PM75_k5,phage
GCTAT,60,proteusproteus_phage_PM75_k5,phage
CTATA,31,proteusproteus_phage_PM75_k5,phage
TATAT,21,proteusproteus_phage_PM75_k5,phage
CAACC,23,proteusproteus_phage_PM75_k5,phage
AACCA,48,proteusproteus_phage_PM75_k5,phage
ACCAC,26,proteusproteus_phage_PM75_k5,phage
CCACG,9,proteusproteus_phage_PM75_k5,phage
CACGT,28,proteusproteus_phage_PM75_k5,phage
ACGTA,61,proteusproteus_phage_PM75_k5,phage
CGTAT,24,proteusproteus_phage_PM75_k5,phage
GTATT,83,proteusproteus_phage_PM75_k5,phage
TATTA,94,proteusproteus_phage_PM75_k5,phage
TAGAA,72,proteusproteus_phage_PM75_k5,phage
AGAAT,62,proteusproteus_phage_PM75_k5,phage
GAATG,73,proteusproteus_phage_PM75_k5,phage
AATGA,80,proteusproteus_phage_PM75_k5,phage
ATGAA,85,proteusproteus_phage_PM75_k5,phage
TGAAA,54,proteusproteus_phage_PM75_k5,phage
GAAAT,31,proteusproteus_phage_PM75_k5,phage
AAATG,40,proteusproteus_phage_PM75_k5,phage
TGATA,103,proteusproteus_phage_PM75_k5,phage
GATAA,72,proteusproteus_phage_PM75_k5,phage
AATAC,58,proteusproteus_phage_PM75_k5,phage
ATACA,83,proteusproteus_phage_PM75_k5,phage
TACAC,97,proteusproteus_phage_PM75_k5,phage
ACACA,91,proteusproteus_phage_PM75_k5,phage
CACAT,24,proteusproteus_phage_PM75_k5,phage
ACATT,55,proteusproteus_phage_PM75_k5,phage
CATTA,64,proteusproteus_phage_PM75_k5,phage
TTACA,113,proteusproteus_phage_PM75_k5,phage
TACAG,164,proteusproteus_phage_PM75_k5,phage
CAGAA,85,proteusproteus_phage_PM75_k5,phage
AATGG,61,proteusproteus_phage_PM75_k5,phage
ATGGA,48,proteusproteus_phage_PM75_k5,phage
TGGAA,36,proteusproteus_phage_PM75_k5,phage
GGAAT,34,proteusproteus_phage_PM75_k5,phage
AATGT,61,proteusproteus_phage_PM75_k5,phage
ATGTT,45,proteusproteus_phage_PM75_k5,phage
GTTTA,69,proteusproteus_phage_PM75_k5,phage
TTATT,62,proteusproteus_phage_PM75_k5,phage
ATACT,57,proteusproteus_phage_PM75_k5,phage
TACTA,159,proteusproteus_phage_PM75_k5,phage
ACTAG,85,proteusproteus_phage_PM75_k5,phage
TAGAT,70,proteusproteus_phage_PM75_k5,phage
AGATA,102,proteusproteus_phage_PM75_k5,phage
GATAC,79,proteusproteus_phage_PM75_k5,phage
ATACG,14,proteusproteus_phage_PM75_k5,phage
TACGA,34,proteusproteus_phage_PM75_k5,phage
ACGAA,23,proteusproteus_phage_PM75_k5,phage
CGAAG,17,proteusproteus_phage_PM75_k5,phage
GAAGA,68,proteusproteus_phage_PM75_k5,phage
AAGAA,115,proteusproteus_phage_PM75_k5,phage
ATGAG,81,proteusproteus_phage_PM75_k5,phage
TGAGT,94,proteusproteus_phage_PM75_k5,phage
GAGTA,121,proteusproteus_phage_PM75_k5,phage
GTATC,79,proteusproteus_phage_PM75_k5,phage
TATCG,17,proteusproteus_phage_PM75_k5,phage
ATCGT,11,proteusproteus_phage_PM75_k5,phage
TCGTA,18,proteusproteus_phage_PM75_k5,phage
CGTAG,30,proteusproteus_phage_PM75_k5,phage
GTAGC,54,proteusproteus_phage_PM75_k5,phage
TAGCC,22,proteusproteus_phage_PM75_k5,phage
AGCCC,29,proteusproteus_phage_PM75_k5,phage
GCCCA,18,proteusproteus_phage_PM75_k5,phage
CCCAA,33,proteusproteus_phage_PM75_k5,phage
CCAAT,23,proteusproteus_phage_PM75_k5,phage
TACAA,159,proteusproteus_phage_PM75_k5,phage
CAATG,40,proteusproteus_phage_PM75_k5,phage
ATGAC,40,proteusproteus_phage_PM75_k5,phage
TGACA,32,proteusproteus_phage_PM75_k5,phage
GACAC,33,proteusproteus_phage_PM75_k5,phage
ACACG,15,proteusproteus_phage_PM75_k5,phage
CACGA,7,proteusproteus_phage_PM75_k5,phage
GAAGT,76,proteusproteus_phage_PM75_k5,phage
AAGTG,40,proteusproteus_phage_PM75_k5,phage
AGTGT,67,proteusproteus_phage_PM75_k5,phage
GTGTC,23,proteusproteus_phage_PM75_k5,phage
TGTCC,17,proteusproteus_phage_PM75_k5,phage
GTCCT,22,proteusproteus_phage_PM75_k5,phage
TCCTA,67,proteusproteus_phage_PM75_k5,phage
CCTAG,92,proteusproteus_phage_PM75_k5,phage
CTAGG,78,proteusproteus_phage_PM75_k5,phage
TAGGG,63,proteusproteus_phage_PM75_k5,phage
AGGGT,84,proteusproteus_phage_PM75_k5,phage
GGGTA,78,proteusproteus_phage_PM75_k5,phage
GGTAT,95,proteusproteus_phage_PM75_k5,phage
TATCT,58,proteusproteus_phage_PM75_k5,phage
ATCTC,28,proteusproteus_phage_PM75_k5,phage
TCTCT,26,proteusproteus_phage_PM75_k5,phage
CTCTT,35,proteusproteus_phage_PM75_k5,phage
TCTTA,69,proteusproteus_phage_PM75_k5,phage
CTTAG,93,proteusproteus_phage_PM75_k5,phage
TTAGT,94,proteusproteus_phage_PM75_k5,phage
TAGTT,49,proteusproteus_phage_PM75_k5,phage
AGTTA,105,proteusproteus_phage_PM75_k5,phage
GTTAT,64,proteusproteus_phage_PM75_k5,phage
TTATA,43,proteusproteus_phage_PM75_k5,phage
ACTTT,57,proteusproteus_phage_PM75_k5,phage
CTTTG,57,proteusproteus_phage_PM75_k5,phage
TACTC,52,proteusproteus_phage_PM75_k5,phage
ACTCT,47,proteusproteus_phage_PM75_k5,phage
CTCTA,27,proteusproteus_phage_PM75_k5,phage
TCTAT,20,proteusproteus_phage_PM75_k5,phage
TATAA,37,proteusproteus_phage_PM75_k5,phage
TAATG,102,proteusproteus_phage_PM75_k5,phage
ATGTA,78,proteusproteus_phage_PM75_k5,phage
ATCTT,47,proteusproteus_phage_PM75_k5,phage
TAGTA,167,proteusproteus_phage_PM75_k5,phage
ATTAA,89,proteusproteus_phage_PM75_k5,phage
TTAAT,98,proteusproteus_phage_PM75_k5,phage
TAATT,44,proteusproteus_phage_PM75_k5,phage
AATTG,21,proteusproteus_phage_PM75_k5,phage
TGTAG,67,proteusproteus_phage_PM75_k5,phage
TAGGT,113,proteusproteus_phage_PM75_k5,phage
AGGTT,84,proteusproteus_phage_PM75_k5,phage
GGTTC,70,proteusproteus_phage_PM75_k5,phage
TTCAG,61,proteusproteus_phage_PM75_k5,phage
TCAGA,62,proteusproteus_phage_PM75_k5,phage
GATAG,43,proteusproteus_phage_PM75_k5,phage
ATAGG,38,proteusproteus_phage_PM75_k5,phage
GGGTG,54,proteusproteus_phage_PM75_k5,phage
GGTGG,59,proteusproteus_phage_PM75_k5,phage
GTGGT,72,proteusproteus_phage_PM75_k5,phage
TGGTT,93,proteusproteus_phage_PM75_k5,phage
AATAA,61,proteusproteus_phage_PM75_k5,phage
ATAAA,64,proteusproteus_phage_PM75_k5,phage
AAAGA,122,proteusproteus_phage_PM75_k5,phage
AAGAG,113,proteusproteus_phage_PM75_k5,phage
AGAGG,58,proteusproteus_phage_PM75_k5,phage
GAGGA,42,proteusproteus_phage_PM75_k5,phage
AGGAC,28,proteusproteus_phage_PM75_k5,phage
GGACT,32,proteusproteus_phage_PM75_k5,phage
GACTC,29,proteusproteus_phage_PM75_k5,phage
ACTCC,24,proteusproteus_phage_PM75_k5,phage
CTCCC,17,proteusproteus_phage_PM75_k5,phage
TCCCT,32,proteusproteus_phage_PM75_k5,phage
CCCTA,61,proteusproteus_phage_PM75_k5,phage
CTAAT,73,proteusproteus_phage_PM75_k5,phage
AATAG,36,proteusproteus_phage_PM75_k5,phage
TAGGC,15,proteusproteus_phage_PM75_k5,phage
AGGCG,11,proteusproteus_phage_PM75_k5,phage
GGCGA,6,proteusproteus_phage_PM75_k5,phage
GCGAT,6,proteusproteus_phage_PM75_k5,phage
CGATA,15,proteusproteus_phage_PM75_k5,phage
ATAGC,25,proteusproteus_phage_PM75_k5,phage
AGCCT,30,proteusproteus_phage_PM75_k5,phage
GCCTA,19,proteusproteus_phage_PM75_k5,phage
AGGAG,61,proteusproteus_phage_PM75_k5,phage
GGAGT,40,proteusproteus_phage_PM75_k5,phage
GAGTC,26,proteusproteus_phage_PM75_k5,phage
AGTCC,32,proteusproteus_phage_PM75_k5,phage
TCCTT,34,proteusproteus_phage_PM75_k5,phage
CCTTA,48,proteusproteus_phage_PM75_k5,phage
TTAGG,50,proteusproteus_phage_PM75_k5,phage
GGATA,44,proteusproteus_phage_PM75_k5,phage
GGTTA,81,proteusproteus_phage_PM75_k5,phage
GTTAC,70,proteusproteus_phage_PM75_k5,phage
TTTGG,35,proteusproteus_phage_PM75_k5,phage
TTGGT,79,proteusproteus_phage_PM75_k5,phage
GGTTT,53,proteusproteus_phage_PM75_k5,phage
ACTTA,119,proteusproteus_phage_PM75_k5,phage
CTTAA,87,proteusproteus_phage_PM75_k5,phage
TTAAC,60,proteusproteus_phage_PM75_k5,phage
TAACT,72,proteusproteus_phage_PM75_k5,phage
AACTA,65,proteusproteus_phage_PM75_k5,phage
GGTGA,65,proteusproteus_phage_PM75_k5,phage
GTGAA,39,proteusproteus_phage_PM75_k5,phage
TGAAG,65,proteusproteus_phage_PM75_k5,phage
AGTGC,45,proteusproteus_phage_PM75_k5,phage
GTGCT,80,proteusproteus_phage_PM75_k5,phage
TGCTC,33,proteusproteus_phage_PM75_k5,phage
GCTCT,32,proteusproteus_phage_PM75_k5,phage
TAGCT,78,proteusproteus_phage_PM75_k5,phage
AGCTC,22,proteusproteus_phage_PM75_k5,phage
GCTCA,40,proteusproteus_phage_PM75_k5,phage
CTCAG,55,proteusproteus_phage_PM75_k5,phage
TCAGT,62,proteusproteus_phage_PM75_k5,phage
CAGTC,20,proteusproteus_phage_PM75_k5,phage
AGTCT,26,proteusproteus_phage_PM75_k5,phage
GTCTT,22,proteusproteus_phage_PM75_k5,phage
GTTAA,87,proteusproteus_phage_PM75_k5,phage
AACTC,43,proteusproteus_phage_PM75_k5,phage
ACTCA,61,proteusproteus_phage_PM75_k5,phage
CTCAC,15,proteusproteus_phage_PM75_k5,phage
TCACT,31,proteusproteus_phage_PM75_k5,phage
CACTG,43,proteusproteus_phage_PM75_k5,phage
CTGTA,98,proteusproteus_phage_PM75_k5,phage
TGTAC,175,proteusproteus_phage_PM75_k5,phage
GTACA,253,proteusproteus_phage_PM75_k5,phage
ACAAG,122,proteusproteus_phage_PM75_k5,phage
CAAGG,81,proteusproteus_phage_PM75_k5,phage
GGTAA,78,proteusproteus_phage_PM75_k5,phage
TAAGC,28,proteusproteus_phage_PM75_k5,phage
AAGCT,64,proteusproteus_phage_PM75_k5,phage
GCTCC,17,proteusproteus_phage_PM75_k5,phage
CTCCG,9,proteusproteus_phage_PM75_k5,phage
TCCGG,6,proteusproteus_phage_PM75_k5,phage
CCGGG,2,proteusproteus_phage_PM75_k5,phage
CGGGT,16,proteusproteus_phage_PM75_k5,phage
GGGTT,73,proteusproteus_phage_PM75_k5,phage
GGTTG,60,proteusproteus_phage_PM75_k5,phage
GTTGA,55,proteusproteus_phage_PM75_k5,phage
GATTC,56,proteusproteus_phage_PM75_k5,phage
ATTCT,42,proteusproteus_phage_PM75_k5,phage
TTCTC,19,proteusproteus_phage_PM75_k5,phage
CTCTG,42,proteusproteus_phage_PM75_k5,phage
TCTGT,47,proteusproteus_phage_PM75_k5,phage
CTGTG,38,proteusproteus_phage_PM75_k5,phage
TGTGC,27,proteusproteus_phage_PM75_k5,phage
GTGCG,10,proteusproteus_phage_PM75_k5,phage
TGCGA,7,proteusproteus_phage_PM75_k5,phage
GCGAC,3,proteusproteus_phage_PM75_k5,phage
CGACT,7,proteusproteus_phage_PM75_k5,phage
GACTA,39,proteusproteus_phage_PM75_k5,phage
ACTAC,68,proteusproteus_phage_PM75_k5,phage
CTACA,59,proteusproteus_phage_PM75_k5,phage
TCCCC,18,proteusproteus_phage_PM75_k5,phage
CCCCT,26,proteusproteus_phage_PM75_k5,phage
CCCTT,16,proteusproteus_phage_PM75_k5,phage
CCTTT,38,proteusproteus_phage_PM75_k5,phage
CTTTT,22,proteusproteus_phage_PM75_k5,phage
GTAAC,53,proteusproteus_phage_PM75_k5,phage
TCAGG,54,proteusproteus_phage_PM75_k5,phage
CAGGG,46,proteusproteus_phage_PM75_k5,phage
GGTGT,73,proteusproteus_phage_PM75_k5,phage
GTGTT,64,proteusproteus_phage_PM75_k5,phage
TTTAA,82,proteusproteus_phage_PM75_k5,phage
AACTG,47,proteusproteus_phage_PM75_k5,phage
ACTGA,62,proteusproteus_phage_PM75_k5,phage
CTGAA,53,proteusproteus_phage_PM75_k5,phage
CTTCG,8,proteusproteus_phage_PM75_k5,phage
TTCGA,12,proteusproteus_phage_PM75_k5,phage
TCGAT,11,proteusproteus_phage_PM75_k5,phage
ATAAG,46,proteusproteus_phage_PM75_k5,phage
AAGCA,79,proteusproteus_phage_PM75_k5,phage
AGCAC,74,proteusproteus_phage_PM75_k5,phage
GCACT,40,proteusproteus_phage_PM75_k5,phage
CACTA,54,proteusproteus_phage_PM75_k5,phage
ACTAT,65,proteusproteus_phage_PM75_k5,phage
CTATC,36,proteusproteus_phage_PM75_k5,phage
TATCC,70,proteusproteus_phage_PM75_k5,phage
ATCCC,27,proteusproteus_phage_PM75_k5,phage
TGGTA,137,proteusproteus_phage_PM75_k5,phage
TCTCC,18,proteusproteus_phage_PM75_k5,phage
CTCCA,16,proteusproteus_phage_PM75_k5,phage
TCCAT,22,proteusproteus_phage_PM75_k5,phage
CCATA,18,proteusproteus_phage_PM75_k5,phage
TTGAC,46,proteusproteus_phage_PM75_k5,phage
TGACC,45,proteusproteus_phage_PM75_k5,phage
GACCT,29,proteusproteus_phage_PM75_k5,phage
ACCTT,54,proteusproteus_phage_PM75_k5,phage
CCTTC,7,proteusproteus_phage_PM75_k5,phage
CTTCC,11,proteusproteus_phage_PM75_k5,phage
TTCCT,36,proteusproteus_phage_PM75_k5,phage
CTTTA,75,proteusproteus_phage_PM75_k5,phage
TACGG,37,proteusproteus_phage_PM75_k5,phage
ACGGA,19,proteusproteus_phage_PM75_k5,phage
CGGAT,11,proteusproteus_phage_PM75_k5,phage
ATTGG,33,proteusproteus_phage_PM75_k5,phage
GTTGT,47,proteusproteus_phage_PM75_k5,phage
TTGTG,33,proteusproteus_phage_PM75_k5,phage
TGTGG,36,proteusproteus_phage_PM75_k5,phage
TTTTA,27,proteusproteus_phage_PM75_k5,phage
TTTAG,55,proteusproteus_phage_PM75_k5,phage
TAGTC,23,proteusproteus_phage_PM75_k5,phage
AGTCG,4,proteusproteus_phage_PM75_k5,phage
GTCGG,6,proteusproteus_phage_PM75_k5,phage
TCGGT,16,proteusproteus_phage_PM75_k5,phage
CGGTA,30,proteusproteus_phage_PM75_k5,phage
GTATG,95,proteusproteus_phage_PM75_k5,phage
TATGG,77,proteusproteus_phage_PM75_k5,phage
ATGGT,93,proteusproteus_phage_PM75_k5,phage
ACACT,64,proteusproteus_phage_PM75_k5,phage
AAATA,37,proteusproteus_phage_PM75_k5,phage
TAAAA,46,proteusproteus_phage_PM75_k5,phage
AAAAG,45,proteusproteus_phage_PM75_k5,phage
AAAGG,70,proteusproteus_phage_PM75_k5,phage
AAGGG,60,proteusproteus_phage_PM75_k5,phage
TTCTG,48,proteusproteus_phage_PM75_k5,phage
TCTGC,18,proteusproteus_phage_PM75_k5,phage
CTGCA,25,proteusproteus_phage_PM75_k5,phage
TGCAC,35,proteusproteus_phage_PM75_k5,phage
GCACA,51,proteusproteus_phage_PM75_k5,phage
CACAA,41,proteusproteus_phage_PM75_k5,phage
ACAAC,69,proteusproteus_phage_PM75_k5,phage
AATCC,41,proteusproteus_phage_PM75_k5,phage
ATCCA,44,proteusproteus_phage_PM75_k5,phage
TCCAA,44,proteusproteus_phage_PM75_k5,phage
CCAAC,33,proteusproteus_phage_PM75_k5,phage
CCACA,25,proteusproteus_phage_PM75_k5,phage
CACAC,38,proteusproteus_phage_PM75_k5,phage
ACACC,57,proteusproteus_phage_PM75_k5,phage
CACCA,43,proteusproteus_phage_PM75_k5,phage
ACCAT,37,proteusproteus_phage_PM75_k5,phage
CCATC,22,proteusproteus_phage_PM75_k5,phage
CATCT,28,proteusproteus_phage_PM75_k5,phage
CTTGA,54,proteusproteus_phage_PM75_k5,phage
TGAAC,54,proteusproteus_phage_PM75_k5,phage
GAACT,41,proteusproteus_phage_PM75_k5,phage
GAAAC,39,proteusproteus_phage_PM75_k5,phage
AAACT,45,proteusproteus_phage_PM75_k5,phage
CTCCT,31,proteusproteus_phage_PM75_k5,phage
TCCTC,10,proteusproteus_phage_PM75_k5,phage
CCTCC,14,proteusproteus_phage_PM75_k5,phage
TCCCA,19,proteusproteus_phage_PM75_k5,phage
CCAAG,70,proteusproteus_phage_PM75_k5,phage
ATCAC,27,proteusproteus_phage_PM75_k5,phage
TGCTA,87,proteusproteus_phage_PM75_k5,phage
TGCGT,22,proteusproteus_phage_PM75_k5,phage
GCGTG,17,proteusproteus_phage_PM75_k5,phage
CGTGC,14,proteusproteus_phage_PM75_k5,phage
TGCTT,51,proteusproteus_phage_PM75_k5,phage
GCTTA,60,proteusproteus_phage_PM75_k5,phage
TTAAG,80,proteusproteus_phage_PM75_k5,phage
AGCAT,43,proteusproteus_phage_PM75_k5,phage
GCATC,15,proteusproteus_phage_PM75_k5,phage
CATCA,42,proteusproteus_phage_PM75_k5,phage
ATCAG,56,proteusproteus_phage_PM75_k5,phage
CAGGT,67,proteusproteus_phage_PM75_k5,phage
AGGTC,22,proteusproteus_phage_PM75_k5,phage
GGTCA,28,proteusproteus_phage_PM75_k5,phage
GTCAG,30,proteusproteus_phage_PM75_k5,phage
TCAGC,24,proteusproteus_phage_PM75_k5,phage
CAGCG,15,proteusproteus_phage_PM75_k5,phage
AGCGT,35,proteusproteus_phage_PM75_k5,phage
CGTGT,23,proteusproteus_phage_PM75_k5,phage
GTGTG,53,proteusproteus_phage_PM75_k5,phage
GTGGA,28,proteusproteus_phage_PM75_k5,phage
TGGAT,45,proteusproteus_phage_PM75_k5,phage
GGATG,37,proteusproteus_phage_PM75_k5,phage
GATGC,76,proteusproteus_phage_PM75_k5,phage
ATGCG,18,proteusproteus_phage_PM75_k5,phage
TGCGC,9,proteusproteus_phage_PM75_k5,phage
GCGCT,18,proteusproteus_phage_PM75_k5,phage
CGCTT,11,proteusproteus_phage_PM75_k5,phage
GCTTT,50,proteusproteus_phage_PM75_k5,phage
TTATG,61,proteusproteus_phage_PM75_k5,phage
TATGT,43,proteusproteus_phage_PM75_k5,phage
GTTCT,77,proteusproteus_phage_PM75_k5,phage
TTCTA,52,proteusproteus_phage_PM75_k5,phage
ATCCT,44,proteusproteus_phage_PM75_k5,phage
AGAAC,84,proteusproteus_phage_PM75_k5,phage
CTGAC,39,proteusproteus_phage_PM75_k5,phage
GTAAA,54,proteusproteus_phage_PM75_k5,phage
TCCTG,22,proteusproteus_phage_PM75_k5,phage
CCTGA,37,proteusproteus_phage_PM75_k5,phage
GAATA,33,proteusproteus_phage_PM75_k5,phage
TACGT,64,proteusproteus_phage_PM75_k5,phage
ACGTT,29,proteusproteus_phage_PM75_k5,phage
CGTTT,20,proteusproteus_phage_PM75_k5,phage
GTTTC,17,proteusproteus_phage_PM75_k5,phage
TTTCT,24,proteusproteus_phage_PM75_k5,phage
TGTGA,27,proteusproteus_phage_PM75_k5,phage
GTGAG,42,proteusproteus_phage_PM75_k5,phage
TGAGA,57,proteusproteus_phage_PM75_k5,phage
GAGAG,53,proteusproteus_phage_PM75_k5,phage
AGAGC,59,proteusproteus_phage_PM75_k5,phage
GAGCA,50,proteusproteus_phage_PM75_k5,phage
CATCC,12,proteusproteus_phage_PM75_k5,phage
TCCAG,33,proteusproteus_phage_PM75_k5,phage
CCAGT,61,proteusproteus_phage_PM75_k5,phage
CAGTT,60,proteusproteus_phage_PM75_k5,phage
CTCAT,36,proteusproteus_phage_PM75_k5,phage
TCATC,8,proteusproteus_phage_PM75_k5,phage
TCTCA,30,proteusproteus_phage_PM75_k5,phage
CAGTG,60,proteusproteus_phage_PM75_k5,phage
GAGTG,42,proteusproteus_phage_PM75_k5,phage
AGTGA,43,proteusproteus_phage_PM75_k5,phage
GAACA,70,proteusproteus_phage_PM75_k5,phage
AACAG,63,proteusproteus_phage_PM75_k5,phage
GCGCG,5,proteusproteus_phage_PM75_k5,phage
CGCGC,3,proteusproteus_phage_PM75_k5,phage
GCTTC,12,proteusproteus_phage_PM75_k5,phage
CTTCA,23,proteusproteus_phage_PM75_k5,phage
TTCAC,33,proteusproteus_phage_PM75_k5,phage
ACTGG,60,proteusproteus_phage_PM75_k5,phage
CTGGT,94,proteusproteus_phage_PM75_k5,phage
GTTAG,53,proteusproteus_phage_PM75_k5,phage
AAGTT,84,proteusproteus_phage_PM75_k5,phage
CCCCA,21,proteusproteus_phage_PM75_k5,phage
CCCAG,46,proteusproteus_phage_PM75_k5,phage
GTAGT,84,proteusproteus_phage_PM75_k5,phage
AGTTG,46,proteusproteus_phage_PM75_k5,phage
GTTGC,22,proteusproteus_phage_PM75_k5,phage
TTGCT,41,proteusproteus_phage_PM75_k5,phage
TGCTG,102,proteusproteus_phage_PM75_k5,phage
GCTGG,64,proteusproteus_phage_PM75_k5,phage
CTGGG,27,proteusproteus_phage_PM75_k5,phage
TGGGC,19,proteusproteus_phage_PM75_k5,phage
GGGCC,4,proteusproteus_phage_PM75_k5,phage
GGCCG,1,proteusproteus_phage_PM75_k5,phage
GCCGC,4,proteusproteus_phage_PM75_k5,phage
CCGCT,16,proteusproteus_phage_PM75_k5,phage
GCTTG,20,proteusproteus_phage_PM75_k5,phage
TAGTG,61,proteusproteus_phage_PM75_k5,phage
GTGTA,81,proteusproteus_phage_PM75_k5,phage
CCCAT,14,proteusproteus_phage_PM75_k5,phage
GAATC,29,proteusproteus_phage_PM75_k5,phage
TGTGT,58,proteusproteus_phage_PM75_k5,phage
TCCAC,8,proteusproteus_phage_PM75_k5,phage
CCACT,18,proteusproteus_phage_PM75_k5,phage
CACTT,38,proteusproteus_phage_PM75_k5,phage
TTAGC,37,proteusproteus_phage_PM75_k5,phage
TAGCA,48,proteusproteus_phage_PM75_k5,phage
TCATT,50,proteusproteus_phage_PM75_k5,phage
ACTTG,45,proteusproteus_phage_PM75_k5,phage
CTTGG,29,proteusproteus_phage_PM75_k5,phage
TTGGA,25,proteusproteus_phage_PM75_k5,phage
GATTT,53,proteusproteus_phage_PM75_k5,phage
ATTTC,20,proteusproteus_phage_PM75_k5,phage
TTTCC,19,proteusproteus_phage_PM75_k5,phage
CTTAC,63,proteusproteus_phage_PM75_k5,phage
TTACC,40,proteusproteus_phage_PM75_k5,phage
TACCA,60,proteusproteus_phage_PM75_k5,phage
CATAG,28,proteusproteus_phage_PM75_k5,phage
ATAGT,41,proteusproteus_phage_PM75_k5,phage
AGTAC,266,proteusproteus_phage_PM75_k5,phage
CTGTC,14,proteusproteus_phage_PM75_k5,phage
TGTCT,21,proteusproteus_phage_PM75_k5,phage
TGTTA,67,proteusproteus_phage_PM75_k5,phage
TATTT,28,proteusproteus_phage_PM75_k5,phage
ATTTG,20,proteusproteus_phage_PM75_k5,phage
TTTGA,58,proteusproteus_phage_PM75_k5,phage
TGATG,108,proteusproteus_phage_PM75_k5,phage
GATGA,87,proteusproteus_phage_PM75_k5,phage
TCTTT,34,proteusproteus_phage_PM75_k5,phage
TAATC,54,proteusproteus_phage_PM75_k5,phage
CCTGT,31,proteusproteus_phage_PM75_k5,phage
TTAAA,107,proteusproteus_phage_PM75_k5,phage
TAAAC,73,proteusproteus_phage_PM75_k5,phage
AAACG,15,proteusproteus_phage_PM75_k5,phage
AACGT,41,proteusproteus_phage_PM75_k5,phage
CGTAC,54,proteusproteus_phage_PM75_k5,phage
GTACG,80,proteusproteus_phage_PM75_k5,phage
ACGGC,8,proteusproteus_phage_PM75_k5,phage
CGGCT,10,proteusproteus_phage_PM75_k5,phage
GGCTC,37,proteusproteus_phage_PM75_k5,phage
CTCAA,43,proteusproteus_phage_PM75_k5,phage
TCAAA,45,proteusproteus_phage_PM75_k5,phage
CAAAT,23,proteusproteus_phage_PM75_k5,phage
AAATT,32,proteusproteus_phage_PM75_k5,phage
AAACC,35,proteusproteus_phage_PM75_k5,phage
CCATT,28,proteusproteus_phage_PM75_k5,phage
CATTC,39,proteusproteus_phage_PM75_k5,phage
TTCAT,29,proteusproteus_phage_PM75_k5,phage
ATAAC,33,proteusproteus_phage_PM75_k5,phage
CTGAT,74,proteusproteus_phage_PM75_k5,phage
ATTCC,39,proteusproteus_phage_PM75_k5,phage
TTCCG,14,proteusproteus_phage_PM75_k5,phage
TCCGT,26,proteusproteus_phage_PM75_k5,phage
CCGTT,14,proteusproteus_phage_PM75_k5,phage
CGTTA,21,proteusproteus_phage_PM75_k5,phage
GTTCC,35,proteusproteus_phage_PM75_k5,phage
TTCCC,27,proteusproteus_phage_PM75_k5,phage
CCCTC,17,proteusproteus_phage_PM75_k5,phage
TCTTC,20,proteusproteus_phage_PM75_k5,phage
AAGAC,59,proteusproteus_phage_PM75_k5,phage
AGACC,51,proteusproteus_phage_PM75_k5,phage
CTAGC,47,proteusproteus_phage_PM75_k5,phage
AGCAG,68,proteusproteus_phage_PM75_k5,phage
GCAGC,27,proteusproteus_phage_PM75_k5,phage
CAGCT,46,proteusproteus_phage_PM75_k5,phage
AGCTT,39,proteusproteus_phage_PM75_k5,phage
AAGGA,70,proteusproteus_phage_PM75_k5,phage
AGGAA,52,proteusproteus_phage_PM75_k5,phage
AGTTT,50,proteusproteus_phage_PM75_k5,phage
TCTGG,39,proteusproteus_phage_PM75_k5,phage
TGGTG,97,proteusproteus_phage_PM75_k5,phage
TGTTG,43,proteusproteus_phage_PM75_k5,phage
GCTGT,56,proteusproteus_phage_PM75_k5,phage
CATTG,40,proteusproteus_phage_PM75_k5,phage
GGAAG,31,proteusproteus_phage_PM75_k5,phage
GTTTG,45,proteusproteus_phage_PM75_k5,phage
GGTAG,77,proteusproteus_phage_PM75_k5,phage
TTTAC,50,proteusproteus_phage_PM75_k5,phage
ACTAA,99,proteusproteus_phage_PM75_k5,phage
ATGTC,23,proteusproteus_phage_PM75_k5,phage
TGTCA,23,proteusproteus_phage_PM75_k5,phage
GTCAA,20,proteusproteus_phage_PM75_k5,phage
CAACT,41,proteusproteus_phage_PM75_k5,phage
ATTTT,20,proteusproteus_phage_PM75_k5,phage
GTACC,95,proteusproteus_phage_PM75_k5,phage
CTTTC,25,proteusproteus_phage_PM75_k5,phage
AAAAT,25,proteusproteus_phage_PM75_k5,phage
AAGGC,46,proteusproteus_phage_PM75_k5,phage
AGGCT,77,proteusproteus_phage_PM75_k5,phage
GGCTT,41,proteusproteus_phage_PM75_k5,phage
CTTAT,53,proteusproteus_phage_PM75_k5,phage
AGAAG,142,proteusproteus_phage_PM75_k5,phage
TACCC,43,proteusproteus_phage_PM75_k5,phage
ACCCT,44,proteusproteus_phage_PM75_k5,phage
CCTCT,23,proteusproteus_phage_PM75_k5,phage
ACCCC,27,proteusproteus_phage_PM75_k5,phage
AGGGA,42,proteusproteus_phage_PM75_k5,phage
GGGAA,27,proteusproteus_phage_PM75_k5,phage
TACAT,88,proteusproteus_phage_PM75_k5,phage
ACATC,43,proteusproteus_phage_PM75_k5,phage
CTCTC,24,proteusproteus_phage_PM75_k5,phage
TCTAA,35,proteusproteus_phage_PM75_k5,phage
ATATT,32,proteusproteus_phage_PM75_k5,phage
CTAAC,47,proteusproteus_phage_PM75_k5,phage
ATTGC,23,proteusproteus_phage_PM75_k5,phage
TTGCA,23,proteusproteus_phage_PM75_k5,phage
TGCAG,52,proteusproteus_phage_PM75_k5,phage
GCAGT,46,proteusproteus_phage_PM75_k5,phage
GTGCC,11,proteusproteus_phage_PM75_k5,phage
TGCCT,22,proteusproteus_phage_PM75_k5,phage
TAACC,43,proteusproteus_phage_PM75_k5,phage
AACCC,29,proteusproteus_phage_PM75_k5,phage
ACCCA,48,proteusproteus_phage_PM75_k5,phage
GGGAG,31,proteusproteus_phage_PM75_k5,phage
TGCCC,14,proteusproteus_phage_PM75_k5,phage
GCCCG,4,proteusproteus_phage_PM75_k5,phage
CCCGA,12,proteusproteus_phage_PM75_k5,phage
CCGAG,22,proteusproteus_phage_PM75_k5,phage
CGAGT,17,proteusproteus_phage_PM75_k5,phage
CACTC,18,proteusproteus_phage_PM75_k5,phage
AGGGG,53,proteusproteus_phage_PM75_k5,phage
GGGGA,34,proteusproteus_phage_PM75_k5,phage
GGGAT,44,proteusproteus_phage_PM75_k5,phage
ATTCA,70,proteusproteus_phage_PM75_k5,phage
GTGGG,48,proteusproteus_phage_PM75_k5,phage
TGGGG,41,proteusproteus_phage_PM75_k5,phage
CTAGT,82,proteusproteus_phage_PM75_k5,phage
AGTAA,89,proteusproteus_phage_PM75_k5,phage
GTAAT,68,proteusproteus_phage_PM75_k5,phage
CAGAG,85,proteusproteus_phage_PM75_k5,phage
AGAGT,115,proteusproteus_phage_PM75_k5,phage
TCTAC,20,proteusproteus_phage_PM75_k5,phage
CTACT,60,proteusproteus_phage_PM75_k5,phage
AGGTG,85,proteusproteus_phage_PM75_k5,phage
ATAGA,44,proteusproteus_phage_PM75_k5,phage
GGAAA,25,proteusproteus_phage_PM75_k5,phage
AAACA,66,proteusproteus_phage_PM75_k5,phage
CCTAC,42,proteusproteus_phage_PM75_k5,phage
CTACC,35,proteusproteus_phage_PM75_k5,phage
ACCAA,52,proteusproteus_phage_PM75_k5,phage
CCAAA,18,proteusproteus_phage_PM75_k5,phage
CAAAG,62,proteusproteus_phage_PM75_k5,phage
GGAAC,29,proteusproteus_phage_PM75_k5,phage
GAACC,34,proteusproteus_phage_PM75_k5,phage
TGACT,53,proteusproteus_phage_PM75_k5,phage
AGCTG,63,proteusproteus_phage_PM75_k5,phage
TATAG,41,proteusproteus_phage_PM75_k5,phage
TAAGA,87,proteusproteus_phage_PM75_k5,phage
AACCT,49,proteusproteus_phage_PM75_k5,phage
GATGG,60,proteusproteus_phage_PM75_k5,phage
ATTAT,53,proteusproteus_phage_PM75_k5,phage
ACAGC,57,proteusproteus_phage_PM75_k5,phage
CAGCC,17,proteusproteus_phage_PM75_k5,phage
GTCCG,11,proteusproteus_phage_PM75_k5,phage
CCGTC,8,proteusproteus_phage_PM75_k5,phage
CGTCC,9,proteusproteus_phage_PM75_k5,phage
GATGT,51,proteusproteus_phage_PM75_k5,phage
ACAGG,83,proteusproteus_phage_PM75_k5,phage
GGGGC,19,proteusproteus_phage_PM75_k5,phage
GGGCT,32,proteusproteus_phage_PM75_k5,phage
CAAGA,114,proteusproteus_phage_PM75_k5,phage
GTGAT,67,proteusproteus_phage_PM75_k5,phage
CACCT,42,proteusproteus_phage_PM75_k5,phage
AGGCA,25,proteusproteus_phage_PM75_k5,phage
GGCAG,23,proteusproteus_phage_PM75_k5,phage
GCAGA,47,proteusproteus_phage_PM75_k5,phage
AGATG,113,proteusproteus_phage_PM75_k5,phage
ATGCA,72,proteusproteus_phage_PM75_k5,phage
GCACC,31,proteusproteus_phage_PM75_k5,phage
ACCTG,32,proteusproteus_phage_PM75_k5,phage
ATGGG,59,proteusproteus_phage_PM75_k5,phage
TGGGA,27,proteusproteus_phage_PM75_k5,phage
CAGGA,40,proteusproteus_phage_PM75_k5,phage
GGAGC,25,proteusproteus_phage_PM75_k5,phage
GCTAC,46,proteusproteus_phage_PM75_k5,phage
ACATG,41,proteusproteus_phage_PM75_k5,phage
CATGG,42,proteusproteus_phage_PM75_k5,phage
GGGGT,53,proteusproteus_phage_PM75_k5,phage
TCAAG,68,proteusproteus_phage_PM75_k5,phage
GAGAT,69,proteusproteus_phage_PM75_k5,phage
GTTGG,42,proteusproteus_phage_PM75_k5,phage
GGTCT,9,proteusproteus_phage_PM75_k5,phage
GTCTA,15,proteusproteus_phage_PM75_k5,phage
CTACG,22,proteusproteus_phage_PM75_k5,phage
CGGAC,6,proteusproteus_phage_PM75_k5,phage
GACTT,68,proteusproteus_phage_PM75_k5,phage
TTTTC,7,proteusproteus_phage_PM75_k5,phage
TTTCG,8,proteusproteus_phage_PM75_k5,phage
TCGAG,7,proteusproteus_phage_PM75_k5,phage
CGAGA,19,proteusproteus_phage_PM75_k5,phage
AAAAA,9,proteusproteus_phage_PM75_k5,phage
ATATA,29,proteusproteus_phage_PM75_k5,phage
AGTTC,69,proteusproteus_phage_PM75_k5,phage
TCACA,34,proteusproteus_phage_PM75_k5,phage
CATCG,6,proteusproteus_phage_PM75_k5,phage
ATCGA,6,proteusproteus_phage_PM75_k5,phage
TCGAA,8,proteusproteus_phage_PM75_k5,phage
GAAGC,64,proteusproteus_phage_PM75_k5,phage
AAGCG,27,proteusproteus_phage_PM75_k5,phage
AGCGG,18,proteusproteus_phage_PM75_k5,phage
GCGGT,11,proteusproteus_phage_PM75_k5,phage
CTAAG,95,proteusproteus_phage_PM75_k5,phage
TAAGT,89,proteusproteus_phage_PM75_k5,phage
ACAAA,67,proteusproteus_phage_PM75_k5,phage
CAAAC,32,proteusproteus_phage_PM75_k5,phage
GGAGA,55,proteusproteus_phage_PM75_k5,phage
AAGAT,104,proteusproteus_phage_PM75_k5,phage
TAACA,57,proteusproteus_phage_PM75_k5,phage
AACAC,59,proteusproteus_phage_PM75_k5,phage
AACAT,34,proteusproteus_phage_PM75_k5,phage
TGGGT,63,proteusproteus_phage_PM75_k5,phage
GCGTA,33,proteusproteus_phage_PM75_k5,phage
TAGAG,80,proteusproteus_phage_PM75_k5,phage
AGAGA,99,proteusproteus_phage_PM75_k5,phage
GAGGT,47,proteusproteus_phage_PM75_k5,phage
GAGCC,15,proteusproteus_phage_PM75_k5,phage
AGCCA,24,proteusproteus_phage_PM75_k5,phage
GCCAA,15,proteusproteus_phage_PM75_k5,phage
TTGAG,53,proteusproteus_phage_PM75_k5,phage
GAGTT,77,proteusproteus_phage_PM75_k5,phage
GCTAG,78,proteusproteus_phage_PM75_k5,phage
GACCC,38,proteusproteus_phage_PM75_k5,phage
GCATT,33,proteusproteus_phage_PM75_k5,phage
CAGAC,47,proteusproteus_phage_PM75_k5,phage
TTCGC,12,proteusproteus_phage_PM75_k5,phage
TCGCA,10,proteusproteus_phage_PM75_k5,phage
CGCAG,16,proteusproteus_phage_PM75_k5,phage
AGACT,75,proteusproteus_phage_PM75_k5,phage
GTAGA,56,proteusproteus_phage_PM75_k5,phage
AGACG,25,proteusproteus_phage_PM75_k5,phage
GACGA,19,proteusproteus_phage_PM75_k5,phage
CGAAT,10,proteusproteus_phage_PM75_k5,phage
TGATC,5,proteusproteus_phage_PM75_k5,phage
GATCT,5,proteusproteus_phage_PM75_k5,phage
AATTC,30,proteusproteus_phage_PM75_k5,phage
AGGGC,18,proteusproteus_phage_PM75_k5,phage
CAGGC,23,proteusproteus_phage_PM75_k5,phage
CAACG,28,proteusproteus_phage_PM75_k5,phage
AACGA,20,proteusproteus_phage_PM75_k5,phage
CGAAC,10,proteusproteus_phage_PM75_k5,phage
AACGG,22,proteusproteus_phage_PM75_k5,phage
ACGGG,20,proteusproteus_phage_PM75_k5,phage
CGGGG,12,proteusproteus_phage_PM75_k5,phage
ACGAG,35,proteusproteus_phage_PM75_k5,phage
CGAGG,22,proteusproteus_phage_PM75_k5,phage
TACCG,33,proteusproteus_phage_PM75_k5,phage
ACCGA,16,proteusproteus_phage_PM75_k5,phage
ACATA,28,proteusproteus_phage_PM75_k5,phage
ACCAG,61,proteusproteus_phage_PM75_k5,phage
GGCGT,13,proteusproteus_phage_PM75_k5,phage
AAAGC,46,proteusproteus_phage_PM75_k5,phage
TTTCA,18,proteusproteus_phage_PM75_k5,phage
AATGC,53,proteusproteus_phage_PM75_k5,phage
ATGCT,100,proteusproteus_phage_PM75_k5,phage
AACTT,44,proteusproteus_phage_PM75_k5,phage
GTCAT,19,proteusproteus_phage_PM75_k5,phage
CATAC,23,proteusproteus_phage_PM75_k5,phage
CCAGA,60,proteusproteus_phage_PM75_k5,phage
TATTC,38,proteusproteus_phage_PM75_k5,phage
TGGAG,31,proteusproteus_phage_PM75_k5,phage
GGAGG,21,proteusproteus_phage_PM75_k5,phage
GAAAG,62,proteusproteus_phage_PM75_k5,phage
GAACG,32,proteusproteus_phage_PM75_k5,phage
CGTAA,35,proteusproteus_phage_PM75_k5,phage
AGCAA,49,proteusproteus_phage_PM75_k5,phage
GCAAT,22,proteusproteus_phage_PM75_k5,phage
GCAAG,57,proteusproteus_phage_PM75_k5,phage
CAAGC,68,proteusproteus_phage_PM75_k5,phage
CCGAC,7,proteusproteus_phage_PM75_k5,phage
CGACG,4,proteusproteus_phage_PM75_k5,phage
GACGT,22,proteusproteus_phage_PM75_k5,phage
TGCAA,47,proteusproteus_phage_PM75_k5,phage
GAGGC,32,proteusproteus_phage_PM75_k5,phage
CTTGC,9,proteusproteus_phage_PM75_k5,phage
CAGCA,57,proteusproteus_phage_PM75_k5,phage
GAGGG,28,proteusproteus_phage_PM75_k5,phage
AGAAA,63,proteusproteus_phage_PM75_k5,phage
GACTG,31,proteusproteus_phage_PM75_k5,phage
GGGAC,10,proteusproteus_phage_PM75_k5,phage
GGACA,11,proteusproteus_phage_PM75_k5,phage
GAGAA,79,proteusproteus_phage_PM75_k5,phage
AGCGA,13,proteusproteus_phage_PM75_k5,phage
GCGAG,11,proteusproteus_phage_PM75_k5,phage
GATAT,70,proteusproteus_phage_PM75_k5,phage
GTTCG,25,proteusproteus_phage_PM75_k5,phage
CATTT,23,proteusproteus_phage_PM75_k5,phage
CTGCT,52,proteusproteus_phage_PM75_k5,phage
AGTGG,48,proteusproteus_phage_PM75_k5,phage
AATCA,46,proteusproteus_phage_PM75_k5,phage
CACAG,98,proteusproteus_phage_PM75_k5,phage
GGGGG,22,proteusproteus_phage_PM75_k5,phage
AAAAC,17,proteusproteus_phage_PM75_k5,phage
CAAGT,54,proteusproteus_phage_PM75_k5,phage
TTGGC,19,proteusproteus_phage_PM75_k5,phage
TGGCG,12,proteusproteus_phage_PM75_k5,phage
GGCGC,8,proteusproteus_phage_PM75_k5,phage
CGCGT,4,proteusproteus_phage_PM75_k5,phage
GCGTT,19,proteusproteus_phage_PM75_k5,phage
CGTTG,17,proteusproteus_phage_PM75_k5,phage
TGAGG,48,proteusproteus_phage_PM75_k5,phage
CGCTA,22,proteusproteus_phage_PM75_k5,phage
TCCGA,10,proteusproteus_phage_PM75_k5,phage
GCTAA,83,proteusproteus_phage_PM75_k5,phage
GCGAA,6,proteusproteus_phage_PM75_k5,phage
GGCTA,46,proteusproteus_phage_PM75_k5,phage
CTATG,71,proteusproteus_phage_PM75_k5,phage
GACAT,21,proteusproteus_phage_PM75_k5,phage
TTTGC,23,proteusproteus_phage_PM75_k5,phage
CACCC,19,proteusproteus_phage_PM75_k5,phage
CCCAC,13,proteusproteus_phage_PM75_k5,phage
CTGGA,27,proteusproteus_phage_PM75_k5,phage
GTGGC,18,proteusproteus_phage_PM75_k5,phage
TGGCT,52,proteusproteus_phage_PM75_k5,phage
GGCTG,47,proteusproteus_phage_PM75_k5,phage
GCAAA,13,proteusproteus_phage_PM75_k5,phage
CAAAA,26,proteusproteus_phage_PM75_k5,phage
GCGGC,5,proteusproteus_phage_PM75_k5,phage
CGGCA,3,proteusproteus_phage_PM75_k5,phage
GCTGA,77,proteusproteus_phage_PM75_k5,phage
GCCTT,21,proteusproteus_phage_PM75_k5,phage
TTGTC,6,proteusproteus_phage_PM75_k5,phage
TGTCG,5,proteusproteus_phage_PM75_k5,phage
TCGGG,12,proteusproteus_phage_PM75_k5,phage
GGTGC,58,proteusproteus_phage_PM75_k5,phage
GAGCG,20,proteusproteus_phage_PM75_k5,phage
GCATG,31,proteusproteus_phage_PM75_k5,phage
CATGC,21,proteusproteus_phage_PM75_k5,phage
TATGC,59,proteusproteus_phage_PM75_k5,phage
CGCTG,23,proteusproteus_phage_PM75_k5,phage
ATGGC,40,proteusproteus_phage_PM75_k5,phage
TGACG,19,proteusproteus_phage_PM75_k5,phage
GACGG,11,proteusproteus_phage_PM75_k5,phage
ACCCG,10,proteusproteus_phage_PM75_k5,phage
CCGAT,7,proteusproteus_phage_PM75_k5,phage
TAGCG,15,proteusproteus_phage_PM75_k5,phage
CGAGC,17,proteusproteus_phage_PM75_k5,phage
CATGA,39,proteusproteus_phage_PM75_k5,phage
GGATC,7,proteusproteus_phage_PM75_k5,phage
GATCA,3,proteusproteus_phage_PM75_k5,phage
TCACC,15,proteusproteus_phage_PM75_k5,phage
CCAGC,27,proteusproteus_phage_PM75_k5,phage
CGTGA,37,proteusproteus_phage_PM75_k5,phage
GTGAC,24,proteusproteus_phage_PM75_k5,phage
GAAGG,47,proteusproteus_phage_PM75_k5,phage
GACCG,8,proteusproteus_phage_PM75_k5,phage
ACCGG,7,proteusproteus_phage_PM75_k5,phage
CCGGT,6,proteusproteus_phage_PM75_k5,phage
CGGTG,19,proteusproteus_phage_PM75_k5,phage
GTGCA,43,proteusproteus_phage_PM75_k5,phage
TTACG,33,proteusproteus_phage_PM75_k5,phage
TACGC,14,proteusproteus_phage_PM75_k5,phage
ACGCC,12,proteusproteus_phage_PM75_k5,phage
CGCCA,8,proteusproteus_phage_PM75_k5,phage
GCCAT,10,proteusproteus_phage_PM75_k5,phage
AGTCA,25,proteusproteus_phage_PM75_k5,phage
GTCAC,14,proteusproteus_phage_PM75_k5,phage
GATCC,6,proteusproteus_phage_PM75_k5,phage
TCACG,9,proteusproteus_phage_PM75_k5,phage
CACGC,4,proteusproteus_phage_PM75_k5,phage
ATCGG,10,proteusproteus_phage_PM75_k5,phage
CGGGA,9,proteusproteus_phage_PM75_k5,phage
CACGG,11,proteusproteus_phage_PM75_k5,phage
CCCCC,12,proteusproteus_phage_PM75_k5,phage
CCCCG,12,proteusproteus_phage_PM75_k5,phage
CCCGT,13,proteusproteus_phage_PM75_k5,phage
CCGTA,31,proteusproteus_phage_PM75_k5,phage
CCATG,15,proteusproteus_phage_PM75_k5,phage
TTTTT,10,proteusproteus_phage_PM75_k5,phage
CGATT,8,proteusproteus_phage_PM75_k5,phage
CACCG,9,proteusproteus_phage_PM75_k5,phage
CCGGA,6,proteusproteus_phage_PM75_k5,phage
CGGAG,18,proteusproteus_phage_PM75_k5,phage
TGGCA,29,proteusproteus_phage_PM75_k5,phage
GGCAA,13,proteusproteus_phage_PM75_k5,phage
CGCAA,7,proteusproteus_phage_PM75_k5,phage
AAGCC,36,proteusproteus_phage_PM75_k5,phage
GCCAC,15,proteusproteus_phage_PM75_k5,phage
GAAAA,15,proteusproteus_phage_PM75_k5,phage
CGGGC,3,proteusproteus_phage_PM75_k5,phage
AATCG,9,proteusproteus_phage_PM75_k5,phage
CGAAA,5,proteusproteus_phage_PM75_k5,phage
ACGGT,34,proteusproteus_phage_PM75_k5,phage
GCAGG,39,proteusproteus_phage_PM75_k5,phage
TCATG,30,proteusproteus_phage_PM75_k5,phage
TAACG,21,proteusproteus_phage_PM75_k5,phage
CATGT,15,proteusproteus_phage_PM75_k5,phage
TGCGG,5,proteusproteus_phage_PM75_k5,phage
GCGGG,6,proteusproteus_phage_PM75_k5,phage
ACCGT,25,proteusproteus_phage_PM75_k5,phage
TTGGG,16,proteusproteus_phage_PM75_k5,phage
GGACC,4,proteusproteus_phage_PM75_k5,phage
GACCA,25,proteusproteus_phage_PM75_k5,phage
CCACC,10,proteusproteus_phage_PM75_k5,phage
GCACG,17,proteusproteus_phage_PM75_k5,phage
CGGTT,14,proteusproteus_phage_PM75_k5,phage
GTCTG,26,proteusproteus_phage_PM75_k5,phage
CGACA,7,proteusproteus_phage_PM75_k5,phage
TTCCA,27,proteusproteus_phage_PM75_k5,phage
ACGAC,7,proteusproteus_phage_PM75_k5,phage
ACGAT,15,proteusproteus_phage_PM75_k5,phage
CGATG,16,proteusproteus_phage_PM75_k5,phage
ATGTG,24,proteusproteus_phage_PM75_k5,phage
TGGAC,16,proteusproteus_phage_PM75_k5,phage
CATAT,13,proteusproteus_phage_PM75_k5,phage
CGGCC,1,proteusproteus_phage_PM75_k5,phage
GGCCT,3,proteusproteus_phage_PM75_k5,phage
CCTTG,32,proteusproteus_phage_PM75_k5,phage
TCCCG,9,proteusproteus_phage_PM75_k5,phage
GCGGA,9,proteusproteus_phage_PM75_k5,phage
GATCG,1,proteusproteus_phage_PM75_k5,phage
CCCGC,10,proteusproteus_phage_PM75_k5,phage
AACGC,13,proteusproteus_phage_PM75_k5,phage
ACGCA,9,proteusproteus_phage_PM75_k5,phage
GCTCG,9,proteusproteus_phage_PM75_k5,phage
CTCGT,15,proteusproteus_phage_PM75_k5,phage
ACTGC,38,proteusproteus_phage_PM75_k5,phage
CTGCC,16,proteusproteus_phage_PM75_k5,phage
TGCCA,12,proteusproteus_phage_PM75_k5,phage
TTCGG,14,proteusproteus_phage_PM75_k5,phage
GGGCA,17,proteusproteus_phage_PM75_k5,phage
GGCAT,15,proteusproteus_phage_PM75_k5,phage
GCTGC,38,proteusproteus_phage_PM75_k5,phage
GCCAG,8,proteusproteus_phage_PM75_k5,phage
TGCAT,29,proteusproteus_phage_PM75_k5,phage
GCCCT,10,proteusproteus_phage_PM75_k5,phage
TCGGA,5,proteusproteus_phage_PM75_k5,phage
GGCAC,23,proteusproteus_phage_PM75_k5,phage
ATCGC,6,proteusproteus_phage_PM75_k5,phage
AAGTC,18,proteusproteus_phage_PM75_k5,phage
GTCCA,20,proteusproteus_phage_PM75_k5,phage
ATTCG,12,proteusproteus_phage_PM75_k5,phage
GAGAC,29,proteusproteus_phage_PM75_k5,phage
GCATA,11,proteusproteus_phage_PM75_k5,phage
GCAAC,24,proteusproteus_phage_PM75_k5,phage
GGACG,13,proteusproteus_phage_PM75_k5,phage
CGTTC,16,proteusproteus_phage_PM75_k5,phage
TCGCT,10,proteusproteus_phage_PM75_k5,phage
CGCTC,6,proteusproteus_phage_PM75_k5,phage
ACGTG,48,proteusproteus_phage_PM75_k5,phage
CGTGG,23,proteusproteus_phage_PM75_k5,phage
CGGAA,4,proteusproteus_phage_PM75_k5,phage
TCGTG,16,proteusproteus_phage_PM75_k5,phage
CCCTG,18,proteusproteus_phage_PM75_k5,phage
GACGC,9,proteusproteus_phage_PM75_k5,phage
ACGCT,18,proteusproteus_phage_PM75_k5,phage
CTGCG,9,proteusproteus_phage_PM75_k5,phage
ACGTC,17,proteusproteus_phage_PM75_k5,phage
CGTCT,14,proteusproteus_phage_PM75_k5,phage
CTGGC,16,proteusproteus_phage_PM75_k5,phage
TCGTT,12,proteusproteus_phage_PM75_k5,phage
CGCAC,7,proteusproteus_phage_PM75_k5,phage
GGGTC,11,proteusproteus_phage_PM75_k5,phage
TGGTC,11,proteusproteus_phage_PM75_k5,phage
CCGCA,7,proteusproteus_phage_PM75_k5,phage
GGGCG,6,proteusproteus_phage_PM75_k5,phage
GGCGG,5,proteusproteus_phage_PM75_k5,phage
ATGCC,19,proteusproteus_phage_PM75_k5,phage
AGCGC,11,proteusproteus_phage_PM75_k5,phage
GCGCA,7,proteusproteus_phage_PM75_k5,phage
GGTCG,9,proteusproteus_phage_PM75_k5,phage
GTCGA,6,proteusproteus_phage_PM75_k5,phage
ACCGC,11,proteusproteus_phage_PM75_k5,phage
CCGCC,5,proteusproteus_phage_PM75_k5,phage
AGCCG,7,proteusproteus_phage_PM75_k5,phage
GCCGA,3,proteusproteus_phage_PM75_k5,phage
CCGAA,5,proteusproteus_phage_PM75_k5,phage
ACCTC,15,proteusproteus_phage_PM75_k5,phage
GCCTG,5,proteusproteus_phage_PM75_k5,phage
AGATC,3,proteusproteus_phage_PM75_k5,phage
TGCCG,5,proteusproteus_phage_PM75_k5,phage
ACTCG,10,proteusproteus_phage_PM75_k5,phage
CTCGC,3,proteusproteus_phage_PM75_k5,phage
TTGCC,7,proteusproteus_phage_PM75_k5,phage
GCCTC,17,proteusproteus_phage_PM75_k5,phage
CCTCA,18,proteusproteus_phage_PM75_k5,phage
GTCGT,11,proteusproteus_phage_PM75_k5,phage
TCGCC,1,proteusproteus_phage_PM75_k5,phage
CGCCT,7,proteusproteus_phage_PM75_k5,phage
GTCCC,7,proteusproteus_phage_PM75_k5,phage
ATCCG,14,proteusproteus_phage_PM75_k5,phage
TCCGC,6,proteusproteus_phage_PM75_k5,phage
CCTGC,8,proteusproteus_phage_PM75_k5,phage
CCGGC,1,proteusproteus_phage_PM75_k5,phage
CGTCG,6,proteusproteus_phage_PM75_k5,phage
TTGCG,6,proteusproteus_phage_PM75_k5,phage
TCGAC,1,proteusproteus_phage_PM75_k5,phage
CGTCA,7,proteusproteus_phage_PM75_k5,phage
AGGCC,3,proteusproteus_phage_PM75_k5,phage
GGCCA,4,proteusproteus_phage_PM75_k5,phage
AACCG,9,proteusproteus_phage_PM75_k5,phage
CCGTG,16,proteusproteus_phage_PM75_k5,phage
CGCAT,3,proteusproteus_phage_PM75_k5,phage
CGGTC,4,proteusproteus_phage_PM75_k5,phage
GTCTC,7,proteusproteus_phage_PM75_k5,phage
CCTCG,4,proteusproteus_phage_PM75_k5,phage
CGCCC,3,proteusproteus_phage_PM75_k5,phage
TCTCG,4,proteusproteus_phage_PM75_k5,phage
TCGTC,6,proteusproteus_phage_PM75_k5,phage
GCGTC,5,proteusproteus_phage_PM75_k5,phage
GCCCC,14,proteusproteus_phage_PM75_k5,phage
CCTGG,1,proteusproteus_phage_PM75_k5,phage
TTCGT,15,proteusproteus_phage_PM75_k5,phage
CTCGG,6,proteusproteus_phage_PM75_k5,phage
TCGGC,3,proteusproteus_phage_PM75_k5,phage
CGGCG,3,proteusproteus_phage_PM75_k5,phage
GCCGT,5,proteusproteus_phage_PM75_k5,phage
CCGCG,3,proteusproteus_phage_PM75_k5,phage
CGCGG,3,proteusproteus_phage_PM75_k5,phage
TCGCG,1,proteusproteus_phage_PM75_k5,phage
CGCCG,1,proteusproteus_phage_PM75_k5,phage
GGTCC,2,proteusproteus_phage_PM75_k5,phage
GCCGG,2,proteusproteus_phage_PM75_k5,phage
GTCGC,1,proteusproteus_phage_PM75_k5,phage
CTCGA,3,proteusproteus_phage_PM75_k5,phage
ACGCG,1,proteusproteus_phage_PM75_k5,phage
GCGCC,1,proteusproteus_phage_PM75_k5,phage
CCTTC,135,Pseudomonas_phage_PB1_k5,phage
CTTCT,135,Pseudomonas_phage_PB1_k5,phage
TTCTC,102,Pseudomonas_phage_PB1_k5,phage
TCTCT,38,Pseudomonas_phage_PB1_k5,phage
CTCTT,107,Pseudomonas_phage_PB1_k5,phage
TCTTC,213,Pseudomonas_phage_PB1_k5,phage
CTTCG,206,Pseudomonas_phage_PB1_k5,phage
TTCGT,112,Pseudomonas_phage_PB1_k5,phage
TCGTC,123,Pseudomonas_phage_PB1_k5,phage
CGTCC,88,Pseudomonas_phage_PB1_k5,phage
GTCCC,27,Pseudomonas_phage_PB1_k5,phage
TCCCA,71,Pseudomonas_phage_PB1_k5,phage
CCCAG,121,Pseudomonas_phage_PB1_k5,phage
CCAGC,139,Pseudomonas_phage_PB1_k5,phage
CAGCA,82,Pseudomonas_phage_PB1_k5,phage
AGCAG,79,Pseudomonas_phage_PB1_k5,phage
GCAGA,84,Pseudomonas_phage_PB1_k5,phage
CAGAG,74,Pseudomonas_phage_PB1_k5,phage
AGAGG,44,Pseudomonas_phage_PB1_k5,phage
GAGGC,63,Pseudomonas_phage_PB1_k5,phage
AGGCT,71,Pseudomonas_phage_PB1_k5,phage
GGCTA,32,Pseudomonas_phage_PB1_k5,phage
GCTAT,42,Pseudomonas_phage_PB1_k5,phage
CTATC,35,Pseudomonas_phage_PB1_k5,phage
TATCT,31,Pseudomonas_phage_PB1_k5,phage
ATCTG,79,Pseudomonas_phage_PB1_k5,phage
TCTGC,106,Pseudomonas_phage_PB1_k5,phage
CTGCT,75,Pseudomonas_phage_PB1_k5,phage
TGCTA,18,Pseudomonas_phage_PB1_k5,phage
TATCG,68,Pseudomonas_phage_PB1_k5,phage
ATCGG,101,Pseudomonas_phage_PB1_k5,phage
TCGGC,233,Pseudomonas_phage_PB1_k5,phage
CGGCC,220,Pseudomonas_phage_PB1_k5,phage
GGCCA,136,Pseudomonas_phage_PB1_k5,phage
GCCAG,105,Pseudomonas_phage_PB1_k5,phage
CCAGA,133,Pseudomonas_phage_PB1_k5,phage
CAGAA,124,Pseudomonas_phage_PB1_k5,phage
AGAAC,79,Pseudomonas_phage_PB1_k5,phage
GAACT,119,Pseudomonas_phage_PB1_k5,phage
AACTT,85,Pseudomonas_phage_PB1_k5,phage
ACTTT,60,Pseudomonas_phage_PB1_k5,phage
CTTTC,99,Pseudomonas_phage_PB1_k5,phage
TTTCG,146,Pseudomonas_phage_PB1_k5,phage
TTCGA,154,Pseudomonas_phage_PB1_k5,phage
TCGAA,143,Pseudomonas_phage_PB1_k5,phage
CGAAA,116,Pseudomonas_phage_PB1_k5,phage
GAAAC,59,Pseudomonas_phage_PB1_k5,phage
AAACT,43,Pseudomonas_phage_PB1_k5,phage
AACTG,66,Pseudomonas_phage_PB1_k5,phage
ACTGG,74,Pseudomonas_phage_PB1_k5,phage
CTGGG,69,Pseudomonas_phage_PB1_k5,phage
TGGGA,64,Pseudomonas_phage_PB1_k5,phage
GGGAG,34,Pseudomonas_phage_PB1_k5,phage
GGAGG,37,Pseudomonas_phage_PB1_k5,phage
GAGGT,33,Pseudomonas_phage_PB1_k5,phage
AGGTG,38,Pseudomonas_phage_PB1_k5,phage
GGTGC,39,Pseudomonas_phage_PB1_k5,phage
GTGCT,44,Pseudomonas_phage_PB1_k5,phage
TGCTG,93,Pseudomonas_phage_PB1_k5,phage
GCTGA,97,Pseudomonas_phage_PB1_k5,phage
CTGAC,52,Pseudomonas_phage_PB1_k5,phage
TGACG,73,Pseudomonas_phage_PB1_k5,phage
GACGC,96,Pseudomonas_phage_PB1_k5,phage
ACGCT,37,Pseudomonas_phage_PB1_k5,phage
CGCTT,82,Pseudomonas_phage_PB1_k5,phage
GCTTA,41,Pseudomonas_phage_PB1_k5,phage
CTTAC,31,Pseudomonas_phage_PB1_k5,phage
TTACA,23,Pseudomonas_phage_PB1_k5,phage
TACAT,50,Pseudomonas_phage_PB1_k5,phage
ACATC,88,Pseudomonas_phage_PB1_k5,phage
CATCC,102,Pseudomonas_phage_PB1_k5,phage
ATCCA,78,Pseudomonas_phage_PB1_k5,phage
TCCAC,62,Pseudomonas_phage_PB1_k5,phage
CCACT,34,Pseudomonas_phage_PB1_k5,phage
CACTA,18,Pseudomonas_phage_PB1_k5,phage
ACTAG,16,Pseudomonas_phage_PB1_k5,phage
CTAGG,18,Pseudomonas_phage_PB1_k5,phage
TAGGA,20,Pseudomonas_phage_PB1_k5,phage
AGGAC,61,Pseudomonas_phage_PB1_k5,phage
GGACG,107,Pseudomonas_phage_PB1_k5,phage
GACGA,121,Pseudomonas_phage_PB1_k5,phage
ACGAT,80,Pseudomonas_phage_PB1_k5,phage
CGATT,109,Pseudomonas_phage_PB1_k5,phage
GATTT,106,Pseudomonas_phage_PB1_k5,phage
ATTTC,130,Pseudomonas_phage_PB1_k5,phage
TTTCT,95,Pseudomonas_phage_PB1_k5,phage
TTCTG,152,Pseudomonas_phage_PB1_k5,phage
TGCTT,57,Pseudomonas_phage_PB1_k5,phage
GCTTC,132,Pseudomonas_phage_PB1_k5,phage
CTTCA,110,Pseudomonas_phage_PB1_k5,phage
TTCAC,65,Pseudomonas_phage_PB1_k5,phage
TCACC,96,Pseudomonas_phage_PB1_k5,phage
CACCC,44,Pseudomonas_phage_PB1_k5,phage
ACCCA,56,Pseudomonas_phage_PB1_k5,phage
CCCAC,29,Pseudomonas_phage_PB1_k5,phage
CCACG,52,Pseudomonas_phage_PB1_k5,phage
CACGA,66,Pseudomonas_phage_PB1_k5,phage
ACGAC,45,Pseudomonas_phage_PB1_k5,phage
CGACT,96,Pseudomonas_phage_PB1_k5,phage
GACTT,88,Pseudomonas_phage_PB1_k5,phage
ACTTC,117,Pseudomonas_phage_PB1_k5,phage
TCGAG,69,Pseudomonas_phage_PB1_k5,phage
CGAGC,123,Pseudomonas_phage_PB1_k5,phage
GAGCT,62,Pseudomonas_phage_PB1_k5,phage
AGCTT,76,Pseudomonas_phage_PB1_k5,phage
GCTTG,71,Pseudomonas_phage_PB1_k5,phage
CTTGA,75,Pseudomonas_phage_PB1_k5,phage
TTGAA,77,Pseudomonas_phage_PB1_k5,phage
TGAAC,68,Pseudomonas_phage_PB1_k5,phage
ACTTG,44,Pseudomonas_phage_PB1_k5,phage
TTGAC,58,Pseudomonas_phage_PB1_k5,phage
GACGT,61,Pseudomonas_phage_PB1_k5,phage
ACGTC,57,Pseudomonas_phage_PB1_k5,phage
CGTCA,106,Pseudomonas_phage_PB1_k5,phage
GTCAC,44,Pseudomonas_phage_PB1_k5,phage
CACCG,91,Pseudomonas_phage_PB1_k5,phage
ACCGT,56,Pseudomonas_phage_PB1_k5,phage
CCGTC,105,Pseudomonas_phage_PB1_k5,phage
CGTCG,130,Pseudomonas_phage_PB1_k5,phage
GTCGA,147,Pseudomonas_phage_PB1_k5,phage
TCGAT,157,Pseudomonas_phage_PB1_k5,phage
CGATG,171,Pseudomonas_phage_PB1_k5,phage
GATGC,101,Pseudomonas_phage_PB1_k5,phage
ATGCT,61,Pseudomonas_phage_PB1_k5,phage
GCTGT,50,Pseudomonas_phage_PB1_k5,phage
CTGTT,52,Pseudomonas_phage_PB1_k5,phage
TGTTG,40,Pseudomonas_phage_PB1_k5,phage
GTTGA,80,Pseudomonas_phage_PB1_k5,phage
TGAAA,56,Pseudomonas_phage_PB1_k5,phage
GAAAG,106,Pseudomonas_phage_PB1_k5,phage
AAAGG,61,Pseudomonas_phage_PB1_k5,phage
AAGGG,48,Pseudomonas_phage_PB1_k5,phage
AGGGA,51,Pseudomonas_phage_PB1_k5,phage
GGGAT,59,Pseudomonas_phage_PB1_k5,phage
GGATT,93,Pseudomonas_phage_PB1_k5,phage
GATTG,64,Pseudomonas_phage_PB1_k5,phage
ATTGG,59,Pseudomonas_phage_PB1_k5,phage
TTGGC,105,Pseudomonas_phage_PB1_k5,phage
TGGCT,61,Pseudomonas_phage_PB1_k5,phage
GGCTT,103,Pseudomonas_phage_PB1_k5,phage
CTTGG,81,Pseudomonas_phage_PB1_k5,phage
TTGGA,69,Pseudomonas_phage_PB1_k5,phage
TGGAC,115,Pseudomonas_phage_PB1_k5,phage
GGACA,53,Pseudomonas_phage_PB1_k5,phage
GACAC,28,Pseudomonas_phage_PB1_k5,phage
ACACG,23,Pseudomonas_phage_PB1_k5,phage
CGACA,92,Pseudomonas_phage_PB1_k5,phage
GACAA,64,Pseudomonas_phage_PB1_k5,phage
ACAAT,48,Pseudomonas_phage_PB1_k5,phage
CAATT,52,Pseudomonas_phage_PB1_k5,phage
AATTC,92,Pseudomonas_phage_PB1_k5,phage
ATTCT,91,Pseudomonas_phage_PB1_k5,phage
TCTCC,44,Pseudomonas_phage_PB1_k5,phage
CTCCT,38,Pseudomonas_phage_PB1_k5,phage
TCCTG,108,Pseudomonas_phage_PB1_k5,phage
CCTGT,44,Pseudomonas_phage_PB1_k5,phage
CTGTG,42,Pseudomonas_phage_PB1_k5,phage
TGTGA,31,Pseudomonas_phage_PB1_k5,phage
GTGAA,64,Pseudomonas_phage_PB1_k5,phage
TGAAT,62,Pseudomonas_phage_PB1_k5,phage
GAATG,100,Pseudomonas_phage_PB1_k5,phage
AATGG,81,Pseudomonas_phage_PB1_k5,phage
ATGGC,115,Pseudomonas_phage_PB1_k5,phage
TGGCG,157,Pseudomonas_phage_PB1_k5,phage
GGCGC,177,Pseudomonas_phage_PB1_k5,phage
GCGCG,137,Pseudomonas_phage_PB1_k5,phage
CGCGA,164,Pseudomonas_phage_PB1_k5,phage
GCGAC,146,Pseudomonas_phage_PB1_k5,phage
CGACC,121,Pseudomonas_phage_PB1_k5,phage
GACCA,90,Pseudomonas_phage_PB1_k5,phage
ACCAA,62,Pseudomonas_phage_PB1_k5,phage
CCAAC,99,Pseudomonas_phage_PB1_k5,phage
CAACC,90,Pseudomonas_phage_PB1_k5,phage
AACCG,81,Pseudomonas_phage_PB1_k5,phage
ACCGG,89,Pseudomonas_phage_PB1_k5,phage
CCGGC,160,Pseudomonas_phage_PB1_k5,phage
GGCCG,213,Pseudomonas_phage_PB1_k5,phage
GCCGC,169,Pseudomonas_phage_PB1_k5,phage
CCGCG,109,Pseudomonas_phage_PB1_k5,phage
CGCGC,118,Pseudomonas_phage_PB1_k5,phage
GCGCC,135,Pseudomonas_phage_PB1_k5,phage
CGCCT,85,Pseudomonas_phage_PB1_k5,phage
GCCTG,92,Pseudomonas_phage_PB1_k5,phage
CCTGA,64,Pseudomonas_phage_PB1_k5,phage
CTGAT,105,Pseudomonas_phage_PB1_k5,phage
TGATG,148,Pseudomonas_phage_PB1_k5,phage
GATGA,148,Pseudomonas_phage_PB1_k5,phage
ATGAT,114,Pseudomonas_phage_PB1_k5,phage
TGATT,71,Pseudomonas_phage_PB1_k5,phage
GATTA,31,Pseudomonas_phage_PB1_k5,phage
ATTAC,20,Pseudomonas_phage_PB1_k5,phage
TTACT,19,Pseudomonas_phage_PB1_k5,phage
TACTC,39,Pseudomonas_phage_PB1_k5,phage
ACTCT,52,Pseudomonas_phage_PB1_k5,phage
TTCGC,167,Pseudomonas_phage_PB1_k5,phage
TCGCC,190,Pseudomonas_phage_PB1_k5,phage
GCCTT,123,Pseudomonas_phage_PB1_k5,phage
GTCCG,72,Pseudomonas_phage_PB1_k5,phage
TCCGC,75,Pseudomonas_phage_PB1_k5,phage
GCGCT,149,Pseudomonas_phage_PB1_k5,phage
CGCTC,104,Pseudomonas_phage_PB1_k5,phage
GCTCA,60,Pseudomonas_phage_PB1_k5,phage
CTCAG,47,Pseudomonas_phage_PB1_k5,phage
TCAGC,97,Pseudomonas_phage_PB1_k5,phage
CAGCC,92,Pseudomonas_phage_PB1_k5,phage
AGCCA,70,Pseudomonas_phage_PB1_k5,phage
GCCAC,63,Pseudomonas_phage_PB1_k5,phage
CACTC,25,Pseudomonas_phage_PB1_k5,phage
CGAAG,170,Pseudomonas_phage_PB1_k5,phage
GAAGG,111,Pseudomonas_phage_PB1_k5,phage
AAGGC,114,Pseudomonas_phage_PB1_k5,phage
AGGCG,112,Pseudomonas_phage_PB1_k5,phage
GGCGA,199,Pseudomonas_phage_PB1_k5,phage
GCGAA,145,Pseudomonas_phage_PB1_k5,phage
GAAAT,109,Pseudomonas_phage_PB1_k5,phage
AAATT,59,Pseudomonas_phage_PB1_k5,phage
AATTG,47,Pseudomonas_phage_PB1_k5,phage
ATTGA,60,Pseudomonas_phage_PB1_k5,phage
TGACC,61,Pseudomonas_phage_PB1_k5,phage
GACCT,41,Pseudomonas_phage_PB1_k5,phage
ACCTT,41,Pseudomonas_phage_PB1_k5,phage
CCTTA,27,Pseudomonas_phage_PB1_k5,phage
CTTAG,16,Pseudomonas_phage_PB1_k5,phage
TTAGA,9,Pseudomonas_phage_PB1_k5,phage
TAGAC,19,Pseudomonas_phage_PB1_k5,phage
AGACT,58,Pseudomonas_phage_PB1_k5,phage
GACTC,79,Pseudomonas_phage_PB1_k5,phage
ACTCG,81,Pseudomonas_phage_PB1_k5,phage
CTCGA,79,Pseudomonas_phage_PB1_k5,phage
TCGAC,139,Pseudomonas_phage_PB1_k5,phage
GACCC,58,Pseudomonas_phage_PB1_k5,phage
CCCAA,40,Pseudomonas_phage_PB1_k5,phage
CCAAT,62,Pseudomonas_phage_PB1_k5,phage
CAATC,66,Pseudomonas_phage_PB1_k5,phage
AATCT,63,Pseudomonas_phage_PB1_k5,phage
ATCTT,76,Pseudomonas_phage_PB1_k5,phage
TCTTG,65,Pseudomonas_phage_PB1_k5,phage
TGAAG,112,Pseudomonas_phage_PB1_k5,phage
GAAGC,116,Pseudomonas_phage_PB1_k5,phage
AAGCT,69,Pseudomonas_phage_PB1_k5,phage
AGCTC,62,Pseudomonas_phage_PB1_k5,phage
CTCAT,46,Pseudomonas_phage_PB1_k5,phage
TCATC,120,Pseudomonas_phage_PB1_k5,phage
CATCG,146,Pseudomonas_phage_PB1_k5,phage
CGGCG,228,Pseudomonas_phage_PB1_k5,phage
CGAAC,137,Pseudomonas_phage_PB1_k5,phage
AACTC,89,Pseudomonas_phage_PB1_k5,phage
CTCGT,49,Pseudomonas_phage_PB1_k5,phage
TCACT,34,Pseudomonas_phage_PB1_k5,phage
CACTG,42,Pseudomonas_phage_PB1_k5,phage
ACTGT,25,Pseudomonas_phage_PB1_k5,phage
CTGTC,59,Pseudomonas_phage_PB1_k5,phage
TGTCG,103,Pseudomonas_phage_PB1_k5,phage
GATGT,85,Pseudomonas_phage_PB1_k5,phage
ATGTC,71,Pseudomonas_phage_PB1_k5,phage
TGTCC,60,Pseudomonas_phage_PB1_k5,phage
GTCCA,108,Pseudomonas_phage_PB1_k5,phage
TCCAT,83,Pseudomonas_phage_PB1_k5,phage
CCATC,113,Pseudomonas_phage_PB1_k5,phage
TCGGA,63,Pseudomonas_phage_PB1_k5,phage
CGGAA,116,Pseudomonas_phage_PB1_k5,phage
GGAAT,90,Pseudomonas_phage_PB1_k5,phage
AATGC,53,Pseudomonas_phage_PB1_k5,phage
ATGCC,89,Pseudomonas_phage_PB1_k5,phage
TGCCC,36,Pseudomonas_phage_PB1_k5,phage
GCCCA,79,Pseudomonas_phage_PB1_k5,phage
AGAGT,44,Pseudomonas_phage_PB1_k5,phage
GAGTC,69,Pseudomonas_phage_PB1_k5,phage
AGTCT,41,Pseudomonas_phage_PB1_k5,phage
GTCTC,34,Pseudomonas_phage_PB1_k5,phage
TCGTT,70,Pseudomonas_phage_PB1_k5,phage
CGTTC,123,Pseudomonas_phage_PB1_k5,phage
GTTCC,82,Pseudomonas_phage_PB1_k5,phage
TTCCA,108,Pseudomonas_phage_PB1_k5,phage
CCACA,41,Pseudomonas_phage_PB1_k5,phage
CACAG,38,Pseudomonas_phage_PB1_k5,phage
ACAGT,24,Pseudomonas_phage_PB1_k5,phage
CAGTT,70,Pseudomonas_phage_PB1_k5,phage
AGTTC,103,Pseudomonas_phage_PB1_k5,phage
GTTCG,122,Pseudomonas_phage_PB1_k5,phage
TTCGG,152,Pseudomonas_phage_PB1_k5,phage
CGGCA,130,Pseudomonas_phage_PB1_k5,phage
GGCAT,73,Pseudomonas_phage_PB1_k5,phage
GCATT,50,Pseudomonas_phage_PB1_k5,phage
CATTC,95,Pseudomonas_phage_PB1_k5,phage
ATTCA,88,Pseudomonas_phage_PB1_k5,phage
TTCAG,101,Pseudomonas_phage_PB1_k5,phage
TCAGT,43,Pseudomonas_phage_PB1_k5,phage
CTGGA,167,Pseudomonas_phage_PB1_k5,phage
TGGAT,90,Pseudomonas_phage_PB1_k5,phage
GGATA,59,Pseudomonas_phage_PB1_k5,phage
GATAG,40,Pseudomonas_phage_PB1_k5,phage
ATAGC,50,Pseudomonas_phage_PB1_k5,phage
TAGCC,30,Pseudomonas_phage_PB1_k5,phage
AGCCG,125,Pseudomonas_phage_PB1_k5,phage
GCCGG,166,Pseudomonas_phage_PB1_k5,phage
CCGGT,74,Pseudomonas_phage_PB1_k5,phage
CGGTT,68,Pseudomonas_phage_PB1_k5,phage
GGTTC,57,Pseudomonas_phage_PB1_k5,phage
CGCCA,139,Pseudomonas_phage_PB1_k5,phage
GCCAT,126,Pseudomonas_phage_PB1_k5,phage
CACAT,25,Pseudomonas_phage_PB1_k5,phage
ACATT,42,Pseudomonas_phage_PB1_k5,phage
GCAGG,88,Pseudomonas_phage_PB1_k5,phage
CAGGA,116,Pseudomonas_phage_PB1_k5,phage
AGGAT,73,Pseudomonas_phage_PB1_k5,phage
GGATG,103,Pseudomonas_phage_PB1_k5,phage
ATGCG,78,Pseudomonas_phage_PB1_k5,phage
TGCGG,85,Pseudomonas_phage_PB1_k5,phage
GCGGT,66,Pseudomonas_phage_PB1_k5,phage
CGGTC,115,Pseudomonas_phage_PB1_k5,phage
GGTCT,71,Pseudomonas_phage_PB1_k5,phage
GTCTG,73,Pseudomonas_phage_PB1_k5,phage
CTGCG,109,Pseudomonas_phage_PB1_k5,phage
TGCGA,86,Pseudomonas_phage_PB1_k5,phage
TTCAT,85,Pseudomonas_phage_PB1_k5,phage
TCATA,46,Pseudomonas_phage_PB1_k5,phage
CATAG,50,Pseudomonas_phage_PB1_k5,phage
ATAGT,24,Pseudomonas_phage_PB1_k5,phage
TAGTC,29,Pseudomonas_phage_PB1_k5,phage
AGTCG,95,Pseudomonas_phage_PB1_k5,phage
GTCGT,64,Pseudomonas_phage_PB1_k5,phage
GACAT,72,Pseudomonas_phage_PB1_k5,phage
ATCGA,128,Pseudomonas_phage_PB1_k5,phage
GAAGA,183,Pseudomonas_phage_PB1_k5,phage
AAGAG,80,Pseudomonas_phage_PB1_k5,phage
GAGGA,60,Pseudomonas_phage_PB1_k5,phage
AGGAA,99,Pseudomonas_phage_PB1_k5,phage
GGAAA,104,Pseudomonas_phage_PB1_k5,phage
AAACC,66,Pseudomonas_phage_PB1_k5,phage
ACCGC,85,Pseudomonas_phage_PB1_k5,phage
CCGCC,91,Pseudomonas_phage_PB1_k5,phage
CGCCG,204,Pseudomonas_phage_PB1_k5,phage
CCGCT,55,Pseudomonas_phage_PB1_k5,phage
CGCTG,82,Pseudomonas_phage_PB1_k5,phage
ATGTG,34,Pseudomonas_phage_PB1_k5,phage
TGTGC,28,Pseudomonas_phage_PB1_k5,phage
GCTGG,110,Pseudomonas_phage_PB1_k5,phage
ATGAA,82,Pseudomonas_phage_PB1_k5,phage
AAAGC,75,Pseudomonas_phage_PB1_k5,phage
GAAGT,107,Pseudomonas_phage_PB1_k5,phage
AAGTT,59,Pseudomonas_phage_PB1_k5,phage
AGTTG,51,Pseudomonas_phage_PB1_k5,phage
GTTGC,54,Pseudomonas_phage_PB1_k5,phage
TTGCT,68,Pseudomonas_phage_PB1_k5,phage
ACGCC,108,Pseudomonas_phage_PB1_k5,phage
GCCGA,203,Pseudomonas_phage_PB1_k5,phage
CCGAT,111,Pseudomonas_phage_PB1_k5,phage
CGATA,82,Pseudomonas_phage_PB1_k5,phage
GATAT,87,Pseudomonas_phage_PB1_k5,phage
ATATT,68,Pseudomonas_phage_PB1_k5,phage
TATTG,37,Pseudomonas_phage_PB1_k5,phage
TTGAT,88,Pseudomonas_phage_PB1_k5,phage
TGATC,111,Pseudomonas_phage_PB1_k5,phage
GATCT,65,Pseudomonas_phage_PB1_k5,phage
TTAGT,19,Pseudomonas_phage_PB1_k5,phage
AGTCA,55,Pseudomonas_phage_PB1_k5,phage
GTCAT,98,Pseudomonas_phage_PB1_k5,phage
TCATT,59,Pseudomonas_phage_PB1_k5,phage
CATTT,61,Pseudomonas_phage_PB1_k5,phage
ATTTT,49,Pseudomonas_phage_PB1_k5,phage
TTTTT,36,Pseudomonas_phage_PB1_k5,phage
TTTTC,90,Pseudomonas_phage_PB1_k5,phage
TCTGG,141,Pseudomonas_phage_PB1_k5,phage
CTGGC,129,Pseudomonas_phage_PB1_k5,phage
TGGCC,146,Pseudomonas_phage_PB1_k5,phage
GGCCC,62,Pseudomonas_phage_PB1_k5,phage
GCCCC,35,Pseudomonas_phage_PB1_k5,phage
CCCCT,18,Pseudomonas_phage_PB1_k5,phage
CCCTT,47,Pseudomonas_phage_PB1_k5,phage
CTTAT,34,Pseudomonas_phage_PB1_k5,phage
TTATT,29,Pseudomonas_phage_PB1_k5,phage
TATTT,46,Pseudomonas_phage_PB1_k5,phage
ATTTG,61,Pseudomonas_phage_PB1_k5,phage
TTTGG,78,Pseudomonas_phage_PB1_k5,phage
GCGAG,106,Pseudomonas_phage_PB1_k5,phage
CGAGT,57,Pseudomonas_phage_PB1_k5,phage
GAGTT,67,Pseudomonas_phage_PB1_k5,phage
AGTTT,50,Pseudomonas_phage_PB1_k5,phage
GTTTG,54,Pseudomonas_phage_PB1_k5,phage
TTTGT,61,Pseudomonas_phage_PB1_k5,phage
TTGTA,39,Pseudomonas_phage_PB1_k5,phage
TGTAC,44,Pseudomonas_phage_PB1_k5,phage
GTACT,24,Pseudomonas_phage_PB1_k5,phage
TACTG,32,Pseudomonas_phage_PB1_k5,phage
ACTGA,56,Pseudomonas_phage_PB1_k5,phage
CTGAG,53,Pseudomonas_phage_PB1_k5,phage
TGAGC,57,Pseudomonas_phage_PB1_k5,phage
GCTTT,74,Pseudomonas_phage_PB1_k5,phage
CTTTG,82,Pseudomonas_phage_PB1_k5,phage
TTTGA,58,Pseudomonas_phage_PB1_k5,phage
TTGAG,50,Pseudomonas_phage_PB1_k5,phage
TGAGG,47,Pseudomonas_phage_PB1_k5,phage
GAGGG,34,Pseudomonas_phage_PB1_k5,phage
AGGGT,37,Pseudomonas_phage_PB1_k5,phage
GGGTG,33,Pseudomonas_phage_PB1_k5,phage
GGTGG,73,Pseudomonas_phage_PB1_k5,phage
GTGGT,45,Pseudomonas_phage_PB1_k5,phage
TGGTC,82,Pseudomonas_phage_PB1_k5,phage
GGTCA,82,Pseudomonas_phage_PB1_k5,phage
GTCAG,58,Pseudomonas_phage_PB1_k5,phage
CAGCT,91,Pseudomonas_phage_PB1_k5,phage
TTAGC,20,Pseudomonas_phage_PB1_k5,phage
TAGCT,27,Pseudomonas_phage_PB1_k5,phage
TTTCA,68,Pseudomonas_phage_PB1_k5,phage
TCAGG,81,Pseudomonas_phage_PB1_k5,phage
CAGGG,68,Pseudomonas_phage_PB1_k5,phage
AGGGC,63,Pseudomonas_phage_PB1_k5,phage
GGGCG,98,Pseudomonas_phage_PB1_k5,phage
GCGAT,132,Pseudomonas_phage_PB1_k5,phage
CGATC,118,Pseudomonas_phage_PB1_k5,phage
GATCA,117,Pseudomonas_phage_PB1_k5,phage
ATCAT,81,Pseudomonas_phage_PB1_k5,phage
AGCCT,67,Pseudomonas_phage_PB1_k5,phage
CCTGG,124,Pseudomonas_phage_PB1_k5,phage
GCGCA,78,Pseudomonas_phage_PB1_k5,phage
CGCAG,123,Pseudomonas_phage_PB1_k5,phage
CAGGC,121,Pseudomonas_phage_PB1_k5,phage
AGGCC,111,Pseudomonas_phage_PB1_k5,phage
GGCCT,123,Pseudomonas_phage_PB1_k5,phage
CTTCC,146,Pseudomonas_phage_PB1_k5,phage
CCATT,69,Pseudomonas_phage_PB1_k5,phage
CTGCC,87,Pseudomonas_phage_PB1_k5,phage
TGCCT,45,Pseudomonas_phage_PB1_k5,phage
GCCTC,76,Pseudomonas_phage_PB1_k5,phage
CCTCG,78,Pseudomonas_phage_PB1_k5,phage
CTCGC,112,Pseudomonas_phage_PB1_k5,phage
TCGCT,70,Pseudomonas_phage_PB1_k5,phage
GATGG,151,Pseudomonas_phage_PB1_k5,phage
GGCGG,113,Pseudomonas_phage_PB1_k5,phage
GCGGA,99,Pseudomonas_phage_PB1_k5,phage
CGGAG,50,Pseudomonas_phage_PB1_k5,phage
GGAGC,60,Pseudomonas_phage_PB1_k5,phage
GAGCG,99,Pseudomonas_phage_PB1_k5,phage
AGCGG,74,Pseudomonas_phage_PB1_k5,phage
CGGAT,90,Pseudomonas_phage_PB1_k5,phage
GATCG,93,Pseudomonas_phage_PB1_k5,phage
ATCGT,48,Pseudomonas_phage_PB1_k5,phage
CGTTG,86,Pseudomonas_phage_PB1_k5,phage
TTGGT,58,Pseudomonas_phage_PB1_k5,phage
TGCGT,43,Pseudomonas_phage_PB1_k5,phage
GCGTT,85,Pseudomonas_phage_PB1_k5,phage
TTCCT,118,Pseudomonas_phage_PB1_k5,phage
TCCTC,54,Pseudomonas_phage_PB1_k5,phage
CCTCT,50,Pseudomonas_phage_PB1_k5,phage
CTCTG,73,Pseudomonas_phage_PB1_k5,phage
TCTGT,62,Pseudomonas_phage_PB1_k5,phage
TGTTT,36,Pseudomonas_phage_PB1_k5,phage
GTTTT,52,Pseudomonas_phage_PB1_k5,phage
TTTTG,53,Pseudomonas_phage_PB1_k5,phage
TGGAG,89,Pseudomonas_phage_PB1_k5,phage
GGAGT,60,Pseudomonas_phage_PB1_k5,phage
GAGTG,30,Pseudomonas_phage_PB1_k5,phage
AGTGT,17,Pseudomonas_phage_PB1_k5,phage
GTGTT,14,Pseudomonas_phage_PB1_k5,phage
GTTTC,77,Pseudomonas_phage_PB1_k5,phage
TCGCG,191,Pseudomonas_phage_PB1_k5,phage
CGCGT,66,Pseudomonas_phage_PB1_k5,phage
CGTTT,55,Pseudomonas_phage_PB1_k5,phage
AGAGA,31,Pseudomonas_phage_PB1_k5,phage
GAGAT,38,Pseudomonas_phage_PB1_k5,phage
AGATT,60,Pseudomonas_phage_PB1_k5,phage
ATTAT,25,Pseudomonas_phage_PB1_k5,phage
TTATG,32,Pseudomonas_phage_PB1_k5,phage
TATGA,40,Pseudomonas_phage_PB1_k5,phage
ATGAC,79,Pseudomonas_phage_PB1_k5,phage
CGCTA,43,Pseudomonas_phage_PB1_k5,phage
CTATT,34,Pseudomonas_phage_PB1_k5,phage
TATTC,72,Pseudomonas_phage_PB1_k5,phage
TCAGA,74,Pseudomonas_phage_PB1_k5,phage
AGAAT,67,Pseudomonas_phage_PB1_k5,phage
ATGGA,127,Pseudomonas_phage_PB1_k5,phage
TGGAA,144,Pseudomonas_phage_PB1_k5,phage
GGAAG,142,Pseudomonas_phage_PB1_k5,phage
AAGTA,42,Pseudomonas_phage_PB1_k5,phage
AGTAA,35,Pseudomonas_phage_PB1_k5,phage
GTAAA,41,Pseudomonas_phage_PB1_k5,phage
TAAAG,28,Pseudomonas_phage_PB1_k5,phage
AAGCA,44,Pseudomonas_phage_PB1_k5,phage
GAATT,83,Pseudomonas_phage_PB1_k5,phage
ATTGT,24,Pseudomonas_phage_PB1_k5,phage
TTGTG,31,Pseudomonas_phage_PB1_k5,phage
AAATA,32,Pseudomonas_phage_PB1_k5,phage
AATAT,44,Pseudomonas_phage_PB1_k5,phage
TCTCA,46,Pseudomonas_phage_PB1_k5,phage
CTCAA,51,Pseudomonas_phage_PB1_k5,phage
TCAAA,61,Pseudomonas_phage_PB1_k5,phage
CAAAG,78,Pseudomonas_phage_PB1_k5,phage
AAAGT,55,Pseudomonas_phage_PB1_k5,phage
AAGTG,45,Pseudomonas_phage_PB1_k5,phage
AGTGG,47,Pseudomonas_phage_PB1_k5,phage
GTGGA,75,Pseudomonas_phage_PB1_k5,phage
ACGAG,37,Pseudomonas_phage_PB1_k5,phage
TGTTC,74,Pseudomonas_phage_PB1_k5,phage
GAATA,35,Pseudomonas_phage_PB1_k5,phage
TTTCC,87,Pseudomonas_phage_PB1_k5,phage
CCTCC,42,Pseudomonas_phage_PB1_k5,phage
CTCCC,38,Pseudomonas_phage_PB1_k5,phage
CCCAT,48,Pseudomonas_phage_PB1_k5,phage
CCATG,93,Pseudomonas_phage_PB1_k5,phage
CATGG,106,Pseudomonas_phage_PB1_k5,phage
GGCGT,106,Pseudomonas_phage_PB1_k5,phage
GCGTG,55,Pseudomonas_phage_PB1_k5,phage
CGTGT,26,Pseudomonas_phage_PB1_k5,phage
GTGTC,41,Pseudomonas_phage_PB1_k5,phage
CCGCA,111,Pseudomonas_phage_PB1_k5,phage
CGCAT,83,Pseudomonas_phage_PB1_k5,phage
GCATC,96,Pseudomonas_phage_PB1_k5,phage
ATCCG,98,Pseudomonas_phage_PB1_k5,phage
TCCGA,67,Pseudomonas_phage_PB1_k5,phage
CCGAA,131,Pseudomonas_phage_PB1_k5,phage
AAGAC,88,Pseudomonas_phage_PB1_k5,phage
GACTG,66,Pseudomonas_phage_PB1_k5,phage
TGACA,35,Pseudomonas_phage_PB1_k5,phage
GACAG,49,Pseudomonas_phage_PB1_k5,phage
ACAGG,49,Pseudomonas_phage_PB1_k5,phage
CAGGT,60,Pseudomonas_phage_PB1_k5,phage
AGGTA,21,Pseudomonas_phage_PB1_k5,phage
GGTAT,35,Pseudomonas_phage_PB1_k5,phage
GTATC,39,Pseudomonas_phage_PB1_k5,phage
TATCC,38,Pseudomonas_phage_PB1_k5,phage
TCCGT,52,Pseudomonas_phage_PB1_k5,phage
CCGTT,73,Pseudomonas_phage_PB1_k5,phage
TGACT,54,Pseudomonas_phage_PB1_k5,phage
TTGTC,64,Pseudomonas_phage_PB1_k5,phage
TGTCT,42,Pseudomonas_phage_PB1_k5,phage
TCTTT,81,Pseudomonas_phage_PB1_k5,phage
CTTTT,57,Pseudomonas_phage_PB1_k5,phage
GATTC,132,Pseudomonas_phage_PB1_k5,phage
TTCTT,112,Pseudomonas_phage_PB1_k5,phage
TCTTA,22,Pseudomonas_phage_PB1_k5,phage
TAGCA,22,Pseudomonas_phage_PB1_k5,phage
AGCAT,48,Pseudomonas_phage_PB1_k5,phage
TCCAG,167,Pseudomonas_phage_PB1_k5,phage
CATAC,39,Pseudomonas_phage_PB1_k5,phage
ATACC,41,Pseudomonas_phage_PB1_k5,phage
TACCG,37,Pseudomonas_phage_PB1_k5,phage
CCGGG,93,Pseudomonas_phage_PB1_k5,phage
CGGGC,79,Pseudomonas_phage_PB1_k5,phage
GGGCC,57,Pseudomonas_phage_PB1_k5,phage
CCAGG,147,Pseudomonas_phage_PB1_k5,phage
CGCCC,96,Pseudomonas_phage_PB1_k5,phage
CCCCA,32,Pseudomonas_phage_PB1_k5,phage
ACTCC,61,Pseudomonas_phage_PB1_k5,phage
TCCCT,32,Pseudomonas_phage_PB1_k5,phage
CCTTT,52,Pseudomonas_phage_PB1_k5,phage
GTTCA,73,Pseudomonas_phage_PB1_k5,phage
ATACT,37,Pseudomonas_phage_PB1_k5,phage
CTCGG,88,Pseudomonas_phage_PB1_k5,phage
CGGCT,127,Pseudomonas_phage_PB1_k5,phage
TTCTA,35,Pseudomonas_phage_PB1_k5,phage
TCTAA,16,Pseudomonas_phage_PB1_k5,phage
CTAAT,10,Pseudomonas_phage_PB1_k5,phage
TAATC,30,Pseudomonas_phage_PB1_k5,phage
AATCG,95,Pseudomonas_phage_PB1_k5,phage
CAGAC,76,Pseudomonas_phage_PB1_k5,phage
AGACG,76,Pseudomonas_phage_PB1_k5,phage
ACGTT,62,Pseudomonas_phage_PB1_k5,phage
TTCAA,88,Pseudomonas_phage_PB1_k5,phage
TCAAT,63,Pseudomonas_phage_PB1_k5,phage
AATCA,53,Pseudomonas_phage_PB1_k5,phage
TCATG,85,Pseudomonas_phage_PB1_k5,phage
ATGGG,60,Pseudomonas_phage_PB1_k5,phage
GGGAA,76,Pseudomonas_phage_PB1_k5,phage
GAATC,100,Pseudomonas_phage_PB1_k5,phage
ATCTC,35,Pseudomonas_phage_PB1_k5,phage
TCCTT,84,Pseudomonas_phage_PB1_k5,phage
TTGTT,41,Pseudomonas_phage_PB1_k5,phage
TGTTA,18,Pseudomonas_phage_PB1_k5,phage
GTTAT,19,Pseudomonas_phage_PB1_k5,phage
TTATA,14,Pseudomonas_phage_PB1_k5,phage
TATAG,14,Pseudomonas_phage_PB1_k5,phage
AGCTA,31,Pseudomonas_phage_PB1_k5,phage
GCTAG,21,Pseudomonas_phage_PB1_k5,phage
CTAGC,18,Pseudomonas_phage_PB1_k5,phage
CATCA,116,Pseudomonas_phage_PB1_k5,phage
CATTA,19,Pseudomonas_phage_PB1_k5,phage
TTACG,29,Pseudomonas_phage_PB1_k5,phage
TACGG,33,Pseudomonas_phage_PB1_k5,phage
ACGGA,37,Pseudomonas_phage_PB1_k5,phage
CGGAC,70,Pseudomonas_phage_PB1_k5,phage
ACAAA,46,Pseudomonas_phage_PB1_k5,phage
CAAAC,57,Pseudomonas_phage_PB1_k5,phage
AAACA,33,Pseudomonas_phage_PB1_k5,phage
AACAG,51,Pseudomonas_phage_PB1_k5,phage
CAGTC,58,Pseudomonas_phage_PB1_k5,phage
GTCTT,86,Pseudomonas_phage_PB1_k5,phage
CTGAA,75,Pseudomonas_phage_PB1_k5,phage
TATGC,45,Pseudomonas_phage_PB1_k5,phage
TGCCG,109,Pseudomonas_phage_PB1_k5,phage
GCCGT,113,Pseudomonas_phage_PB1_k5,phage
GTTGG,55,Pseudomonas_phage_PB1_k5,phage
GTGTA,26,Pseudomonas_phage_PB1_k5,phage
TGTAT,31,Pseudomonas_phage_PB1_k5,phage
GTATT,38,Pseudomonas_phage_PB1_k5,phage
TATTA,14,Pseudomonas_phage_PB1_k5,phage
ATTAA,30,Pseudomonas_phage_PB1_k5,phage
TTAAC,32,Pseudomonas_phage_PB1_k5,phage
TAACA,28,Pseudomonas_phage_PB1_k5,phage
AACAA,65,Pseudomonas_phage_PB1_k5,phage
CAATA,38,Pseudomonas_phage_PB1_k5,phage
AATAA,20,Pseudomonas_phage_PB1_k5,phage
ATAAA,20,Pseudomonas_phage_PB1_k5,phage
TAAAA,18,Pseudomonas_phage_PB1_k5,phage
AAAAT,53,Pseudomonas_phage_PB1_k5,phage
AATTA,27,Pseudomonas_phage_PB1_k5,phage
TATGT,41,Pseudomonas_phage_PB1_k5,phage
ATGTT,61,Pseudomonas_phage_PB1_k5,phage
ACCGA,87,Pseudomonas_phage_PB1_k5,phage
CCGAC,103,Pseudomonas_phage_PB1_k5,phage
CGACG,124,Pseudomonas_phage_PB1_k5,phage
ACGAA,103,Pseudomonas_phage_PB1_k5,phage
GAACG,113,Pseudomonas_phage_PB1_k5,phage
AACGG,73,Pseudomonas_phage_PB1_k5,phage
ACGGT,55,Pseudomonas_phage_PB1_k5,phage
GGTTG,59,Pseudomonas_phage_PB1_k5,phage
GTTGT,47,Pseudomonas_phage_PB1_k5,phage
TGCTC,80,Pseudomonas_phage_PB1_k5,phage
GCTCG,114,Pseudomonas_phage_PB1_k5,phage
GACCG,108,Pseudomonas_phage_PB1_k5,phage
CGTCT,54,Pseudomonas_phage_PB1_k5,phage
TTGCG,75,Pseudomonas_phage_PB1_k5,phage
GCGGC,189,Pseudomonas_phage_PB1_k5,phage
GCGTC,93,Pseudomonas_phage_PB1_k5,phage
ATATA,19,Pseudomonas_phage_PB1_k5,phage
TATAC,18,Pseudomonas_phage_PB1_k5,phage
ACCTA,20,Pseudomonas_phage_PB1_k5,phage
CCTAT,33,Pseudomonas_phage_PB1_k5,phage
ATTGC,50,Pseudomonas_phage_PB1_k5,phage
ACACC,49,Pseudomonas_phage_PB1_k5,phage
CCGGA,127,Pseudomonas_phage_PB1_k5,phage
ATTAG,16,Pseudomonas_phage_PB1_k5,phage
TAGAA,25,Pseudomonas_phage_PB1_k5,phage
AATGT,42,Pseudomonas_phage_PB1_k5,phage
ATGTA,46,Pseudomonas_phage_PB1_k5,phage
GTACA,50,Pseudomonas_phage_PB1_k5,phage
TACAA,36,Pseudomonas_phage_PB1_k5,phage
ACTCA,38,Pseudomonas_phage_PB1_k5,phage
TCAAC,100,Pseudomonas_phage_PB1_k5,phage
AACCC,38,Pseudomonas_phage_PB1_k5,phage
ACCCT,35,Pseudomonas_phage_PB1_k5,phage
CCCTG,57,Pseudomonas_phage_PB1_k5,phage
CCTGC,79,Pseudomonas_phage_PB1_k5,phage
CTGCA,44,Pseudomonas_phage_PB1_k5,phage
TGCAC,21,Pseudomonas_phage_PB1_k5,phage
GCACT,31,Pseudomonas_phage_PB1_k5,phage
ACTGC,51,Pseudomonas_phage_PB1_k5,phage
GCCCG,49,Pseudomonas_phage_PB1_k5,phage
CCCGT,29,Pseudomonas_phage_PB1_k5,phage
CGTTA,26,Pseudomonas_phage_PB1_k5,phage
GTTAC,17,Pseudomonas_phage_PB1_k5,phage
AAGTC,86,Pseudomonas_phage_PB1_k5,phage
ATTTA,28,Pseudomonas_phage_PB1_k5,phage
TTTAT,29,Pseudomonas_phage_PB1_k5,phage
TATGG,43,Pseudomonas_phage_PB1_k5,phage
TCACA,28,Pseudomonas_phage_PB1_k5,phage
CACAC,18,Pseudomonas_phage_PB1_k5,phage
ACGCA,48,Pseudomonas_phage_PB1_k5,phage
CGGTA,41,Pseudomonas_phage_PB1_k5,phage
ATCGC,125,Pseudomonas_phage_PB1_k5,phage
GTTTA,26,Pseudomonas_phage_PB1_k5,phage
TTTAC,29,Pseudomonas_phage_PB1_k5,phage
TTACC,26,Pseudomonas_phage_PB1_k5,phage
TACCT,21,Pseudomonas_phage_PB1_k5,phage
ACCTC,41,Pseudomonas_phage_PB1_k5,phage
CGCGG,137,Pseudomonas_phage_PB1_k5,phage
GCCAA,109,Pseudomonas_phage_PB1_k5,phage
CAACT,82,Pseudomonas_phage_PB1_k5,phage
AACTA,31,Pseudomonas_phage_PB1_k5,phage
ACTAT,36,Pseudomonas_phage_PB1_k5,phage
CTATA,25,Pseudomonas_phage_PB1_k5,phage
ATAGA,34,Pseudomonas_phage_PB1_k5,phage
TCAAG,75,Pseudomonas_phage_PB1_k5,phage
CAAGT,56,Pseudomonas_phage_PB1_k5,phage
CCAGT,80,Pseudomonas_phage_PB1_k5,phage
GAACC,63,Pseudomonas_phage_PB1_k5,phage
ATCAG,89,Pseudomonas_phage_PB1_k5,phage
CAGCG,112,Pseudomonas_phage_PB1_k5,phage
AGCGA,80,Pseudomonas_phage_PB1_k5,phage
CGAAT,99,Pseudomonas_phage_PB1_k5,phage
TCGGT,105,Pseudomonas_phage_PB1_k5,phage
GTCTA,15,Pseudomonas_phage_PB1_k5,phage
TCTAC,30,Pseudomonas_phage_PB1_k5,phage
CTACA,39,Pseudomonas_phage_PB1_k5,phage
TACAC,22,Pseudomonas_phage_PB1_k5,phage
CACGT,20,Pseudomonas_phage_PB1_k5,phage
ATCAA,87,Pseudomonas_phage_PB1_k5,phage
CAAGG,69,Pseudomonas_phage_PB1_k5,phage
AAGGA,70,Pseudomonas_phage_PB1_k5,phage
ACAAG,41,Pseudomonas_phage_PB1_k5,phage
CAAGA,63,Pseudomonas_phage_PB1_k5,phage
AAGAT,76,Pseudomonas_phage_PB1_k5,phage
TGAGA,47,Pseudomonas_phage_PB1_k5,phage
GAGAA,74,Pseudomonas_phage_PB1_k5,phage
TCTGA,68,Pseudomonas_phage_PB1_k5,phage
TGAGT,41,Pseudomonas_phage_PB1_k5,phage
GAGTA,36,Pseudomonas_phage_PB1_k5,phage
AGTAC,24,Pseudomonas_phage_PB1_k5,phage
ACAAC,66,Pseudomonas_phage_PB1_k5,phage
CAACG,85,Pseudomonas_phage_PB1_k5,phage
ACGGC,123,Pseudomonas_phage_PB1_k5,phage
TCACG,50,Pseudomonas_phage_PB1_k5,phage
AAGAA,84,Pseudomonas_phage_PB1_k5,phage
CAAGC,59,Pseudomonas_phage_PB1_k5,phage
AGCAC,44,Pseudomonas_phage_PB1_k5,phage
GCACA,26,Pseudomonas_phage_PB1_k5,phage
CACAA,36,Pseudomonas_phage_PB1_k5,phage
GGATC,57,Pseudomonas_phage_PB1_k5,phage
TCTAT,28,Pseudomonas_phage_PB1_k5,phage
CTATG,45,Pseudomonas_phage_PB1_k5,phage
CCGTA,31,Pseudomonas_phage_PB1_k5,phage
CGTAA,24,Pseudomonas_phage_PB1_k5,phage
GTAAC,30,Pseudomonas_phage_PB1_k5,phage
TAACC,23,Pseudomonas_phage_PB1_k5,phage
AACCT,55,Pseudomonas_phage_PB1_k5,phage
ACCTG,54,Pseudomonas_phage_PB1_k5,phage
GTCGG,113,Pseudomonas_phage_PB1_k5,phage
AAATC,95,Pseudomonas_phage_PB1_k5,phage
AGTCC,51,Pseudomonas_phage_PB1_k5,phage
CCACC,71,Pseudomonas_phage_PB1_k5,phage
AGGCA,37,Pseudomonas_phage_PB1_k5,phage
CATTG,45,Pseudomonas_phage_PB1_k5,phage
CTCAC,36,Pseudomonas_phage_PB1_k5,phage
ACTAC,39,Pseudomonas_phage_PB1_k5,phage
CTACC,39,Pseudomonas_phage_PB1_k5,phage
TACCC,23,Pseudomonas_phage_PB1_k5,phage
GGAAC,99,Pseudomonas_phage_PB1_k5,phage
GAACA,88,Pseudomonas_phage_PB1_k5,phage
CAGTG,33,Pseudomonas_phage_PB1_k5,phage
GTGGG,37,Pseudomonas_phage_PB1_k5,phage
GAGCC,79,Pseudomonas_phage_PB1_k5,phage
ACCAT,70,Pseudomonas_phage_PB1_k5,phage
ATTCG,111,Pseudomonas_phage_PB1_k5,phage
AAAGA,62,Pseudomonas_phage_PB1_k5,phage
AGAAA,68,Pseudomonas_phage_PB1_k5,phage
CATCT,53,Pseudomonas_phage_PB1_k5,phage
ACCCG,52,Pseudomonas_phage_PB1_k5,phage
CCCGA,57,Pseudomonas_phage_PB1_k5,phage
AACGA,57,Pseudomonas_phage_PB1_k5,phage
ACAGA,54,Pseudomonas_phage_PB1_k5,phage
TCGTG,61,Pseudomonas_phage_PB1_k5,phage
TATCA,34,Pseudomonas_phage_PB1_k5,phage
CGTGG,62,Pseudomonas_phage_PB1_k5,phage
TGGTG,81,Pseudomonas_phage_PB1_k5,phage
GGTGA,81,Pseudomonas_phage_PB1_k5,phage
AAGCC,99,Pseudomonas_phage_PB1_k5,phage
CCAAA,63,Pseudomonas_phage_PB1_k5,phage
GTCAA,73,Pseudomonas_phage_PB1_k5,phage
AGATG,63,Pseudomonas_phage_PB1_k5,phage
GAAAA,70,Pseudomonas_phage_PB1_k5,phage
AATCC,80,Pseudomonas_phage_PB1_k5,phage
AGTGA,28,Pseudomonas_phage_PB1_k5,phage
GTGAG,31,Pseudomonas_phage_PB1_k5,phage
GAGAC,41,Pseudomonas_phage_PB1_k5,phage
AAGGT,40,Pseudomonas_phage_PB1_k5,phage
AGGTC,56,Pseudomonas_phage_PB1_k5,phage
ATGAG,58,Pseudomonas_phage_PB1_k5,phage
AGCGC,112,Pseudomonas_phage_PB1_k5,phage
GGACC,58,Pseudomonas_phage_PB1_k5,phage
ACCAG,106,Pseudomonas_phage_PB1_k5,phage
CCGAG,69,Pseudomonas_phage_PB1_k5,phage
GAGCA,68,Pseudomonas_phage_PB1_k5,phage
ACATA,36,Pseudomonas_phage_PB1_k5,phage
CATAT,46,Pseudomonas_phage_PB1_k5,phage
TATAT,28,Pseudomonas_phage_PB1_k5,phage
ATATG,53,Pseudomonas_phage_PB1_k5,phage
ATTCC,101,Pseudomonas_phage_PB1_k5,phage
TTCCG,120,Pseudomonas_phage_PB1_k5,phage
GACGG,102,Pseudomonas_phage_PB1_k5,phage
ACGGG,31,Pseudomonas_phage_PB1_k5,phage
CAAAT,47,Pseudomonas_phage_PB1_k5,phage
CCTCA,36,Pseudomonas_phage_PB1_k5,phage
ATCCT,72,Pseudomonas_phage_PB1_k5,phage
CCTTG,82,Pseudomonas_phage_PB1_k5,phage
CTTGC,63,Pseudomonas_phage_PB1_k5,phage
GCTGC,79,Pseudomonas_phage_PB1_k5,phage
TGCCA,58,Pseudomonas_phage_PB1_k5,phage
CAAAA,54,Pseudomonas_phage_PB1_k5,phage
AAAAA,31,Pseudomonas_phage_PB1_k5,phage
AAAAC,48,Pseudomonas_phage_PB1_k5,phage
GGCTG,81,Pseudomonas_phage_PB1_k5,phage
CGGGT,55,Pseudomonas_phage_PB1_k5,phage
GGGTC,63,Pseudomonas_phage_PB1_k5,phage
GGTCG,120,Pseudomonas_phage_PB1_k5,phage
AAGCG,66,Pseudomonas_phage_PB1_k5,phage
CGAGG,62,Pseudomonas_phage_PB1_k5,phage
AACGC,74,Pseudomonas_phage_PB1_k5,phage
CTCTC,12,Pseudomonas_phage_PB1_k5,phage
CATGC,56,Pseudomonas_phage_PB1_k5,phage
ATGCA,27,Pseudomonas_phage_PB1_k5,phage
GCACG,38,Pseudomonas_phage_PB1_k5,phage
CACGG,38,Pseudomonas_phage_PB1_k5,phage
GGCAA,98,Pseudomonas_phage_PB1_k5,phage
GCAAC,72,Pseudomonas_phage_PB1_k5,phage
AACGT,65,Pseudomonas_phage_PB1_k5,phage
ATGGT,79,Pseudomonas_phage_PB1_k5,phage
GTCGC,124,Pseudomonas_phage_PB1_k5,phage
TGGCA,55,Pseudomonas_phage_PB1_k5,phage
GCAAA,66,Pseudomonas_phage_PB1_k5,phage
CACTT,36,Pseudomonas_phage_PB1_k5,phage
ACTTA,12,Pseudomonas_phage_PB1_k5,phage
CTCCA,104,Pseudomonas_phage_PB1_k5,phage
TCGGG,52,Pseudomonas_phage_PB1_k5,phage
CTAAG,19,Pseudomonas_phage_PB1_k5,phage
TAAGT,14,Pseudomonas_phage_PB1_k5,phage
AATGA,64,Pseudomonas_phage_PB1_k5,phage
AGCCC,38,Pseudomonas_phage_PB1_k5,phage
GATCC,68,Pseudomonas_phage_PB1_k5,phage
ACGCG,48,Pseudomonas_phage_PB1_k5,phage
GCGGG,55,Pseudomonas_phage_PB1_k5,phage
CTGTA,28,Pseudomonas_phage_PB1_k5,phage
TGTAG,31,Pseudomonas_phage_PB1_k5,phage
GTAGA,31,Pseudomonas_phage_PB1_k5,phage
TAGAT,28,Pseudomonas_phage_PB1_k5,phage
AGATA,33,Pseudomonas_phage_PB1_k5,phage
GATAA,38,Pseudomonas_phage_PB1_k5,phage
ATAAG,28,Pseudomonas_phage_PB1_k5,phage
TAAGC,28,Pseudomonas_phage_PB1_k5,phage
TGATA,45,Pseudomonas_phage_PB1_k5,phage
ACATG,46,Pseudomonas_phage_PB1_k5,phage
CATGA,81,Pseudomonas_phage_PB1_k5,phage
AGCTG,80,Pseudomonas_phage_PB1_k5,phage
CGCAC,33,Pseudomonas_phage_PB1_k5,phage
ACACT,22,Pseudomonas_phage_PB1_k5,phage
CTACG,25,Pseudomonas_phage_PB1_k5,phage
TACGA,21,Pseudomonas_phage_PB1_k5,phage
AGATC,57,Pseudomonas_phage_PB1_k5,phage
ATCAC,63,Pseudomonas_phage_PB1_k5,phage
CTTTA,29,Pseudomonas_phage_PB1_k5,phage
TTTAG,14,Pseudomonas_phage_PB1_k5,phage
AGCAA,45,Pseudomonas_phage_PB1_k5,phage
CAACA,80,Pseudomonas_phage_PB1_k5,phage
AACAT,65,Pseudomonas_phage_PB1_k5,phage
CGCAA,75,Pseudomonas_phage_PB1_k5,phage
AAAAG,41,Pseudomonas_phage_PB1_k5,phage
AGAAG,93,Pseudomonas_phage_PB1_k5,phage
TCCGG,144,Pseudomonas_phage_PB1_k5,phage
AGGTT,35,Pseudomonas_phage_PB1_k5,phage
GGTTT,68,Pseudomonas_phage_PB1_k5,phage
TTATC,32,Pseudomonas_phage_PB1_k5,phage
CCCGG,55,Pseudomonas_phage_PB1_k5,phage
ACTAA,13,Pseudomonas_phage_PB1_k5,phage
CTAAA,16,Pseudomonas_phage_PB1_k5,phage
TAAAT,27,Pseudomonas_phage_PB1_k5,phage
TCCAA,86,Pseudomonas_phage_PB1_k5,phage
CCAAG,73,Pseudomonas_phage_PB1_k5,phage
TGCGC,92,Pseudomonas_phage_PB1_k5,phage
CGAGA,39,Pseudomonas_phage_PB1_k5,phage
AGCGT,54,Pseudomonas_phage_PB1_k5,phage
GCGTA,36,Pseudomonas_phage_PB1_k5,phage
GTAAG,23,Pseudomonas_phage_PB1_k5,phage
TAAGA,20,Pseudomonas_phage_PB1_k5,phage
CGGTG,76,Pseudomonas_phage_PB1_k5,phage
GTGAT,68,Pseudomonas_phage_PB1_k5,phage
CATGT,44,Pseudomonas_phage_PB1_k5,phage
TAAAC,21,Pseudomonas_phage_PB1_k5,phage
AACAC,48,Pseudomonas_phage_PB1_k5,phage
ACACA,22,Pseudomonas_phage_PB1_k5,phage
GGGCT,36,Pseudomonas_phage_PB1_k5,phage
CTGGT,84,Pseudomonas_phage_PB1_k5,phage
GTGCG,44,Pseudomonas_phage_PB1_k5,phage
AGAGC,68,Pseudomonas_phage_PB1_k5,phage
CTTGT,43,Pseudomonas_phage_PB1_k5,phage
GGCAC,36,Pseudomonas_phage_PB1_k5,phage
GCACC,39,Pseudomonas_phage_PB1_k5,phage
CACCT,39,Pseudomonas_phage_PB1_k5,phage
GCCCT,69,Pseudomonas_phage_PB1_k5,phage
CCCTC,35,Pseudomonas_phage_PB1_k5,phage
AAACG,43,Pseudomonas_phage_PB1_k5,phage
CATAA,26,Pseudomonas_phage_PB1_k5,phage
TCTCG,55,Pseudomonas_phage_PB1_k5,phage
TAACG,28,Pseudomonas_phage_PB1_k5,phage
ATCCC,40,Pseudomonas_phage_PB1_k5,phage
CCATA,52,Pseudomonas_phage_PB1_k5,phage
ATAGG,25,Pseudomonas_phage_PB1_k5,phage
TAGGT,17,Pseudomonas_phage_PB1_k5,phage
TTGCA,33,Pseudomonas_phage_PB1_k5,phage
TGCAG,49,Pseudomonas_phage_PB1_k5,phage
GTGAC,34,Pseudomonas_phage_PB1_k5,phage
GGGTT,44,Pseudomonas_phage_PB1_k5,phage
TCGCA,77,Pseudomonas_phage_PB1_k5,phage
GCATG,63,Pseudomonas_phage_PB1_k5,phage
CAATG,66,Pseudomonas_phage_PB1_k5,phage
TGTGT,19,Pseudomonas_phage_PB1_k5,phage
TTTGC,53,Pseudomonas_phage_PB1_k5,phage
TACGT,14,Pseudomonas_phage_PB1_k5,phage
AATAG,29,Pseudomonas_phage_PB1_k5,phage
GGGCA,52,Pseudomonas_phage_PB1_k5,phage
GTGCC,28,Pseudomonas_phage_PB1_k5,phage
TGCAT,32,Pseudomonas_phage_PB1_k5,phage
GCAGC,88,Pseudomonas_phage_PB1_k5,phage
AAATG,50,Pseudomonas_phage_PB1_k5,phage
GCAGT,58,Pseudomonas_phage_PB1_k5,phage
GGAGA,49,Pseudomonas_phage_PB1_k5,phage
GGTCC,43,Pseudomonas_phage_PB1_k5,phage
ACGTG,27,Pseudomonas_phage_PB1_k5,phage
CGTGA,57,Pseudomonas_phage_PB1_k5,phage
TAGTG,19,Pseudomonas_phage_PB1_k5,phage
GGCAG,67,Pseudomonas_phage_PB1_k5,phage
GCTCC,81,Pseudomonas_phage_PB1_k5,phage
TAGAG,20,Pseudomonas_phage_PB1_k5,phage
TTCCC,70,Pseudomonas_phage_PB1_k5,phage
CGTGC,39,Pseudomonas_phage_PB1_k5,phage
CGGGA,65,Pseudomonas_phage_PB1_k5,phage
GTGGC,70,Pseudomonas_phage_PB1_k5,phage
ACAGC,53,Pseudomonas_phage_PB1_k5,phage
GCTCT,70,Pseudomonas_phage_PB1_k5,phage
GCTAC,43,Pseudomonas_phage_PB1_k5,phage
CACGC,39,Pseudomonas_phage_PB1_k5,phage
GTTCT,80,Pseudomonas_phage_PB1_k5,phage
TGGTA,46,Pseudomonas_phage_PB1_k5,phage
GGTAA,36,Pseudomonas_phage_PB1_k5,phage
GTAAT,34,Pseudomonas_phage_PB1_k5,phage
TAATT,27,Pseudomonas_phage_PB1_k5,phage
TGGGG,38,Pseudomonas_phage_PB1_k5,phage
GGGGG,16,Pseudomonas_phage_PB1_k5,phage
GGGGT,19,Pseudomonas_phage_PB1_k5,phage
TGTGG,45,Pseudomonas_phage_PB1_k5,phage
GCCTA,29,Pseudomonas_phage_PB1_k5,phage
TGCAA,27,Pseudomonas_phage_PB1_k5,phage
TAGCG,43,Pseudomonas_phage_PB1_k5,phage
AATAC,30,Pseudomonas_phage_PB1_k5,phage
GAGAG,13,Pseudomonas_phage_PB1_k5,phage
CGTAC,23,Pseudomonas_phage_PB1_k5,phage
TGGTT,57,Pseudomonas_phage_PB1_k5,phage
ATAAC,27,Pseudomonas_phage_PB1_k5,phage
TAACT,27,Pseudomonas_phage_PB1_k5,phage
TAAGG,31,Pseudomonas_phage_PB1_k5,phage
TCCCG,55,Pseudomonas_phage_PB1_k5,phage
CCCGC,37,Pseudomonas_phage_PB1_k5,phage
CCTAG,11,Pseudomonas_phage_PB1_k5,phage
TAGGG,16,Pseudomonas_phage_PB1_k5,phage
TGGGC,60,Pseudomonas_phage_PB1_k5,phage
GGACT,64,Pseudomonas_phage_PB1_k5,phage
GGTTA,20,Pseudomonas_phage_PB1_k5,phage
GTTAA,23,Pseudomonas_phage_PB1_k5,phage
TTAAT,28,Pseudomonas_phage_PB1_k5,phage
CGTAG,22,Pseudomonas_phage_PB1_k5,phage
GTAGG,30,Pseudomonas_phage_PB1_k5,phage
TAGGC,33,Pseudomonas_phage_PB1_k5,phage
TGTAA,33,Pseudomonas_phage_PB1_k5,phage
CTTAA,21,Pseudomonas_phage_PB1_k5,phage
AACCA,68,Pseudomonas_phage_PB1_k5,phage
ACCAC,44,Pseudomonas_phage_PB1_k5,phage
CACCA,81,Pseudomonas_phage_PB1_k5,phage
ATACG,25,Pseudomonas_phage_PB1_k5,phage
TGGGT,45,Pseudomonas_phage_PB1_k5,phage
TTAAA,17,Pseudomonas_phage_PB1_k5,phage
CTACT,31,Pseudomonas_phage_PB1_k5,phage
CAGAT,71,Pseudomonas_phage_PB1_k5,phage
GTAGC,34,Pseudomonas_phage_PB1_k5,phage
TTTAA,26,Pseudomonas_phage_PB1_k5,phage
GCAAT,49,Pseudomonas_phage_PB1_k5,phage
GTACG,21,Pseudomonas_phage_PB1_k5,phage
TAGTA,7,Pseudomonas_phage_PB1_k5,phage
AGTAG,31,Pseudomonas_phage_PB1_k5,phage
AATTT,55,Pseudomonas_phage_PB1_k5,phage
AGGAG,33,Pseudomonas_phage_PB1_k5,phage
AGACC,57,Pseudomonas_phage_PB1_k5,phage
TTGGG,41,Pseudomonas_phage_PB1_k5,phage
CTCTA,18,Pseudomonas_phage_PB1_k5,phage
CGGGG,32,Pseudomonas_phage_PB1_k5,phage
GGGGC,41,Pseudomonas_phage_PB1_k5,phage
TCGTA,19,Pseudomonas_phage_PB1_k5,phage
AGTGC,35,Pseudomonas_phage_PB1_k5,phage
CCGTG,41,Pseudomonas_phage_PB1_k5,phage
GTGCA,25,Pseudomonas_phage_PB1_k5,phage
GGCTC,79,Pseudomonas_phage_PB1_k5,phage
CTCCG,48,Pseudomonas_phage_PB1_k5,phage
GATAC,54,Pseudomonas_phage_PB1_k5,phage
ATACA,38,Pseudomonas_phage_PB1_k5,phage
TACAG,42,Pseudomonas_phage_PB1_k5,phage
GTCCT,35,Pseudomonas_phage_PB1_k5,phage
TTGCC,44,Pseudomonas_phage_PB1_k5,phage
AGACA,33,Pseudomonas_phage_PB1_k5,phage
CCTAC,22,Pseudomonas_phage_PB1_k5,phage
ACGTA,14,Pseudomonas_phage_PB1_k5,phage
TAATA,18,Pseudomonas_phage_PB1_k5,phage
ATAAT,27,Pseudomonas_phage_PB1_k5,phage
GGGAC,36,Pseudomonas_phage_PB1_k5,phage
GGTGT,35,Pseudomonas_phage_PB1_k5,phage
CAGTA,44,Pseudomonas_phage_PB1_k5,phage
ATATC,65,Pseudomonas_phage_PB1_k5,phage
GTTAG,15,Pseudomonas_phage_PB1_k5,phage
GGTAG,31,Pseudomonas_phage_PB1_k5,phage
TTAAG,23,Pseudomonas_phage_PB1_k5,phage
TTTTA,15,Pseudomonas_phage_PB1_k5,phage
GGTAC,22,Pseudomonas_phage_PB1_k5,phage
GACTA,39,Pseudomonas_phage_PB1_k5,phage
GTAGT,20,Pseudomonas_phage_PB1_k5,phage
GCATA,27,Pseudomonas_phage_PB1_k5,phage
TGTCA,30,Pseudomonas_phage_PB1_k5,phage
AGTAT,39,Pseudomonas_phage_PB1_k5,phage
GTATG,39,Pseudomonas_phage_PB1_k5,phage
CCCTA,15,Pseudomonas_phage_PB1_k5,phage
GGGGA,25,Pseudomonas_phage_PB1_k5,phage
TAATG,24,Pseudomonas_phage_PB1_k5,phage
TCCCC,17,Pseudomonas_phage_PB1_k5,phage
CCCCG,22,Pseudomonas_phage_PB1_k5,phage
GTGTG,16,Pseudomonas_phage_PB1_k5,phage
CTAGA,18,Pseudomonas_phage_PB1_k5,phage
ACCCC,20,Pseudomonas_phage_PB1_k5,phage
GTACC,18,Pseudomonas_phage_PB1_k5,phage
TACCA,43,Pseudomonas_phage_PB1_k5,phage
TAGTT,18,Pseudomonas_phage_PB1_k5,phage
TATAA,18,Pseudomonas_phage_PB1_k5,phage
CGTAT,31,Pseudomonas_phage_PB1_k5,phage
GTATA,20,Pseudomonas_phage_PB1_k5,phage
TACTA,16,Pseudomonas_phage_PB1_k5,phage
AGTTA,10,Pseudomonas_phage_PB1_k5,phage
AGGGG,15,Pseudomonas_phage_PB1_k5,phage
ATCTA,22,Pseudomonas_phage_PB1_k5,phage
GGGTA,16,Pseudomonas_phage_PB1_k5,phage
GCAAG,58,Pseudomonas_phage_PB1_k5,phage
TACTT,24,Pseudomonas_phage_PB1_k5,phage
TACGC,32,Pseudomonas_phage_PB1_k5,phage
TCCTA,17,Pseudomonas_phage_PB1_k5,phage
GCTAA,18,Pseudomonas_phage_PB1_k5,phage
CCTAA,15,Pseudomonas_phage_PB1_k5,phage
TTAGG,13,Pseudomonas_phage_PB1_k5,phage
TCTAG,16,Pseudomonas_phage_PB1_k5,phage
CTAGT,10,Pseudomonas_phage_PB1_k5,phage
CCCCC,8,Pseudomonas_phage_PB1_k5,phage
CTAAC,17,Pseudomonas_phage_PB1_k5,phage
GTAAC,45,Serratia_phage_SM9-3Y_k5,phage
TAACG,56,Serratia_phage_SM9-3Y_k5,phage
AACGA,62,Serratia_phage_SM9-3Y_k5,phage
ACGAT,54,Serratia_phage_SM9-3Y_k5,phage
CGATG,94,Serratia_phage_SM9-3Y_k5,phage
GATGA,118,Serratia_phage_SM9-3Y_k5,phage
ATGAC,73,Serratia_phage_SM9-3Y_k5,phage
TGACC,100,Serratia_phage_SM9-3Y_k5,phage
GACCC,61,Serratia_phage_SM9-3Y_k5,phage
ACCCG,41,Serratia_phage_SM9-3Y_k5,phage
CCCGT,39,Serratia_phage_SM9-3Y_k5,phage
CCGTG,71,Serratia_phage_SM9-3Y_k5,phage
CGTGA,76,Serratia_phage_SM9-3Y_k5,phage
GTGAT,60,Serratia_phage_SM9-3Y_k5,phage
TGATG,109,Serratia_phage_SM9-3Y_k5,phage
GATGC,76,Serratia_phage_SM9-3Y_k5,phage
ATGCG,51,Serratia_phage_SM9-3Y_k5,phage
TGCGT,43,Serratia_phage_SM9-3Y_k5,phage
GCGTG,53,Serratia_phage_SM9-3Y_k5,phage
CGTGG,59,Serratia_phage_SM9-3Y_k5,phage
GTGGA,52,Serratia_phage_SM9-3Y_k5,phage
TGGAA,73,Serratia_phage_SM9-3Y_k5,phage
GGAAC,74,Serratia_phage_SM9-3Y_k5,phage
GAACG,40,Serratia_phage_SM9-3Y_k5,phage
GATGT,36,Serratia_phage_SM9-3Y_k5,phage
ATGTT,45,Serratia_phage_SM9-3Y_k5,phage
TGTTA,29,Serratia_phage_SM9-3Y_k5,phage
GTTAG,25,Serratia_phage_SM9-3Y_k5,phage
TTAGC,24,Serratia_phage_SM9-3Y_k5,phage
TAGCG,30,Serratia_phage_SM9-3Y_k5,phage
AGCGC,61,Serratia_phage_SM9-3Y_k5,phage
GCGCG,26,Serratia_phage_SM9-3Y_k5,phage
CGCGT,18,Serratia_phage_SM9-3Y_k5,phage
GCGTA,40,Serratia_phage_SM9-3Y_k5,phage
CGTAC,25,Serratia_phage_SM9-3Y_k5,phage
GTACA,41,Serratia_phage_SM9-3Y_k5,phage
TACAT,31,Serratia_phage_SM9-3Y_k5,phage
ACATT,62,Serratia_phage_SM9-3Y_k5,phage
CATTG,71,Serratia_phage_SM9-3Y_k5,phage
ATTGA,74,Serratia_phage_SM9-3Y_k5,phage
TTGAT,37,Serratia_phage_SM9-3Y_k5,phage
TGATA,45,Serratia_phage_SM9-3Y_k5,phage
GATAA,55,Serratia_phage_SM9-3Y_k5,phage
ATAAG,48,Serratia_phage_SM9-3Y_k5,phage
TAAGC,43,Serratia_phage_SM9-3Y_k5,phage
AAGCT,82,Serratia_phage_SM9-3Y_k5,phage
AGCTG,60,Serratia_phage_SM9-3Y_k5,phage
GCTGG,128,Serratia_phage_SM9-3Y_k5,phage
CTGGA,77,Serratia_phage_SM9-3Y_k5,phage
TGGAG,49,Serratia_phage_SM9-3Y_k5,phage
GGAGA,69,Serratia_phage_SM9-3Y_k5,phage
GAGAA,93,Serratia_phage_SM9-3Y_k5,phage
AGAAA,64,Serratia_phage_SM9-3Y_k5,phage
GAAAG,68,Serratia_phage_SM9-3Y_k5,phage
AAAGA,69,Serratia_phage_SM9-3Y_k5,phage
AAGAC,86,Serratia_phage_SM9-3Y_k5,phage
AGACC,95,Serratia_phage_SM9-3Y_k5,phage
GACCT,48,Serratia_phage_SM9-3Y_k5,phage
ACCTA,48,Serratia_phage_SM9-3Y_k5,phage
CCTAG,21,Serratia_phage_SM9-3Y_k5,phage
CTAGA,9,Serratia_phage_SM9-3Y_k5,phage
TAGAG,29,Serratia_phage_SM9-3Y_k5,phage
AGAGT,45,Serratia_phage_SM9-3Y_k5,phage
GAGTT,62,Serratia_phage_SM9-3Y_k5,phage
AGTTC,62,Serratia_phage_SM9-3Y_k5,phage
GTTCC,49,Serratia_phage_SM9-3Y_k5,phage
TTCCT,40,Serratia_phage_SM9-3Y_k5,phage
TCCTG,29,Serratia_phage_SM9-3Y_k5,phage
CCTGA,81,Serratia_phage_SM9-3Y_k5,phage
CTGAA,51,Serratia_phage_SM9-3Y_k5,phage
TGAAT,36,Serratia_phage_SM9-3Y_k5,phage
GAATG,28,Serratia_phage_SM9-3Y_k5,phage
AATGC,25,Serratia_phage_SM9-3Y_k5,phage
TGCGC,48,Serratia_phage_SM9-3Y_k5,phage
GCGCT,68,Serratia_phage_SM9-3Y_k5,phage
CGCTT,52,Serratia_phage_SM9-3Y_k5,phage
GCTTA,33,Serratia_phage_SM9-3Y_k5,phage
CTTAA,40,Serratia_phage_SM9-3Y_k5,phage
TTAAG,58,Serratia_phage_SM9-3Y_k5,phage
TAAGG,83,Serratia_phage_SM9-3Y_k5,phage
AAGGC,83,Serratia_phage_SM9-3Y_k5,phage
AGGCG,49,Serratia_phage_SM9-3Y_k5,phage
GGCGT,39,Serratia_phage_SM9-3Y_k5,phage
CGTGT,34,Serratia_phage_SM9-3Y_k5,phage
GTGTG,37,Serratia_phage_SM9-3Y_k5,phage
TGTGG,57,Serratia_phage_SM9-3Y_k5,phage
GTGGT,75,Serratia_phage_SM9-3Y_k5,phage
TGGTG,108,Serratia_phage_SM9-3Y_k5,phage
GGTGT,60,Serratia_phage_SM9-3Y_k5,phage
TGGAT,43,Serratia_phage_SM9-3Y_k5,phage
GGATA,32,Serratia_phage_SM9-3Y_k5,phage
ATAAT,14,Serratia_phage_SM9-3Y_k5,phage
TAATT,15,Serratia_phage_SM9-3Y_k5,phage
AATTG,26,Serratia_phage_SM9-3Y_k5,phage
ATTGG,55,Serratia_phage_SM9-3Y_k5,phage
TTGGG,58,Serratia_phage_SM9-3Y_k5,phage
TGGGA,52,Serratia_phage_SM9-3Y_k5,phage
GGGAC,30,Serratia_phage_SM9-3Y_k5,phage
GGACG,57,Serratia_phage_SM9-3Y_k5,phage
GACGG,36,Serratia_phage_SM9-3Y_k5,phage
ACGGA,25,Serratia_phage_SM9-3Y_k5,phage
CGGAT,23,Serratia_phage_SM9-3Y_k5,phage
GATAC,36,Serratia_phage_SM9-3Y_k5,phage
ATACT,28,Serratia_phage_SM9-3Y_k5,phage
TACTC,29,Serratia_phage_SM9-3Y_k5,phage
ACTCT,35,Serratia_phage_SM9-3Y_k5,phage
CTCTG,62,Serratia_phage_SM9-3Y_k5,phage
TCTGA,53,Serratia_phage_SM9-3Y_k5,phage
CTGAT,66,Serratia_phage_SM9-3Y_k5,phage
ATGCA,41,Serratia_phage_SM9-3Y_k5,phage
TGCAG,57,Serratia_phage_SM9-3Y_k5,phage
GCAGT,33,Serratia_phage_SM9-3Y_k5,phage
CAGTC,27,Serratia_phage_SM9-3Y_k5,phage
AGTCG,24,Serratia_phage_SM9-3Y_k5,phage
GTCGA,29,Serratia_phage_SM9-3Y_k5,phage
TCGAA,38,Serratia_phage_SM9-3Y_k5,phage
CGAAA,43,Serratia_phage_SM9-3Y_k5,phage
GAAAT,42,Serratia_phage_SM9-3Y_k5,phage
AAATG,30,Serratia_phage_SM9-3Y_k5,phage
AATGG,44,Serratia_phage_SM9-3Y_k5,phage
ATGGT,73,Serratia_phage_SM9-3Y_k5,phage
TGGTT,52,Serratia_phage_SM9-3Y_k5,phage
GGTTT,23,Serratia_phage_SM9-3Y_k5,phage
GTTTA,29,Serratia_phage_SM9-3Y_k5,phage
TTTAC,32,Serratia_phage_SM9-3Y_k5,phage
TTACG,37,Serratia_phage_SM9-3Y_k5,phage
TACGG,26,Serratia_phage_SM9-3Y_k5,phage
ACGGG,22,Serratia_phage_SM9-3Y_k5,phage
CGGGG,15,Serratia_phage_SM9-3Y_k5,phage
GGGGA,30,Serratia_phage_SM9-3Y_k5,phage
GGGAG,48,Serratia_phage_SM9-3Y_k5,phage
GGAGG,53,Serratia_phage_SM9-3Y_k5,phage
GAGGA,58,Serratia_phage_SM9-3Y_k5,phage
AGGAT,39,Serratia_phage_SM9-3Y_k5,phage
GGATG,69,Serratia_phage_SM9-3Y_k5,phage
TGACG,53,Serratia_phage_SM9-3Y_k5,phage
GACGA,47,Serratia_phage_SM9-3Y_k5,phage
ACGAA,34,Serratia_phage_SM9-3Y_k5,phage
CGAAT,21,Serratia_phage_SM9-3Y_k5,phage
AATGA,43,Serratia_phage_SM9-3Y_k5,phage
ATGAG,74,Serratia_phage_SM9-3Y_k5,phage
TGAGC,58,Serratia_phage_SM9-3Y_k5,phage
GAGCC,27,Serratia_phage_SM9-3Y_k5,phage
AGCCT,39,Serratia_phage_SM9-3Y_k5,phage
GCCTA,41,Serratia_phage_SM9-3Y_k5,phage
CCTAA,51,Serratia_phage_SM9-3Y_k5,phage
CTAAT,24,Serratia_phage_SM9-3Y_k5,phage
TAATC,22,Serratia_phage_SM9-3Y_k5,phage
AATCA,60,Serratia_phage_SM9-3Y_k5,phage
ATCAC,23,Serratia_phage_SM9-3Y_k5,phage
TCACA,40,Serratia_phage_SM9-3Y_k5,phage
CACAT,39,Serratia_phage_SM9-3Y_k5,phage
TTGAA,41,Serratia_phage_SM9-3Y_k5,phage
TGAAA,46,Serratia_phage_SM9-3Y_k5,phage
AGACT,55,Serratia_phage_SM9-3Y_k5,phage
GACTT,65,Serratia_phage_SM9-3Y_k5,phage
ACTTC,58,Serratia_phage_SM9-3Y_k5,phage
CTTCG,59,Serratia_phage_SM9-3Y_k5,phage
TTCGC,41,Serratia_phage_SM9-3Y_k5,phage
TCGCG,21,Serratia_phage_SM9-3Y_k5,phage
CGCGG,23,Serratia_phage_SM9-3Y_k5,phage
GCGGA,28,Serratia_phage_SM9-3Y_k5,phage
CGGAG,28,Serratia_phage_SM9-3Y_k5,phage
GAGAT,55,Serratia_phage_SM9-3Y_k5,phage
AGATG,63,Serratia_phage_SM9-3Y_k5,phage
GTGAA,68,Serratia_phage_SM9-3Y_k5,phage
TGAAG,64,Serratia_phage_SM9-3Y_k5,phage
GAAGG,72,Serratia_phage_SM9-3Y_k5,phage
AAGGT,104,Serratia_phage_SM9-3Y_k5,phage
AGGTA,57,Serratia_phage_SM9-3Y_k5,phage
GGTAA,84,Serratia_phage_SM9-3Y_k5,phage
GTAAG,74,Serratia_phage_SM9-3Y_k5,phage
AAGCC,63,Serratia_phage_SM9-3Y_k5,phage
GCCTG,35,Serratia_phage_SM9-3Y_k5,phage
CCTGT,28,Serratia_phage_SM9-3Y_k5,phage
CTGTG,57,Serratia_phage_SM9-3Y_k5,phage
AGAAG,117,Serratia_phage_SM9-3Y_k5,phage
AAGGG,54,Serratia_phage_SM9-3Y_k5,phage
AGGGA,39,Serratia_phage_SM9-3Y_k5,phage
GGAGT,31,Serratia_phage_SM9-3Y_k5,phage
GAGTG,51,Serratia_phage_SM9-3Y_k5,phage
AGTGC,13,Serratia_phage_SM9-3Y_k5,phage
GTGCT,57,Serratia_phage_SM9-3Y_k5,phage
TGCTG,95,Serratia_phage_SM9-3Y_k5,phage
CTGGT,100,Serratia_phage_SM9-3Y_k5,phage
TGGTC,67,Serratia_phage_SM9-3Y_k5,phage
GGTCA,64,Serratia_phage_SM9-3Y_k5,phage
GTCAT,26,Serratia_phage_SM9-3Y_k5,phage
TCATG,38,Serratia_phage_SM9-3Y_k5,phage
CATGG,43,Serratia_phage_SM9-3Y_k5,phage
ATGGA,56,Serratia_phage_SM9-3Y_k5,phage
GATGG,105,Serratia_phage_SM9-3Y_k5,phage
GGTGA,88,Serratia_phage_SM9-3Y_k5,phage
GTGAC,68,Serratia_phage_SM9-3Y_k5,phage
TGACT,55,Serratia_phage_SM9-3Y_k5,phage
GACTG,40,Serratia_phage_SM9-3Y_k5,phage
ACTGG,81,Serratia_phage_SM9-3Y_k5,phage
GGTTG,45,Serratia_phage_SM9-3Y_k5,phage
GTTGG,42,Serratia_phage_SM9-3Y_k5,phage
TTGGT,48,Serratia_phage_SM9-3Y_k5,phage
TGGTA,69,Serratia_phage_SM9-3Y_k5,phage
GGTAT,63,Serratia_phage_SM9-3Y_k5,phage
GTATA,19,Serratia_phage_SM9-3Y_k5,phage
TATAT,16,Serratia_phage_SM9-3Y_k5,phage
ATATC,21,Serratia_phage_SM9-3Y_k5,phage
TATCA,56,Serratia_phage_SM9-3Y_k5,phage
ATCAG,35,Serratia_phage_SM9-3Y_k5,phage
TCAGT,33,Serratia_phage_SM9-3Y_k5,phage
AGTCA,32,Serratia_phage_SM9-3Y_k5,phage
GTCAA,58,Serratia_phage_SM9-3Y_k5,phage
TCAAT,40,Serratia_phage_SM9-3Y_k5,phage
CAATG,38,Serratia_phage_SM9-3Y_k5,phage
ATGGC,66,Serratia_phage_SM9-3Y_k5,phage
TGGCT,91,Serratia_phage_SM9-3Y_k5,phage
GGCTG,91,Serratia_phage_SM9-3Y_k5,phage
GCTGC,75,Serratia_phage_SM9-3Y_k5,phage
CTGCT,55,Serratia_phage_SM9-3Y_k5,phage
CTGCC,43,Serratia_phage_SM9-3Y_k5,phage
TGCCG,52,Serratia_phage_SM9-3Y_k5,phage
GCCGA,52,Serratia_phage_SM9-3Y_k5,phage
CCGAA,56,Serratia_phage_SM9-3Y_k5,phage
CGAAG,76,Serratia_phage_SM9-3Y_k5,phage
GAAGT,54,Serratia_phage_SM9-3Y_k5,phage
AAGTT,40,Serratia_phage_SM9-3Y_k5,phage
AGTTG,28,Serratia_phage_SM9-3Y_k5,phage
GTTGA,50,Serratia_phage_SM9-3Y_k5,phage
TTGAG,70,Serratia_phage_SM9-3Y_k5,phage
TGAGA,78,Serratia_phage_SM9-3Y_k5,phage
GAGAC,63,Serratia_phage_SM9-3Y_k5,phage
AGACG,29,Serratia_phage_SM9-3Y_k5,phage
GGATT,36,Serratia_phage_SM9-3Y_k5,phage
GATTG,60,Serratia_phage_SM9-3Y_k5,phage
TGGGG,28,Serratia_phage_SM9-3Y_k5,phage
ACGAC,37,Serratia_phage_SM9-3Y_k5,phage
CGACA,45,Serratia_phage_SM9-3Y_k5,phage
GACAT,39,Serratia_phage_SM9-3Y_k5,phage
CATTT,13,Serratia_phage_SM9-3Y_k5,phage
ATTTG,22,Serratia_phage_SM9-3Y_k5,phage
TTTGG,33,Serratia_phage_SM9-3Y_k5,phage
TTGGA,36,Serratia_phage_SM9-3Y_k5,phage
TGGAC,56,Serratia_phage_SM9-3Y_k5,phage
GGACT,45,Serratia_phage_SM9-3Y_k5,phage
GACTC,44,Serratia_phage_SM9-3Y_k5,phage
CTCTT,31,Serratia_phage_SM9-3Y_k5,phage
TCTTG,25,Serratia_phage_SM9-3Y_k5,phage
CTTGA,42,Serratia_phage_SM9-3Y_k5,phage
TGAGT,75,Serratia_phage_SM9-3Y_k5,phage
AGTGT,29,Serratia_phage_SM9-3Y_k5,phage
TGTGA,41,Serratia_phage_SM9-3Y_k5,phage
GACCA,59,Serratia_phage_SM9-3Y_k5,phage
ACCAC,42,Serratia_phage_SM9-3Y_k5,phage
CCACG,22,Serratia_phage_SM9-3Y_k5,phage
CACGC,29,Serratia_phage_SM9-3Y_k5,phage
ACGCC,40,Serratia_phage_SM9-3Y_k5,phage
CGCCA,31,Serratia_phage_SM9-3Y_k5,phage
GCCAA,57,Serratia_phage_SM9-3Y_k5,phage
CCAAG,69,Serratia_phage_SM9-3Y_k5,phage
CAAGG,104,Serratia_phage_SM9-3Y_k5,phage
AGGCA,46,Serratia_phage_SM9-3Y_k5,phage
GGCAC,40,Serratia_phage_SM9-3Y_k5,phage
GCACG,32,Serratia_phage_SM9-3Y_k5,phage
CACGG,23,Serratia_phage_SM9-3Y_k5,phage
GGAGC,37,Serratia_phage_SM9-3Y_k5,phage
GAGCA,57,Serratia_phage_SM9-3Y_k5,phage
AGCAT,22,Serratia_phage_SM9-3Y_k5,phage
GCATT,38,Serratia_phage_SM9-3Y_k5,phage
CATTC,57,Serratia_phage_SM9-3Y_k5,phage
ATTCT,29,Serratia_phage_SM9-3Y_k5,phage
TTCTC,34,Serratia_phage_SM9-3Y_k5,phage
TCTCG,28,Serratia_phage_SM9-3Y_k5,phage
CTCGA,29,Serratia_phage_SM9-3Y_k5,phage
TCGAT,34,Serratia_phage_SM9-3Y_k5,phage
CGATT,43,Serratia_phage_SM9-3Y_k5,phage
GATTC,63,Serratia_phage_SM9-3Y_k5,phage
TTCTG,39,Serratia_phage_SM9-3Y_k5,phage
TCTGC,35,Serratia_phage_SM9-3Y_k5,phage
CTGCA,32,Serratia_phage_SM9-3Y_k5,phage
TGCAA,44,Serratia_phage_SM9-3Y_k5,phage
GCAAT,42,Serratia_phage_SM9-3Y_k5,phage
CAATC,55,Serratia_phage_SM9-3Y_k5,phage
AATCG,30,Serratia_phage_SM9-3Y_k5,phage
ATCGA,29,Serratia_phage_SM9-3Y_k5,phage
GAATC,33,Serratia_phage_SM9-3Y_k5,phage
ATCGT,35,Serratia_phage_SM9-3Y_k5,phage
TCGTA,32,Serratia_phage_SM9-3Y_k5,phage
GTACC,35,Serratia_phage_SM9-3Y_k5,phage
TACCG,47,Serratia_phage_SM9-3Y_k5,phage
ACCGA,63,Serratia_phage_SM9-3Y_k5,phage
CGAAC,43,Serratia_phage_SM9-3Y_k5,phage
GAACC,54,Serratia_phage_SM9-3Y_k5,phage
AACCC,50,Serratia_phage_SM9-3Y_k5,phage
CCGTA,40,Serratia_phage_SM9-3Y_k5,phage
CGTAA,45,Serratia_phage_SM9-3Y_k5,phage
TAAGA,62,Serratia_phage_SM9-3Y_k5,phage
AAGAA,99,Serratia_phage_SM9-3Y_k5,phage
AGGCT,64,Serratia_phage_SM9-3Y_k5,phage
GGCTT,54,Serratia_phage_SM9-3Y_k5,phage
GCTTG,33,Serratia_phage_SM9-3Y_k5,phage
CTTGG,52,Serratia_phage_SM9-3Y_k5,phage
AGTGA,44,Serratia_phage_SM9-3Y_k5,phage
GACGC,48,Serratia_phage_SM9-3Y_k5,phage
ACGCT,65,Serratia_phage_SM9-3Y_k5,phage
CGCTA,54,Serratia_phage_SM9-3Y_k5,phage
GCTAT,48,Serratia_phage_SM9-3Y_k5,phage
CTATG,57,Serratia_phage_SM9-3Y_k5,phage
TATGG,52,Serratia_phage_SM9-3Y_k5,phage
GTTGT,25,Serratia_phage_SM9-3Y_k5,phage
TTGTT,23,Serratia_phage_SM9-3Y_k5,phage
TGTTC,40,Serratia_phage_SM9-3Y_k5,phage
GTTCT,40,Serratia_phage_SM9-3Y_k5,phage
TCTGG,74,Serratia_phage_SM9-3Y_k5,phage
CTGGC,85,Serratia_phage_SM9-3Y_k5,phage
TGGCG,76,Serratia_phage_SM9-3Y_k5,phage
GCGTT,34,Serratia_phage_SM9-3Y_k5,phage
CGTTT,23,Serratia_phage_SM9-3Y_k5,phage
TTACC,33,Serratia_phage_SM9-3Y_k5,phage
CCGAC,36,Serratia_phage_SM9-3Y_k5,phage
CGACG,27,Serratia_phage_SM9-3Y_k5,phage
ATGTG,25,Serratia_phage_SM9-3Y_k5,phage
TGAAC,68,Serratia_phage_SM9-3Y_k5,phage
GAACT,78,Serratia_phage_SM9-3Y_k5,phage
AACTG,57,Serratia_phage_SM9-3Y_k5,phage
GGTAC,29,Serratia_phage_SM9-3Y_k5,phage
GTACT,26,Serratia_phage_SM9-3Y_k5,phage
TACTG,38,Serratia_phage_SM9-3Y_k5,phage
CCTAT,32,Serratia_phage_SM9-3Y_k5,phage
CTATA,16,Serratia_phage_SM9-3Y_k5,phage
TATAA,13,Serratia_phage_SM9-3Y_k5,phage
AAGGA,87,Serratia_phage_SM9-3Y_k5,phage
AGGAG,65,Serratia_phage_SM9-3Y_k5,phage
AGAAC,71,Serratia_phage_SM9-3Y_k5,phage
AACCG,57,Serratia_phage_SM9-3Y_k5,phage
ACCGT,48,Serratia_phage_SM9-3Y_k5,phage
GGCGA,55,Serratia_phage_SM9-3Y_k5,phage
GCGAC,26,Serratia_phage_SM9-3Y_k5,phage
CGACC,28,Serratia_phage_SM9-3Y_k5,phage
GTAAA,31,Serratia_phage_SM9-3Y_k5,phage
TAAAC,21,Serratia_phage_SM9-3Y_k5,phage
AAACC,37,Serratia_phage_SM9-3Y_k5,phage
AACCT,48,Serratia_phage_SM9-3Y_k5,phage
ACCTG,45,Serratia_phage_SM9-3Y_k5,phage
GTGGG,50,Serratia_phage_SM9-3Y_k5,phage
TGGGC,39,Serratia_phage_SM9-3Y_k5,phage
GGGCT,25,Serratia_phage_SM9-3Y_k5,phage
GGCTA,32,Serratia_phage_SM9-3Y_k5,phage
GCTAC,43,Serratia_phage_SM9-3Y_k5,phage
CTACC,44,Serratia_phage_SM9-3Y_k5,phage
CTTCC,47,Serratia_phage_SM9-3Y_k5,phage
CTGTC,25,Serratia_phage_SM9-3Y_k5,phage
TGTCG,10,Serratia_phage_SM9-3Y_k5,phage
GAAGC,92,Serratia_phage_SM9-3Y_k5,phage
GCTGT,51,Serratia_phage_SM9-3Y_k5,phage
GAGCG,54,Serratia_phage_SM9-3Y_k5,phage
CGCGA,32,Serratia_phage_SM9-3Y_k5,phage
GCGAT,55,Serratia_phage_SM9-3Y_k5,phage
GTTCA,66,Serratia_phage_SM9-3Y_k5,phage
TTCAT,38,Serratia_phage_SM9-3Y_k5,phage
TCATT,48,Serratia_phage_SM9-3Y_k5,phage
ATTCA,60,Serratia_phage_SM9-3Y_k5,phage
TTCAC,50,Serratia_phage_SM9-3Y_k5,phage
ACATC,43,Serratia_phage_SM9-3Y_k5,phage
CATCA,45,Serratia_phage_SM9-3Y_k5,phage
ATCAA,58,Serratia_phage_SM9-3Y_k5,phage
TCAAA,49,Serratia_phage_SM9-3Y_k5,phage
CAAAG,70,Serratia_phage_SM9-3Y_k5,phage
AAGAG,80,Serratia_phage_SM9-3Y_k5,phage
AGAGG,39,Serratia_phage_SM9-3Y_k5,phage
AGGAC,40,Serratia_phage_SM9-3Y_k5,phage
GGACA,49,Serratia_phage_SM9-3Y_k5,phage
ACATG,46,Serratia_phage_SM9-3Y_k5,phage
CATGC,32,Serratia_phage_SM9-3Y_k5,phage
ATGCT,56,Serratia_phage_SM9-3Y_k5,phage
GGAAG,71,Serratia_phage_SM9-3Y_k5,phage
AGGTG,63,Serratia_phage_SM9-3Y_k5,phage
GACGT,35,Serratia_phage_SM9-3Y_k5,phage
ACGTT,49,Serratia_phage_SM9-3Y_k5,phage
CGTTA,31,Serratia_phage_SM9-3Y_k5,phage
GTTAT,22,Serratia_phage_SM9-3Y_k5,phage
TTATG,50,Serratia_phage_SM9-3Y_k5,phage
ATGGG,49,Serratia_phage_SM9-3Y_k5,phage
GGGCA,28,Serratia_phage_SM9-3Y_k5,phage
GGCAT,28,Serratia_phage_SM9-3Y_k5,phage
GCATC,37,Serratia_phage_SM9-3Y_k5,phage
ATCAT,48,Serratia_phage_SM9-3Y_k5,phage
TGGGT,59,Serratia_phage_SM9-3Y_k5,phage
GGGTC,36,Serratia_phage_SM9-3Y_k5,phage
GGTCT,77,Serratia_phage_SM9-3Y_k5,phage
GTCTG,59,Serratia_phage_SM9-3Y_k5,phage
GTCAC,42,Serratia_phage_SM9-3Y_k5,phage
TCACG,30,Serratia_phage_SM9-3Y_k5,phage
CACGA,30,Serratia_phage_SM9-3Y_k5,phage
ACGAG,55,Serratia_phage_SM9-3Y_k5,phage
CGAGG,41,Serratia_phage_SM9-3Y_k5,phage
GAGGT,57,Serratia_phage_SM9-3Y_k5,phage
AGGTC,52,Serratia_phage_SM9-3Y_k5,phage
GTCTT,33,Serratia_phage_SM9-3Y_k5,phage
TCTTC,47,Serratia_phage_SM9-3Y_k5,phage
TTCGG,47,Serratia_phage_SM9-3Y_k5,phage
TCGGC,14,Serratia_phage_SM9-3Y_k5,phage
CGGCT,43,Serratia_phage_SM9-3Y_k5,phage
GCTTC,60,Serratia_phage_SM9-3Y_k5,phage
CTTCA,43,Serratia_phage_SM9-3Y_k5,phage
TTCAA,68,Serratia_phage_SM9-3Y_k5,phage
TCAAG,101,Serratia_phage_SM9-3Y_k5,phage
CAAGA,78,Serratia_phage_SM9-3Y_k5,phage
TGTGT,22,Serratia_phage_SM9-3Y_k5,phage
GTGTT,41,Serratia_phage_SM9-3Y_k5,phage
TGTTG,42,Serratia_phage_SM9-3Y_k5,phage
GTCTC,40,Serratia_phage_SM9-3Y_k5,phage
TCTCC,38,Serratia_phage_SM9-3Y_k5,phage
CTCCT,22,Serratia_phage_SM9-3Y_k5,phage
TGACA,47,Serratia_phage_SM9-3Y_k5,phage
GACAA,65,Serratia_phage_SM9-3Y_k5,phage
ACAAG,79,Serratia_phage_SM9-3Y_k5,phage
GACTA,36,Serratia_phage_SM9-3Y_k5,phage
ACTAT,44,Serratia_phage_SM9-3Y_k5,phage
CTATC,55,Serratia_phage_SM9-3Y_k5,phage
TATCC,34,Serratia_phage_SM9-3Y_k5,phage
ATCCC,17,Serratia_phage_SM9-3Y_k5,phage
TCCCG,36,Serratia_phage_SM9-3Y_k5,phage
CCCGG,39,Serratia_phage_SM9-3Y_k5,phage
CCGGA,34,Serratia_phage_SM9-3Y_k5,phage
CGGAC,25,Serratia_phage_SM9-3Y_k5,phage
CGTTG,37,Serratia_phage_SM9-3Y_k5,phage
TTGAC,48,Serratia_phage_SM9-3Y_k5,phage
GTGTA,31,Serratia_phage_SM9-3Y_k5,phage
TGTAC,40,Serratia_phage_SM9-3Y_k5,phage
TACCA,33,Serratia_phage_SM9-3Y_k5,phage
CCACT,29,Serratia_phage_SM9-3Y_k5,phage
CACTG,64,Serratia_phage_SM9-3Y_k5,phage
TAACA,39,Serratia_phage_SM9-3Y_k5,phage
AACAT,55,Serratia_phage_SM9-3Y_k5,phage
CATCT,33,Serratia_phage_SM9-3Y_k5,phage
ATCTT,20,Serratia_phage_SM9-3Y_k5,phage
ACGCA,38,Serratia_phage_SM9-3Y_k5,phage
CGCAG,48,Serratia_phage_SM9-3Y_k5,phage
GCAGA,49,Serratia_phage_SM9-3Y_k5,phage
CAGAC,41,Serratia_phage_SM9-3Y_k5,phage
ACCAA,67,Serratia_phage_SM9-3Y_k5,phage
CCAAA,46,Serratia_phage_SM9-3Y_k5,phage
AGAGA,37,Serratia_phage_SM9-3Y_k5,phage
GACCG,55,Serratia_phage_SM9-3Y_k5,phage
ACCGC,61,Serratia_phage_SM9-3Y_k5,phage
CCGCT,67,Serratia_phage_SM9-3Y_k5,phage
CGCTG,101,Serratia_phage_SM9-3Y_k5,phage
GCTGA,93,Serratia_phage_SM9-3Y_k5,phage
TGATT,66,Serratia_phage_SM9-3Y_k5,phage
GGTGG,68,Serratia_phage_SM9-3Y_k5,phage
GTGGC,68,Serratia_phage_SM9-3Y_k5,phage
TGGCA,56,Serratia_phage_SM9-3Y_k5,phage
ATCTA,23,Serratia_phage_SM9-3Y_k5,phage
TCTAT,28,Serratia_phage_SM9-3Y_k5,phage
CTATT,24,Serratia_phage_SM9-3Y_k5,phage
TATTC,34,Serratia_phage_SM9-3Y_k5,phage
ATTCC,40,Serratia_phage_SM9-3Y_k5,phage
TTCCA,28,Serratia_phage_SM9-3Y_k5,phage
TCCAG,29,Serratia_phage_SM9-3Y_k5,phage
CCAGA,48,Serratia_phage_SM9-3Y_k5,phage
AGGGT,62,Serratia_phage_SM9-3Y_k5,phage
GGGTG,59,Serratia_phage_SM9-3Y_k5,phage
GATAT,30,Serratia_phage_SM9-3Y_k5,phage
ATATG,32,Serratia_phage_SM9-3Y_k5,phage
TATGA,59,Serratia_phage_SM9-3Y_k5,phage
CCGAT,35,Serratia_phage_SM9-3Y_k5,phage
ACTCC,39,Serratia_phage_SM9-3Y_k5,phage
CTCCG,48,Serratia_phage_SM9-3Y_k5,phage
TCCGG,37,Serratia_phage_SM9-3Y_k5,phage
CCGGG,39,Serratia_phage_SM9-3Y_k5,phage
CGGGA,27,Serratia_phage_SM9-3Y_k5,phage
GGGAT,32,Serratia_phage_SM9-3Y_k5,phage
TTCCC,31,Serratia_phage_SM9-3Y_k5,phage
CCGGC,19,Serratia_phage_SM9-3Y_k5,phage
CTGGG,21,Serratia_phage_SM9-3Y_k5,phage
GGGGC,14,Serratia_phage_SM9-3Y_k5,phage
GGGCG,29,Serratia_phage_SM9-3Y_k5,phage
CGATA,41,Serratia_phage_SM9-3Y_k5,phage
ATACG,18,Serratia_phage_SM9-3Y_k5,phage
ACGGC,23,Serratia_phage_SM9-3Y_k5,phage
CGGCA,20,Serratia_phage_SM9-3Y_k5,phage
GGCAG,37,Serratia_phage_SM9-3Y_k5,phage
CAGAA,69,Serratia_phage_SM9-3Y_k5,phage
AGGTT,53,Serratia_phage_SM9-3Y_k5,phage
GTTTC,27,Serratia_phage_SM9-3Y_k5,phage
TTTCC,16,Serratia_phage_SM9-3Y_k5,phage
CCGTT,37,Serratia_phage_SM9-3Y_k5,phage
CGTTC,64,Serratia_phage_SM9-3Y_k5,phage
ATTGT,24,Serratia_phage_SM9-3Y_k5,phage
TTGTG,32,Serratia_phage_SM9-3Y_k5,phage
CTGTA,33,Serratia_phage_SM9-3Y_k5,phage
TGTAG,23,Serratia_phage_SM9-3Y_k5,phage
GTAGA,36,Serratia_phage_SM9-3Y_k5,phage
GAGTC,44,Serratia_phage_SM9-3Y_k5,phage
AGTCC,39,Serratia_phage_SM9-3Y_k5,phage
GTCCG,22,Serratia_phage_SM9-3Y_k5,phage
TCCGT,52,Serratia_phage_SM9-3Y_k5,phage
AAGTC,44,Serratia_phage_SM9-3Y_k5,phage
CCGGT,32,Serratia_phage_SM9-3Y_k5,phage
CGGTA,47,Serratia_phage_SM9-3Y_k5,phage
GAACA,84,Serratia_phage_SM9-3Y_k5,phage
AACAA,77,Serratia_phage_SM9-3Y_k5,phage
AGGGG,10,Serratia_phage_SM9-3Y_k5,phage
AGACA,43,Serratia_phage_SM9-3Y_k5,phage
GACAG,39,Serratia_phage_SM9-3Y_k5,phage
ACAGT,30,Serratia_phage_SM9-3Y_k5,phage
CAGTA,20,Serratia_phage_SM9-3Y_k5,phage
AGTAA,30,Serratia_phage_SM9-3Y_k5,phage
TAACC,52,Serratia_phage_SM9-3Y_k5,phage
AACCA,56,Serratia_phage_SM9-3Y_k5,phage
CAAGT,35,Serratia_phage_SM9-3Y_k5,phage
AAGTG,44,Serratia_phage_SM9-3Y_k5,phage
AGTGG,61,Serratia_phage_SM9-3Y_k5,phage
AAGCG,64,Serratia_phage_SM9-3Y_k5,phage
AGCGT,53,Serratia_phage_SM9-3Y_k5,phage
CGTGC,53,Serratia_phage_SM9-3Y_k5,phage
TGCTC,44,Serratia_phage_SM9-3Y_k5,phage
GCTCC,37,Serratia_phage_SM9-3Y_k5,phage
TCCTT,28,Serratia_phage_SM9-3Y_k5,phage
CCTTG,46,Serratia_phage_SM9-3Y_k5,phage
CTTGT,14,Serratia_phage_SM9-3Y_k5,phage
TGTGC,31,Serratia_phage_SM9-3Y_k5,phage
GTGCG,37,Serratia_phage_SM9-3Y_k5,phage
TGCGA,30,Serratia_phage_SM9-3Y_k5,phage
CGACT,30,Serratia_phage_SM9-3Y_k5,phage
ACTGA,55,Serratia_phage_SM9-3Y_k5,phage
CTGAG,99,Serratia_phage_SM9-3Y_k5,phage
ACTGC,28,Serratia_phage_SM9-3Y_k5,phage
TGCAT,25,Serratia_phage_SM9-3Y_k5,phage
CATTA,37,Serratia_phage_SM9-3Y_k5,phage
ATTAA,56,Serratia_phage_SM9-3Y_k5,phage
TTAAA,33,Serratia_phage_SM9-3Y_k5,phage
TAAAT,19,Serratia_phage_SM9-3Y_k5,phage
AAATC,37,Serratia_phage_SM9-3Y_k5,phage
AATCC,28,Serratia_phage_SM9-3Y_k5,phage
ATCCA,21,Serratia_phage_SM9-3Y_k5,phage
TCCAT,30,Serratia_phage_SM9-3Y_k5,phage
CCATT,30,Serratia_phage_SM9-3Y_k5,phage
GGTGC,68,Serratia_phage_SM9-3Y_k5,phage
GTGCC,36,Serratia_phage_SM9-3Y_k5,phage
TGCCA,22,Serratia_phage_SM9-3Y_k5,phage
AAAGC,60,Serratia_phage_SM9-3Y_k5,phage
CCGAG,39,Serratia_phage_SM9-3Y_k5,phage
CGAGC,25,Serratia_phage_SM9-3Y_k5,phage
AGCAG,51,Serratia_phage_SM9-3Y_k5,phage
GCAGG,55,Serratia_phage_SM9-3Y_k5,phage
CAGGA,54,Serratia_phage_SM9-3Y_k5,phage
AGGAA,68,Serratia_phage_SM9-3Y_k5,phage
GGAAA,27,Serratia_phage_SM9-3Y_k5,phage
TCATC,37,Serratia_phage_SM9-3Y_k5,phage
CAAGC,82,Serratia_phage_SM9-3Y_k5,phage
AAGCA,68,Serratia_phage_SM9-3Y_k5,phage
AGCAA,48,Serratia_phage_SM9-3Y_k5,phage
GCAAG,50,Serratia_phage_SM9-3Y_k5,phage
AGGCC,43,Serratia_phage_SM9-3Y_k5,phage
GGCCA,23,Serratia_phage_SM9-3Y_k5,phage
GCCAG,16,Serratia_phage_SM9-3Y_k5,phage
CAGAT,33,Serratia_phage_SM9-3Y_k5,phage
GGCTC,46,Serratia_phage_SM9-3Y_k5,phage
GCTCG,30,Serratia_phage_SM9-3Y_k5,phage
CTCGC,31,Serratia_phage_SM9-3Y_k5,phage
TCGCA,39,Serratia_phage_SM9-3Y_k5,phage
CGCAT,33,Serratia_phage_SM9-3Y_k5,phage
TTCTT,34,Serratia_phage_SM9-3Y_k5,phage
TCGCT,57,Serratia_phage_SM9-3Y_k5,phage
TTCGA,51,Serratia_phage_SM9-3Y_k5,phage
TCGAG,35,Serratia_phage_SM9-3Y_k5,phage
GGAAT,32,Serratia_phage_SM9-3Y_k5,phage
GAATA,29,Serratia_phage_SM9-3Y_k5,phage
AATAC,24,Serratia_phage_SM9-3Y_k5,phage
ATACA,18,Serratia_phage_SM9-3Y_k5,phage
TACAA,38,Serratia_phage_SM9-3Y_k5,phage
ACAAT,34,Serratia_phage_SM9-3Y_k5,phage
CAATT,24,Serratia_phage_SM9-3Y_k5,phage
AATTA,25,Serratia_phage_SM9-3Y_k5,phage
ATTAC,24,Serratia_phage_SM9-3Y_k5,phage
TTACA,31,Serratia_phage_SM9-3Y_k5,phage
AGATT,60,Serratia_phage_SM9-3Y_k5,phage
GATTT,29,Serratia_phage_SM9-3Y_k5,phage
ATTTA,24,Serratia_phage_SM9-3Y_k5,phage
TACCT,38,Serratia_phage_SM9-3Y_k5,phage
CGCCG,30,Serratia_phage_SM9-3Y_k5,phage
GCCGC,43,Serratia_phage_SM9-3Y_k5,phage
CCGCA,42,Serratia_phage_SM9-3Y_k5,phage
CGCAA,47,Serratia_phage_SM9-3Y_k5,phage
GCAAA,30,Serratia_phage_SM9-3Y_k5,phage
AAAGT,33,Serratia_phage_SM9-3Y_k5,phage
AAGTA,38,Serratia_phage_SM9-3Y_k5,phage
AGTAC,39,Serratia_phage_SM9-3Y_k5,phage
ACATA,13,Serratia_phage_SM9-3Y_k5,phage
CATAA,17,Serratia_phage_SM9-3Y_k5,phage
ATAAC,30,Serratia_phage_SM9-3Y_k5,phage
ACCAT,32,Serratia_phage_SM9-3Y_k5,phage
CCATC,23,Serratia_phage_SM9-3Y_k5,phage
CATCG,33,Serratia_phage_SM9-3Y_k5,phage
ATCGC,32,Serratia_phage_SM9-3Y_k5,phage
GGTAG,36,Serratia_phage_SM9-3Y_k5,phage
GTAGG,20,Serratia_phage_SM9-3Y_k5,phage
TAGGT,23,Serratia_phage_SM9-3Y_k5,phage
GTATG,49,Serratia_phage_SM9-3Y_k5,phage
TATGC,50,Serratia_phage_SM9-3Y_k5,phage
GCGAG,38,Serratia_phage_SM9-3Y_k5,phage
CGAGA,54,Serratia_phage_SM9-3Y_k5,phage
GAGAG,27,Serratia_phage_SM9-3Y_k5,phage
TCTCT,36,Serratia_phage_SM9-3Y_k5,phage
GTTCG,77,Serratia_phage_SM9-3Y_k5,phage
CGCTC,50,Serratia_phage_SM9-3Y_k5,phage
GCTCT,53,Serratia_phage_SM9-3Y_k5,phage
CTCTC,32,Serratia_phage_SM9-3Y_k5,phage
TCTCA,32,Serratia_phage_SM9-3Y_k5,phage
CTCAT,27,Serratia_phage_SM9-3Y_k5,phage
TCATA,16,Serratia_phage_SM9-3Y_k5,phage
CATAG,15,Serratia_phage_SM9-3Y_k5,phage
ATAGT,8,Serratia_phage_SM9-3Y_k5,phage
TAGTC,12,Serratia_phage_SM9-3Y_k5,phage
TCCGA,37,Serratia_phage_SM9-3Y_k5,phage
ACGTG,33,Serratia_phage_SM9-3Y_k5,phage
AGCGA,57,Serratia_phage_SM9-3Y_k5,phage
GATTA,53,Serratia_phage_SM9-3Y_k5,phage
TAAGT,44,Serratia_phage_SM9-3Y_k5,phage
ATAAA,16,Serratia_phage_SM9-3Y_k5,phage
AAACT,28,Serratia_phage_SM9-3Y_k5,phage
AACTC,46,Serratia_phage_SM9-3Y_k5,phage
ACTCA,53,Serratia_phage_SM9-3Y_k5,phage
CTCAA,80,Serratia_phage_SM9-3Y_k5,phage
TTAAC,64,Serratia_phage_SM9-3Y_k5,phage
ACCCT,61,Serratia_phage_SM9-3Y_k5,phage
CCCTC,27,Serratia_phage_SM9-3Y_k5,phage
CCTCA,45,Serratia_phage_SM9-3Y_k5,phage
CTCAC,43,Serratia_phage_SM9-3Y_k5,phage
TCACT,51,Serratia_phage_SM9-3Y_k5,phage
CACTA,46,Serratia_phage_SM9-3Y_k5,phage
ACTAA,43,Serratia_phage_SM9-3Y_k5,phage
CTAAA,49,Serratia_phage_SM9-3Y_k5,phage
TAAAG,83,Serratia_phage_SM9-3Y_k5,phage
AAAGG,69,Serratia_phage_SM9-3Y_k5,phage
GGGAA,38,Serratia_phage_SM9-3Y_k5,phage
GAAGA,110,Serratia_phage_SM9-3Y_k5,phage
GAGGG,47,Serratia_phage_SM9-3Y_k5,phage
GCCTT,35,Serratia_phage_SM9-3Y_k5,phage
CCTTT,37,Serratia_phage_SM9-3Y_k5,phage
CTTTA,60,Serratia_phage_SM9-3Y_k5,phage
TTTAT,34,Serratia_phage_SM9-3Y_k5,phage
ATGAT,59,Serratia_phage_SM9-3Y_k5,phage
ATTAT,42,Serratia_phage_SM9-3Y_k5,phage
TTATT,17,Serratia_phage_SM9-3Y_k5,phage
TATTA,14,Serratia_phage_SM9-3Y_k5,phage
TTACT,27,Serratia_phage_SM9-3Y_k5,phage
TACTT,25,Serratia_phage_SM9-3Y_k5,phage
ACTTT,42,Serratia_phage_SM9-3Y_k5,phage
TTTAA,41,Serratia_phage_SM9-3Y_k5,phage
ACTTA,33,Serratia_phage_SM9-3Y_k5,phage
ACCTT,53,Serratia_phage_SM9-3Y_k5,phage
CCTTA,32,Serratia_phage_SM9-3Y_k5,phage
GAATT,18,Serratia_phage_SM9-3Y_k5,phage
AATTT,13,Serratia_phage_SM9-3Y_k5,phage
TATGT,27,Serratia_phage_SM9-3Y_k5,phage
GTTAC,37,Serratia_phage_SM9-3Y_k5,phage
ACAAC,72,Serratia_phage_SM9-3Y_k5,phage
CAACC,68,Serratia_phage_SM9-3Y_k5,phage
CCAAT,22,Serratia_phage_SM9-3Y_k5,phage
TTAAT,19,Serratia_phage_SM9-3Y_k5,phage
CATGT,14,Serratia_phage_SM9-3Y_k5,phage
TGTTT,21,Serratia_phage_SM9-3Y_k5,phage
GTTTT,10,Serratia_phage_SM9-3Y_k5,phage
TTTTA,6,Serratia_phage_SM9-3Y_k5,phage
TAACT,32,Serratia_phage_SM9-3Y_k5,phage
CATCC,29,Serratia_phage_SM9-3Y_k5,phage
CCCGA,14,Serratia_phage_SM9-3Y_k5,phage
ATATT,19,Serratia_phage_SM9-3Y_k5,phage
TTCCG,53,Serratia_phage_SM9-3Y_k5,phage
CGAGT,47,Serratia_phage_SM9-3Y_k5,phage
GAGTA,41,Serratia_phage_SM9-3Y_k5,phage
AGTAT,26,Serratia_phage_SM9-3Y_k5,phage
ATGCC,35,Serratia_phage_SM9-3Y_k5,phage
CCGCG,23,Serratia_phage_SM9-3Y_k5,phage
GTGCA,35,Serratia_phage_SM9-3Y_k5,phage
GCAGC,56,Serratia_phage_SM9-3Y_k5,phage
CAGCT,22,Serratia_phage_SM9-3Y_k5,phage
AGCTA,38,Serratia_phage_SM9-3Y_k5,phage
GCTAA,51,Serratia_phage_SM9-3Y_k5,phage
GTATC,56,Serratia_phage_SM9-3Y_k5,phage
TATCT,34,Serratia_phage_SM9-3Y_k5,phage
TCTAC,39,Serratia_phage_SM9-3Y_k5,phage
CTACA,53,Serratia_phage_SM9-3Y_k5,phage
TACAG,39,Serratia_phage_SM9-3Y_k5,phage
ACAGG,72,Serratia_phage_SM9-3Y_k5,phage
CAGGT,41,Serratia_phage_SM9-3Y_k5,phage
TCAGG,44,Serratia_phage_SM9-3Y_k5,phage
CAGGC,52,Serratia_phage_SM9-3Y_k5,phage
GGCCT,39,Serratia_phage_SM9-3Y_k5,phage
TCCGC,27,Serratia_phage_SM9-3Y_k5,phage
CGCGC,22,Serratia_phage_SM9-3Y_k5,phage
CTGCG,46,Serratia_phage_SM9-3Y_k5,phage
TGCGG,38,Serratia_phage_SM9-3Y_k5,phage
GCGGG,13,Serratia_phage_SM9-3Y_k5,phage
CGGGT,32,Serratia_phage_SM9-3Y_k5,phage
GGGTT,28,Serratia_phage_SM9-3Y_k5,phage
GGTTA,30,Serratia_phage_SM9-3Y_k5,phage
AGTCT,32,Serratia_phage_SM9-3Y_k5,phage
TCTTT,24,Serratia_phage_SM9-3Y_k5,phage
CTTTC,22,Serratia_phage_SM9-3Y_k5,phage
TTTCA,23,Serratia_phage_SM9-3Y_k5,phage
ATTGC,29,Serratia_phage_SM9-3Y_k5,phage
TTGCT,27,Serratia_phage_SM9-3Y_k5,phage
GCATG,20,Serratia_phage_SM9-3Y_k5,phage
TCTGT,24,Serratia_phage_SM9-3Y_k5,phage
CTTGC,22,Serratia_phage_SM9-3Y_k5,phage
TTGCC,18,Serratia_phage_SM9-3Y_k5,phage
TGCCT,40,Serratia_phage_SM9-3Y_k5,phage
GCCTC,35,Serratia_phage_SM9-3Y_k5,phage
CCTCT,33,Serratia_phage_SM9-3Y_k5,phage
AACAC,42,Serratia_phage_SM9-3Y_k5,phage
ACACT,43,Serratia_phage_SM9-3Y_k5,phage
CACTT,30,Serratia_phage_SM9-3Y_k5,phage
ACTTG,26,Serratia_phage_SM9-3Y_k5,phage
TGAGG,85,Serratia_phage_SM9-3Y_k5,phage
AGAGC,31,Serratia_phage_SM9-3Y_k5,phage
GCAAC,62,Serratia_phage_SM9-3Y_k5,phage
CAACT,48,Serratia_phage_SM9-3Y_k5,phage
GTAAT,23,Serratia_phage_SM9-3Y_k5,phage
TTATA,10,Serratia_phage_SM9-3Y_k5,phage
GAAAC,51,Serratia_phage_SM9-3Y_k5,phage
GTCCC,12,Serratia_phage_SM9-3Y_k5,phage
TCCCT,32,Serratia_phage_SM9-3Y_k5,phage
CCCTA,26,Serratia_phage_SM9-3Y_k5,phage
CTAAG,52,Serratia_phage_SM9-3Y_k5,phage
AAGAT,54,Serratia_phage_SM9-3Y_k5,phage
GACAC,41,Serratia_phage_SM9-3Y_k5,phage
CTAAC,40,Serratia_phage_SM9-3Y_k5,phage
ACCAG,43,Serratia_phage_SM9-3Y_k5,phage
ATTCG,41,Serratia_phage_SM9-3Y_k5,phage
CCAGC,25,Serratia_phage_SM9-3Y_k5,phage
CAGCA,38,Serratia_phage_SM9-3Y_k5,phage
AGCAC,51,Serratia_phage_SM9-3Y_k5,phage
GCACC,28,Serratia_phage_SM9-3Y_k5,phage
CACCT,45,Serratia_phage_SM9-3Y_k5,phage
CTTTG,41,Serratia_phage_SM9-3Y_k5,phage
TTTGA,30,Serratia_phage_SM9-3Y_k5,phage
AGCCA,45,Serratia_phage_SM9-3Y_k5,phage
GCCAC,27,Serratia_phage_SM9-3Y_k5,phage
CCACC,17,Serratia_phage_SM9-3Y_k5,phage
CACCG,38,Serratia_phage_SM9-3Y_k5,phage
AATCT,29,Serratia_phage_SM9-3Y_k5,phage
ATCTG,26,Serratia_phage_SM9-3Y_k5,phage
GAGGC,56,Serratia_phage_SM9-3Y_k5,phage
ACACC,55,Serratia_phage_SM9-3Y_k5,phage
CACCA,36,Serratia_phage_SM9-3Y_k5,phage
CAGCG,50,Serratia_phage_SM9-3Y_k5,phage
GTGTC,36,Serratia_phage_SM9-3Y_k5,phage
TGTCT,22,Serratia_phage_SM9-3Y_k5,phage
TCCTC,21,Serratia_phage_SM9-3Y_k5,phage
CCAAC,45,Serratia_phage_SM9-3Y_k5,phage
ACCTC,33,Serratia_phage_SM9-3Y_k5,phage
TCACC,37,Serratia_phage_SM9-3Y_k5,phage
AGCGG,27,Serratia_phage_SM9-3Y_k5,phage
GCGGT,51,Serratia_phage_SM9-3Y_k5,phage
ACAGC,40,Serratia_phage_SM9-3Y_k5,phage
GCGCA,55,Serratia_phage_SM9-3Y_k5,phage
CAGCC,36,Serratia_phage_SM9-3Y_k5,phage
ATCCT,23,Serratia_phage_SM9-3Y_k5,phage
CCTCC,14,Serratia_phage_SM9-3Y_k5,phage
CTCCA,40,Serratia_phage_SM9-3Y_k5,phage
TCCAA,32,Serratia_phage_SM9-3Y_k5,phage
GTTTG,23,Serratia_phage_SM9-3Y_k5,phage
GGGTA,39,Serratia_phage_SM9-3Y_k5,phage
ATAGC,16,Serratia_phage_SM9-3Y_k5,phage
TAGCA,9,Serratia_phage_SM9-3Y_k5,phage
GCATA,13,Serratia_phage_SM9-3Y_k5,phage
ATAGG,12,Serratia_phage_SM9-3Y_k5,phage
TAGGG,14,Serratia_phage_SM9-3Y_k5,phage
AAACA,35,Serratia_phage_SM9-3Y_k5,phage
GAAAA,19,Serratia_phage_SM9-3Y_k5,phage
AAAAT,13,Serratia_phage_SM9-3Y_k5,phage
GTTAA,37,Serratia_phage_SM9-3Y_k5,phage
AGTTA,31,Serratia_phage_SM9-3Y_k5,phage
TTAGT,11,Serratia_phage_SM9-3Y_k5,phage
TAGTA,10,Serratia_phage_SM9-3Y_k5,phage
AGTAG,14,Serratia_phage_SM9-3Y_k5,phage
TAGAC,32,Serratia_phage_SM9-3Y_k5,phage
CCAGT,16,Serratia_phage_SM9-3Y_k5,phage
GGCCG,24,Serratia_phage_SM9-3Y_k5,phage
GCCGG,23,Serratia_phage_SM9-3Y_k5,phage
GGCAA,45,Serratia_phage_SM9-3Y_k5,phage
GGCGC,41,Serratia_phage_SM9-3Y_k5,phage
TTATC,44,Serratia_phage_SM9-3Y_k5,phage
CAACA,66,Serratia_phage_SM9-3Y_k5,phage
GTAGT,25,Serratia_phage_SM9-3Y_k5,phage
CGCAC,46,Serratia_phage_SM9-3Y_k5,phage
CCGCC,20,Serratia_phage_SM9-3Y_k5,phage
GCACA,48,Serratia_phage_SM9-3Y_k5,phage
CACAG,50,Serratia_phage_SM9-3Y_k5,phage
TTGTA,10,Serratia_phage_SM9-3Y_k5,phage
TAGAT,5,Serratia_phage_SM9-3Y_k5,phage
ATGTA,22,Serratia_phage_SM9-3Y_k5,phage
ACCGG,25,Serratia_phage_SM9-3Y_k5,phage
CGGAA,25,Serratia_phage_SM9-3Y_k5,phage
AACAG,50,Serratia_phage_SM9-3Y_k5,phage
GTGAG,53,Serratia_phage_SM9-3Y_k5,phage
CAAAC,44,Serratia_phage_SM9-3Y_k5,phage
CACGT,22,Serratia_phage_SM9-3Y_k5,phage
ACGTA,30,Serratia_phage_SM9-3Y_k5,phage
ACGCG,25,Serratia_phage_SM9-3Y_k5,phage
GGCGG,32,Serratia_phage_SM9-3Y_k5,phage
GTAGC,29,Serratia_phage_SM9-3Y_k5,phage
TAGCC,19,Serratia_phage_SM9-3Y_k5,phage
AGCCC,18,Serratia_phage_SM9-3Y_k5,phage
GCCCG,25,Serratia_phage_SM9-3Y_k5,phage
CGTAG,37,Serratia_phage_SM9-3Y_k5,phage
TAGCT,23,Serratia_phage_SM9-3Y_k5,phage
AGCTC,23,Serratia_phage_SM9-3Y_k5,phage
CGGCG,13,Serratia_phage_SM9-3Y_k5,phage
CGGTG,54,Serratia_phage_SM9-3Y_k5,phage
TCAAC,74,Serratia_phage_SM9-3Y_k5,phage
TCTAA,20,Serratia_phage_SM9-3Y_k5,phage
CAAAA,13,Serratia_phage_SM9-3Y_k5,phage
AAAAC,15,Serratia_phage_SM9-3Y_k5,phage
AAACG,31,Serratia_phage_SM9-3Y_k5,phage
AACGT,39,Serratia_phage_SM9-3Y_k5,phage
GCGAA,55,Serratia_phage_SM9-3Y_k5,phage
ACGGT,52,Serratia_phage_SM9-3Y_k5,phage
TGCTA,25,Serratia_phage_SM9-3Y_k5,phage
CGCCT,28,Serratia_phage_SM9-3Y_k5,phage
CAGAG,16,Serratia_phage_SM9-3Y_k5,phage
CCTAC,37,Serratia_phage_SM9-3Y_k5,phage
CTACG,44,Serratia_phage_SM9-3Y_k5,phage
TACGA,41,Serratia_phage_SM9-3Y_k5,phage
ACTCG,20,Serratia_phage_SM9-3Y_k5,phage
CTCGT,40,Serratia_phage_SM9-3Y_k5,phage
TCGTG,65,Serratia_phage_SM9-3Y_k5,phage
ACTGT,35,Serratia_phage_SM9-3Y_k5,phage
CAATA,21,Serratia_phage_SM9-3Y_k5,phage
TACAC,35,Serratia_phage_SM9-3Y_k5,phage
CCGTC,22,Serratia_phage_SM9-3Y_k5,phage
CGTCC,20,Serratia_phage_SM9-3Y_k5,phage
GTCCT,19,Serratia_phage_SM9-3Y_k5,phage
ACTAC,52,Serratia_phage_SM9-3Y_k5,phage
ACACG,20,Serratia_phage_SM9-3Y_k5,phage
GGGGT,9,Serratia_phage_SM9-3Y_k5,phage
TCTTA,22,Serratia_phage_SM9-3Y_k5,phage
TGGCC,36,Serratia_phage_SM9-3Y_k5,phage
CTCTA,32,Serratia_phage_SM9-3Y_k5,phage
AAATT,23,Serratia_phage_SM9-3Y_k5,phage
TAATG,31,Serratia_phage_SM9-3Y_k5,phage
GCACT,45,Serratia_phage_SM9-3Y_k5,phage
GTCGT,33,Serratia_phage_SM9-3Y_k5,phage
ATGAA,54,Serratia_phage_SM9-3Y_k5,phage
CTGAC,66,Serratia_phage_SM9-3Y_k5,phage
ATTAG,7,Serratia_phage_SM9-3Y_k5,phage
TAGTG,17,Serratia_phage_SM9-3Y_k5,phage
AATAT,21,Serratia_phage_SM9-3Y_k5,phage
AGCTT,19,Serratia_phage_SM9-3Y_k5,phage
CCCTG,38,Serratia_phage_SM9-3Y_k5,phage
GTCTA,23,Serratia_phage_SM9-3Y_k5,phage
CGTAT,35,Serratia_phage_SM9-3Y_k5,phage
GTATT,20,Serratia_phage_SM9-3Y_k5,phage
CATGA,40,Serratia_phage_SM9-3Y_k5,phage
TATCG,52,Serratia_phage_SM9-3Y_k5,phage
CACTC,28,Serratia_phage_SM9-3Y_k5,phage
CAGTT,30,Serratia_phage_SM9-3Y_k5,phage
TGATC,2,Serratia_phage_SM9-3Y_k5,phage
GATCG,2,Serratia_phage_SM9-3Y_k5,phage
AACGC,60,Serratia_phage_SM9-3Y_k5,phage
TGCTT,31,Serratia_phage_SM9-3Y_k5,phage
GCTTT,30,Serratia_phage_SM9-3Y_k5,phage
CTTAC,35,Serratia_phage_SM9-3Y_k5,phage
ATCCG,30,Serratia_phage_SM9-3Y_k5,phage
TTGTC,13,Serratia_phage_SM9-3Y_k5,phage
CTTCT,45,Serratia_phage_SM9-3Y_k5,phage
CTTAT,23,Serratia_phage_SM9-3Y_k5,phage
TGTCC,14,Serratia_phage_SM9-3Y_k5,phage
GTCCA,20,Serratia_phage_SM9-3Y_k5,phage
CATAC,12,Serratia_phage_SM9-3Y_k5,phage
AATGT,15,Serratia_phage_SM9-3Y_k5,phage
ACAGA,36,Serratia_phage_SM9-3Y_k5,phage
TGTCA,28,Serratia_phage_SM9-3Y_k5,phage
AGATA,20,Serratia_phage_SM9-3Y_k5,phage
GATAG,17,Serratia_phage_SM9-3Y_k5,phage
CTCCC,18,Serratia_phage_SM9-3Y_k5,phage
TCGGT,37,Serratia_phage_SM9-3Y_k5,phage
CGGTC,40,Serratia_phage_SM9-3Y_k5,phage
GGTCG,54,Serratia_phage_SM9-3Y_k5,phage
CACCC,18,Serratia_phage_SM9-3Y_k5,phage
ACCCA,30,Serratia_phage_SM9-3Y_k5,phage
CCCAT,11,Serratia_phage_SM9-3Y_k5,phage
CCATG,25,Serratia_phage_SM9-3Y_k5,phage
TGTAT,20,Serratia_phage_SM9-3Y_k5,phage
ATCTC,28,Serratia_phage_SM9-3Y_k5,phage
GTACG,31,Serratia_phage_SM9-3Y_k5,phage
TCCTA,26,Serratia_phage_SM9-3Y_k5,phage
CTACT,30,Serratia_phage_SM9-3Y_k5,phage
TGCCC,18,Serratia_phage_SM9-3Y_k5,phage
GCCCT,21,Serratia_phage_SM9-3Y_k5,phage
CGGTT,31,Serratia_phage_SM9-3Y_k5,phage
GGTTC,66,Serratia_phage_SM9-3Y_k5,phage
GTCGC,31,Serratia_phage_SM9-3Y_k5,phage
AGAAT,19,Serratia_phage_SM9-3Y_k5,phage
CTTAG,22,Serratia_phage_SM9-3Y_k5,phage
TTAGG,13,Serratia_phage_SM9-3Y_k5,phage
TCGTT,35,Serratia_phage_SM9-3Y_k5,phage
ATCGG,21,Serratia_phage_SM9-3Y_k5,phage
TCTAG,9,Serratia_phage_SM9-3Y_k5,phage
CTAGT,6,Serratia_phage_SM9-3Y_k5,phage
TAGTT,11,Serratia_phage_SM9-3Y_k5,phage
CTCAG,23,Serratia_phage_SM9-3Y_k5,phage
TCAGC,25,Serratia_phage_SM9-3Y_k5,phage
GCTCA,43,Serratia_phage_SM9-3Y_k5,phage
TCAGA,26,Serratia_phage_SM9-3Y_k5,phage
TTCGT,56,Serratia_phage_SM9-3Y_k5,phage
TCGTC,32,Serratia_phage_SM9-3Y_k5,phage
CGTCG,16,Serratia_phage_SM9-3Y_k5,phage
CCTGC,38,Serratia_phage_SM9-3Y_k5,phage
ATAGA,13,Serratia_phage_SM9-3Y_k5,phage
TAGAA,10,Serratia_phage_SM9-3Y_k5,phage
TACGT,32,Serratia_phage_SM9-3Y_k5,phage
GTTGC,35,Serratia_phage_SM9-3Y_k5,phage
TTGCG,25,Serratia_phage_SM9-3Y_k5,phage
GCGTC,26,Serratia_phage_SM9-3Y_k5,phage
CGTCA,36,Serratia_phage_SM9-3Y_k5,phage
GTCAG,34,Serratia_phage_SM9-3Y_k5,phage
TACGC,31,Serratia_phage_SM9-3Y_k5,phage
CCTCG,24,Serratia_phage_SM9-3Y_k5,phage
GAGCT,13,Serratia_phage_SM9-3Y_k5,phage
AGCCG,43,Serratia_phage_SM9-3Y_k5,phage
GCCGT,31,Serratia_phage_SM9-3Y_k5,phage
TACTA,19,Serratia_phage_SM9-3Y_k5,phage
TCGGG,16,Serratia_phage_SM9-3Y_k5,phage
CGGGC,16,Serratia_phage_SM9-3Y_k5,phage
CAGGG,24,Serratia_phage_SM9-3Y_k5,phage
GCCAT,21,Serratia_phage_SM9-3Y_k5,phage
TATTG,25,Serratia_phage_SM9-3Y_k5,phage
GCGGC,28,Serratia_phage_SM9-3Y_k5,phage
CGGCC,8,Serratia_phage_SM9-3Y_k5,phage
GGCCC,16,Serratia_phage_SM9-3Y_k5,phage
GCCCA,12,Serratia_phage_SM9-3Y_k5,phage
CCCAA,26,Serratia_phage_SM9-3Y_k5,phage
CTAGC,12,Serratia_phage_SM9-3Y_k5,phage
TAATA,12,Serratia_phage_SM9-3Y_k5,phage
AATAA,23,Serratia_phage_SM9-3Y_k5,phage
CCCTT,28,Serratia_phage_SM9-3Y_k5,phage
AACTT,39,Serratia_phage_SM9-3Y_k5,phage
TAGGA,13,Serratia_phage_SM9-3Y_k5,phage
CCTTC,29,Serratia_phage_SM9-3Y_k5,phage
CAACG,71,Serratia_phage_SM9-3Y_k5,phage
CACAC,36,Serratia_phage_SM9-3Y_k5,phage
AGGGC,28,Serratia_phage_SM9-3Y_k5,phage
GGGCC,15,Serratia_phage_SM9-3Y_k5,phage
TTCAG,36,Serratia_phage_SM9-3Y_k5,phage
CAGTG,35,Serratia_phage_SM9-3Y_k5,phage
TCGAC,31,Serratia_phage_SM9-3Y_k5,phage
AGTTT,22,Serratia_phage_SM9-3Y_k5,phage
ATATA,9,Serratia_phage_SM9-3Y_k5,phage
TATAG,10,Serratia_phage_SM9-3Y_k5,phage
TTTGT,15,Serratia_phage_SM9-3Y_k5,phage
ACGTC,16,Serratia_phage_SM9-3Y_k5,phage
TTTGC,18,Serratia_phage_SM9-3Y_k5,phage
TTTAG,12,Serratia_phage_SM9-3Y_k5,phage
CCATA,16,Serratia_phage_SM9-3Y_k5,phage
TTGGC,40,Serratia_phage_SM9-3Y_k5,phage
AATTC,16,Serratia_phage_SM9-3Y_k5,phage
CCCGC,21,Serratia_phage_SM9-3Y_k5,phage
CAAAT,29,Serratia_phage_SM9-3Y_k5,phage
TTCTA,18,Serratia_phage_SM9-3Y_k5,phage
CTAGG,16,Serratia_phage_SM9-3Y_k5,phage
CTTTT,10,Serratia_phage_SM9-3Y_k5,phage
TTTTC,9,Serratia_phage_SM9-3Y_k5,phage
TTTCT,11,Serratia_phage_SM9-3Y_k5,phage
ACAAA,31,Serratia_phage_SM9-3Y_k5,phage
CTGTT,23,Serratia_phage_SM9-3Y_k5,phage
TTTCG,18,Serratia_phage_SM9-3Y_k5,phage
ACACA,36,Serratia_phage_SM9-3Y_k5,phage
TCCAC,18,Serratia_phage_SM9-3Y_k5,phage
CCACA,37,Serratia_phage_SM9-3Y_k5,phage
AAAAG,10,Serratia_phage_SM9-3Y_k5,phage
CTCGG,2,Serratia_phage_SM9-3Y_k5,phage
AACTA,44,Serratia_phage_SM9-3Y_k5,phage
ATACC,23,Serratia_phage_SM9-3Y_k5,phage
TACCC,17,Serratia_phage_SM9-3Y_k5,phage
TCCCC,3,Serratia_phage_SM9-3Y_k5,phage
CCCCG,11,Serratia_phage_SM9-3Y_k5,phage
TGCAC,16,Serratia_phage_SM9-3Y_k5,phage
TAAAA,6,Serratia_phage_SM9-3Y_k5,phage
ACCCC,14,Serratia_phage_SM9-3Y_k5,phage
CCCCT,5,Serratia_phage_SM9-3Y_k5,phage
TTTTT,5,Serratia_phage_SM9-3Y_k5,phage
TTTTG,10,Serratia_phage_SM9-3Y_k5,phage
TTGCA,34,Serratia_phage_SM9-3Y_k5,phage
AGATC,4,Serratia_phage_SM9-3Y_k5,phage
GATCA,3,Serratia_phage_SM9-3Y_k5,phage
CGTCT,24,Serratia_phage_SM9-3Y_k5,phage
GCGCC,23,Serratia_phage_SM9-3Y_k5,phage
ACTAG,6,Serratia_phage_SM9-3Y_k5,phage
AAAAA,7,Serratia_phage_SM9-3Y_k5,phage
AACGG,37,Serratia_phage_SM9-3Y_k5,phage
CGCCC,12,Serratia_phage_SM9-3Y_k5,phage
CCCAC,18,Serratia_phage_SM9-3Y_k5,phage
TATTT,7,Serratia_phage_SM9-3Y_k5,phage
ATTTC,10,Serratia_phage_SM9-3Y_k5,phage
CATAT,14,Serratia_phage_SM9-3Y_k5,phage
TCGGA,14,Serratia_phage_SM9-3Y_k5,phage
TATAC,15,Serratia_phage_SM9-3Y_k5,phage
CACAA,36,Serratia_phage_SM9-3Y_k5,phage
CCCCA,7,Serratia_phage_SM9-3Y_k5,phage
AAATA,13,Serratia_phage_SM9-3Y_k5,phage
GCCCC,6,Serratia_phage_SM9-3Y_k5,phage
TGTAA,13,Serratia_phage_SM9-3Y_k5,phage
ATTTT,5,Serratia_phage_SM9-3Y_k5,phage
TAGGC,11,Serratia_phage_SM9-3Y_k5,phage
TCCCA,7,Serratia_phage_SM9-3Y_k5,phage
TTAGA,18,Serratia_phage_SM9-3Y_k5,phage
GCTAG,7,Serratia_phage_SM9-3Y_k5,phage
AATAG,7,Serratia_phage_SM9-3Y_k5,phage
GTCGG,11,Serratia_phage_SM9-3Y_k5,phage
GGGGG,4,Serratia_phage_SM9-3Y_k5,phage
TCGCC,18,Serratia_phage_SM9-3Y_k5,phage
CCCCC,1,Serratia_phage_SM9-3Y_k5,phage
CCCAG,1,Serratia_phage_SM9-3Y_k5,phage
GATCT,1,Serratia_phage_SM9-3Y_k5,phage
TATTC,60,Staphylococcus_phage_Sap26_k5,phage
ATTCA,81,Staphylococcus_phage_Sap26_k5,phage
TTCAC,41,Staphylococcus_phage_Sap26_k5,phage
TCACT,42,Staphylococcus_phage_Sap26_k5,phage
CACTT,33,Staphylococcus_phage_Sap26_k5,phage
ACTTC,32,Staphylococcus_phage_Sap26_k5,phage
CTTCA,32,Staphylococcus_phage_Sap26_k5,phage
TCACA,38,Staphylococcus_phage_Sap26_k5,phage
CACAC,27,Staphylococcus_phage_Sap26_k5,phage
ACACG,27,Staphylococcus_phage_Sap26_k5,phage
CACGG,11,Staphylococcus_phage_Sap26_k5,phage
ACGGT,47,Staphylococcus_phage_Sap26_k5,phage
CGGTG,24,Staphylococcus_phage_Sap26_k5,phage
GGTGT,42,Staphylococcus_phage_Sap26_k5,phage
GTGTT,52,Staphylococcus_phage_Sap26_k5,phage
TGTTT,89,Staphylococcus_phage_Sap26_k5,phage
GTTTA,86,Staphylococcus_phage_Sap26_k5,phage
TTTAT,130,Staphylococcus_phage_Sap26_k5,phage
TTATA,107,Staphylococcus_phage_Sap26_k5,phage
TATAG,58,Staphylococcus_phage_Sap26_k5,phage
ATAGA,76,Staphylococcus_phage_Sap26_k5,phage
TAGAT,83,Staphylococcus_phage_Sap26_k5,phage
AGATA,125,Staphylococcus_phage_Sap26_k5,phage
GATAT,100,Staphylococcus_phage_Sap26_k5,phage
ATATC,67,Staphylococcus_phage_Sap26_k5,phage
TATCT,50,Staphylococcus_phage_Sap26_k5,phage
ATCTT,44,Staphylococcus_phage_Sap26_k5,phage
TCTTA,42,Staphylococcus_phage_Sap26_k5,phage
CTTAC,38,Staphylococcus_phage_Sap26_k5,phage
TTACC,28,Staphylococcus_phage_Sap26_k5,phage
TACCA,39,Staphylococcus_phage_Sap26_k5,phage
ACCAA,52,Staphylococcus_phage_Sap26_k5,phage
CCAAT,35,Staphylococcus_phage_Sap26_k5,phage
CAATA,69,Staphylococcus_phage_Sap26_k5,phage
AATAG,65,Staphylococcus_phage_Sap26_k5,phage
TAGAA,111,Staphylococcus_phage_Sap26_k5,phage
AGAAC,65,Staphylococcus_phage_Sap26_k5,phage
GAACA,86,Staphylococcus_phage_Sap26_k5,phage
AACAA,201,Staphylococcus_phage_Sap26_k5,phage
ACAAA,181,Staphylococcus_phage_Sap26_k5,phage
CAAAT,90,Staphylococcus_phage_Sap26_k5,phage
AAATG,140,Staphylococcus_phage_Sap26_k5,phage
AATGG,77,Staphylococcus_phage_Sap26_k5,phage
ATGGA,82,Staphylococcus_phage_Sap26_k5,phage
TGGAT,59,Staphylococcus_phage_Sap26_k5,phage
GGATT,57,Staphylococcus_phage_Sap26_k5,phage
GATTG,54,Staphylococcus_phage_Sap26_k5,phage
ATTGA,116,Staphylococcus_phage_Sap26_k5,phage
TTGAA,140,Staphylococcus_phage_Sap26_k5,phage
TGAAG,87,Staphylococcus_phage_Sap26_k5,phage
GAAGC,65,Staphylococcus_phage_Sap26_k5,phage
AAGCT,70,Staphylococcus_phage_Sap26_k5,phage
AGCTC,11,Staphylococcus_phage_Sap26_k5,phage
GCTCA,19,Staphylococcus_phage_Sap26_k5,phage
CTCAC,11,Staphylococcus_phage_Sap26_k5,phage
ACACC,19,Staphylococcus_phage_Sap26_k5,phage
CACCA,22,Staphylococcus_phage_Sap26_k5,phage
ACCAC,22,Staphylococcus_phage_Sap26_k5,phage
CCACG,4,Staphylococcus_phage_Sap26_k5,phage
CACGT,12,Staphylococcus_phage_Sap26_k5,phage
ACGTG,28,Staphylococcus_phage_Sap26_k5,phage
CGTGA,17,Staphylococcus_phage_Sap26_k5,phage
GTGAA,48,Staphylococcus_phage_Sap26_k5,phage
TGAAA,130,Staphylococcus_phage_Sap26_k5,phage
GAAAA,189,Staphylococcus_phage_Sap26_k5,phage
AAAAC,160,Staphylococcus_phage_Sap26_k5,phage
AAACA,163,Staphylococcus_phage_Sap26_k5,phage
AACAG,84,Staphylococcus_phage_Sap26_k5,phage
ACAGT,46,Staphylococcus_phage_Sap26_k5,phage
CAGTT,45,Staphylococcus_phage_Sap26_k5,phage
AGTTT,70,Staphylococcus_phage_Sap26_k5,phage
GTTTT,79,Staphylococcus_phage_Sap26_k5,phage
TTTTG,96,Staphylococcus_phage_Sap26_k5,phage
TTTGA,91,Staphylococcus_phage_Sap26_k5,phage
TGAAT,109,Staphylococcus_phage_Sap26_k5,phage
GAATC,37,Staphylococcus_phage_Sap26_k5,phage
AATCT,48,Staphylococcus_phage_Sap26_k5,phage
ATCTC,16,Staphylococcus_phage_Sap26_k5,phage
TCTCA,19,Staphylococcus_phage_Sap26_k5,phage
CACTC,13,Staphylococcus_phage_Sap26_k5,phage
ACTCA,21,Staphylococcus_phage_Sap26_k5,phage
CTCAT,13,Staphylococcus_phage_Sap26_k5,phage
TCATT,44,Staphylococcus_phage_Sap26_k5,phage
CATTT,64,Staphylococcus_phage_Sap26_k5,phage
ATTTG,64,Staphylococcus_phage_Sap26_k5,phage
TGAAC,63,Staphylococcus_phage_Sap26_k5,phage
GAACG,34,Staphylococcus_phage_Sap26_k5,phage
AACGC,47,Staphylococcus_phage_Sap26_k5,phage
ACGCA,45,Staphylococcus_phage_Sap26_k5,phage
CGCAT,19,Staphylococcus_phage_Sap26_k5,phage
GCATG,22,Staphylococcus_phage_Sap26_k5,phage
CATGC,23,Staphylococcus_phage_Sap26_k5,phage
ATGCC,17,Staphylococcus_phage_Sap26_k5,phage
TGCCT,19,Staphylococcus_phage_Sap26_k5,phage
GCCTA,19,Staphylococcus_phage_Sap26_k5,phage
CCTAT,27,Staphylococcus_phage_Sap26_k5,phage
CTATT,63,Staphylococcus_phage_Sap26_k5,phage
TATTA,121,Staphylococcus_phage_Sap26_k5,phage
ATTAC,78,Staphylococcus_phage_Sap26_k5,phage
TTACA,86,Staphylococcus_phage_Sap26_k5,phage
TACAG,57,Staphylococcus_phage_Sap26_k5,phage
ACAGA,87,Staphylococcus_phage_Sap26_k5,phage
CAGAA,94,Staphylococcus_phage_Sap26_k5,phage
AGAAT,103,Staphylococcus_phage_Sap26_k5,phage
GAATT,101,Staphylococcus_phage_Sap26_k5,phage
AATTT,114,Staphylococcus_phage_Sap26_k5,phage
ATTTA,151,Staphylococcus_phage_Sap26_k5,phage
TTTAG,98,Staphylococcus_phage_Sap26_k5,phage
TTAGC,42,Staphylococcus_phage_Sap26_k5,phage
TAGCA,41,Staphylococcus_phage_Sap26_k5,phage
AGCAA,96,Staphylococcus_phage_Sap26_k5,phage
GCAAT,65,Staphylococcus_phage_Sap26_k5,phage
AATAA,158,Staphylococcus_phage_Sap26_k5,phage
ATAAC,89,Staphylococcus_phage_Sap26_k5,phage
TAACG,61,Staphylococcus_phage_Sap26_k5,phage
AACGA,97,Staphylococcus_phage_Sap26_k5,phage
ACGAA,75,Staphylococcus_phage_Sap26_k5,phage
CGAAA,83,Staphylococcus_phage_Sap26_k5,phage
GAAAG,93,Staphylococcus_phage_Sap26_k5,phage
AAAGA,214,Staphylococcus_phage_Sap26_k5,phage
AAGAA,206,Staphylococcus_phage_Sap26_k5,phage
AGAAG,118,Staphylococcus_phage_Sap26_k5,phage
GAAGA,108,Staphylococcus_phage_Sap26_k5,phage
AGAAA,191,Staphylococcus_phage_Sap26_k5,phage
AAAAG,209,Staphylococcus_phage_Sap26_k5,phage
AAAGG,92,Staphylococcus_phage_Sap26_k5,phage
AAGGG,31,Staphylococcus_phage_Sap26_k5,phage
AGGGG,8,Staphylococcus_phage_Sap26_k5,phage
GGGGA,13,Staphylococcus_phage_Sap26_k5,phage
GGGAT,19,Staphylococcus_phage_Sap26_k5,phage
GATTA,82,Staphylococcus_phage_Sap26_k5,phage
TTACG,37,Staphylococcus_phage_Sap26_k5,phage
TACGA,45,Staphylococcus_phage_Sap26_k5,phage
ACGAG,35,Staphylococcus_phage_Sap26_k5,phage
CGAGA,22,Staphylococcus_phage_Sap26_k5,phage
GAGAA,66,Staphylococcus_phage_Sap26_k5,phage
AAAGT,113,Staphylococcus_phage_Sap26_k5,phage
AAGTA,98,Staphylococcus_phage_Sap26_k5,phage
AGTAA,73,Staphylococcus_phage_Sap26_k5,phage
GTAAT,63,Staphylococcus_phage_Sap26_k5,phage
TAATC,51,Staphylococcus_phage_Sap26_k5,phage
AATCA,123,Staphylococcus_phage_Sap26_k5,phage
ATCAC,42,Staphylococcus_phage_Sap26_k5,phage
ACTTT,74,Staphylococcus_phage_Sap26_k5,phage
CTTTA,72,Staphylococcus_phage_Sap26_k5,phage
TTTAA,172,Staphylococcus_phage_Sap26_k5,phage
TTAAT,117,Staphylococcus_phage_Sap26_k5,phage
TAATT,88,Staphylococcus_phage_Sap26_k5,phage
AATTG,87,Staphylococcus_phage_Sap26_k5,phage
TTGAT,106,Staphylococcus_phage_Sap26_k5,phage
TGATT,94,Staphylococcus_phage_Sap26_k5,phage
GATTT,111,Staphylococcus_phage_Sap26_k5,phage
TTTGT,62,Staphylococcus_phage_Sap26_k5,phage
TTGTA,61,Staphylococcus_phage_Sap26_k5,phage
TGTAT,58,Staphylococcus_phage_Sap26_k5,phage
GTATG,41,Staphylococcus_phage_Sap26_k5,phage
TATGA,102,Staphylococcus_phage_Sap26_k5,phage
ATGAT,107,Staphylococcus_phage_Sap26_k5,phage
TGATA,101,Staphylococcus_phage_Sap26_k5,phage
GATAA,111,Staphylococcus_phage_Sap26_k5,phage
ATAAT,91,Staphylococcus_phage_Sap26_k5,phage
TAATG,98,Staphylococcus_phage_Sap26_k5,phage
AATGC,67,Staphylococcus_phage_Sap26_k5,phage
ATGCT,49,Staphylococcus_phage_Sap26_k5,phage
TGCTG,31,Staphylococcus_phage_Sap26_k5,phage
GCTGA,48,Staphylococcus_phage_Sap26_k5,phage
CTGAA,51,Staphylococcus_phage_Sap26_k5,phage
ATCAG,47,Staphylococcus_phage_Sap26_k5,phage
TCAGA,52,Staphylococcus_phage_Sap26_k5,phage
CAGAT,61,Staphylococcus_phage_Sap26_k5,phage
GATAC,64,Staphylococcus_phage_Sap26_k5,phage
ATACA,105,Staphylococcus_phage_Sap26_k5,phage
ACAGC,39,Staphylococcus_phage_Sap26_k5,phage
CAGCT,28,Staphylococcus_phage_Sap26_k5,phage
AGCTA,70,Staphylococcus_phage_Sap26_k5,phage
GCTAA,63,Staphylococcus_phage_Sap26_k5,phage
CTAAC,35,Staphylococcus_phage_Sap26_k5,phage
TAACT,80,Staphylococcus_phage_Sap26_k5,phage
AACTA,80,Staphylococcus_phage_Sap26_k5,phage
ACTAT,58,Staphylococcus_phage_Sap26_k5,phage
CTATA,55,Staphylococcus_phage_Sap26_k5,phage
TATAT,96,Staphylococcus_phage_Sap26_k5,phage
ATATG,79,Staphylococcus_phage_Sap26_k5,phage
ATGAG,46,Staphylococcus_phage_Sap26_k5,phage
TGAGT,37,Staphylococcus_phage_Sap26_k5,phage
GAGTG,30,Staphylococcus_phage_Sap26_k5,phage
AGTGA,49,Staphylococcus_phage_Sap26_k5,phage
GTGAT,44,Staphylococcus_phage_Sap26_k5,phage
TTAAA,208,Staphylococcus_phage_Sap26_k5,phage
TAAAT,141,Staphylococcus_phage_Sap26_k5,phage
AATGA,118,Staphylococcus_phage_Sap26_k5,phage
ATGAC,60,Staphylococcus_phage_Sap26_k5,phage
TGACG,40,Staphylococcus_phage_Sap26_k5,phage
GACGC,25,Staphylococcus_phage_Sap26_k5,phage
ACGCT,34,Staphylococcus_phage_Sap26_k5,phage
CGCTA,39,Staphylococcus_phage_Sap26_k5,phage
GCTAT,54,Staphylococcus_phage_Sap26_k5,phage
CTATG,35,Staphylococcus_phage_Sap26_k5,phage
TATGT,53,Staphylococcus_phage_Sap26_k5,phage
ATGTT,78,Staphylococcus_phage_Sap26_k5,phage
TGTTA,70,Staphylococcus_phage_Sap26_k5,phage
GTTAC,32,Staphylococcus_phage_Sap26_k5,phage
TTACT,57,Staphylococcus_phage_Sap26_k5,phage
TACTT,56,Staphylococcus_phage_Sap26_k5,phage
ACTTA,74,Staphylococcus_phage_Sap26_k5,phage
CTTAT,63,Staphylococcus_phage_Sap26_k5,phage
TTATT,138,Staphylococcus_phage_Sap26_k5,phage
ATTAA,142,Staphylococcus_phage_Sap26_k5,phage
TAAAG,147,Staphylococcus_phage_Sap26_k5,phage
AAGGT,88,Staphylococcus_phage_Sap26_k5,phage
AGGTA,65,Staphylococcus_phage_Sap26_k5,phage
GGTAA,67,Staphylococcus_phage_Sap26_k5,phage
AAATT,137,Staphylococcus_phage_Sap26_k5,phage
TTAGA,108,Staphylococcus_phage_Sap26_k5,phage
AGATC,19,Staphylococcus_phage_Sap26_k5,phage
GATCC,7,Staphylococcus_phage_Sap26_k5,phage
ATCCT,24,Staphylococcus_phage_Sap26_k5,phage
TCCTG,11,Staphylococcus_phage_Sap26_k5,phage
CCTGT,15,Staphylococcus_phage_Sap26_k5,phage
CTGTA,42,Staphylococcus_phage_Sap26_k5,phage
TGTAG,54,Staphylococcus_phage_Sap26_k5,phage
GTAGA,73,Staphylococcus_phage_Sap26_k5,phage
GAAGT,68,Staphylococcus_phage_Sap26_k5,phage
AAGTT,123,Staphylococcus_phage_Sap26_k5,phage
AGTTA,102,Staphylococcus_phage_Sap26_k5,phage
GTTAG,36,Staphylococcus_phage_Sap26_k5,phage
CAAAA,165,Staphylococcus_phage_Sap26_k5,phage
AAGGA,52,Staphylococcus_phage_Sap26_k5,phage
AGGAA,47,Staphylococcus_phage_Sap26_k5,phage
GGAAG,30,Staphylococcus_phage_Sap26_k5,phage
AACGT,42,Staphylococcus_phage_Sap26_k5,phage
CGTGT,17,Staphylococcus_phage_Sap26_k5,phage
TGTTG,63,Staphylococcus_phage_Sap26_k5,phage
GTTGT,47,Staphylococcus_phage_Sap26_k5,phage
TTGTT,87,Staphylococcus_phage_Sap26_k5,phage
TTTTT,120,Staphylococcus_phage_Sap26_k5,phage
TTTTA,151,Staphylococcus_phage_Sap26_k5,phage
GAACC,30,Staphylococcus_phage_Sap26_k5,phage
AACCG,27,Staphylococcus_phage_Sap26_k5,phage
ACCGA,25,Staphylococcus_phage_Sap26_k5,phage
CCGAC,8,Staphylococcus_phage_Sap26_k5,phage
CGACT,18,Staphylococcus_phage_Sap26_k5,phage
GACTG,30,Staphylococcus_phage_Sap26_k5,phage
ACTGT,32,Staphylococcus_phage_Sap26_k5,phage
CTGTT,28,Staphylococcus_phage_Sap26_k5,phage
TTATG,82,Staphylococcus_phage_Sap26_k5,phage
TATGC,31,Staphylococcus_phage_Sap26_k5,phage
CTGAT,41,Staphylococcus_phage_Sap26_k5,phage
GATAG,55,Staphylococcus_phage_Sap26_k5,phage
ATAGC,44,Staphylococcus_phage_Sap26_k5,phage
TAGCG,25,Staphylococcus_phage_Sap26_k5,phage
AGCGA,33,Staphylococcus_phage_Sap26_k5,phage
GCGAA,34,Staphylococcus_phage_Sap26_k5,phage
CGAAG,48,Staphylococcus_phage_Sap26_k5,phage
GAAGG,42,Staphylococcus_phage_Sap26_k5,phage
GGTAG,28,Staphylococcus_phage_Sap26_k5,phage
TAGAG,72,Staphylococcus_phage_Sap26_k5,phage
AGAGA,76,Staphylococcus_phage_Sap26_k5,phage
GAAAC,76,Staphylococcus_phage_Sap26_k5,phage
AGGTT,59,Staphylococcus_phage_Sap26_k5,phage
GGTTC,20,Staphylococcus_phage_Sap26_k5,phage
GTTCA,32,Staphylococcus_phage_Sap26_k5,phage
TTCAG,42,Staphylococcus_phage_Sap26_k5,phage
TCAGT,31,Staphylococcus_phage_Sap26_k5,phage
AGTTG,65,Staphylococcus_phage_Sap26_k5,phage
GTTGA,73,Staphylococcus_phage_Sap26_k5,phage
TTGAC,32,Staphylococcus_phage_Sap26_k5,phage
GACGG,32,Staphylococcus_phage_Sap26_k5,phage
GGTGG,36,Staphylococcus_phage_Sap26_k5,phage
GTGGT,30,Staphylococcus_phage_Sap26_k5,phage
TGGTT,49,Staphylococcus_phage_Sap26_k5,phage
GGTTA,53,Staphylococcus_phage_Sap26_k5,phage
GTTAT,95,Staphylococcus_phage_Sap26_k5,phage
ATATT,120,Staphylococcus_phage_Sap26_k5,phage
TATTT,128,Staphylococcus_phage_Sap26_k5,phage
TATAA,128,Staphylococcus_phage_Sap26_k5,phage
ATAAG,54,Staphylococcus_phage_Sap26_k5,phage
TAAGC,24,Staphylococcus_phage_Sap26_k5,phage
AAGCA,90,Staphylococcus_phage_Sap26_k5,phage
AATAC,97,Staphylococcus_phage_Sap26_k5,phage
ATACG,48,Staphylococcus_phage_Sap26_k5,phage
ACGAT,58,Staphylococcus_phage_Sap26_k5,phage
CGATG,27,Staphylococcus_phage_Sap26_k5,phage
GATGT,52,Staphylococcus_phage_Sap26_k5,phage
ATGTA,81,Staphylococcus_phage_Sap26_k5,phage
TGTAC,30,Staphylococcus_phage_Sap26_k5,phage
GTACA,23,Staphylococcus_phage_Sap26_k5,phage
TACAA,107,Staphylococcus_phage_Sap26_k5,phage
ACAAG,87,Staphylococcus_phage_Sap26_k5,phage
CAAGG,41,Staphylococcus_phage_Sap26_k5,phage
GGTAC,21,Staphylococcus_phage_Sap26_k5,phage
GTACC,18,Staphylococcus_phage_Sap26_k5,phage
TACCG,18,Staphylococcus_phage_Sap26_k5,phage
CCGAA,29,Staphylococcus_phage_Sap26_k5,phage
AGCTT,42,Staphylococcus_phage_Sap26_k5,phage
GCTTA,43,Staphylococcus_phage_Sap26_k5,phage
ATAAA,185,Staphylococcus_phage_Sap26_k5,phage
AAGAC,64,Staphylococcus_phage_Sap26_k5,phage
AGACC,17,Staphylococcus_phage_Sap26_k5,phage
GACCG,5,Staphylococcus_phage_Sap26_k5,phage
ACCGT,15,Staphylococcus_phage_Sap26_k5,phage
CCGTT,15,Staphylococcus_phage_Sap26_k5,phage
CGTTT,55,Staphylococcus_phage_Sap26_k5,phage
GTTTG,62,Staphylococcus_phage_Sap26_k5,phage
CAGTG,19,Staphylococcus_phage_Sap26_k5,phage
ATATA,110,Staphylococcus_phage_Sap26_k5,phage
TATAC,54,Staphylococcus_phage_Sap26_k5,phage
TACAC,48,Staphylococcus_phage_Sap26_k5,phage
ACACA,65,Staphylococcus_phage_Sap26_k5,phage
CACAT,31,Staphylococcus_phage_Sap26_k5,phage
ACATG,46,Staphylococcus_phage_Sap26_k5,phage
CATGT,23,Staphylococcus_phage_Sap26_k5,phage
TTTAC,60,Staphylococcus_phage_Sap26_k5,phage
CCAAC,28,Staphylococcus_phage_Sap26_k5,phage
CAACA,84,Staphylococcus_phage_Sap26_k5,phage
AACAC,46,Staphylococcus_phage_Sap26_k5,phage
CACGC,16,Staphylococcus_phage_Sap26_k5,phage
ACGCC,15,Staphylococcus_phage_Sap26_k5,phage
CGCCT,9,Staphylococcus_phage_Sap26_k5,phage
CCTAA,47,Staphylococcus_phage_Sap26_k5,phage
TAACA,92,Staphylococcus_phage_Sap26_k5,phage
AACAT,94,Staphylococcus_phage_Sap26_k5,phage
CATGA,37,Staphylococcus_phage_Sap26_k5,phage
ATGAA,150,Staphylococcus_phage_Sap26_k5,phage
AAGAT,131,Staphylococcus_phage_Sap26_k5,phage
AGATG,100,Staphylococcus_phage_Sap26_k5,phage
GATGA,106,Staphylococcus_phage_Sap26_k5,phage
AACTT,99,Staphylococcus_phage_Sap26_k5,phage
TTAGT,63,Staphylococcus_phage_Sap26_k5,phage
TAGTG,42,Staphylococcus_phage_Sap26_k5,phage
AGTGG,29,Staphylococcus_phage_Sap26_k5,phage
GTGGC,24,Staphylococcus_phage_Sap26_k5,phage
TGGCA,39,Staphylococcus_phage_Sap26_k5,phage
GGCAC,25,Staphylococcus_phage_Sap26_k5,phage
GCACT,21,Staphylococcus_phage_Sap26_k5,phage
CTCAA,36,Staphylococcus_phage_Sap26_k5,phage
TCAAT,89,Staphylococcus_phage_Sap26_k5,phage
CAATC,62,Staphylococcus_phage_Sap26_k5,phage
AATCG,57,Staphylococcus_phage_Sap26_k5,phage
ATCGG,17,Staphylococcus_phage_Sap26_k5,phage
TCGGG,7,Staphylococcus_phage_Sap26_k5,phage
CGGGC,6,Staphylococcus_phage_Sap26_k5,phage
GGGCG,13,Staphylococcus_phage_Sap26_k5,phage
GGCGA,30,Staphylococcus_phage_Sap26_k5,phage
GCGAG,15,Staphylococcus_phage_Sap26_k5,phage
CGAGG,8,Staphylococcus_phage_Sap26_k5,phage
GAGGC,22,Staphylococcus_phage_Sap26_k5,phage
AGGCA,35,Staphylococcus_phage_Sap26_k5,phage
GGCAA,34,Staphylococcus_phage_Sap26_k5,phage
CAATG,57,Staphylococcus_phage_Sap26_k5,phage
GAAAT,120,Staphylococcus_phage_Sap26_k5,phage
AAATA,176,Staphylococcus_phage_Sap26_k5,phage
AATAT,139,Staphylococcus_phage_Sap26_k5,phage
ATTGT,61,Staphylococcus_phage_Sap26_k5,phage
TGTTC,23,Staphylococcus_phage_Sap26_k5,phage
GTTCG,19,Staphylococcus_phage_Sap26_k5,phage
TTCGG,32,Staphylococcus_phage_Sap26_k5,phage
TCGGA,19,Staphylococcus_phage_Sap26_k5,phage
CGGAT,19,Staphylococcus_phage_Sap26_k5,phage
ATTAG,91,Staphylococcus_phage_Sap26_k5,phage
ACAAC,79,Staphylococcus_phage_Sap26_k5,phage
CAACG,37,Staphylococcus_phage_Sap26_k5,phage
ACGTA,32,Staphylococcus_phage_Sap26_k5,phage
CGTAC,12,Staphylococcus_phage_Sap26_k5,phage
GTACT,31,Staphylococcus_phage_Sap26_k5,phage
TACTA,59,Staphylococcus_phage_Sap26_k5,phage
ACTAA,75,Staphylococcus_phage_Sap26_k5,phage
CTAAA,101,Staphylococcus_phage_Sap26_k5,phage
TAAAA,222,Staphylococcus_phage_Sap26_k5,phage
AAACT,80,Staphylococcus_phage_Sap26_k5,phage
AGGAT,36,Staphylococcus_phage_Sap26_k5,phage
CACTA,31,Staphylococcus_phage_Sap26_k5,phage
AGGGT,21,Staphylococcus_phage_Sap26_k5,phage
GGGTT,26,Staphylococcus_phage_Sap26_k5,phage
GTTAA,104,Staphylococcus_phage_Sap26_k5,phage
TTAAG,59,Staphylococcus_phage_Sap26_k5,phage
TAAGA,75,Staphylococcus_phage_Sap26_k5,phage
AGACG,43,Staphylococcus_phage_Sap26_k5,phage
GACGT,27,Staphylococcus_phage_Sap26_k5,phage
ACGTC,13,Staphylococcus_phage_Sap26_k5,phage
CGTCG,10,Staphylococcus_phage_Sap26_k5,phage
GTCGT,20,Staphylococcus_phage_Sap26_k5,phage
TCGTG,8,Staphylococcus_phage_Sap26_k5,phage
CGTGC,6,Staphylococcus_phage_Sap26_k5,phage
GTGCT,27,Staphylococcus_phage_Sap26_k5,phage
TGCTA,52,Staphylococcus_phage_Sap26_k5,phage
CTAAG,29,Staphylococcus_phage_Sap26_k5,phage
TAAGT,57,Staphylococcus_phage_Sap26_k5,phage
GAGAC,16,Staphylococcus_phage_Sap26_k5,phage
AGACA,59,Staphylococcus_phage_Sap26_k5,phage
GACAA,69,Staphylococcus_phage_Sap26_k5,phage
ACAAT,96,Staphylococcus_phage_Sap26_k5,phage
ATACT,46,Staphylococcus_phage_Sap26_k5,phage
CTTAA,55,Staphylococcus_phage_Sap26_k5,phage
AAAAA,305,Staphylococcus_phage_Sap26_k5,phage
AAAAT,207,Staphylococcus_phage_Sap26_k5,phage
CGGTC,8,Staphylococcus_phage_Sap26_k5,phage
GGTCG,14,Staphylococcus_phage_Sap26_k5,phage
GTCGA,21,Staphylococcus_phage_Sap26_k5,phage
TCGAT,43,Staphylococcus_phage_Sap26_k5,phage
CGATT,46,Staphylococcus_phage_Sap26_k5,phage
CAAAG,69,Staphylococcus_phage_Sap26_k5,phage
AGATT,85,Staphylococcus_phage_Sap26_k5,phage
ATTTC,56,Staphylococcus_phage_Sap26_k5,phage
TTTCA,62,Staphylococcus_phage_Sap26_k5,phage
TTCAA,85,Staphylococcus_phage_Sap26_k5,phage
TACTG,33,Staphylococcus_phage_Sap26_k5,phage
TACGT,32,Staphylococcus_phage_Sap26_k5,phage
CGTAT,38,Staphylococcus_phage_Sap26_k5,phage
GTATA,64,Staphylococcus_phage_Sap26_k5,phage
TACCT,31,Staphylococcus_phage_Sap26_k5,phage
ACCTA,49,Staphylococcus_phage_Sap26_k5,phage
AAATC,105,Staphylococcus_phage_Sap26_k5,phage
ATCAT,52,Staphylococcus_phage_Sap26_k5,phage
CATTG,41,Staphylococcus_phage_Sap26_k5,phage
AATTA,163,Staphylococcus_phage_Sap26_k5,phage
AAAGC,99,Staphylococcus_phage_Sap26_k5,phage
TATTG,101,Staphylococcus_phage_Sap26_k5,phage
GATTC,35,Staphylococcus_phage_Sap26_k5,phage
ATTCT,44,Staphylococcus_phage_Sap26_k5,phage
TTCTG,23,Staphylococcus_phage_Sap26_k5,phage
TCTGG,16,Staphylococcus_phage_Sap26_k5,phage
CTGGC,13,Staphylococcus_phage_Sap26_k5,phage
TGGCG,30,Staphylococcus_phage_Sap26_k5,phage
GGCGG,13,Staphylococcus_phage_Sap26_k5,phage
GCGGG,10,Staphylococcus_phage_Sap26_k5,phage
CGGGA,10,Staphylococcus_phage_Sap26_k5,phage
GGGAA,27,Staphylococcus_phage_Sap26_k5,phage
TAGCC,13,Staphylococcus_phage_Sap26_k5,phage
AGCCA,22,Staphylococcus_phage_Sap26_k5,phage
GCCAA,28,Staphylococcus_phage_Sap26_k5,phage
CCAAA,34,Staphylococcus_phage_Sap26_k5,phage
CAAAC,76,Staphylococcus_phage_Sap26_k5,phage
CAACT,42,Staphylococcus_phage_Sap26_k5,phage
AATGT,87,Staphylococcus_phage_Sap26_k5,phage
ATGTC,29,Staphylococcus_phage_Sap26_k5,phage
TGTCT,17,Staphylococcus_phage_Sap26_k5,phage
GTCTC,12,Staphylococcus_phage_Sap26_k5,phage
TCTCT,19,Staphylococcus_phage_Sap26_k5,phage
CTCTA,17,Staphylococcus_phage_Sap26_k5,phage
TCTAT,49,Staphylococcus_phage_Sap26_k5,phage
TTCTC,14,Staphylococcus_phage_Sap26_k5,phage
TCTCG,5,Staphylococcus_phage_Sap26_k5,phage
CTCGT,5,Staphylococcus_phage_Sap26_k5,phage
TCGTT,42,Staphylococcus_phage_Sap26_k5,phage
CGTTC,20,Staphylococcus_phage_Sap26_k5,phage
GTTCT,21,Staphylococcus_phage_Sap26_k5,phage
TTCTT,59,Staphylococcus_phage_Sap26_k5,phage
TCTTC,20,Staphylococcus_phage_Sap26_k5,phage
CTTCC,10,Staphylococcus_phage_Sap26_k5,phage
TTCCA,20,Staphylococcus_phage_Sap26_k5,phage
TCCAA,28,Staphylococcus_phage_Sap26_k5,phage
CCAAG,17,Staphylococcus_phage_Sap26_k5,phage
CAAGA,86,Staphylococcus_phage_Sap26_k5,phage
GACCC,9,Staphylococcus_phage_Sap26_k5,phage
ACCCT,15,Staphylococcus_phage_Sap26_k5,phage
CCCTG,5,Staphylococcus_phage_Sap26_k5,phage
CCTGA,17,Staphylococcus_phage_Sap26_k5,phage
ATCGA,48,Staphylococcus_phage_Sap26_k5,phage
TCGAA,48,Staphylococcus_phage_Sap26_k5,phage
TGAGA,17,Staphylococcus_phage_Sap26_k5,phage
ATCTA,58,Staphylococcus_phage_Sap26_k5,phage
TCAAA,107,Staphylococcus_phage_Sap26_k5,phage
GGTAT,55,Staphylococcus_phage_Sap26_k5,phage
GTATT,88,Staphylococcus_phage_Sap26_k5,phage
CCCTA,12,Staphylococcus_phage_Sap26_k5,phage
CCTAG,17,Staphylococcus_phage_Sap26_k5,phage
CTAGA,48,Staphylococcus_phage_Sap26_k5,phage
GACAT,46,Staphylococcus_phage_Sap26_k5,phage
ACATC,48,Staphylococcus_phage_Sap26_k5,phage
CATCA,55,Staphylococcus_phage_Sap26_k5,phage
ATCAA,145,Staphylococcus_phage_Sap26_k5,phage
TGATG,90,Staphylococcus_phage_Sap26_k5,phage
GACGA,34,Staphylococcus_phage_Sap26_k5,phage
CGAAC,23,Staphylococcus_phage_Sap26_k5,phage
GGAAT,58,Staphylococcus_phage_Sap26_k5,phage
GAATG,54,Staphylococcus_phage_Sap26_k5,phage
TGTAA,78,Staphylococcus_phage_Sap26_k5,phage
ATTGC,45,Staphylococcus_phage_Sap26_k5,phage
TTGCC,11,Staphylococcus_phage_Sap26_k5,phage
ACACT,32,Staphylococcus_phage_Sap26_k5,phage
TCAAG,63,Staphylococcus_phage_Sap26_k5,phage
GAATA,110,Staphylococcus_phage_Sap26_k5,phage
ATTGG,61,Staphylococcus_phage_Sap26_k5,phage
TTGGG,32,Staphylococcus_phage_Sap26_k5,phage
TGGGA,20,Staphylococcus_phage_Sap26_k5,phage
ACGCG,11,Staphylococcus_phage_Sap26_k5,phage
CGCGG,4,Staphylococcus_phage_Sap26_k5,phage
GCGGA,10,Staphylococcus_phage_Sap26_k5,phage
CGGAC,12,Staphylococcus_phage_Sap26_k5,phage
GGACG,15,Staphylococcus_phage_Sap26_k5,phage
CGCAA,52,Staphylococcus_phage_Sap26_k5,phage
GCAAA,78,Staphylococcus_phage_Sap26_k5,phage
TCGAG,13,Staphylococcus_phage_Sap26_k5,phage
GAGTT,39,Staphylococcus_phage_Sap26_k5,phage
AAGCG,54,Staphylococcus_phage_Sap26_k5,phage
AGCGT,32,Staphylococcus_phage_Sap26_k5,phage
GCGTG,10,Staphylococcus_phage_Sap26_k5,phage
AGCTG,35,Staphylococcus_phage_Sap26_k5,phage
AGCGC,19,Staphylococcus_phage_Sap26_k5,phage
GCGCA,16,Staphylococcus_phage_Sap26_k5,phage
GCATT,51,Staphylococcus_phage_Sap26_k5,phage
AAGAG,82,Staphylococcus_phage_Sap26_k5,phage
GAGAT,54,Staphylococcus_phage_Sap26_k5,phage
GATCA,23,Staphylococcus_phage_Sap26_k5,phage
ATGCG,24,Staphylococcus_phage_Sap26_k5,phage
TGCGT,22,Staphylococcus_phage_Sap26_k5,phage
GCGTT,47,Staphylococcus_phage_Sap26_k5,phage
AGTAC,31,Staphylococcus_phage_Sap26_k5,phage
GTACG,22,Staphylococcus_phage_Sap26_k5,phage
TACGG,22,Staphylococcus_phage_Sap26_k5,phage
ACGGA,37,Staphylococcus_phage_Sap26_k5,phage
CGGAG,18,Staphylococcus_phage_Sap26_k5,phage
GGAGA,36,Staphylococcus_phage_Sap26_k5,phage
ATTTT,146,Staphylococcus_phage_Sap26_k5,phage
TTTGC,33,Staphylococcus_phage_Sap26_k5,phage
TTGCA,46,Staphylococcus_phage_Sap26_k5,phage
TGCAG,39,Staphylococcus_phage_Sap26_k5,phage
GCAGG,20,Staphylococcus_phage_Sap26_k5,phage
CAGGC,13,Staphylococcus_phage_Sap26_k5,phage
AGGCG,24,Staphylococcus_phage_Sap26_k5,phage
GGCGT,21,Staphylococcus_phage_Sap26_k5,phage
CGTTA,42,Staphylococcus_phage_Sap26_k5,phage
TACAT,42,Staphylococcus_phage_Sap26_k5,phage
ACATT,76,Staphylococcus_phage_Sap26_k5,phage
CATTA,55,Staphylococcus_phage_Sap26_k5,phage
AGCAC,20,Staphylococcus_phage_Sap26_k5,phage
GCACA,28,Staphylococcus_phage_Sap26_k5,phage
CACAA,66,Staphylococcus_phage_Sap26_k5,phage
ATTAT,110,Staphylococcus_phage_Sap26_k5,phage
AGTTC,20,Staphylococcus_phage_Sap26_k5,phage
TTCGA,37,Staphylococcus_phage_Sap26_k5,phage
GTAAA,99,Staphylococcus_phage_Sap26_k5,phage
GTTTC,35,Staphylococcus_phage_Sap26_k5,phage
TTGGT,52,Staphylococcus_phage_Sap26_k5,phage
TGGTC,24,Staphylococcus_phage_Sap26_k5,phage
AGGAC,21,Staphylococcus_phage_Sap26_k5,phage
GGACT,21,Staphylococcus_phage_Sap26_k5,phage
GACTT,31,Staphylococcus_phage_Sap26_k5,phage
GCGAT,23,Staphylococcus_phage_Sap26_k5,phage
CGATA,54,Staphylococcus_phage_Sap26_k5,phage
AGAGC,28,Staphylococcus_phage_Sap26_k5,phage
GAGCA,26,Staphylococcus_phage_Sap26_k5,phage
AGTAT,75,Staphylococcus_phage_Sap26_k5,phage
GTATC,33,Staphylococcus_phage_Sap26_k5,phage
TCTAG,20,Staphylococcus_phage_Sap26_k5,phage
AATTC,59,Staphylococcus_phage_Sap26_k5,phage
TTGCT,48,Staphylococcus_phage_Sap26_k5,phage
TGCTT,45,Staphylococcus_phage_Sap26_k5,phage
ATGCA,64,Staphylococcus_phage_Sap26_k5,phage
TGCAA,62,Staphylococcus_phage_Sap26_k5,phage
GCAAC,40,Staphylococcus_phage_Sap26_k5,phage
TTATC,71,Staphylococcus_phage_Sap26_k5,phage
TATCG,48,Staphylococcus_phage_Sap26_k5,phage
TGAGG,28,Staphylococcus_phage_Sap26_k5,phage
GAGGG,18,Staphylococcus_phage_Sap26_k5,phage
AGGGA,29,Staphylococcus_phage_Sap26_k5,phage
TTTCG,19,Staphylococcus_phage_Sap26_k5,phage
CGAAT,32,Staphylococcus_phage_Sap26_k5,phage
TCAAC,42,Staphylococcus_phage_Sap26_k5,phage
ATCGT,32,Staphylococcus_phage_Sap26_k5,phage
GTGTG,13,Staphylococcus_phage_Sap26_k5,phage
TGTGT,26,Staphylococcus_phage_Sap26_k5,phage
TGATC,13,Staphylococcus_phage_Sap26_k5,phage
CAAGC,47,Staphylococcus_phage_Sap26_k5,phage
AGCGG,19,Staphylococcus_phage_Sap26_k5,phage
CGGGT,6,Staphylococcus_phage_Sap26_k5,phage
GGGTA,18,Staphylococcus_phage_Sap26_k5,phage
TTAGG,37,Staphylococcus_phage_Sap26_k5,phage
TAGGT,42,Staphylococcus_phage_Sap26_k5,phage
AGGTG,53,Staphylococcus_phage_Sap26_k5,phage
GGTGA,35,Staphylococcus_phage_Sap26_k5,phage
GTGTA,36,Staphylococcus_phage_Sap26_k5,phage
CAAGT,54,Staphylococcus_phage_Sap26_k5,phage
AGTAG,47,Staphylococcus_phage_Sap26_k5,phage
GTAGC,20,Staphylococcus_phage_Sap26_k5,phage
TAGCT,39,Staphylococcus_phage_Sap26_k5,phage
CGTTG,27,Staphylococcus_phage_Sap26_k5,phage
CAATT,97,Staphylococcus_phage_Sap26_k5,phage
TTCAT,39,Staphylococcus_phage_Sap26_k5,phage
TCATG,33,Staphylococcus_phage_Sap26_k5,phage
CATGG,27,Staphylococcus_phage_Sap26_k5,phage
ATGGT,56,Staphylococcus_phage_Sap26_k5,phage
TGGTG,50,Staphylococcus_phage_Sap26_k5,phage
GTGTC,14,Staphylococcus_phage_Sap26_k5,phage
TGTCG,18,Staphylococcus_phage_Sap26_k5,phage
TTTGG,63,Staphylococcus_phage_Sap26_k5,phage
GGTCA,25,Staphylococcus_phage_Sap26_k5,phage
GTCAG,18,Staphylococcus_phage_Sap26_k5,phage
CAGAG,23,Staphylococcus_phage_Sap26_k5,phage
GAGCG,15,Staphylococcus_phage_Sap26_k5,phage
TATGG,51,Staphylococcus_phage_Sap26_k5,phage
TGGAC,29,Staphylococcus_phage_Sap26_k5,phage
GACTA,27,Staphylococcus_phage_Sap26_k5,phage
CTAAT,70,Staphylococcus_phage_Sap26_k5,phage
TAATA,104,Staphylococcus_phage_Sap26_k5,phage
ATACC,36,Staphylococcus_phage_Sap26_k5,phage
GTAGT,24,Staphylococcus_phage_Sap26_k5,phage
TAGTT,50,Staphylococcus_phage_Sap26_k5,phage
AGAGG,53,Staphylococcus_phage_Sap26_k5,phage
GAGGT,36,Staphylococcus_phage_Sap26_k5,phage
AGGTC,18,Staphylococcus_phage_Sap26_k5,phage
TCGAC,14,Staphylococcus_phage_Sap26_k5,phage
CGACA,23,Staphylococcus_phage_Sap26_k5,phage
CATCC,10,Staphylococcus_phage_Sap26_k5,phage
TCCTA,21,Staphylococcus_phage_Sap26_k5,phage
TGCGC,8,Staphylococcus_phage_Sap26_k5,phage
GCAAG,61,Staphylococcus_phage_Sap26_k5,phage
ATTCG,50,Staphylococcus_phage_Sap26_k5,phage
AAGGC,27,Staphylococcus_phage_Sap26_k5,phage
CACAG,28,Staphylococcus_phage_Sap26_k5,phage
CAGCA,34,Staphylococcus_phage_Sap26_k5,phage
GCACG,8,Staphylococcus_phage_Sap26_k5,phage
CACGA,20,Staphylococcus_phage_Sap26_k5,phage
ACGAC,28,Staphylococcus_phage_Sap26_k5,phage
ACCGC,10,Staphylococcus_phage_Sap26_k5,phage
CCGCA,9,Staphylococcus_phage_Sap26_k5,phage
CGCAG,12,Staphylococcus_phage_Sap26_k5,phage
GCAGC,10,Staphylococcus_phage_Sap26_k5,phage
GCTTT,40,Staphylococcus_phage_Sap26_k5,phage
CGGAA,29,Staphylococcus_phage_Sap26_k5,phage
TCGGC,15,Staphylococcus_phage_Sap26_k5,phage
CGGCA,23,Staphylococcus_phage_Sap26_k5,phage
TCACG,20,Staphylococcus_phage_Sap26_k5,phage
CGCAC,12,Staphylococcus_phage_Sap26_k5,phage
AGCAT,34,Staphylococcus_phage_Sap26_k5,phage
TGACA,48,Staphylococcus_phage_Sap26_k5,phage
GACAG,25,Staphylococcus_phage_Sap26_k5,phage
TCACC,7,Staphylococcus_phage_Sap26_k5,phage
CACCG,6,Staphylococcus_phage_Sap26_k5,phage
ACCGG,6,Staphylococcus_phage_Sap26_k5,phage
CCGGA,12,Staphylococcus_phage_Sap26_k5,phage
GGATA,50,Staphylococcus_phage_Sap26_k5,phage
AGGGC,12,Staphylococcus_phage_Sap26_k5,phage
GGGCT,12,Staphylococcus_phage_Sap26_k5,phage
GGCTT,24,Staphylococcus_phage_Sap26_k5,phage
TGGAG,29,Staphylococcus_phage_Sap26_k5,phage
TTTCT,56,Staphylococcus_phage_Sap26_k5,phage
TTCTA,43,Staphylococcus_phage_Sap26_k5,phage
CTATC,35,Staphylococcus_phage_Sap26_k5,phage
TATCC,23,Staphylococcus_phage_Sap26_k5,phage
TGCAT,29,Staphylococcus_phage_Sap26_k5,phage
GCATA,22,Staphylococcus_phage_Sap26_k5,phage
CATAT,41,Staphylococcus_phage_Sap26_k5,phage
TATCA,85,Staphylococcus_phage_Sap26_k5,phage
TTGTC,18,Staphylococcus_phage_Sap26_k5,phage
TTGCG,15,Staphylococcus_phage_Sap26_k5,phage
GCGCT,11,Staphylococcus_phage_Sap26_k5,phage
CGCTT,14,Staphylococcus_phage_Sap26_k5,phage
ACTAC,36,Staphylococcus_phage_Sap26_k5,phage
CTACC,15,Staphylococcus_phage_Sap26_k5,phage
ATGTG,27,Staphylococcus_phage_Sap26_k5,phage
TGTGG,21,Staphylococcus_phage_Sap26_k5,phage
TGGCC,6,Staphylococcus_phage_Sap26_k5,phage
GGCCG,2,Staphylococcus_phage_Sap26_k5,phage
GCCGA,7,Staphylococcus_phage_Sap26_k5,phage
AAACC,51,Staphylococcus_phage_Sap26_k5,phage
AACCA,43,Staphylococcus_phage_Sap26_k5,phage
AAACG,101,Staphylococcus_phage_Sap26_k5,phage
CTTCG,25,Staphylococcus_phage_Sap26_k5,phage
GGAGG,26,Staphylococcus_phage_Sap26_k5,phage
GGAAA,74,Staphylococcus_phage_Sap26_k5,phage
AAGTG,42,Staphylococcus_phage_Sap26_k5,phage
GCGGT,16,Staphylococcus_phage_Sap26_k5,phage
CAGTA,43,Staphylococcus_phage_Sap26_k5,phage
TTGGA,69,Staphylococcus_phage_Sap26_k5,phage
GAGGA,39,Staphylococcus_phage_Sap26_k5,phage
GAGTA,40,Staphylococcus_phage_Sap26_k5,phage
ACTGA,39,Staphylococcus_phage_Sap26_k5,phage
CTGAC,20,Staphylococcus_phage_Sap26_k5,phage
ACCTT,18,Staphylococcus_phage_Sap26_k5,phage
CCTTA,23,Staphylococcus_phage_Sap26_k5,phage
CTTAG,25,Staphylococcus_phage_Sap26_k5,phage
ACATA,43,Staphylococcus_phage_Sap26_k5,phage
CATAG,19,Staphylococcus_phage_Sap26_k5,phage
CGTAA,23,Staphylococcus_phage_Sap26_k5,phage
AGAGT,35,Staphylococcus_phage_Sap26_k5,phage
GATGC,33,Staphylococcus_phage_Sap26_k5,phage
ATAGT,53,Staphylococcus_phage_Sap26_k5,phage
AGTGT,30,Staphylococcus_phage_Sap26_k5,phage
GTAAG,37,Staphylococcus_phage_Sap26_k5,phage
TAAGG,23,Staphylococcus_phage_Sap26_k5,phage
GTCGG,14,Staphylococcus_phage_Sap26_k5,phage
GGCAG,23,Staphylococcus_phage_Sap26_k5,phage
GCAGT,34,Staphylococcus_phage_Sap26_k5,phage
AGCCG,5,Staphylococcus_phage_Sap26_k5,phage
CCGAT,10,Staphylococcus_phage_Sap26_k5,phage
AACCT,37,Staphylococcus_phage_Sap26_k5,phage
ACCTC,8,Staphylococcus_phage_Sap26_k5,phage
CCTCT,6,Staphylococcus_phage_Sap26_k5,phage
CTCTC,9,Staphylococcus_phage_Sap26_k5,phage
CTCTT,17,Staphylococcus_phage_Sap26_k5,phage
TCTTT,60,Staphylococcus_phage_Sap26_k5,phage
CTTTT,64,Staphylococcus_phage_Sap26_k5,phage
GCTAG,29,Staphylococcus_phage_Sap26_k5,phage
CTAGC,12,Staphylococcus_phage_Sap26_k5,phage
TTGTG,28,Staphylococcus_phage_Sap26_k5,phage
GTTGG,45,Staphylococcus_phage_Sap26_k5,phage
TTGGC,30,Staphylococcus_phage_Sap26_k5,phage
TGGCT,27,Staphylococcus_phage_Sap26_k5,phage
GGCTA,13,Staphylococcus_phage_Sap26_k5,phage
TGTCC,8,Staphylococcus_phage_Sap26_k5,phage
GTCCA,9,Staphylococcus_phage_Sap26_k5,phage
ACCAT,27,Staphylococcus_phage_Sap26_k5,phage
CCATG,9,Staphylococcus_phage_Sap26_k5,phage
GTAAC,42,Staphylococcus_phage_Sap26_k5,phage
CAGCC,4,Staphylococcus_phage_Sap26_k5,phage
AGCCC,8,Staphylococcus_phage_Sap26_k5,phage
GCCCG,5,Staphylococcus_phage_Sap26_k5,phage
CCCGA,11,Staphylococcus_phage_Sap26_k5,phage
ATGGC,35,Staphylococcus_phage_Sap26_k5,phage
ATCCA,28,Staphylococcus_phage_Sap26_k5,phage
AACTC,15,Staphylococcus_phage_Sap26_k5,phage
GATGG,41,Staphylococcus_phage_Sap26_k5,phage
TGGAA,98,Staphylococcus_phage_Sap26_k5,phage
AGACT,31,Staphylococcus_phage_Sap26_k5,phage
CTACA,40,Staphylococcus_phage_Sap26_k5,phage
GCGTC,6,Staphylococcus_phage_Sap26_k5,phage
CGTCT,12,Staphylococcus_phage_Sap26_k5,phage
GTCTT,23,Staphylococcus_phage_Sap26_k5,phage
AAGTC,29,Staphylococcus_phage_Sap26_k5,phage
AGTCG,19,Staphylococcus_phage_Sap26_k5,phage
TCGTC,10,Staphylococcus_phage_Sap26_k5,phage
TCGTA,18,Staphylococcus_phage_Sap26_k5,phage
AGCAG,41,Staphylococcus_phage_Sap26_k5,phage
GCAGA,51,Staphylococcus_phage_Sap26_k5,phage
GCTGT,27,Staphylococcus_phage_Sap26_k5,phage
TAAAC,83,Staphylococcus_phage_Sap26_k5,phage
ATCGC,27,Staphylococcus_phage_Sap26_k5,phage
TCGCT,21,Staphylococcus_phage_Sap26_k5,phage
CGCTG,12,Staphylococcus_phage_Sap26_k5,phage
CGCGA,8,Staphylococcus_phage_Sap26_k5,phage
GAGCT,21,Staphylococcus_phage_Sap26_k5,phage
GCTGG,14,Staphylococcus_phage_Sap26_k5,phage
CTGGA,33,Staphylococcus_phage_Sap26_k5,phage
GGAAC,39,Staphylococcus_phage_Sap26_k5,phage
ACGTT,40,Staphylococcus_phage_Sap26_k5,phage
TTGAG,32,Staphylococcus_phage_Sap26_k5,phage
TCATC,32,Staphylococcus_phage_Sap26_k5,phage
GGTTG,37,Staphylococcus_phage_Sap26_k5,phage
TGTCA,25,Staphylococcus_phage_Sap26_k5,phage
GTCAA,35,Staphylococcus_phage_Sap26_k5,phage
AACTG,48,Staphylococcus_phage_Sap26_k5,phage
GACAC,22,Staphylococcus_phage_Sap26_k5,phage
CACTG,23,Staphylococcus_phage_Sap26_k5,phage
ACTGC,13,Staphylococcus_phage_Sap26_k5,phage
CTGCT,16,Staphylococcus_phage_Sap26_k5,phage
TTTTC,42,Staphylococcus_phage_Sap26_k5,phage
TCTAA,50,Staphylococcus_phage_Sap26_k5,phage
CGGTT,24,Staphylococcus_phage_Sap26_k5,phage
TTAAC,89,Staphylococcus_phage_Sap26_k5,phage
TAGAC,39,Staphylococcus_phage_Sap26_k5,phage
TCGCC,6,Staphylococcus_phage_Sap26_k5,phage
CGCCA,16,Staphylococcus_phage_Sap26_k5,phage
GCCAT,12,Staphylococcus_phage_Sap26_k5,phage
CCATT,23,Staphylococcus_phage_Sap26_k5,phage
TGACT,29,Staphylococcus_phage_Sap26_k5,phage
ACTGG,50,Staphylococcus_phage_Sap26_k5,phage
CTGGT,33,Staphylococcus_phage_Sap26_k5,phage
GTGGA,31,Staphylococcus_phage_Sap26_k5,phage
ACTCG,9,Staphylococcus_phage_Sap26_k5,phage
CTCGA,12,Staphylococcus_phage_Sap26_k5,phage
AACGG,47,Staphylococcus_phage_Sap26_k5,phage
GGCAT,27,Staphylococcus_phage_Sap26_k5,phage
CCACA,21,Staphylococcus_phage_Sap26_k5,phage
TAACC,22,Staphylococcus_phage_Sap26_k5,phage
AACCC,22,Staphylococcus_phage_Sap26_k5,phage
TGCAC,9,Staphylococcus_phage_Sap26_k5,phage
CGCCC,3,Staphylococcus_phage_Sap26_k5,phage
GCCCA,8,Staphylococcus_phage_Sap26_k5,phage
CCCAT,8,Staphylococcus_phage_Sap26_k5,phage
CCATC,11,Staphylococcus_phage_Sap26_k5,phage
CATCT,28,Staphylococcus_phage_Sap26_k5,phage
ACTCT,17,Staphylococcus_phage_Sap26_k5,phage
CTGAG,14,Staphylococcus_phage_Sap26_k5,phage
TGGGC,16,Staphylococcus_phage_Sap26_k5,phage
GGCTG,16,Staphylococcus_phage_Sap26_k5,phage
ACCAG,24,Staphylococcus_phage_Sap26_k5,phage
CCAGG,14,Staphylococcus_phage_Sap26_k5,phage
CAGGT,29,Staphylococcus_phage_Sap26_k5,phage
GGTGC,24,Staphylococcus_phage_Sap26_k5,phage
CTGGG,7,Staphylococcus_phage_Sap26_k5,phage
TGGGT,19,Staphylococcus_phage_Sap26_k5,phage
GTAGG,19,Staphylococcus_phage_Sap26_k5,phage
GCTAC,28,Staphylococcus_phage_Sap26_k5,phage
ATGGG,23,Staphylococcus_phage_Sap26_k5,phage
CTACT,25,Staphylococcus_phage_Sap26_k5,phage
GAGAG,15,Staphylococcus_phage_Sap26_k5,phage
TAGGG,15,Staphylococcus_phage_Sap26_k5,phage
GGGGT,13,Staphylococcus_phage_Sap26_k5,phage
ACCTG,19,Staphylococcus_phage_Sap26_k5,phage
CTTTG,27,Staphylococcus_phage_Sap26_k5,phage
AAGCC,21,Staphylococcus_phage_Sap26_k5,phage
AGCCT,10,Staphylococcus_phage_Sap26_k5,phage
CATTC,34,Staphylococcus_phage_Sap26_k5,phage
AATCC,27,Staphylococcus_phage_Sap26_k5,phage
TCCAT,8,Staphylococcus_phage_Sap26_k5,phage
TCGGT,27,Staphylococcus_phage_Sap26_k5,phage
CGGTA,40,Staphylococcus_phage_Sap26_k5,phage
GTGAC,17,Staphylococcus_phage_Sap26_k5,phage
ACTTG,39,Staphylococcus_phage_Sap26_k5,phage
CTTGA,30,Staphylococcus_phage_Sap26_k5,phage
GCTTG,18,Staphylococcus_phage_Sap26_k5,phage
CTTGT,24,Staphylococcus_phage_Sap26_k5,phage
TGACC,12,Staphylococcus_phage_Sap26_k5,phage
CCGTA,9,Staphylococcus_phage_Sap26_k5,phage
GGTCT,14,Staphylococcus_phage_Sap26_k5,phage
GTCTA,16,Staphylococcus_phage_Sap26_k5,phage
TCTAC,15,Staphylococcus_phage_Sap26_k5,phage
CTGTG,9,Staphylococcus_phage_Sap26_k5,phage
CGTGG,10,Staphylococcus_phage_Sap26_k5,phage
GTGAG,8,Staphylococcus_phage_Sap26_k5,phage
ATCCC,4,Staphylococcus_phage_Sap26_k5,phage
TCCCT,9,Staphylococcus_phage_Sap26_k5,phage
CCCTC,4,Staphylococcus_phage_Sap26_k5,phage
CCTCA,10,Staphylococcus_phage_Sap26_k5,phage
CTGCA,10,Staphylococcus_phage_Sap26_k5,phage
CAGTC,14,Staphylococcus_phage_Sap26_k5,phage
AGTCA,35,Staphylococcus_phage_Sap26_k5,phage
CACCT,17,Staphylococcus_phage_Sap26_k5,phage
GTGCA,19,Staphylococcus_phage_Sap26_k5,phage
GTTCC,11,Staphylococcus_phage_Sap26_k5,phage
TTCCT,14,Staphylococcus_phage_Sap26_k5,phage
CCTGC,5,Staphylococcus_phage_Sap26_k5,phage
TCCAG,17,Staphylococcus_phage_Sap26_k5,phage
CAGGA,24,Staphylococcus_phage_Sap26_k5,phage
AGGAG,40,Staphylococcus_phage_Sap26_k5,phage
TAGGA,29,Staphylococcus_phage_Sap26_k5,phage
GGAGT,26,Staphylococcus_phage_Sap26_k5,phage
TGGTA,48,Staphylococcus_phage_Sap26_k5,phage
TGCCC,6,Staphylococcus_phage_Sap26_k5,phage
CAGAC,31,Staphylococcus_phage_Sap26_k5,phage
GGGCA,12,Staphylococcus_phage_Sap26_k5,phage
TACCC,9,Staphylococcus_phage_Sap26_k5,phage
CCTCG,2,Staphylococcus_phage_Sap26_k5,phage
CTCGC,2,Staphylococcus_phage_Sap26_k5,phage
TCGCA,25,Staphylococcus_phage_Sap26_k5,phage
CCTAC,10,Staphylococcus_phage_Sap26_k5,phage
CTAGT,18,Staphylococcus_phage_Sap26_k5,phage
GAACT,40,Staphylococcus_phage_Sap26_k5,phage
GTTGC,27,Staphylococcus_phage_Sap26_k5,phage
GAGTC,14,Staphylococcus_phage_Sap26_k5,phage
GTCAC,13,Staphylococcus_phage_Sap26_k5,phage
ACTAG,28,Staphylococcus_phage_Sap26_k5,phage
CTACG,9,Staphylococcus_phage_Sap26_k5,phage
TACGC,17,Staphylococcus_phage_Sap26_k5,phage
TGTGA,16,Staphylococcus_phage_Sap26_k5,phage
GCCAG,4,Staphylococcus_phage_Sap26_k5,phage
CCAGT,10,Staphylococcus_phage_Sap26_k5,phage
GGTTT,48,Staphylococcus_phage_Sap26_k5,phage
ACAGG,22,Staphylococcus_phage_Sap26_k5,phage
CGTAG,7,Staphylococcus_phage_Sap26_k5,phage
GCGTA,21,Staphylococcus_phage_Sap26_k5,phage
AGGCT,13,Staphylococcus_phage_Sap26_k5,phage
CTGTC,7,Staphylococcus_phage_Sap26_k5,phage
CTTTC,24,Staphylococcus_phage_Sap26_k5,phage
TGCGA,20,Staphylococcus_phage_Sap26_k5,phage
CGGCG,8,Staphylococcus_phage_Sap26_k5,phage
GTCCT,4,Staphylococcus_phage_Sap26_k5,phage
GCCAC,11,Staphylococcus_phage_Sap26_k5,phage
TTCGC,23,Staphylococcus_phage_Sap26_k5,phage
CGTCA,11,Staphylococcus_phage_Sap26_k5,phage
GTCAT,30,Staphylococcus_phage_Sap26_k5,phage
TCATA,25,Staphylococcus_phage_Sap26_k5,phage
CATCG,12,Staphylococcus_phage_Sap26_k5,phage
TAGTA,45,Staphylococcus_phage_Sap26_k5,phage
CGAGC,11,Staphylococcus_phage_Sap26_k5,phage
CCTTT,13,Staphylococcus_phage_Sap26_k5,phage
GGCCA,5,Staphylococcus_phage_Sap26_k5,phage
ATAGG,24,Staphylococcus_phage_Sap26_k5,phage
ATTCC,13,Staphylococcus_phage_Sap26_k5,phage
TTCCC,10,Staphylococcus_phage_Sap26_k5,phage
TTCCG,10,Staphylococcus_phage_Sap26_k5,phage
TCCGT,9,Staphylococcus_phage_Sap26_k5,phage
TCCTT,14,Staphylococcus_phage_Sap26_k5,phage
TGCCG,8,Staphylococcus_phage_Sap26_k5,phage
GCCGG,5,Staphylococcus_phage_Sap26_k5,phage
GGACA,32,Staphylococcus_phage_Sap26_k5,phage
GATCG,7,Staphylococcus_phage_Sap26_k5,phage
ACGGC,22,Staphylococcus_phage_Sap26_k5,phage
CGGCT,10,Staphylococcus_phage_Sap26_k5,phage
GGATG,15,Staphylococcus_phage_Sap26_k5,phage
GGGTC,5,Staphylococcus_phage_Sap26_k5,phage
GTCTG,11,Staphylococcus_phage_Sap26_k5,phage
TCGCG,6,Staphylococcus_phage_Sap26_k5,phage
CGCGT,9,Staphylococcus_phage_Sap26_k5,phage
CTTGG,14,Staphylococcus_phage_Sap26_k5,phage
TTTCC,20,Staphylococcus_phage_Sap26_k5,phage
TCCAC,7,Staphylococcus_phage_Sap26_k5,phage
GCGAC,19,Staphylococcus_phage_Sap26_k5,phage
CAACC,26,Staphylococcus_phage_Sap26_k5,phage
GCCCT,3,Staphylococcus_phage_Sap26_k5,phage
TGAGC,18,Staphylococcus_phage_Sap26_k5,phage
GCTTC,24,Staphylococcus_phage_Sap26_k5,phage
CTTCT,18,Staphylococcus_phage_Sap26_k5,phage
GCCTG,8,Staphylococcus_phage_Sap26_k5,phage
CGACC,8,Staphylococcus_phage_Sap26_k5,phage
GACCT,9,Staphylococcus_phage_Sap26_k5,phage
ACCCG,13,Staphylococcus_phage_Sap26_k5,phage
TAGTC,21,Staphylococcus_phage_Sap26_k5,phage
CCAGC,9,Staphylococcus_phage_Sap26_k5,phage
CAGCG,9,Staphylococcus_phage_Sap26_k5,phage
GGGAG,13,Staphylococcus_phage_Sap26_k5,phage
GGAGC,12,Staphylococcus_phage_Sap26_k5,phage
GAGCC,7,Staphylococcus_phage_Sap26_k5,phage
ACCCA,15,Staphylococcus_phage_Sap26_k5,phage
CCCAA,6,Staphylococcus_phage_Sap26_k5,phage
CTTGC,15,Staphylococcus_phage_Sap26_k5,phage
TTCGT,21,Staphylococcus_phage_Sap26_k5,phage
GCTGC,5,Staphylococcus_phage_Sap26_k5,phage
GGGAC,13,Staphylococcus_phage_Sap26_k5,phage
CGACG,20,Staphylococcus_phage_Sap26_k5,phage
GCCTT,9,Staphylococcus_phage_Sap26_k5,phage
AGTGC,25,Staphylococcus_phage_Sap26_k5,phage
GTGCG,10,Staphylococcus_phage_Sap26_k5,phage
TGCGG,3,Staphylococcus_phage_Sap26_k5,phage
GATCT,13,Staphylococcus_phage_Sap26_k5,phage
ATCTG,21,Staphylococcus_phage_Sap26_k5,phage
TCTGA,22,Staphylococcus_phage_Sap26_k5,phage
CCAGA,19,Staphylococcus_phage_Sap26_k5,phage
ATCCG,11,Staphylococcus_phage_Sap26_k5,phage
TCCGA,7,Staphylococcus_phage_Sap26_k5,phage
CGAGT,25,Staphylococcus_phage_Sap26_k5,phage
AGTCT,19,Staphylococcus_phage_Sap26_k5,phage
TCTTG,21,Staphylococcus_phage_Sap26_k5,phage
CAGGG,6,Staphylococcus_phage_Sap26_k5,phage
CATAA,22,Staphylococcus_phage_Sap26_k5,phage
TGGGG,18,Staphylococcus_phage_Sap26_k5,phage
CCGTG,4,Staphylococcus_phage_Sap26_k5,phage
CGCGC,7,Staphylococcus_phage_Sap26_k5,phage
GGCGC,11,Staphylococcus_phage_Sap26_k5,phage
TCAGC,17,Staphylococcus_phage_Sap26_k5,phage
GGCTC,9,Staphylococcus_phage_Sap26_k5,phage
GCATC,14,Staphylococcus_phage_Sap26_k5,phage
GCACC,9,Staphylococcus_phage_Sap26_k5,phage
CCACT,5,Staphylococcus_phage_Sap26_k5,phage
GGATC,11,Staphylococcus_phage_Sap26_k5,phage
GGTCC,2,Staphylococcus_phage_Sap26_k5,phage
GCTCC,3,Staphylococcus_phage_Sap26_k5,phage
CTCCT,11,Staphylococcus_phage_Sap26_k5,phage
GGGTG,10,Staphylococcus_phage_Sap26_k5,phage
GGACC,7,Staphylococcus_phage_Sap26_k5,phage
GACCA,21,Staphylococcus_phage_Sap26_k5,phage
CTAGG,16,Staphylococcus_phage_Sap26_k5,phage
GGCCC,1,Staphylococcus_phage_Sap26_k5,phage
GTCGC,6,Staphylococcus_phage_Sap26_k5,phage
GACTC,11,Staphylococcus_phage_Sap26_k5,phage
CTCTG,6,Staphylococcus_phage_Sap26_k5,phage
TCTGC,11,Staphylococcus_phage_Sap26_k5,phage
CTGCG,4,Staphylococcus_phage_Sap26_k5,phage
GCGGC,3,Staphylococcus_phage_Sap26_k5,phage
CCTTC,9,Staphylococcus_phage_Sap26_k5,phage
ACGGG,6,Staphylococcus_phage_Sap26_k5,phage
CCTTG,5,Staphylococcus_phage_Sap26_k5,phage
TACTC,11,Staphylococcus_phage_Sap26_k5,phage
TCCCG,4,Staphylococcus_phage_Sap26_k5,phage
CCCGG,5,Staphylococcus_phage_Sap26_k5,phage
CGATC,7,Staphylococcus_phage_Sap26_k5,phage
TGCCA,12,Staphylococcus_phage_Sap26_k5,phage
CCATA,12,Staphylococcus_phage_Sap26_k5,phage
CATAC,20,Staphylococcus_phage_Sap26_k5,phage
CGGGG,3,Staphylococcus_phage_Sap26_k5,phage
GCGCC,11,Staphylococcus_phage_Sap26_k5,phage
CGCTC,5,Staphylococcus_phage_Sap26_k5,phage
CCGAG,3,Staphylococcus_phage_Sap26_k5,phage
CCACC,15,Staphylococcus_phage_Sap26_k5,phage
ACCCC,2,Staphylococcus_phage_Sap26_k5,phage
CCCCG,1,Staphylococcus_phage_Sap26_k5,phage
CCCGC,3,Staphylococcus_phage_Sap26_k5,phage
CCTGG,6,Staphylococcus_phage_Sap26_k5,phage
GCTCT,7,Staphylococcus_phage_Sap26_k5,phage
TCTGT,12,Staphylococcus_phage_Sap26_k5,phage
TGTGC,14,Staphylococcus_phage_Sap26_k5,phage
GTGCC,13,Staphylococcus_phage_Sap26_k5,phage
TAGGC,10,Staphylococcus_phage_Sap26_k5,phage
TCAGG,16,Staphylococcus_phage_Sap26_k5,phage
CGCCG,5,Staphylococcus_phage_Sap26_k5,phage
GCCGT,7,Staphylococcus_phage_Sap26_k5,phage
TGCTC,12,Staphylococcus_phage_Sap26_k5,phage
CTCAG,9,Staphylococcus_phage_Sap26_k5,phage
GCGCG,7,Staphylococcus_phage_Sap26_k5,phage
GCTCG,8,Staphylococcus_phage_Sap26_k5,phage
CGTCC,3,Staphylococcus_phage_Sap26_k5,phage
TCCGG,7,Staphylococcus_phage_Sap26_k5,phage
CCGGT,6,Staphylococcus_phage_Sap26_k5,phage
CCCAC,5,Staphylococcus_phage_Sap26_k5,phage
CCCAG,7,Staphylococcus_phage_Sap26_k5,phage
CCCGT,4,Staphylococcus_phage_Sap26_k5,phage
CTGCC,4,Staphylococcus_phage_Sap26_k5,phage
CCGTC,7,Staphylococcus_phage_Sap26_k5,phage
CCCTT,9,Staphylococcus_phage_Sap26_k5,phage
GTGGG,11,Staphylococcus_phage_Sap26_k5,phage
AGTCC,5,Staphylococcus_phage_Sap26_k5,phage
CGGCC,2,Staphylococcus_phage_Sap26_k5,phage
GGGGG,8,Staphylococcus_phage_Sap26_k5,phage
CTCGG,5,Staphylococcus_phage_Sap26_k5,phage
GGGGC,3,Staphylococcus_phage_Sap26_k5,phage
GTCCG,4,Staphylococcus_phage_Sap26_k5,phage
TCCGC,4,Staphylococcus_phage_Sap26_k5,phage
CCGCC,1,Staphylococcus_phage_Sap26_k5,phage
CCGGC,3,Staphylococcus_phage_Sap26_k5,phage
TCCCC,1,Staphylococcus_phage_Sap26_k5,phage
CCCCC,2,Staphylococcus_phage_Sap26_k5,phage
CCCCT,3,Staphylococcus_phage_Sap26_k5,phage
TCTCC,8,Staphylococcus_phage_Sap26_k5,phage
CTCCA,3,Staphylococcus_phage_Sap26_k5,phage
GCCCC,2,Staphylococcus_phage_Sap26_k5,phage
CCGGG,2,Staphylococcus_phage_Sap26_k5,phage
CACCC,5,Staphylococcus_phage_Sap26_k5,phage
CCCCA,1,Staphylococcus_phage_Sap26_k5,phage
TCCTC,7,Staphylococcus_phage_Sap26_k5,phage
CCGCG,4,Staphylococcus_phage_Sap26_k5,phage
CCTCC,3,Staphylococcus_phage_Sap26_k5,phage
CTCCG,2,Staphylococcus_phage_Sap26_k5,phage
GCCTC,2,Staphylococcus_phage_Sap26_k5,phage
CTCCC,1,Staphylococcus_phage_Sap26_k5,phage
CCGCT,4,Staphylococcus_phage_Sap26_k5,phage
ACTCC,3,Staphylococcus_phage_Sap26_k5,phage
TCCCA,2,Staphylococcus_phage_Sap26_k5,phage
GTCCC,1,Staphylococcus_phage_Sap26_k5,phage
GCCGC,1,Staphylococcus_phage_Sap26_k5,phage
